titulo,preco,preco_antigo,avaliacao,loja,frete,desconto_pct,link,tem_desconto,frete_gratis,faixa_preco,score
Smartphone Motorola Moto G15 256gb 12gb 4GB RAM 8GB RAM Boost Camera 50mp Verde,899,1499.0,4.8,Motorola,Chegará grátis amanhã,40,https://click1.mercadolivre.com.br/mclics/clicks/external/MLB/count?a=gCmFfDtvh%2BkD%2FAufboVsIAJn7EXQZ5cJw9rY30myPeHa8jWnKU0E58ne%2FytcuTh%2BVtpoGbZKyqqLT15KsvUBW39D74Fu5AdmF7H6F7QwWOpH5uNojli1mB7ENfLVeJKdVrvDlehMnAjmHZPBtUhSelrejcJJTBsAbJCuV0wQdZ8ud4SOkB%2Fi8YrPWk6XCyr22mNpDxiDKOch%2BPsoy%2BZ%2FfDvwCpqXAU1NMqiA0gs7sOpPAnHTzrrAjd28PlozDZk6%2F8t%2FKP%2Fs%2FnZsNEhsF49dRdcKR1jzqL9a0GXWZAp21LkPqMRZ2ZuhkthTZRr4NmaA488cx%2FgvscmxZtigDfVmhI%2Fiaj09ZCVbnvrDcCbMT15Iatupd3mSlokrowDOEUBxj%2Bli1zSP60BgzXEP%2BJ8a17nhEUeTX6OE9Bs2hiXQLD5HioejNLUSgyoPUyt%2BEDH5rKfvDRZaJeQ7p%2F9r0HHn%2FYs2FosNhJkqZLx4Uw2rpD%2BY2LPLRB%2BfPnbQ6RPWN45Ze2BGWkm5WHSXcfufG23UbdqqQcrfJbFT8GyEwbg9D38ZPZv3rOmPrT84ojCAS4nspVTz5poIIVNBAxPG0NjTHpXW75KdWxP064S%2BgVbkXQB0dPQoPJnZAFi8dYKlaFOycW77R1ien9cIWTyHQr5OC8aEvHu9CpUtoktQw6jnzq3e7eZdBUrE%2BACB4T7oahktqi611fkj8AylSomgCZJ0R%2BIvOuH9WZmc2LVmeZj3ZP6c7VuYaQOhpfImhYBvMki9C7Jj%2FxifWMX7J%2FN9vliHmlvL9PUEzrvbw0NwQ9x8Uq38eWFOo952HZ4ptFbMr%2FOJESwb2S3b7lNC7fV6E%2FYWbpQZTZ3XLc3p8qaEyhTEPxbwqAPz7soKB%2FXQDMGz4upOuJ%2BOUZKtJ7Gnouw4srsD11X0NRJdK%2FAC%2BtvUSN%2B1a%2FyKZSbH5%2BJnyt%2BlSKhENmVsTcvwuYaSeWy%2Ffx0%2FNhbL4siZPFrt#polycard_client=search-desktop&is_advertising=true&searchVariation=MLB44665542&backend_model=search-backend&search_layout=grid&position=1&type=pad&tracking_id=62c2dc02-3473-4d6b-b693-c1bbc5bc88ae&wid=MLB5237351728&sid=search,1,1,500-1k,24.4
"Smartphone Motorola Moto G17 4g - 128gb 12gb (4gb Ram + 8gb Ram Boost) Camera 50mp Sony Lytia 600, Tela Fhd+ 60hz, Bateria 5200 Mah - Azul",899,1299.0,4.9,Motorola,Chegará grátis amanhã,31,https://click1.mercadolivre.com.br/mclics/clicks/external/MLB/count?a=m487RRkyPRo5Wg3aP%2BNU92pQ7m2sNC9mjMJurUyotDvvbhkhcncQJPOx0hXmSda92WOGHjX4jY%2FNHYZGJRzDhikRaymekJGob1QbKvPoa7%2Fmr7KIraXKgfjrZ3HfMDyQKCp8EbE6Pxx0IClNHyK0IHAvRlt5uRNKsMJkpxFEUMQdrz56al5TEFByyL3wG7xIF2j3MrL3cnNkWqVO6%2BnZWvnWkoaJayxOYV3pc0gtgfwcgbpwuHx%2FcqbRpObinICBlns7A2RIdWicCE8CpA5Jti3W%2FPQ3EVREdH%2FsErNJE8iJk8oxkuknqFI2a%2B7L0K%2FCEoNlZuG%2B7EbpuCeAHB0H356zmVJW1AT7n0q7EFCEp88sg1ChN%2FWgSukdhSiG57TT%2F4Gu9XDjRjInnxvrYFGUsRZmbMPcjGDfXpuAttOXrWm5CQHuY1mrwVlrraR5c%2B%2BQTt03gtnrS4P6OwEwUQpB1JBb%2F1%2BhBrwTshSHt6YNUJgAFc%2BQvQzWeX5FsFkadqbndchRXzyUt6%2Fj8BSn8vn%2BeuA2uv7uGF%2BVENDskp0uEeCiH4DJAJtzUcVYArwVn8HmrQeyxnmIcXAk7zkh66pDvztL5eoqaA%2BKopxMZCJ1C7SxwKvaP1JHSReUBGBvjD0tW9qfp997Z1QhW4yqGWF5ObhXijJvOD0wlLAXa08d373PThzV8sNOd1nwkhLpaG56C2%2F%2FlINFunCq%2Fg3OibQSDacXABVk%2BtaULzgYGT59loNSpUduTHUklHTIS4lg3UmxFr4mn5N%2FdVni192LTl8eRDZAL98eLDIiYsncwOXZ8AXWKw7rqVaP7nykxFzS9qO%2B5izSNI0%2By4tbsB753zjslnJlaUK8nm6CIWOsEzx4z4Yp8KpAP9k88lehLE%2BRC5EUon5B2TxvWH4TLc0UPWo5MtfU8S%2B%2BfJ%2Bkiv%2FIs601GySS2U3Un2QT9vi70krnRMRf3Wbzd8Gs%2FpI7AJYTH9pixY2pq8rXY3jYkKrau7%2F%2FCFUobzYR2QFU99dNbnHeDoFNCh%2FLhxGwUr37XjCtyAlLTCvzaCmi#polycard_client=search-desktop&is_advertising=true&searchVariation=MLB65041642&backend_model=search-backend&search_layout=grid&position=2&type=pad&tracking_id=62c2dc02-3473-4d6b-b693-c1bbc5bc88ae&wid=MLB6420215012&sid=search,1,1,500-1k,21.75
Smartphone Motorola Moto G06 - 256gb 12gb (4gb Ram + 8gb Ram Boost) E Camera 50mp Com Ai Bateria De 5200 Mah Tela 6.9 - Bege,723,1349.0,4.9,Motorola,Chegará grátis amanhã,46,https://click1.mercadolivre.com.br/mclics/clicks/external/MLB/count?a=wO03QEX4r%2FLazQ%2B45pgImpT%2BwcKmPxJpdiNKev8feX79HXFiEmOi2yayJHaOVaUjS3qBgbyn%2FlsPYAl2W74pY8nc%2BWLx4sZSZj8J1mCuijcDzJmq3m4XGQBnLd%2FERSFLV5iJGba0QG136o41HBukn5CvX6D%2BLbe0%2B1nKkEp3Q67%2BN%2BrTwLJqbSvL0TTngZwZNeVhWWn4CvuvurSzDgSMQfXN9TePNx2%2B%2BtR1LZ5OprEqH8BIkrQ829geMunFseBy623bncJ4hDlsQiQk4Tn%2BYKg5cjAEfvMuTjhH%2BAExDp9Pav%2FGdNiQtew6egQOzmeL4SSzDkZNlHvWa7Tclfiiha48MeHODa7l3MrqQw%2BpjgedTOOKnugZMgQyfqOGTu9DQp1AinAkw44OayKQ5u9Sgwp%2Fda%2Bqg%2FviykOr16vJPQgUOAZIqvuuUirIMpTY7zpHRyCMtAeacBJixAqP6LEp79OMfcq7BEctZqcw4x7dFlVRyVU2Gbfb0SbUc0jThbtDbrBFUDHKi53%2B9AD8ilZQkAvK8TSo3Zu6P90KPT0d7T8RRvLHBOKP%2BBcAe6og7uDfCGriGbLHbPar7FSDQp1h7ns%2FVs8cnRcp7v0%2BKAWZ0lHZbwurvYMoOyRObF7CojeXAeONgZLYWkHezIaKRx%2FcjNIHTistgQo6gqoon3REuRl3GkuW3EBYjoNehFCP%2FNq4ri%2FVZjyZ7gJqXv1KJkwHwnE1Og7l3jX3qxw2X%2BefXfA8PTLC3gp5e3vO6TU9q%2B59yOric6UYglyAKoi9I%2FSGCSuWHfaF2mW3tguo%2BOIrkeeH92YN9u4WRWFGrtcih0onfg5S1VnMOrn5aHmMcNDggfB4rpoz%2F28ZJXnbHP4P0afMBlKqRb5qc1vUt1aOqchV2NYSw7%2FnmDuOEwyIvdvDhoACX6Hqv1yunJYqvyUWm2qAoomyPqwa5Zk%2Fq7jWee%2BiWEOgIExrRcg6gSJEfwX%2BIJbm%2B8ozGB9bD8CPyGa9jk3ezng6arU%2BbL2PVgHlniEaoXW1dBWzfw%3D%3D#polycard_client=search-desktop&is_advertising=true&searchVariation=MLB55762063&backend_model=search-backend&search_layout=grid&position=3&type=pad&tracking_id=62c2dc02-3473-4d6b-b693-c1bbc5bc88ae&wid=MLB5765125576&sid=search,1,1,500-1k,26.25
Smartphone Motorola Edge 60 Neo 5G - 256GB 24GB (12GB RAM + 12GB Ram Boost) 50MP Sony Camera Moto AI e tela 1.5K Super HD - Latte,1799,3799.0,4.9,Motorola,Chegará grátis amanhã,53,https://click1.mercadolivre.com.br/mclics/clicks/external/MLB/count?a=RScmfo9cDJwITXQM3xHBPk19uuYinU%2BcA4O1b78ULnahzDGYEJ9kWOpwwLkPSqUgBNfN0uHYASXGIRFzKwyidRaAKNDMVSjd2BTJt0%2FD4Xwhqisr9EKg1iDtM%2BUO3J3arpq54yqoddZSK21mFA0G4kCZle%2F941KBJxUsE3nXmuwt8uEj44M04LUMvrJas8ovVofZGWV379SXv7sdwtzbR%2BY1%2ByxbxBMcthipqV1LwQs%2BrmJGdKy6BMGEuRwB%2FkxtgOZbasIXz%2BwC7FdSzfoSbMytmm5g6ea1VD5W%2BAyCx1sv40iCZdV9eV6cvreVZhsRM2gEiIUVr44V4gD2VWdUs%2FDKM5sXIpMXZtcl7W%2FFexLvnFctAoKGGLvNz229EJrQKn6FOys5dFQhsAaRJCB5yDG%2FvYSRh%2BZz0ekGJoLFdJWGLT4AltiaeMCWuNqZ0P450Xf6nUMtVXYhyuuDDenQK1QS0AgSI%2F5Wdn%2BIVblD43e6YyjigHceeAa%2BvKJuT88%2BBXiLF6%2BaET4sc5mSeYuQYqkTcdD6g31LPJSHP54uS8rNu4DWXV8U2mRZw%2BekdLdWN3beTam7slXEFneb88K032F7LX6kUa3GupKX4MwyS2hM0UKahTi7a5HJLYS6QsjWSwvLVuzAQXRn7YGGDQJxIe6Hi2bW3Ut681H4oVPPJQOmv3iWkFA2dU3HfCddgDPIVg5a2X3TcRo3AwiSd58E3Ng7KaI4kYEAmpCMxzOPxnoTCUCYd4PZdmpFpf5OuDIbtEFW0ELnesLK1qJBMkYci%2F%2FFocXcJrBDEKLZfCQGj0%2Bq4%2BqlSCHVfF6HYX5GT%2FxJsAk9IeyqM2d0dfNCVz8ppP%2FQ9f8mWjDNyglywddD0X%2FXFyCk56EKvHxrHoSp8WTqo9cBIrRkbIjLylBN5bRz8HqYJrBTrPdYr4KUvfDiZQ%2Bd32YFBpVmuDO7o%2FNnKzIHC9uAbiJsZOYJUt9BWgztBlgsns63pF4Fu9%2B8W36kLJFDhRCc9M0wI710VBMPIdV10glYTDNvscGOYDc%3D#polycard_client=search-desktop&is_advertising=true&searchVariation=MLB58684606&backend_model=search-backend&search_layout=grid&position=4&type=pad&tracking_id=62c2dc02-3473-4d6b-b693-c1bbc5bc88ae&wid=MLB4265763257&sid=search,1,1,1k-2k,28.349999999999998
Celular Samsung Galaxy A56 5g 256gb 8gb Ram Cinza,1998,3699.0,4.9,Samsung,Chegará grátis amanhã,46,https://www.mercadolivre.com.br/celular-samsung-galaxy-a56-5g-256gb-8gb-ram-cinza/p/MLB47114363#polycard_client=search-desktop&search_layout=grid&position=5&type=product&tracking_id=62c2dc02-3473-4d6b-b693-c1bbc5bc88ae&wid=MLB5317821714&sid=search,1,1,1k-2k,26.25
Smartphone Samsung Galaxy A36 5g 128gb 6gb Ram Câmera Tripla De Até 50mp Selfie De 12mp Ip67 Super Amoled 6.7'' Nfc Recursos Ai Android E Segurança Snapdragon - Preto,1430,2815.0,4.9,Webfones,Chegará grátis amanhã,49,https://www.mercadolivre.com.br/smartphone-samsung-galaxy-a36-5g-128gb-6gb-ram-cmera-tripla-de-ate-50mp-selfie-de-12mp-ip67-super-amoled-67-nfc-recursos-ai-android-e-seguranca-snapdragon-preto/p/MLB47115842#polycard_client=search-desktop&search_layout=grid&position=6&type=product&tracking_id=62c2dc02-3473-4d6b-b693-c1bbc5bc88ae&wid=MLB6410679768&sid=search,1,1,1k-2k,27.15
Xiaomi Redmi 14c 4G 256 GB 8 GB RAM dual sim cor preto,830,830.0,4.6,Desconhecida,Não informado,0,https://www.mercadolivre.com.br/xiaomi-redmi-14c-4g-256-gb-8-gb-ram-dual-sim-cor-preto/p/MLB41287578#polycard_client=search-desktop&search_layout=grid&position=7&type=product&tracking_id=62c2dc02-3473-4d6b-b693-c1bbc5bc88ae&wid=MLB6628300600&sid=search,0,0,500-1k,2.3
Smartphone Motorola Moto G06 - 128gb 12gb (4gb Ram + 8gb Ram Boost) E Camera 50mp Com Ai Bateria De 5200 Mah Tela 6.9,661,999.0,4.9,Desconhecida,Chegará grátis amanhã,34,https://www.mercadolivre.com.br/smartphone-motorola-moto-g06-128gb-12gb-4gb-ram-8gb-ram-boost-e-camera-50mp-com-ai-bateria-de-5200-mah-tela-69/p/MLB61381499#polycard_client=search-desktop&search_layout=grid&position=8&type=product&tracking_id=62c2dc02-3473-4d6b-b693-c1bbc5bc88ae&wid=MLB4515672567&sid=search,1,1,500-1k,22.65
"Celular Samsung Galaxy A07 128gb, 4gb, Câmera 50mp, Tela 6.7 , Proteção Ip54, Processador 6nm - Preto",599,899.0,4.9,Samsung,Chegará grátis amanhã,33,https://www.mercadolivre.com.br/celular-samsung-galaxy-a07-128gb-4gb-cmera-50mp-tela-67-proteco-ip54-processador-6nm-preto/p/MLB55034955#polycard_client=search-desktop&search_layout=grid&position=9&type=product&tracking_id=62c2dc02-3473-4d6b-b693-c1bbc5bc88ae&wid=MLB5859349564&sid=search,1,1,500-1k,22.35
Samsung Galaxy A06 5g Dual Sim 128gb preto,719,989.0,4.8,Vikings,Chegará grátis amanhã,27,https://www.mercadolivre.com.br/samsung-galaxy-a06-5g-dual-sim-128gb-preto/p/MLB48946861#polycard_client=search-desktop&search_layout=grid&position=10&type=product&tracking_id=62c2dc02-3473-4d6b-b693-c1bbc5bc88ae&wid=MLB6433836010&sid=search,1,1,500-1k,20.5
"Celular Samsung Galaxy A17 Com Ia, 256gb, 8gb Ram, Câm De 50mp, Tela De 6.7 , Nfc, Ip54 - Preto",1259,1399.0,4.9,Samsung,Chegará grátis amanhã,10,https://www.mercadolivre.com.br/celular-samsung-galaxy-a17-com-ia-256gb-8gb-ram-cm-de-50mp-tela-de-67-nfc-ip54-preto/p/MLB55254425#polycard_client=search-desktop&search_layout=grid&position=11&type=product&tracking_id=62c2dc02-3473-4d6b-b693-c1bbc5bc88ae&wid=MLB4583723537&sid=search,1,1,1k-2k,15.45
"Celular Samsung Galaxy A07 256gb, 8gb, Câmera 50mp, Tela 6.7 , Proteção Ip54, Processador 6nm - Violeta",852,1399.0,4.9,123 Comprou,Chegará grátis amanhã,39,https://www.mercadolivre.com.br/celular-samsung-galaxy-a07-256gb-8gb-cmera-50mp-tela-67-proteco-ip54-processador-6nm-violeta/p/MLB54964804#polycard_client=search-desktop&search_layout=grid&position=12&type=product&tracking_id=62c2dc02-3473-4d6b-b693-c1bbc5bc88ae&wid=MLB4277746349&sid=search,1,1,500-1k,24.15
"Smartphone Motorola Moto G86 5g - 256gb 24gb (8gb Ram+16gb Ram Boost) Tela 1.5k Poled, 50mp Sony Camera Ois Moto Ai, Videos Em 4k, Ip68 + Ip69 - Vermelho",1792,2399.0,4.9,Motorola,Chegará grátis amanhã,25,https://click1.mercadolivre.com.br/mclics/clicks/external/MLB/count?a=bZfgONbn4qoSBHk%2BvysZUY81kcS719wPrQGTIl9e1g%2BBRUIGA4gxX06xYw72dld%2BwkNbwzyV38W6LdHUO0klwe9uSxOs3IMdTslpQBtMoaPKk81ZTjnePmmkKq%2FJh0z362KBFNsMOVQ4RwpjG8Z847Jp5fOR8Eijsc6f%2FLKIFOGlAf5zW7CvSS0IJI%2FkK9lEIX7jvx1Ta9V4xiCnDzN9RcV0Dl0Ll3azcTpfHbkwE3ItM2tHAVhdM2TMMnbOnHUBtIaevMllDTm%2FMioipn66%2F8Ou1hnXiJI7nzktfQ8M%2BXDz1p2DTq5eQmksH62KVp%2B%2FJfLvl7R9Rud3jweHAmcehUD6%2BLt7EQ7Nj%2FyBimFYVqn0omv3ukuCvxZbQGDb1XVKGdsRBzfuI9njZ26bPNAMf6KDijFTCeYw9N8KnRBPB%2BNs0rHeP%2FB3ciH3MK5p3sPoX7zJFhexx0DsPn6N0t34qcyGfzGFnoPmWuMvpAHagn%2BAQSx9lkB%2BDQj5Fa9QC90hsLo%2BG18iKFv7O2dmHmu4mL1KqbPUwge5jikxDQrCoVeA5dS2knlEcgzlpWgjnvWzVdo6rKQvwCjgSm8nLLtIujxBoKy2Pf9cfcqAs6WV62ek4hkufCskOf%2FgZAVVol4njbDsiuLyo0tcJgdruqPczDNRvxnvnCzS5tGb%2BuNSZyn6WBDD%2Bui4CAe588EKdN6qX3t2P3KQcgolsQ3%2FQnzUZhSmTLkpJxhrzsVz5Lz%2BO%2BIKa7EHIse0Cf7RyJGwRYwTJhaUtrhquCW9TwEVmJWAPJsrAmzqogwsZUIYs%2FtEUFgIQgC9cSjmgX6S1z5qj9TvVLPkYUigI2cQvy4vAxYnGVc2MB8DVtqdiLU0jm51KPPq%2BVtmCkGSocbKNuxeC0qxZLaBE8ZqXE3bfycY3M4DUAK7uveDh5oKIyn9MteoEMjbjk7vjmG4%2FrACrLtysRJzndVfOoj75EwkcXwL9G8eX3R3nrKFELLEIhRs6H2o1WZyrcwFx9K9%2BPM9emXl532efXjpjINEULw2OPITPW2xJIgLjA725NBgi6sJ0uiJOCIpmA%3D%3D#polycard_client=search-desktop&is_advertising=true&searchVariation=MLB51340616&backend_model=search-backend&search_layout=grid&position=13&type=pad&tracking_id=62c2dc02-3473-4d6b-b693-c1bbc5bc88ae&wid=MLB5462013472&sid=search,1,1,1k-2k,19.95
Smartphone Motorola Moto G05 256gb 4gb Ram Camera 50mp Vermelho,699,1199.0,4.9,Motorola,Chegará grátis amanhã,42,https://click1.mercadolivre.com.br/mclics/clicks/external/MLB/count?a=mWn%2Bd2Z3exoo5Y%2FwixHfKE3mDcBzbi19VsnJWrIQz%2BZTMj5%2Fj9zi9knbVFvIlCml9hQVCdRfovHABvyyvk6sdmrkzGBOr0uG%2BPX%2F0PXwF0fAmEKW6yCbNNMAMiQ8IYH8xTdPqlbPD9GoLnaLNxeFmRC3VvYX1yvFsey0faBhTQW9aKSWQg1OSb%2FZpNoaMr8ZVc444n8n2rlOXIPsy4n0oCA46v4ymO2j3gxCbhZynqWi5iBFOnzcY8L9RwWR2w2HpyULQtu%2BrJ7PR%2F7mM9MXCQ%2BZkMJpB0xcs1gD6yHv3xQjFta7eVifT4WAuGjYqNFS2zyuH%2FifrmQw%2BUyNsfRzocNp%2BwOK%2BiwyD4Fc%2BrwSoq5Bq4WPFrqaax2ObVO84iR1fzFlmyQlgHmywn1kkF2wDwggi9jwq0Fld3VUdsyP11SDzgPzp56yB40uPwEPsgEZVU65umNvythvwvrDNHxyZRm%2Fq6Dryw%2FMxSYYR6zJOn%2BULAkuC9NeigQKosDnX6TDQAEmJY0tQJB6xIQeieRvJUyfm9CG%2FfZ0rKn%2FQ1uxFf6lq0eOIY7pSs%2FjKQ1QBPzHF%2F0P0ZhCSny7cQdLQw9XffimZnF15mheRgB1s076%2BjwgBZbwCiTpvbef904LPbDSDbAHKilOMGgtCb74WfurkALs0lbbqT4DGHwem24TXCLm3HuOtU%2Fhzj%2FJNitGaXIRmkiTLsz4%2B0a1VHGKDHFkO6L4nv68gIn9%2FS1xe64NX%2BOAOZfBgH%2FpxXyco7mxgPIYh57ASnI%2FDRBuOe14Idb9%2F%2F3RQ7qrTd%2Bu8lwkcIHyx24BjI%2BuUXt7xS23%2F9XWrWlBUd1EGQH%2FMOgOTnVcjCLMNC08Fa5hcDCiCtX2iQoEeJqZcG%2BCMW5r8Q%2FDl5%2FNFGf6rjsbvu0gpNxriqXcPBdO8qAiXSSw0U8ELlQpY6gUKv9r6Y3OSDfc6bsxYcpqSOGn3rqx0AaB#polycard_client=search-desktop&is_advertising=true&searchVariation=MLB58493174&backend_model=search-backend&search_layout=grid&position=14&type=pad&tracking_id=62c2dc02-3473-4d6b-b693-c1bbc5bc88ae&wid=MLB5774641722&sid=search,1,1,500-1k,25.05
Smartphone Motorola Moto G56 5g - 256gb 16gb (8gb Ram+8gb Ram Boost) Camera 50mp Sony Lytia 600 Ultrarresistencia Militar e Ip68 + Ip69 - Cinza,1598,1999.0,4.9,Motorola,Chegará grátis amanhã,20,https://click1.mercadolivre.com.br/mclics/clicks/external/MLB/count?a=s70HD3TsOItQvRSqPd2JQrsfy%2Bx%2FXmUqD5wuRfbZ7Os7LEfME4JHaPv0QfDgBpgn2AiIe28q60JMDAL51oXPEIg6SdTcl9e7PcWm%2FwGoO8F3vBsjpwEIlaTqUWKXmhzBihFFevaSvm75X48KtJv%2FMKa5GwbEGxR%2BThZMM2NNmkrmF%2Bf%2FiGwr6u5%2FySF%2BXERgEmcBDCxzs2Y3AiJF2uRSan6IGaegfe27xZNBd6Vq1%2FTsx862zjmKZy5XHUvzquRsOKNGVpxdiIDrWq3YD0B%2B%2Bx0fAA5zbg4w8vjfXfimtMneEg74ztt%2F6InRJMvdPbXiElKmr3AObXV%2BLR9hsivHutzj%2Fgfs7bTpLkIAIlXOxQzZnIiTtJdniasyp3gEYDKyhzQPuDhKf8%2BiBfjYlnr2onFbD2ykQiki%2BIvlxZm8dyC9OsF5PTdcZxb0nQGEwJFGr0l5X7fznMdesXR1QG8ennGwHFIvkVGdSaoL9g8w7oTrCONPcCOGUMDfLv9GZpVtLod2i%2Bs0PrT%2FPyw1U6YHCsByElw64Kw2USyl59j96zfNy8lUA6Mg877wSIhHmDBOGJZ8ChKOlZmySLcuTN6TSD3DToaQNQbz%2B6mepXCCrfwgSbWUE4gArfn8KdlNUWyd1udm1LpR2vrHgRbqxJgfZoxKogpyo7PJO6V%2FOP0H7gQKHOH5AobmJldjZZVc0uDa1TeV7sGfpuFWJ6%2Ffg0Auo6mjQOqtUscv21N1gBQpMrE82B7iLCoGGKlron%2Bn5hWTW40a6238f7F0YNJZ6QGDj8az9VQyPCLVVgJAhXEfl6KqbULnaf%2B6fVkRkfEih82VQaP9mYxl0AyOJUYcZ9FX92lx3PtXXCf4TO4ANS%2BjmxPziR2%2FlbSjk%2F26C2hcTxPlmRgj%2FwZ5GwrenTZZeACARrr0PaAaPdGj4rfix8r715cVp1p%2B3oCZGIG3KKRBkz%2FC7QJPd6dR%2BR6aWT9hGah6gkLabu7LunNJRKgyn7NQ%2F2aNG2fFtclET04bkiSWk9KFKffPpoj3XaSyYhYeRQTieNQk75SnSRiRjCUdSg%3D%3D#polycard_client=search-desktop&is_advertising=true&searchVariation=MLB50301060&backend_model=search-backend&search_layout=grid&position=15&type=pad&tracking_id=62c2dc02-3473-4d6b-b693-c1bbc5bc88ae&wid=MLB5402372302&sid=search,1,1,1k-2k,18.45
"Smartphone Motorola Moto G67 5g - 128gb 12gb (4gb Ram + 8gb Ram Boost) Camera 50mp Sony Lytia 600, Tela 1.5k Extreme Amoled 120hz, Ultrarresistente - Chumbo",1529,1899.0,4.8,Motorola,Chegará grátis amanhã,19,https://click1.mercadolivre.com.br/mclics/clicks/external/MLB/count?a=htfliIsXjo2uuBz6dBigED9yOOOcHqo4Ct3EP7UZsQoNfVoK%2Bgw9jyyjFzZarc35jRj%2BnQzE10l1WOGib%2Fg1GtTQA0icVVWTbFCqyyIGn8jH9tLL2mKMxaH4SF2A3HwtvuhaynW%2F0a5qmUM9MxTrSr0ZjpAGNdZbv7KQLP36%2BuKMNW8pPsNYN1k3SKxlSGcpST3Vj0IGXOugKiOVE%2BJl%2FL6BnWyxB70pyLNeQjjFUZYWgfZlRyhILuLMJ8IkHXH8bGAauyJWYwv4pu0bRcixUhzyBzWey%2BA%2FoeCNntpyg%2B4vS4tO%2BObNlCfXDal14FIaUppJzcMEWD1briivOxcTqifC%2BZXIabPsRpVg7fEqH8LAlMJ0anS5%2Fk5V2u%2BaULavg99eWtXyZDLbY6qwCjXeCe8EvO3gegMPkOLzW71bl%2F10VFng%2B7m9ypFmnEcjhQioQykNqWgRFiOx7QKrVGbOiQQwN%2FLZZ5MUSDyBFji%2BjUCvUkNQ8BNZxYV6i4GTtyeuTMJodvXWMHdFowSl0My9NU2qKXLZ5l6jKH1pGn5loVN3yc4sOUcAAp6qYuVI56%2Fgg5wApTCAx%2Bwu3L9%2FI1g8IU3%2FPqjXdgqc1CFrHnEYUexPVx2fHjJhSH9gGz7xW2709xQMsSUhiwAgOjvRKpAkivr3tyYSzc9SaaIl8hLQBDm9x7wc5GvKMKCe0vmPC%2BgQ0fxPwiVrsIMfA9xfAgskWQbfT5SzekmOqwesQUFj3oQlPmhWYSeTsyjxEupjZAalGlf0rpf5C4VBGPjke8jb0riW9%2F3dJ1r%2FTzP83XvE8gltO62ilDnW9qxYMD4Mr5FBAKRtTi%2F%2Forbenp3cdFb2ribHOF%2BFaemfltBsR1rBHvLmsgicy%2FDXjs%2FH8InDASN5jt1U3tI3q%2Bg0GpNnRKjB63fLGKIqzDHbJ0d9XrDnM0UEzsOmF1YsafNJeDeDhvljR9cTSw2M2KBisTyyexDmdH7U9vnI4zVnC3MuBulvBqkC1yEQBiQ8yb5MoIT4HVwZHCaABNcTPKLpHYeLXmjxqo%2BhO4MYaoIVAo9718RNhN0ZshSTWqfm#polycard_client=search-desktop&is_advertising=true&searchVariation=MLB65319818&backend_model=search-backend&search_layout=grid&position=16&type=pad&tracking_id=62c2dc02-3473-4d6b-b693-c1bbc5bc88ae&wid=MLB6420538026&sid=search,1,1,1k-2k,18.1
Smartphone Motorola Moto G06 - 256gb 12gb (4gb Ram + 8gb Ram Boost) E Camera 50mp Com Ai Bateria De 5200 Mah Tela 6.9 - Bege,723,1349.0,4.9,Motorola,Chegará grátis amanhã,46,https://www.mercadolivre.com.br/smartphone-motorola-moto-g06-256gb-12gb-4gb-ram-8gb-ram-boost-e-camera-50mp-com-ai-bateria-de-5200-mah-tela-69-bege/p/MLB55762063#polycard_client=search-desktop&search_layout=grid&position=17&type=product&tracking_id=62c2dc02-3473-4d6b-b693-c1bbc5bc88ae&wid=MLB5765125576&sid=search,1,1,500-1k,26.25
Smartphone Motorola Edge 60 Pro 5g - 256gb 24gb (12gb Ram+12gb Ram Boost) Tela Quad-curve Moto Ai 50mp Sony Camera Ultrarresistencia Militar Ip68 + Ip69 - Azul,2694,4499.0,4.9,Motorola,Chegará grátis amanhã,40,https://www.mercadolivre.com.br/smartphone-motorola-edge-60-pro-5g-256gb-24gb-12gb-ram12gb-ram-boost-tela-quad-curve-moto-ai-50mp-sony-camera-ultrarresistencia-militar-ip68-ip69-azul/p/MLB49085450#polycard_client=search-desktop&search_layout=grid&position=18&type=product&tracking_id=62c2dc02-3473-4d6b-b693-c1bbc5bc88ae&wid=MLB5382324466&sid=search,1,1,2k-5k,24.45
Smartphone Samsung Galaxy A36 5G 256GB 8GB RAM,1521,3299.0,4.9,Samsung,Chegará grátis amanhã,54,https://www.mercadolivre.com.br/smartphone-samsung-galaxy-a36-5g-256gb-8gb-ram/p/MLB47111905#polycard_client=search-desktop&search_layout=grid&position=19&type=product&tracking_id=62c2dc02-3473-4d6b-b693-c1bbc5bc88ae&wid=MLB5317478858&sid=search,1,1,1k-2k,28.65
"Celular Samsung Galaxy A17 5g Com Ia, 256gb, 8gb Ram, Câm De 50mp, Tela De 6.7 , Nfc, Ip54 - Preto",1576,1899.0,4.9,Samsung,Chegará grátis amanhã,17,https://www.mercadolivre.com.br/celular-samsung-galaxy-a17-5g-com-ia-256gb-8gb-ram-cm-de-50mp-tela-de-67-nfc-ip54-preto/p/MLB54961455#polycard_client=search-desktop&search_layout=grid&position=20&type=product&tracking_id=62c2dc02-3473-4d6b-b693-c1bbc5bc88ae&wid=MLB6574985998&sid=search,1,1,1k-2k,17.55
Celular Smartphone Realme C73 256gb 8gb Ram Dual Sim 120hz 6000mAh Violeta,1149,1999.0,4.8,Webfones,Chegará grátis amanhã,43,https://www.mercadolivre.com.br/celular-smartphone-realme-c73-256gb-8gb-ram-dual-sim-120hz-6000mah-violeta/p/MLB62258511#polycard_client=search-desktop&search_layout=grid&position=21&type=product&tracking_id=62c2dc02-3473-4d6b-b693-c1bbc5bc88ae&wid=MLB4334411855&sid=search,1,1,1k-2k,25.3
"Celular Samsung Galaxy A26 5g 256gb, 8gb Ram, Câmera De 50mp, Ip67, Tela Super Amoled 6.7 , Nfc - Preto",1405,2167.0,4.8,123 Comprou,Chegará grátis amanhã,35,https://www.mercadolivre.com.br/celular-samsung-galaxy-a26-5g-256gb-8gb-ram-cmera-de-50mp-ip67-tela-super-amoled-67-nfc-preto/p/MLB47424244#polycard_client=search-desktop&search_layout=grid&position=22&type=product&tracking_id=62c2dc02-3473-4d6b-b693-c1bbc5bc88ae&wid=MLB5474927460&sid=search,1,1,1k-2k,22.9
"Celular Samsung Galaxy A17 Com Ia, 128gb, 4gb Ram, Câm De 50mp, Tela De 6.7 , Nfc, Ip54 - Preto",899,1499.0,4.9,Samsung,Chegará grátis amanhã,40,https://www.mercadolivre.com.br/celular-samsung-galaxy-a17-com-ia-128gb-4gb-ram-cm-de-50mp-tela-de-67-nfc-ip54-preto/p/MLB54987753#polycard_client=search-desktop&search_layout=grid&position=23&type=product&tracking_id=62c2dc02-3473-4d6b-b693-c1bbc5bc88ae&wid=MLB4217306791&sid=search,1,1,500-1k,24.45
"Celular Samsung Galaxy S25 Fe 5g, 128gb, 8gb Ram, Câmera Tripla De 50+12+8, Tela Grande De 6.7 Jetblack",2868,4499.0,4.9,Samsung,Chegará grátis amanhã,36,https://www.mercadolivre.com.br/celular-samsung-galaxy-s25-fe-5g-128gb-8gb-ram-cmera-tripla-de-50128-tela-grande-de-67-jetblack/p/MLB61692896#polycard_client=search-desktop&search_layout=grid&position=24&type=product&tracking_id=62c2dc02-3473-4d6b-b693-c1bbc5bc88ae&wid=MLB6087231690&sid=search,1,1,2k-5k,23.25
"Smartphone Motorola Moto G17 4g - 256gb 12gb (4gb Ram + 8gb Ram Boost) Camera 50mp Sony Lytia 600, Tela Fhd+ 60hz, Bateria 5200 Mah - Rosa",1078,1749.0,4.9,Motorola,Chegará grátis amanhã,38,https://click1.mercadolivre.com.br/mclics/clicks/external/MLB/count?a=61LFYZmyQCJpsetYC47vXFQFYYBVgXLT5mzCHJskYKh3KzdJE5svMigjEPlLtD%2BBxbz4ejC3L9MjYibvDndq0GCQzESA4akQ6YEe2fISely5iJowhrjzisSdEARjP%2Fx2FU1bTZMKGdMH9tOXgmQJL%2Bm4K5hoeJC56I07K018928lrO0DJWKbdmOf8cthW%2FI2qOr0a4rcU71xMr%2BArl%2BoOfcyc2zAoj9YXyuS220aLxFfqrNJtqIGIFlcB%2BDN9zYKZ%2BqrFzXPUlkLQQNHYuZLeXcGUzU1PuNgbWuq%2BaxjnXhRw8RtTI2yXPYF6wTrJJbMPqGx2fa4FpfWeEH46e3A%2BJ%2BXDeirN1jESnO%2FDnrUPQjXk09RMUleg9D1WBQkST7jPEgh5wJ70J33nC4d1WMH3WlT4wx8KaCOyZZh62dEhSIv7uA2Thsa61wY8CR5WoxNLxdCNcX1isWX9QiwrNvsOxtgWFz5geKDKzTN9j1mfOzac3T%2Be10NnujfQ3BMRt%2BeHFQmbHS%2Byr1wdGFsEMuB8CdeA34dqcDnLQyz%2B8nAIkaZU0q19cISqtJyZRxz%2BQ%2BWBkeOnIL3qNgeP7d4oKIfpUaoNUdsZp5PGjCF58GBA39bovQwkvcS%2BKJsubX6wwCP3WUk6czpJ3EcSGxT%2FCAlpO%2FZDW8amO43xDCxHYekHJUVqWap4%2Blyvs6WtdnmmB61AZ8HLBF33dNrJ0RTCwM9SbzAwnllsMX%2FlpN1gg3TaSPtfEdyj7qZF5LHrY1wQ9iRPZ5qmglidTTgb9xMBW2LyyrwgNqDGaDEeXjtJAA7qmG2mb5WLbAG6TjaWohwEXjFg130H8zDe%2Bxl0W2hbXnzhz7Md7awHxC5XHI3SZfNSRWgcsd3KaxoRB6jXTPDaO59Uafz8F%2B9Pc8crCAJ%2F0e4%2Bnqrmcboxb000S658%2FsXwRFsqNTmSlf3NqaX4wNmOMj05ZTyfcTkA4d%2FyR9R%2Fr5BKpf0W0ugTLDlgIDA3o%2FkbdBwEa%2BqChavHzkS8jRlhmbkhjrrHtRfvvzqZYLuOOa1Wt8nJp7PSAk%3D#polycard_client=search-desktop&is_advertising=true&searchVariation=MLB65041664&backend_model=search-backend&search_layout=grid&position=25&type=pad&tracking_id=62c2dc02-3473-4d6b-b693-c1bbc5bc88ae&wid=MLB4510840013&sid=search,1,1,1k-2k,23.85
Moto G15 Dual Sim 4gb Ram 128gb Azul Marino,699,1099.0,4.8,Motorola,Frete grátis,36,https://click1.mercadolivre.com.br/mclics/clicks/external/MLB/count?a=8%2FuudBdnw1KiQpYs5djaYKUSN1JnFIj%2BT20BogRtA%2BSK3iRtljCpSYODA2mbddZ4StoucUAat1l47XqnYXChBMKg9BFWfuSOgGZdJH2KJPFOs1BaWRoHDgGlkFxSJmuuQJnh2Smx%2FNufu9oHo9zhgcHiQs5wR%2FNcaY8OCr92HgUS%2FXbQT%2FRdVZg0yuTFzAI18GFJ6WEV%2FIRhQLafBghbkB4OojjxvC5ZtNfUhHmYoYiAO%2FlidhuTax4jrh4iyiTuX7ydpGrQpRF40JfBnqPMuP280d0YvUADxPJyqVfGlEWqGTZKoJQQR2XtOGtX6agvWI%2FHig9SyPFVh3KyeX2OzBqXODIYrIowHDgZJ3YxA2fA8ADgJdrEOdugbFXRMABlBkCOs4PVRoNmz4IGCc0t4vcFyn1CM52HIecTQPNzcyIpbjxCS2QOMu0ibnToZegLA93DUv1EkTjMHJSgjgh9mXHBYXRvjbfrVCgTO6DJwFTj7IdasSqorjwbVprHt2l7QDOU4V%2FwEQXuZW6A%2F8HKLFzDwRzIcHzONJhQT6ovUWRjAYTn2m5P8J3lI5YldM2p4tBMap3MJlu5zxAUOR0GyR%2FR4%2BGovgt5nzVeGuInsG10QBl5KkzhqF5kXBDqatOEV4zKQLjOhTrdphiO9P9fyO%2Bje%2FEsktgUAGV%2BbfBVaIjDcp2eW1lKcV54tammPO5PGt21cFc6ki0MGZZG5wqD%2Bqf%2Fk8sEC1Vet0xtjcQdCvM%2BogqXRz%2Fl2QfSbZPxG7ZgBxoPnSFAm0MeC2a4QlTu8FAajq26gdB0IjLqtXz%2FJNcrcHp75bEndNkXpuPFKgs7oOKk0BFa2EpKk4DeuQYCK2kfWlfjSpPEmMEd2oQcyHGix6yiFSh93C3NAP51c4frZVJXq8k8X2x%2BQYg7rrulMEdT%2FPATHxV1L4TAgNZbGlOblg%3D%3D#polycard_client=search-desktop&is_advertising=true&searchVariation=MLB46056608&backend_model=search-backend&search_layout=grid&position=26&type=pad&tracking_id=62c2dc02-3473-4d6b-b693-c1bbc5bc88ae&wid=MLB3975530813&sid=search,1,1,500-1k,23.2
"Smartphone Motorola Signature 5g - 512gb 24gb (12gb Ram + 12gb Ram Boost), 3 Cameras 50mp Sony Lytia E Zoom 100x, Tela 1.5k Extreme Amoled 165hz - Preto",7649,8999.0,4.8,Motorola,Chegará grátis amanhã,15,https://click1.mercadolivre.com.br/mclics/clicks/external/MLB/count?a=pIFL%2FxJm77yzdEtdJh7iOdgP82%2BA%2BvXzL6UW67eP1CNzGJv0qopEZMak5IHF2yvI0lW02xjD8Bv5TVsu6lyw54J%2Fnxamlk3tRpkDKDcs8dB9x8zHjvMqKUnjrfExE6UXWA7fGMaSOPuSXgvBLi5b%2Bk0P4w11hFyx8YkXQJ4K6SPa2V2BLksk3FMjwH3d2xs%2F5FrATX9sR7KBC29BZ%2FEYeEZEnXDDt00seBDo2juDK7bBJGnvMWaPDT%2FsezO8DVljMso8ow4RtV8Q2e3%2FCIJ9%2B0D4Nqxjww9YoSfX%2Bkd7X83SiucMkBRfftrxQyrtUE8%2BzG7YbDxAbBGIqGlMNY5tTXhASXUcd%2B8sy7jSUfx7UkcYd9xECm1df1DIFLLCeNPGZCDaeDYm1pv1SkebEvJSpa9sST3FvE1rtStALKEtm7cNqzFxTsM1bOeVejMHH0lCGmJka19gsJn4z6yKQctIUMbkOSU9XZayq0y8TeW3pYTT0NJGSgygD0j4oQqY8JO%2B%2Ft29icW5fpSiy3fVYq66HBdsl2VgsH9g5sdPyMEWJ4tl2vvVtEjl6gokVumXrYOcnnENS0%2FNrZ%2ByCJOIXI4K7if%2ByavW3UT8XbiV2G8GsvPNzbF9df6QwA9SdtbxCyic0627XQ0Ej0rfzZEtIxpJD5u9ru8GN%2FRZ%2FXfRKa8xnhYPZdirqyHHg1rq7s5RRQId%2BvINFQoQ3gtsURAIFjuXO1TzfDj4F6MyEDwTYMD6bOjUwYntb44JaZk1h3%2B0vvxYW8ozNf3h69JjsIP1nRjqVqncxv0BJhasD6rHuNPjsICKNF5NKdJFT9S7bwpLgaabIXKjj7Jh0RRfUwF7g2YqhDCbCAelN1ri9KmYrfWbhLLZh2j%2BXt5ou%2BEatwQkQd4grlOazStQ8jT7ZpXYmLjkO8Riywgtrk6JIrB14Ka8WZ0EijQiMXDtWA9x2uWL6ArtHkY%2B6J68ti2gaJuxylSek1FZ7PlgxZJd2xtA2WBEiff40VDRYExa5VDCYMxT5QkkJd92pw8PBKRrKmaDK2AkIZcT8lMV3IhA5E4BNXl%2BeZdkNQfxDg%3D%3D#polycard_client=search-desktop&is_advertising=true&searchVariation=MLB65938141&backend_model=search-backend&search_layout=grid&position=27&type=pad&tracking_id=62c2dc02-3473-4d6b-b693-c1bbc5bc88ae&wid=MLB6373850588&sid=search,1,1,5k-10k,16.9
Smartphone Motorola Edge 60 Fusion 5g - 256gb 16gb (8gb Ram+8gb Ram Boost) 50mp Sony Ai Camera Ip68 Nfc - Rosa,1939,3299.0,4.9,Motorola,Chegará grátis amanhã,41,https://click1.mercadolivre.com.br/mclics/clicks/external/MLB/count?a=Gf1v8wdl4AkYvBvke9thRJuAGIL654eUqvtbFcsL7jFllWDQuKLB8wBBr%2Bv%2FWiRlnJRyZLrH%2BtriB77dn269FdsPgyCpzW8nDVm%2FLi8ocW8x9NY%2BrToE1LjKCSeaGw2OpHPlXxttgd2JWAhnhAouW36%2FP8kfPoCstQD6zf87CxOEunhsTZ1hp%2B2gHChSbdpwCYhnCwcD7ar%2FzwHwOfO%2FKkMMVTk251IvnOh5nKEm0I7tGFNi0MeHMl4pCKHdkNPhQq9NQy1oeYmLfW%2BfAxo2RLjJ9h29JOPTUZaHvUxhzmStipEoi%2FALkC%2B3%2Brppl8yYHL4QJLJRSPrhKVr%2BRsL5jvdM%2BNX0ftd9do3AU%2FsTdYjOVN7xF8tDwZrYQWgK5oXrrxvR1VwtPCxnad5n0INhRKng%2FObgCRjwLzQOVHfVbDb5Y0Kd6EjZY0DKIwocnmKyZ0au2yOLAKWEsQUih%2BdX5AiWv9qXxG1XbddkyJsAyfm93XzZT0bKHBWqrpK20zLbfvjWpL8GqY%2BgP7%2F8SzUGOHYsQHXhszAsGKCaSngMjucgdhkdX4471h3YhLtg%2Ff1vo5QpJDOzQfnvjaZJ%2B6ANzwLTj8BK8y9feiYjdATUHgvLuj6S3PExM7q3tAqu8mRqcSboYaz1v23gmExwcClC9U5UO5pKKcQOHlrggXorlg%2BfQqE0VFgGHzspijNjmIvgjfnEEmI9LnvpoZ18X32DamaXEKHQVjqkiRwiy%2F3DwNOMzD1bDbUspsARUuWPBFgNTcPF2Tvpdw7sgenJoaiobohWjtMSX8vDWe6Z9hqEtI2maZl1l4M%2BepcLYWD%2BcWGAGsJshSW2y90vmfIIiMfXgKf3YYdBp%2BtScjPJajNqvsbVq9Vu7Iit7bZawBPdwnFe9%2FvkoTtNLBVtn9u%2Fsuri5hJUvSap9%2FGLU5uYKWbsNQjPN17isJASo4Ae29yvEsZrdSB2zJ9SIqT0LCRzh3HUaDkL4NoFHmtHotMKl6WjZVzZRStnglE6Nl4upRcyp6Q%3D#polycard_client=search-desktop&is_advertising=true&searchVariation=MLB47251829&backend_model=search-backend&search_layout=grid&position=28&type=pad&tracking_id=62c2dc02-3473-4d6b-b693-c1bbc5bc88ae&wid=MLB4027318137&sid=search,1,1,1k-2k,24.75
Smartphone Motorola Moto G05 256gb 4gb Ram Camera 50mp Vermelho,699,1199.0,4.9,Motorola,Chegará grátis amanhã,42,https://www.mercadolivre.com.br/smartphone-motorola-moto-g05-256gb-4gb-ram-camera-50mp-vermelho/p/MLB58493174#polycard_client=search-desktop&search_layout=grid&position=29&type=product&tracking_id=62c2dc02-3473-4d6b-b693-c1bbc5bc88ae&wid=MLB5774641722&sid=search,1,1,500-1k,25.05
iPhone 16e (128 GB) - Preto - Distribuidor Autorizado,3699,5799.0,4.9,Apple,Chegará grátis amanhã,36,https://www.mercadolivre.com.br/iphone-16e-128-gb-preto-distribuidor-autorizado/p/MLB1046215784#polycard_client=search-desktop&search_layout=grid&position=30&type=product&tracking_id=62c2dc02-3473-4d6b-b693-c1bbc5bc88ae&wid=MLB3986439067&sid=search,1,1,2k-5k,23.25
Smartphone Motorola Edge 60 Neo 5G - 256GB 24GB (12GB RAM + 12GB Ram Boost) 50MP Sony Camera Moto AI e tela 1.5K Super HD - Latte,1799,3799.0,4.9,Motorola,Chegará grátis amanhã,53,https://www.mercadolivre.com.br/smartphone-motorola-edge-60-neo-5g-256gb-24gb-12gb-ram-12gb-ram-boost-50mp-sony-camera-moto-ai-e-tela-15k-super-hd-latte/p/MLB58684606#polycard_client=search-desktop&search_layout=grid&position=31&type=product&tracking_id=62c2dc02-3473-4d6b-b693-c1bbc5bc88ae&wid=MLB4265763257&sid=search,1,1,1k-2k,28.349999999999998
"Samsung Galaxy S25 5G, 256GB, 12GB, Câmera Tripla - Azul claro",3898,5999.0,4.9,Samsung,Chegará grátis amanhã,35,https://www.mercadolivre.com.br/samsung-galaxy-s25-5g-256gb-12gb-cmera-tripla-azul-claro/p/MLB45513356#polycard_client=search-desktop&search_layout=grid&position=32&type=product&tracking_id=62c2dc02-3473-4d6b-b693-c1bbc5bc88ae&wid=MLB5264376996&sid=search,1,1,2k-5k,22.95
"Smartphone Motorola Moto G86 5g - 256gb 24gb (8gb Ram+16gb Ram Boost) Tela 1.5k Poled, 50mp Sony Camera Ois Moto Ai, Videos Em 4k, Ip68 + Ip69 - Vermelho",1792,2399.0,4.9,Motorola,Chegará grátis amanhã,25,https://www.mercadolivre.com.br/smartphone-motorola-moto-g86-5g-256gb-24gb-8gb-ram16gb-ram-boost-tela-15k-poled-50mp-sony-camera-ois-moto-ai-videos-em-4k-ip68-ip69-vermelho/p/MLB51340616#polycard_client=search-desktop&search_layout=grid&position=33&type=product&tracking_id=62c2dc02-3473-4d6b-b693-c1bbc5bc88ae&wid=MLB5462013472&sid=search,1,1,1k-2k,19.95
"Smartphone Infinix Note 50X 5G 8GB RAM 256GB De Armazenamento Tela 6,78"" Polegadas HD+ 120HZ Câmera 50MP + Selfie 8MP Bateria 5200mah NFC, DTS Áudio - Cor Cinza",1349,2267.0,4.8,123 Comprou,Chegará grátis amanhã,40,https://www.mercadolivre.com.br/smartphone-infinix-note-50x-5g-8gb-ram-256gb-de-armazenamento-tela-678-polegadas-hd-120hz-cmera-50mp-selfie-8mp-bateria-5200mah-nfc-dts-audio-cor-cinza/p/MLB61656785#polycard_client=search-desktop&search_layout=grid&position=34&type=product&tracking_id=62c2dc02-3473-4d6b-b693-c1bbc5bc88ae&wid=MLB5957442486&sid=search,1,1,1k-2k,24.4
Smartphone Motorola Edge 60 5g - 512gb 24gb (12gb Ram+12gb Ram Boost) Tela Quad-curve Moto Ai 50mp Sony Camera Ultrarresistencia Militar Ip68 + Ip69 - Azul Marinho,2099,2799.0,4.9,Motorola,Não informado,25,https://www.mercadolivre.com.br/smartphone-motorola-edge-60-5g-512gb-24gb-12gb-ram12gb-ram-boost-tela-quad-curve-moto-ai-50mp-sony-camera-ultrarresistencia-militar-ip68-ip69-azul-marinho/p/MLB48930800#polycard_client=search-desktop&search_layout=grid&position=35&type=product&tracking_id=62c2dc02-3473-4d6b-b693-c1bbc5bc88ae&wid=MLB5363845340&sid=search,1,0,2k-5k,9.95
Smartphone Motorola Moto G35 5g 256gb 12gb Ram Boost Coral,945,2000.0,4.8,Desconhecida,Não informado,53,https://www.mercadolivre.com.br/smartphone-motorola-moto-g35-5g-256gb-12gb-ram-boost-coral/p/MLB63092926#polycard_client=search-desktop&search_layout=grid&position=36&type=product&tracking_id=62c2dc02-3473-4d6b-b693-c1bbc5bc88ae&wid=MLB6228408744&sid=search,1,0,500-1k,18.299999999999997
Smartphone Motorola Moto G56 5g - 256gb 16gb (8gb Ram+8gb Ram Boost) Camera 50mp Sony Lytia 600 Ultrarresistencia Militar e Ip68 + Ip69 - Cinza,1598,1999.0,4.9,Motorola,Chegará grátis amanhã,20,https://www.mercadolivre.com.br/smartphone-motorola-moto-g56-5g-256gb-16gb-8gb-ram8gb-ram-boost-camera-50mp-sony-lytia-600-ultrarresistencia-militar-e-ip68-ip69-cinza/p/MLB50301060#polycard_client=search-desktop&search_layout=grid&position=37&type=product&tracking_id=62c2dc02-3473-4d6b-b693-c1bbc5bc88ae&wid=MLB5402372302&sid=search,1,1,1k-2k,18.45
Apple iPhone 16 (256 GB) - Preto - Distribuidor Autorizado,5205,9538.0,4.9,Apple,Chegará grátis amanhã,45,https://www.mercadolivre.com.br/apple-iphone-16-256-gb-preto-distribuidor-autorizado/p/MLB1040287796#polycard_client=search-desktop&search_layout=grid&position=38&type=product&tracking_id=62c2dc02-3473-4d6b-b693-c1bbc5bc88ae&wid=MLB3931272075&sid=search,1,1,5k-10k,25.95
"Smartphone OPPO A6t 128gb, 12gb Ram (4gb + 8gb Virtual Ram), Bateria Gigante de 6500mAh, Processador Snapdragon, Tela 120Hz, AI Câmera, IP64 - Violeta",899,1299.0,4.9,Oppo,Chegará grátis amanhã,31,https://www.mercadolivre.com.br/smartphone-oppo-a6t-128gb-12gb-ram-4gb-8gb-virtual-ram-bateria-gigante-de-6500mah-processador-snapdragon-tela-120hz-ai-cmera-ip64-violeta/p/MLB66130734#polycard_client=search-desktop&search_layout=grid&position=39&type=product&tracking_id=62c2dc02-3473-4d6b-b693-c1bbc5bc88ae&wid=MLB4573343865&sid=search,1,1,500-1k,21.75
"Smartphone Xiaomi Redmi 15 8gb 256gb Tela 6,9 144hz, Bateria 7.000 Mah, 50 Mp Preto",1390,1390.0,4.8,Desconhecida,Chegará grátis amanhã,0,https://www.mercadolivre.com.br/smartphone-xiaomi-redmi-15-8gb-256gb-tela-69-144hz-bateria-7000-mah-50-mp-preto/p/MLB61511995#polycard_client=search-desktop&search_layout=grid&position=40&type=product&tracking_id=62c2dc02-3473-4d6b-b693-c1bbc5bc88ae&wid=MLB4390450235&sid=search,0,1,1k-2k,12.4
Celular Samsung Galaxy A56 5g 128gb 8gb Ram Rosa,1998,3299.0,4.9,Samsung,Chegará grátis amanhã,39,https://www.mercadolivre.com.br/celular-samsung-galaxy-a56-5g-128gb-8gb-ram-rosa/p/MLB47106876#polycard_client=search-desktop&search_layout=grid&position=41&type=product&tracking_id=62c2dc02-3473-4d6b-b693-c1bbc5bc88ae&wid=MLB4561879339&sid=search,1,1,1k-2k,24.15
Apple iPhone 15 (128 GB) - Azul - Distribuidor Autorizado,4499,7209.0,4.9,Apple,Chegará grátis amanhã,38,https://www.mercadolivre.com.br/apple-iphone-15-128-gb-azul-distribuidor-autorizado/p/MLB1027172667#polycard_client=search-desktop&search_layout=grid&position=42&type=product&tracking_id=62c2dc02-3473-4d6b-b693-c1bbc5bc88ae&wid=MLB4408547152&sid=search,1,1,2k-5k,23.85
iPhone 17 Pro 256GB - Azul-profundo - Distribuidor Autorizado,9899,11499.0,4.9,Apple,Chegará grátis amanhã,14,https://www.mercadolivre.com.br/iphone-17-pro-256gb-azul-profundo-distribuidor-autorizado/p/MLB1055308781#polycard_client=search-desktop&search_layout=grid&position=43&type=product&tracking_id=62c2dc02-3473-4d6b-b693-c1bbc5bc88ae&wid=MLB5687335472&sid=search,1,1,5k-10k,16.65
"Tcl Smartphone 605 4g, Octa Core, 128gb 12gb Ram (4+8), 6.7 Hd+ 90hz, Nfc, Dual Sim, 50mp",649,799.0,4.7,Mercado Livre,Chegará grátis amanhã,19,https://www.mercadolivre.com.br/tcl-smartphone-605-4g-octa-core-128gb-12gb-ram-48-67-hd-90hz-nfc-dual-sim-50mp/p/MLB53155051#polycard_client=search-desktop&search_layout=grid&position=44&type=product&tracking_id=62c2dc02-3473-4d6b-b693-c1bbc5bc88ae&wid=MLB6161225994&sid=search,1,1,500-1k,18.05
iPhone 17 256 GB - Sálvia - Distribuidor Autorizado,6297,7999.0,4.9,Apple,Chegará grátis amanhã,21,https://www.mercadolivre.com.br/iphone-17-256gb-salvia-distribuidor-autorizado/p/MLB1055308843#polycard_client=search-desktop&search_layout=grid&position=45&type=product&tracking_id=62c2dc02-3473-4d6b-b693-c1bbc5bc88ae&wid=MLB6545162768&sid=search,1,1,5k-10k,18.75
Apple iPhone 16 (128 GB) - Preto - Distribuidor Autorizado,4986,7799.0,4.9,Apple,Chegará grátis amanhã,36,https://www.mercadolivre.com.br/apple-iphone-16-128-gb-preto-distribuidor-autorizado/p/MLB1040287808#polycard_client=search-desktop&search_layout=grid&position=46&type=product&tracking_id=62c2dc02-3473-4d6b-b693-c1bbc5bc88ae&wid=MLB5120546360&sid=search,1,1,2k-5k,23.25
Smartphone Motorola Edge 60 Pro 5g - 512gb 24gb (12gb Ram+12gb Ram Boost) Tela Quad-curve Moto Ai 50mp Sony Camera Ultrarresistencia Militar Ip68 + Ip69 - Cinza,3059,5499.0,4.9,Motorola,Chegará grátis amanhã,44,https://www.mercadolivre.com.br/smartphone-motorola-edge-60-pro-5g-512gb-24gb-12gb-ram12gb-ram-boost-tela-quad-curve-moto-ai-50mp-sony-camera-ultrarresistencia-militar-ip68-ip69-cinza/p/MLB48998798#polycard_client=search-desktop&search_layout=grid&position=47&type=product&tracking_id=62c2dc02-3473-4d6b-b693-c1bbc5bc88ae&wid=MLB5389690592&sid=search,1,1,2k-5k,25.65
Apple iPhone 15 (256 GB) - Preto - Distribuidor Autorizado,4751,8095.0,4.9,Apple,Chegará grátis amanhã,41,https://www.mercadolivre.com.br/apple-iphone-15-256-gb-preto-distribuidor-autorizado/p/MLB1027172669#polycard_client=search-desktop&search_layout=grid&position=48&type=product&tracking_id=62c2dc02-3473-4d6b-b693-c1bbc5bc88ae&wid=MLB3621184765&sid=search,1,1,2k-5k,24.75
Smartphone Motorola Edge 60 Fusion 5g - 256gb 16gb (8gb Ram+8gb Ram Boost) 50mp Sony Ai Camera Ip68 Nfc - Rosa,1939,3299.0,4.9,Motorola,Chegará grátis amanhã,41,https://www.mercadolivre.com.br/smartphone-motorola-edge-60-fusion-5g-256gb-16gb-8gb-ram8gb-ram-boost-50mp-sony-ai-camera-ip68-nfc-rosa/p/MLB47251829#polycard_client=search-desktop&search_layout=grid&position=49&type=product&tracking_id=62c2dc02-3473-4d6b-b693-c1bbc5bc88ae&wid=MLB4027318137&sid=search,1,1,1k-2k,24.75
Smartphone Motorola Moto G15 256gb 12gb 4GB RAM 8GB RAM Boost Camera 50mp Verde,899,1499.0,4.8,Motorola,Chegará grátis amanhã,40,https://www.mercadolivre.com.br/smartphone-motorola-moto-g15-256gb-12gb-4gb-ram-8gb-ram-boost-camera-50mp-verde/p/MLB44665542#polycard_client=search-desktop&search_layout=grid&position=50&type=product&tracking_id=62c2dc02-3473-4d6b-b693-c1bbc5bc88ae&wid=MLB5237351728&sid=search,1,1,500-1k,24.4
iPhone 17 Pro 512GB - Azul-profundo - Distribuidor Autorizado,11699,12999.0,4.9,Apple,Chegará grátis amanhã,10,https://www.mercadolivre.com.br/iphone-17-pro-512gb-azul-profundo-distribuidor-autorizado/p/MLB1055308802#polycard_client=search-desktop&search_layout=grid&position=51&type=product&tracking_id=62c2dc02-3473-4d6b-b693-c1bbc5bc88ae&wid=MLB4200188179&sid=search,1,1,10k+,15.45
"Smartphone Motorola Signature 5g - 512gb 24gb (12gb Ram + 12gb Ram Boost), 3 Cameras 50mp Sony Lytia E Zoom 100x, Tela 1.5k Extreme Amoled 165hz - Preto",7649,8999.0,4.8,Motorola,Chegará grátis amanhã,15,https://www.mercadolivre.com.br/smartphone-motorola-signature-5g-512gb-24gb-12gb-ram-12gb-ram-boost-3-cameras-50mp-sony-lytia-e-zoom-100x-tela-15k-extreme-amoled-165hz-preto/p/MLB65938141#polycard_client=search-desktop&search_layout=grid&position=52&type=product&tracking_id=62c2dc02-3473-4d6b-b693-c1bbc5bc88ae&wid=MLB6373850588&sid=search,1,1,5k-10k,16.9
"Smartphone Motorola Moto G17 4g - 256gb 12gb (4gb Ram + 8gb Ram Boost) Camera 50mp Sony Lytia 600, Tela Fhd+ 60hz, Bateria 5200 Mah - Rosa",1078,1749.0,4.9,Motorola,Chegará grátis amanhã,38,https://www.mercadolivre.com.br/smartphone-motorola-moto-g17-4g-256gb-12gb-4gb-ram-8gb-ram-boost-camera-50mp-sony-lytia-600-tela-fhd-60hz-bateria-5200-mah-rosa/p/MLB65041664#polycard_client=search-desktop&search_layout=grid&position=53&type=product&tracking_id=62c2dc02-3473-4d6b-b693-c1bbc5bc88ae&wid=MLB4510840013&sid=search,1,1,1k-2k,23.85
Smartphone Oppo A6 Pro 256gb 8gb Ram 5g Ip69 Azul Espacial,2999,3199.0,4.9,Oppo,Chegará grátis amanhã,6,https://www.mercadolivre.com.br/smartphone-oppo-a6-pro-256gb-8gb-ram-5g-ip69-azul-espacial/p/MLB66177449#polycard_client=search-desktop&search_layout=grid&position=54&type=product&tracking_id=62c2dc02-3473-4d6b-b693-c1bbc5bc88ae&wid=MLB4536941689&sid=search,1,1,2k-5k,14.25
iPhone 17e 256GB Preto - Distribuidor Autorizado,5219,5799.0,4.9,Apple,Chegará grátis amanhã,10,https://www.mercadolivre.com.br/iphone-17e-256gb-preto-distribuidor-autorizado/p/MLB1066130044#polycard_client=search-desktop&search_layout=grid&position=55&type=product&tracking_id=62c2dc02-3473-4d6b-b693-c1bbc5bc88ae&wid=MLB6402322328&sid=search,1,1,5k-10k,15.45
Smartphone Samsung Galaxy A56 5g 6.7 Pol Octa-core 256gb 8gb,1998,3699.0,4.9,Samsung,Chegará grátis amanhã,46,https://www.mercadolivre.com.br/smartphone-samsung-galaxy-a56-5g-67-pol-octa-core-256gb-8gb/p/MLB65302568#polycard_client=search-desktop&search_layout=grid&position=56&type=product&tracking_id=62c2dc02-3473-4d6b-b693-c1bbc5bc88ae&wid=MLB4609819131&sid=search,1,1,1k-2k,26.25
"Smartphone Motorola Moto G17 4g - 128gb 12gb (4gb Ram + 8gb Ram Boost) Camera 50mp Sony Lytia 600, Tela Fhd+ 60hz, Bateria 5200 Mah - Azul",899,1299.0,4.9,Motorola,Chegará grátis amanhã,31,https://www.mercadolivre.com.br/smartphone-motorola-moto-g17-4g-128gb-12gb-4gb-ram-8gb-ram-boost-camera-50mp-sony-lytia-600-tela-fhd-60hz-bateria-5200-mah-azul/p/MLB65041642#polycard_client=search-desktop&search_layout=grid&position=57&type=product&tracking_id=62c2dc02-3473-4d6b-b693-c1bbc5bc88ae&wid=MLB6420215012&sid=search,1,1,500-1k,21.75
"Smartphone Infinix Smart 10 4GB RAM 256GB SSD Câmera 8MP + IA, Tela 6.67 HD+ 120Hz, Bateria 5000mAh, Processador T7250, Android 15 Go, Dual Chip - Preto",670,1458.0,4.8,123 Comprou,Chegará grátis amanhã,54,https://www.mercadolivre.com.br/smartphone-infinix-smart-10-4gb-ram-256gb-ssd-cmera-8mp-ia-tela-667-hd-120hz-bateria-5000mah-processador-t7250-android-15-go-dual-chip-preto/p/MLB56327005#polycard_client=search-desktop&search_layout=grid&position=58&type=product&tracking_id=62c2dc02-3473-4d6b-b693-c1bbc5bc88ae&wid=MLB5751262142&sid=search,1,1,500-1k,28.599999999999998
Kit Samsung: Celular Galaxy A17 256gb 8gb Ram 50mp 6.7 Nfc Ip54 Preto + Galaxy Buds Core Branco,1431,1698.0,4.9,Samsung,Frete grátis,16,https://www.mercadolivre.com.br/kit-samsung-celular-galaxy-a17-256gb-8gb-ram-50mp-67-nfc-ip54-preto--galaxy-buds-core-branco/up/MLBU3605578150#polycard_client=search-desktop&search_layout=grid&position=59&type=product&tracking_id=62c2dc02-3473-4d6b-b693-c1bbc5bc88ae&wid=MLB5957929002&sid=search,1,1,1k-2k,17.25
Smartphone OPPO A5 256GB 6GB RAM Branco,1169,1499.0,4.8,Oppo,Chegará grátis amanhã,22,https://www.mercadolivre.com.br/smartphone-oppo-a5-256gb-6gb-ram-branco/p/MLB51680761#polycard_client=search-desktop&search_layout=grid&position=60&type=product&tracking_id=62c2dc02-3473-4d6b-b693-c1bbc5bc88ae&wid=MLB5745515116&sid=search,1,1,1k-2k,19.0
Smartphone Motorola Moto G15 256gb 12gb 4GB RAM 8GB RAM Boost Camera 50mp Verde,899,1499.0,4.8,Motorola,Chegará grátis amanhã,40,https://click1.mercadolivre.com.br/mclics/clicks/external/MLB/count?a=CZM3kQ6G7XM%2FOuu%2FnnJgJTcbMeB21o58OzFV38vSRjlp%2FrCjFHPAUoXPUuLosjJh%2BrybKRUzUGbyOWIgvZVQO6SBozS4XaYdgCuO2EmiPub4qyutbO5Iwo%2FTe0xgqpiNJ1xDkJj54N3n%2BComoCcwpWSHg1dz3TlCGaB%2BZOC2aSwY%2BlwBCY3JV1nUY6fmMniAYd4vgLi6eUaGdvu938FIDYdMu9DipudYSe9MaKUMIWUgv57sX6DMRd51%2BK5OQJumIZ%2FoZ2V1tX0fdgBgV1uGYgat%2ByoLr55NkOuIWLtxcWz90j%2BQmaeyhOzUreCACdka5BxhRZTpkXjVlcDHh7bvz1MqIF81C9qxcbf8yX7w6oUjmuODkE6F%2B%2BCdxy3ovd0boi%2BQuEdjQ24Ruomng559b0uBBs1DzYC5Am45ZMwk%2F6HzLLfsaYqHLb5mJ2Oy7Gc96xcPwn9Uil69rI%2F2FmwWL%2BB1UcqeeGKVfgmBAQRz2oC0CnLA4PMXjZ5y72fk%2FRgjGkEcognUKT2dgwFTx5LQ%2FvjPmBB3Le2Ajfx1Yec4tScqL7FQiPtwkJlPPRUjqhDovLgJ5XvaYNPQrABXbq8EFMamWae%2F%2FXVaiAyhPzy1LL4iWB%2Fc%2BjA12ESiYhW%2B8hgq5ghXAINaYatt3hV%2F%2FmbSvZgpA21Ue%2FyShA7BNF%2B4UKTM9BEcCaBWY9D4lmDh7yiM0vgVbYDdOXOKqYjZhii5kvGDyRAhtpjXypJvpljAqsvFT4YkJ%2BDd%2FzIqow4Dxb%2F7zYe8fUlYjvQ07k0zD91KNWUp%2Bnxin46iLW245B5yD9AT9Cn5jFkiuHF79xJUvSxl6kdqXBABfbKirgeON%2FvW4bCn79w3eaHLWr9DYpz1hAjGHGSnExpj%2FvTMbD2OAKqcjs%2BbIcWQ8Xvy9ODTeY5ogL3M8Y0ZVlWXnyalBXabOdWzjsb%2Bg27m3VzN%2F%2Bh4pI%2BfJG4ae%2BIc%2F%2FBCbFHOtLxRZf3Chfms#polycard_client=search-desktop&is_advertising=true&searchVariation=MLB44665542&backend_model=search-backend&search_layout=grid&position=1&type=pad&tracking_id=71f11d13-f061-4452-94e5-7fb5d8d22e2c&wid=MLB5237351728&sid=search,1,1,500-1k,24.4
"Smartphone Motorola Moto G17 4g - 128gb 12gb (4gb Ram + 8gb Ram Boost) Camera 50mp Sony Lytia 600, Tela Fhd+ 60hz, Bateria 5200 Mah - Azul",899,1299.0,4.9,Motorola,Chegará grátis amanhã,31,https://click1.mercadolivre.com.br/mclics/clicks/external/MLB/count?a=FRpoGbqkF4KU1NM9FEGGKCbK%2B%2FnRafew2bXcUR2ZjbFIaNI71zHA%2Ft9fEh%2FTzd1mbAgEUksD6%2B1frg5cs3urucWxzdxYTXJJzyt08ySm%2BP6Qa2ITLBDs8e8bTEajzlzVL4JgZOShLDU%2Bmhp3Z2UkgvWweOKifOKX%2Fss0knIDvP3ZjkPmX3Bsz%2BvgJNhzFcJR4MvF8pRnGSfUpZI9iA0ZO49qZJHd%2FDPgnczU%2B1Qx2NuZktqs56gFjNaqv6dkXi4rP3tM0m4GILPGl4sIN6Pfp4YOggwbHWN6b1iyq4GBFfvx7hquHG1hY91Qf25CLA5CBkf5nR1ChNt7IPOHv4M29tnHs7vEmQ5A5E4weZmzzVHX0%2F%2Fdm5dqcvAjqGoXnPejpJ92IYNoEeS5AOgi3S9OeJV%2FUNwHRDWEccrFPnZzPOgvyDqzaPrppeSBiwEHLTa78dNA8NRVxc2m8jNoOxqLwo%2Byr45whPLI3YivoTONLg3Ac7xGaxgDp1mVFymCvzh59S16ot%2FxewEnkwPJSpx1w2MPOa6Etj5ey4YKP3cqLkWFVmcvGdYbQbP9V7gQtQI5FpOPLfkvsIfMeWC2YIVszvhyit4xSXrg9DlAofQKQk9kedqwZ6TPqxvBsKb0KuKEBCcZR5rwJ5S7mDTVAgj5%2Fxt%2Bd4ZzvxOxDBIXsG2iNx91n6YEPTd%2BW7Dcuc9FIVRG%2Beaod20uUwOvAnXq5o6iYsovlWuldbf4QELRrppS0I38i9M0z1%2BE3fbTCbKZuTSifjIWp%2Bk0SMI0BMH%2BGVT%2BpxC%2F2a4N%2F1YPxAJ%2B%2FZ17UwSDO6jNlExOxbU8zGcgOr%2BByTGzP%2FtAuVCUg8NBzzcDakrO5VS%2Bm2VrgdoXXD%2B95wswp7P7x4tKf3CDUE8KlVzzG8cefzWUPtumbpfBVDqc7N6vauYw0OChaSZU%2BveazMS5N5C34%2FVI7HC6IiZCdXlVIGfQv%2Bbd7irdcmkUtIhtYxbPPy4iU4Nsl%2FjX5ofqEsLuam25Je6Zvc8gBl0rLWDVckR84I0h%2B0xeyhQ2M3ETw7%2B%2FlEtf#polycard_client=search-desktop&is_advertising=true&searchVariation=MLB65041642&backend_model=search-backend&search_layout=grid&position=2&type=pad&tracking_id=71f11d13-f061-4452-94e5-7fb5d8d22e2c&wid=MLB6420215012&sid=search,1,1,500-1k,21.75
Smartphone Motorola Moto G06 - 256gb 12gb (4gb Ram + 8gb Ram Boost) E Camera 50mp Com Ai Bateria De 5200 Mah Tela 6.9 - Bege,723,1349.0,4.9,Motorola,Chegará grátis amanhã,46,https://click1.mercadolivre.com.br/mclics/clicks/external/MLB/count?a=gXZThLGHmSSMhl1poFfNIQazN2Z%2F9RXcSey%2B0kJ3ykF8qnaEh93WemataKiHMx%2FLvT%2BrJzBb4zP2f4m9qO7eUR58A7TfHxrAV8gDQwYD1ztKunu5Uha9JPHTAUbfhkvvc9PfVsxkyBl7pjwkHr8rhbIFwG8c%2BgvlP3F8Qhn10HCKS2SXwqJRELfTYdM5buxESXSM0cftTxewKUZaoFrWShrm%2F8C9Ab4Fa2sjOCKRWEznE5%2Fr0GLQXafrbNbdAzExs9xkftTBad8Kv2YzguE4JCZHugfZUIUngbw%2FMgGoKtDMH%2FVG7pRbbFKvGfyd9o89F05ifgq%2Bzkhc4jrAybdqFRsZKLyKtSoZNhwQ6jQeIQTnPoelATW6BQ0sEnQryRnOOx%2Fle0EE9f30YLp7%2FcI8IHCTlonyF4zoQ%2BkKsr9AutMn6WdeL1kUBiGpC8hoLWXBCwRMnh7ffs3BxWTt6HRYV9r9Ue%2FqMLQKWk7X49fGSE5YtMCIYMfljBXrAl25D5prQwl994JYDhmnntl%2BtW5nvj7uogkD1VBNT9ehq7X2MEbj5R3o6fRYg8Ir48k61TqzZ8Z3FSFaiTvg0MTjMmB8Q4NBOXflH7DFFD8tIn396%2FOVJMSTYPRNQe9hAWQpRYWP2KydLQ6sMqeN6WREeLa1jztmue0F0YMdv%2FD7w6yKnEcilq6mNEm7SFV1BAEb4J2tD7CNdvAvaUkun9mx7PzgPq5TS4HAPk6c0eLwOVq2WSiXVqTMmBwCwWsa%2FIEWlc22RhFis15jjmAIGqq115szb%2BeGl54%2BwERg4L9Dn7PDexWReS2h3IyLykHkzwPSJ%2F4wdnhHPzCKT61jjqqQ19F82hwKtilelQjLaZrK0GvuGYKIgZFCMUVq4u4XRO9WciIqs56gvu1n1NMYmH%2FWlUC64QkMnf0W1KJCLxnLujT5o6ypRN0c1rW7KyN2afWTotj2pfuRea2aveqmuNrAfE5rpyR6wiF2rsyL%2FSF0g%2Fcs7Yk3mvxmWrKAuG6bLqHAnxffID%2B4ID%2F8LZ0a#polycard_client=search-desktop&is_advertising=true&searchVariation=MLB55762063&backend_model=search-backend&search_layout=grid&position=3&type=pad&tracking_id=71f11d13-f061-4452-94e5-7fb5d8d22e2c&wid=MLB5765125576&sid=search,1,1,500-1k,26.25
"Smartphone Motorola Moto G86 5g - 256gb 24gb (8gb Ram+16gb Ram Boost) Tela 1.5k Poled, 50mp Sony Camera Ois Moto Ai, Videos Em 4k, Ip68 + Ip69 - Vermelho",1792,2399.0,4.9,Motorola,Chegará grátis amanhã,25,https://click1.mercadolivre.com.br/mclics/clicks/external/MLB/count?a=BCjI8TMSSwZ%2Bnz3jU4v8%2B3cFNz%2Fz1AuWHd%2FI2aoQLn2Ze3hsX2Fv5UFqgBXKnehq9rSxPwY7rtmKb24r57WLxHqc3YXV4p9pfSCwSgBK0O9zP2ZnHQ5zxkZppmhcHcU%2FBhJSbtrQj%2BbUzPtkGHF407rdhonRKowHvwHeQ7AR4HJsCjOR2e%2FQNTPt8XlcCAmveTPhA%2Fq1KaKnf3nVUwzKc7AxdHxfDvvHQL9VJGDA528ID1Fhjl11gt8V2Zd83iCnrA3rQSygczR%2BoH5EDhuTNDOi%2B9tThAQ%2B9CovU%2BZ0GKhCoPOYbvQefZoYJR3R62YI%2FypavrPsWYno8lHHWW%2BXccH%2Bctxtn2%2Bat%2FNrzKZo6UlOx%2BxxL4Uq%2BxB2GsPFqIVtHszUzC6EwYSZ4%2FNCtmP0js2XCxWaAvVlF4AlD1MfKQJ6bVzq6TMK4L2NEdZs9mlvDtaSymuw7dG%2BUQ5GszaXtdnevJ8uphh98VJb%2FJuW8gxXY%2F04IrPU%2Br05WRCffmWQ5GfeaX76DiF3DRjxrLmZxpmGxJpR9GUIg5%2BPk33Ll%2FfwZe6%2F5giYmH6ZLjisG%2BO%2B7e%2ByByg9Dnz49wkaouAGtDOV4zyhba1T7QSQRufI7VWMeO1EiwOrIAjF2UnNuVo4i0gj6mrmNYMW0qOPeyY4NdDtlAF69HZIUO%2Bej%2B0mHcXqkfa5Ab60vDG9Yp4CrkA%2BY0KrvqlPhEUqHGRlfA%2FnyNTOU7YAUcg%2BS5HPCLrqbVSrrlUE1g6cqyFFsOItqdiKyF9I%2B7Qmx95QxPdiyLkLcHcpTcIlh9AXFzFuuof17jHvwz1ShJDWhxQ%2BO5l8zUa6E2kDgKCrxUHS06aZYj0%2BmbRbcU9DNu4%2FdAxQv9VbGwOC8aJI8Pkpw%2BVLaGuUBt%2FGBhCHdYL7Hmpc%2BRe0ayqh2gTkc%2Bsqs813OFGureinxKwB6xSW8WhzaOKwRybvuhQzpncXao9BQNM69wMfegvvDLgH%2BUO4FUgPyyb7lQOqto%2B1L%2BkNihrJtyoRoGUqMLYJjfkJnumR5gREBhgZglW16WuVv4UNJ8RbPduDyyKrDQp%2B#polycard_client=search-desktop&is_advertising=true&searchVariation=MLB51340616&backend_model=search-backend&search_layout=grid&position=4&type=pad&tracking_id=71f11d13-f061-4452-94e5-7fb5d8d22e2c&wid=MLB5462013472&sid=search,1,1,1k-2k,19.95
Celular Samsung Galaxy A56 5g 256gb 8gb Ram Cinza,1998,3699.0,4.9,Samsung,Chegará grátis amanhã,46,https://www.mercadolivre.com.br/celular-samsung-galaxy-a56-5g-256gb-8gb-ram-cinza/p/MLB47114363#polycard_client=search-desktop&search_layout=grid&position=5&type=product&tracking_id=71f11d13-f061-4452-94e5-7fb5d8d22e2c&wid=MLB5317821714&sid=search,1,1,1k-2k,26.25
Smartphone Samsung Galaxy A36 5g 128gb 6gb Ram Câmera Tripla De Até 50mp Selfie De 12mp Ip67 Super Amoled 6.7'' Nfc Recursos Ai Android E Segurança Snapdragon - Preto,1430,2815.0,4.9,Webfones,Chegará grátis amanhã,49,https://www.mercadolivre.com.br/smartphone-samsung-galaxy-a36-5g-128gb-6gb-ram-cmera-tripla-de-ate-50mp-selfie-de-12mp-ip67-super-amoled-67-nfc-recursos-ai-android-e-seguranca-snapdragon-preto/p/MLB47115842#polycard_client=search-desktop&search_layout=grid&position=6&type=product&tracking_id=71f11d13-f061-4452-94e5-7fb5d8d22e2c&wid=MLB6410679768&sid=search,1,1,1k-2k,27.15
Xiaomi Redmi 14c 4G 256 GB 8 GB RAM dual sim cor preto,832,832.0,4.6,Desconhecida,Não informado,0,https://www.mercadolivre.com.br/xiaomi-redmi-14c-4g-256-gb-8-gb-ram-dual-sim-cor-preto/p/MLB41287578#polycard_client=search-desktop&search_layout=grid&position=7&type=product&tracking_id=71f11d13-f061-4452-94e5-7fb5d8d22e2c&wid=MLB6245801058&sid=search,0,0,500-1k,2.3
Smartphone Motorola Moto G06 - 128gb 12gb (4gb Ram + 8gb Ram Boost) E Camera 50mp Com Ai Bateria De 5200 Mah Tela 6.9,661,999.0,4.9,Desconhecida,Chegará grátis amanhã,34,https://www.mercadolivre.com.br/smartphone-motorola-moto-g06-128gb-12gb-4gb-ram-8gb-ram-boost-e-camera-50mp-com-ai-bateria-de-5200-mah-tela-69/p/MLB61381499#polycard_client=search-desktop&search_layout=grid&position=8&type=product&tracking_id=71f11d13-f061-4452-94e5-7fb5d8d22e2c&wid=MLB4515672567&sid=search,1,1,500-1k,22.65
"Celular Samsung Galaxy A07 128gb, 4gb, Câmera 50mp, Tela 6.7 , Proteção Ip54, Processador 6nm - Preto",599,899.0,4.9,Samsung,Chegará grátis amanhã,33,https://www.mercadolivre.com.br/celular-samsung-galaxy-a07-128gb-4gb-cmera-50mp-tela-67-proteco-ip54-processador-6nm-preto/p/MLB55034955#polycard_client=search-desktop&search_layout=grid&position=9&type=product&tracking_id=71f11d13-f061-4452-94e5-7fb5d8d22e2c&wid=MLB5859349564&sid=search,1,1,500-1k,22.35
Samsung Galaxy A06 5g Dual Sim 128gb preto,719,989.0,4.8,Vikings,Chegará grátis amanhã,27,https://www.mercadolivre.com.br/samsung-galaxy-a06-5g-dual-sim-128gb-preto/p/MLB48946861#polycard_client=search-desktop&search_layout=grid&position=10&type=product&tracking_id=71f11d13-f061-4452-94e5-7fb5d8d22e2c&wid=MLB6433836010&sid=search,1,1,500-1k,20.5
"Celular Samsung Galaxy A17 Com Ia, 256gb, 8gb Ram, Câm De 50mp, Tela De 6.7 , Nfc, Ip54 - Preto",1259,1399.0,4.9,Samsung,Chegará grátis amanhã,10,https://www.mercadolivre.com.br/celular-samsung-galaxy-a17-com-ia-256gb-8gb-ram-cm-de-50mp-tela-de-67-nfc-ip54-preto/p/MLB55254425#polycard_client=search-desktop&search_layout=grid&position=11&type=product&tracking_id=71f11d13-f061-4452-94e5-7fb5d8d22e2c&wid=MLB4583723537&sid=search,1,1,1k-2k,15.45
"Celular Samsung Galaxy A07 256gb, 8gb, Câmera 50mp, Tela 6.7 , Proteção Ip54, Processador 6nm - Violeta",852,1399.0,4.9,123 Comprou,Chegará grátis amanhã,39,https://www.mercadolivre.com.br/celular-samsung-galaxy-a07-256gb-8gb-cmera-50mp-tela-67-proteco-ip54-processador-6nm-violeta/p/MLB54964804#polycard_client=search-desktop&search_layout=grid&position=12&type=product&tracking_id=71f11d13-f061-4452-94e5-7fb5d8d22e2c&wid=MLB4277746349&sid=search,1,1,500-1k,24.15
Smartphone Motorola Edge 60 Neo 5G - 256GB 24GB (12GB RAM + 12GB Ram Boost) 50MP Sony Camera Moto AI e tela 1.5K Super HD - Latte,1799,3799.0,4.9,Motorola,Chegará grátis amanhã,53,https://click1.mercadolivre.com.br/mclics/clicks/external/MLB/count?a=b00eTB%2BQgw%2FYQj3jUCWYwoC5jdf9naNlvwTJgFmwLUu1zylrz8De22HCxm8We9ztbOvazzKEvUIT%2FA645NeksLDNcNYwA1C2Qt4Je%2BqUrg5yLCXmjjXKBaHG0IXdOW%2BMUrMeUSvvhnt2pyUvM32HER0feBsashneUXBvrm4WhQp6ZBPKNAmZZhufMOGobKo%2FNS1MHaGmPA%2BKj8IooOV6khrPi5rRz8T6M4KCtDnWrrK5%2Fq86tfqCTLi0B9eoGmvzesEaJvFPfHWkFJCA1bbJaX28mWmi5NRAG9GF48xTiuGVXvXGXSJHP5DvE710YNbPWe8pT%2FS4H7Xa68CP214tGA6k3iCu6yws3cY4BRprvYhScatNSDuOh9SpQ6%2Bs78G47X8EqqfT%2BCND%2FoQ7SwRq56liToOUiYgpVaJi469IUzSQOA7LXIz4J0XbDGVhs95%2FT5KCA69yOkbK2WQLE3ih9LwllW7vzc3vibipzL%2BtZ5Aa6HiWBOpmf66xnK9R3BwT3KTVM%2FM6yKOerplgl%2FzkxehBs0p5TuLtUObeA%2BTAzELHsQjbnJwJ%2F6f7h73vvlJKphb29ihiPu7zuNLPDGh2Zm4pyLGj8aYi1FC4tUoYfxtc1Vbc8gtbx9dtsf4XP9az7I7ZrRbmRspxD2wG0k3QJZMf7pfZzmn%2BCOaoq%2BS27nA5xJ%2Fs0R4Qj1uEYCgSW6Mrpt5VYcG7UBz5k5wvIFcad%2FtwfXx5%2FAZcQRUALv8qYwg8PSFrDhYD%2BW4Lcw4hmD%2FTK13bxH70%2BVMcied6n0mK23ZpjlHDujnH5%2FLgj52EL1mCwQaaFKsqvJQ2nj4oz%2FN0CQFW7bXvbw9SL3lbDIIvYhg3C%2FCacamfhUAkLRtPN3I8VFMFqz1bjKC4ly4lJotAnhdSXn2fLFG3CUb4Fld4OqDbFiW294tPfPbT5ChE8QjkIHbOcCz0LRABMIB2DdYbayeJ3rjw12Khn5Z%2Fp1GW4T%2FoEu3Rje3WMQJw1GHztDTVj%2B2WdAORSxXukbHEznxZZZBQpuu30CqxwNobkSRM#polycard_client=search-desktop&is_advertising=true&searchVariation=MLB58684606&backend_model=search-backend&search_layout=grid&position=13&type=pad&tracking_id=71f11d13-f061-4452-94e5-7fb5d8d22e2c&wid=MLB4265763257&sid=search,1,1,1k-2k,28.349999999999998
Smartphone Motorola Moto G05 256gb 4gb Ram Camera 50mp Vermelho,699,1199.0,4.9,Motorola,Chegará grátis amanhã,42,https://click1.mercadolivre.com.br/mclics/clicks/external/MLB/count?a=kaKYkgBKvZmqCmAc6VM9HTdwiezzFGkU7A9E%2B5cfo1GKE2xxYo3IBody4gC%2Ffa3%2BWcErVTuICfDiwPYhEBYRJeIPhIZ7PsZ92VLk%2F%2BNl2fTgInzliu4Tz570tt3cyiooOyga1mRee6MczzCv8NPhRXDO%2FIZ%2F1iiaiYJR54h1CxXf9%2FEr83fjpRgjbN34sqVZX6CAloqEZwLIPiSBkxBTC5N03%2B1QgNeXt7OMEJiIrHSiY3penKTn6Eyedni7Z4iyHyin%2FmsQPo3tQt9MGpKVZPq42xRrqRlxACxep3ng00r%2B4rJ8NIX2insOWPSidJ4kJ2U4C9unN7sJRjFdgGQUlhNIJPMig3GC4OtfXYPOSRMjobvGHuOZOLN6n5QC1r%2BuFk4%2Bz2ZiYjKWYLP%2Fh55Lxcc8TzotsGYtklZpnhiwnOzAX0r9YTR7WPQqRnDVlHjN5ycRL2PuSO4F40%2BZJret%2FcYGFP20zHHR6DmFq%2BuB0AdG7ZB5Pyew%2BSNwWNx6SIP8QSehge2LnZi7kv9T2zlcJvgRIhCePVt0B84d0jCe36c7HcjeErH9aHXtaqD6cUhTa2vzPpUmTNASBlAPJs%2F2wDvA8EWfD4I9wmnyJT5X23frcISmH0MBKgIW2do3aCVFlPcKsGcBnJD5S7ikqnKexH6oPIpR0gYuRjbw5kXg3P245EtFKeAS%2B%2B%2FbgZMskmrQEH6PQ1qUv2Jy4PINgjTSq7klL1D8GpbAPKfBWz5OFrYP8qekR0gDZalKGt4a%2Bzb0H%2FObRXXWFF7W7iL2IYdIePRmRvSvXVp%2FZKf2wC36v1gmO639SxmQMEYR%2FJ1B9BPRv7l1rdZHTucJyj595ArJlWSraxyKoxQk4NdN%2B0xoWvpq30GM9LfdeE5UEzc0%2F3iAT1lWBsrr5aFoM6yw6Z94AuIEd2dSTVLdOpJrwxhDFky88eTxmCRpaj5gbILT6L0nubXqpW0%3D#polycard_client=search-desktop&is_advertising=true&searchVariation=MLB58493174&backend_model=search-backend&search_layout=grid&position=14&type=pad&tracking_id=71f11d13-f061-4452-94e5-7fb5d8d22e2c&wid=MLB5774641722&sid=search,1,1,500-1k,25.05
Smartphone Motorola Moto G56 5g - 256gb 16gb (8gb Ram+8gb Ram Boost) Camera 50mp Sony Lytia 600 Ultrarresistencia Militar e Ip68 + Ip69 - Cinza,1598,1999.0,4.9,Motorola,Chegará grátis amanhã,20,https://click1.mercadolivre.com.br/mclics/clicks/external/MLB/count?a=rsG00MreUEyvv%2BeH%2Fh1BfSC3rU1lpP8H68YMLq8zR7c1PndZ93NErbNtYLKfTt4IBTvSXKXQahLoaelAZQOOtfWH6rFYhx9p%2BgATxcfbBoMKKX0uljXpg0utCkBUAI3ULELZOHrBWYhqAm2nyr3k5RD8wsPxgnJRw1yfdWcHQXqjocjS8eIq%2FtN0bES0BEL7HG5ycK3JZn20CvyCNy%2BwpwSrFY1%2B9t9KIIwaI0PTTOeK0mQxhCVSCAcmNAi4SQxbny9KE5gGacSS0w5GTMJarroylAXPdzh8%2Ftuz42R9%2B02n4A1XTK35mFaZ1v5l%2FGlejmsoYkYuL6ckqSOioPwFEQNxgRE4k5S%2FZQCN6ctun1ZvXEbaKdIQh50gtlfIHkfAChpkLpxsh5QCLaxuETy2HUveTaM3Hf4ist1oS33OgKZ1fUDSXUhp4iCZDIPxioprD3KohNWpwpYCRFZJvcsZyPP6ivAl9CusJ6SQCiLa05xX6pm6snpRtTbkKjahRY9%2F4RKNQ0g%2BVgrQ5RZufjFz19Q8eFsAVaXwC5sLi6tmILe%2BXRgvLoinLOFzo9FeMUMBODKQoGmhIyZckEZGCXNi4Q7Ih30WAcg1KVQvMNX%2FEytbAxwkLq8AuumN1tEV1WnEkbbgN%2F5hIFFXXFJBOdPxyQoq8EENloj9zQNOvZBQpOhb7P%2BshAIJ7ADpjK9lyN4zTlSM1o3xRIeeQCRAVjB0SCvDcsGpChHOZJoU8fUmxFCQFGqDfngYtH4BiVDHvQHV5ewtVHuiSztgIXT9zTA168T7Ie%2BTwoaozFqQvlMEALWWTwbo7I%2FLQQG3SR4a4VDAbqXDeMmnyXVce7FpVQF0ktmYPzSlBHEJ%2FsEHV14WSknCh%2BmI6yjD8pG0M%2B04q7MOhFxQA0IU%2B0M9FP8PinsEje11eAKDMdMp1680yPcBvmoegqKT9rmQ8W%2FzFkPV8CrK424gXn%2BzjEbTTQus0NFRVHvlcuCB4moGOBXt2EqlU7PJM3BWec9VNgA8BnQCRe6ElcufN2psCJhknL21G1ayf1%2Bt8%2FHlnXrkrwwhfg%3D%3D#polycard_client=search-desktop&is_advertising=true&searchVariation=MLB50301060&backend_model=search-backend&search_layout=grid&position=15&type=pad&tracking_id=71f11d13-f061-4452-94e5-7fb5d8d22e2c&wid=MLB5402372302&sid=search,1,1,1k-2k,18.45
"Smartphone Motorola Moto G67 5g - 128gb 12gb (4gb Ram + 8gb Ram Boost) Camera 50mp Sony Lytia 600, Tela 1.5k Extreme Amoled 120hz, Ultrarresistente - Chumbo",1529,1899.0,4.8,Motorola,Chegará grátis amanhã,19,https://click1.mercadolivre.com.br/mclics/clicks/external/MLB/count?a=BDinzXWZAem%2BP%2F2HVO%2Bnqc4OWhnsRI7olFd112yZr7rpmUvGdpnnkojbH6%2BC%2BX8O5MMR0h9ybv061RAvVTMndMzuH09KLZ4Gsea4QeB5yYD2v7PU2%2FppYxgE4yjjFFpssp%2FKmNkimmh%2BEdBGOehpYhNJdW08at7oe5l4Dh33T%2FURJKPzyLWn%2FOwIMgpS21H6iRfiUDNYFJBt3jT1jjJrw3sbo3UF5GZJL%2F%2Bp2Yrk3vZJw7WY5QnAJOtQHLG343OFakSMS3OZr1WD7ZGuABTDiDojK4tRRPTyFTc7CK1qBg2JbxMF8s1V2so%2BqSRNu%2BaMyWtXlh%2FLKNeMmFWzxsNQLfC3Ar0H6tXgzGAX2H3SCX6477cIfybmUTo9kQ4jSF5RFqROkLJJHc6l%2BO5oduIoJ9HCHNuxdPSyw5WAth%2B2HJpGqU1cCUnIegAK6spIcaob1Ll%2F1LI3VTR2YtftHE8FiNon%2Fu0Cw1NddHYNKQzDUfF0EoStwzRSSpColWpEbat3Ex7f6a079qIDeQh22rfMWCfJEMA30BVDrK%2FEAhM9yYNOFOFcZM4pArI1yudGXdl6K907NIINpdmwfCtdMFxAXuryWOPJr6dM6DHOQVw6g%2FQKcacfwmHX9IhRzHxvo4bba9PAeMkr%2F2Ffmy01ke%2FXBb9CCvXpys761OVkymVyK8iMVL3CBVOrCNqDrO1B%2FruBj%2FMOzlcoOxqi7x5%2F0EFUNuwf9iG1%2FAHqUqhmClC6lPWGePtHWodsLBjQNK%2FD3Yz7n5ElcnrYb%2Buk3A9LxytBDEGs%2FQpe1xYH6HdV%2FCXFJYzrxEqeoffOhAW9B8XukxMOecgNpbmmeqFVZJJigA8D7wKt5mJozwvDI6bnw4iH%2F6hJqtly5o7BO0eIbpufUWME1fOT8UgSW6omRC%2FznNgRwDAKmDldZ2haPWSHFuBtSZBjkG5cxgdjTs2FbQXSqvqqQr7Y%2BdkmV7bpS%2BGFni%2BztYY98HiJwfo4yskQf8yqqLVtF58zYKCUjmQ%2F8IGXbLYOWTigTJYcSEldRVN8PDTua728RRH0iTdnzG2llqtmzsaqK%2Bma%2FnxhTsI%3D#polycard_client=search-desktop&is_advertising=true&searchVariation=MLB65319818&backend_model=search-backend&search_layout=grid&position=16&type=pad&tracking_id=71f11d13-f061-4452-94e5-7fb5d8d22e2c&wid=MLB6420538026&sid=search,1,1,1k-2k,18.1
Smartphone Motorola Moto G06 - 256gb 12gb (4gb Ram + 8gb Ram Boost) E Camera 50mp Com Ai Bateria De 5200 Mah Tela 6.9 - Bege,723,1349.0,4.9,Motorola,Chegará grátis amanhã,46,https://www.mercadolivre.com.br/smartphone-motorola-moto-g06-256gb-12gb-4gb-ram-8gb-ram-boost-e-camera-50mp-com-ai-bateria-de-5200-mah-tela-69-bege/p/MLB55762063#polycard_client=search-desktop&search_layout=grid&position=17&type=product&tracking_id=71f11d13-f061-4452-94e5-7fb5d8d22e2c&wid=MLB5765125576&sid=search,1,1,500-1k,26.25
Smartphone Motorola Edge 60 Pro 5g - 256gb 24gb (12gb Ram+12gb Ram Boost) Tela Quad-curve Moto Ai 50mp Sony Camera Ultrarresistencia Militar Ip68 + Ip69 - Azul,2694,4499.0,4.9,Motorola,Chegará grátis amanhã,40,https://www.mercadolivre.com.br/smartphone-motorola-edge-60-pro-5g-256gb-24gb-12gb-ram12gb-ram-boost-tela-quad-curve-moto-ai-50mp-sony-camera-ultrarresistencia-militar-ip68-ip69-azul/p/MLB49085450#polycard_client=search-desktop&search_layout=grid&position=18&type=product&tracking_id=71f11d13-f061-4452-94e5-7fb5d8d22e2c&wid=MLB5382324466&sid=search,1,1,2k-5k,24.45
Smartphone Samsung Galaxy A36 5G 256GB 8GB RAM,1521,3299.0,4.9,Samsung,Chegará grátis amanhã,54,https://www.mercadolivre.com.br/smartphone-samsung-galaxy-a36-5g-256gb-8gb-ram/p/MLB47111905#polycard_client=search-desktop&search_layout=grid&position=19&type=product&tracking_id=71f11d13-f061-4452-94e5-7fb5d8d22e2c&wid=MLB5317478858&sid=search,1,1,1k-2k,28.65
"Celular Samsung Galaxy A17 5g Com Ia, 256gb, 8gb Ram, Câm De 50mp, Tela De 6.7 , Nfc, Ip54 - Preto",1576,1899.0,4.9,Samsung,Chegará grátis amanhã,17,https://www.mercadolivre.com.br/celular-samsung-galaxy-a17-5g-com-ia-256gb-8gb-ram-cm-de-50mp-tela-de-67-nfc-ip54-preto/p/MLB54961455#polycard_client=search-desktop&search_layout=grid&position=20&type=product&tracking_id=71f11d13-f061-4452-94e5-7fb5d8d22e2c&wid=MLB6574985998&sid=search,1,1,1k-2k,17.55
Celular Smartphone Realme C73 256gb 8gb Ram Dual Sim 120hz 6000mAh Violeta,1149,1999.0,4.8,Webfones,Chegará grátis amanhã,43,https://www.mercadolivre.com.br/celular-smartphone-realme-c73-256gb-8gb-ram-dual-sim-120hz-6000mah-violeta/p/MLB62258511#polycard_client=search-desktop&search_layout=grid&position=21&type=product&tracking_id=71f11d13-f061-4452-94e5-7fb5d8d22e2c&wid=MLB4334411855&sid=search,1,1,1k-2k,25.3
"Celular Samsung Galaxy A26 5g 256gb, 8gb Ram, Câmera De 50mp, Ip67, Tela Super Amoled 6.7 , Nfc - Preto",1405,2167.0,4.8,123 Comprou,Chegará grátis amanhã,35,https://www.mercadolivre.com.br/celular-samsung-galaxy-a26-5g-256gb-8gb-ram-cmera-de-50mp-ip67-tela-super-amoled-67-nfc-preto/p/MLB47424244#polycard_client=search-desktop&search_layout=grid&position=22&type=product&tracking_id=71f11d13-f061-4452-94e5-7fb5d8d22e2c&wid=MLB5474927460&sid=search,1,1,1k-2k,22.9
"Celular Samsung Galaxy A17 Com Ia, 128gb, 4gb Ram, Câm De 50mp, Tela De 6.7 , Nfc, Ip54 - Preto",899,1499.0,4.9,Samsung,Chegará grátis amanhã,40,https://www.mercadolivre.com.br/celular-samsung-galaxy-a17-com-ia-128gb-4gb-ram-cm-de-50mp-tela-de-67-nfc-ip54-preto/p/MLB54987753#polycard_client=search-desktop&search_layout=grid&position=23&type=product&tracking_id=71f11d13-f061-4452-94e5-7fb5d8d22e2c&wid=MLB4217306791&sid=search,1,1,500-1k,24.45
"Celular Samsung Galaxy S25 Fe 5g, 128gb, 8gb Ram, Câmera Tripla De 50+12+8, Tela Grande De 6.7 Jetblack",2868,4499.0,4.9,Samsung,Chegará grátis amanhã,36,https://www.mercadolivre.com.br/celular-samsung-galaxy-s25-fe-5g-128gb-8gb-ram-cmera-tripla-de-50128-tela-grande-de-67-jetblack/p/MLB61692896#polycard_client=search-desktop&search_layout=grid&position=24&type=product&tracking_id=71f11d13-f061-4452-94e5-7fb5d8d22e2c&wid=MLB6087231690&sid=search,1,1,2k-5k,23.25
"Smartphone Motorola Moto G17 4g - 256gb 12gb (4gb Ram + 8gb Ram Boost) Camera 50mp Sony Lytia 600, Tela Fhd+ 60hz, Bateria 5200 Mah - Rosa",1078,1749.0,4.9,Motorola,Chegará grátis amanhã,38,https://click1.mercadolivre.com.br/mclics/clicks/external/MLB/count?a=p1AwwIkYFecCMrfnHpQgniCLWkbq8VYXCoXJHc0QDF5LsFPSzCofl%2BgtFQxGp3EKHIILZWeglC0b65wD24jYY3Evpkg9LcchTDXBmLaAmYM6O%2F8wK5KoYuehNpUNrMzTs3mlbA%2FTveXATWMvWl9lC0S2AdjPbWyp6lZIS5C%2B%2BsRTAQBA2AAgG0oqputUA29Vnke3yxYitZ1QtbM3C%2BX2sRwUdI8rzogcmNTjJcRrFkljwcbAf6VP9yphAXqRKY8S1jh%2FFX%2BnIbw%2FyCCa2n5U7kGmPuF%2FO8lML3v0E9LezNVqaLZZUWX3%2BIt7jB16dkSFuM0PAU56DDf49pBctLA6Z4roY%2FYFcP6gLU23Yvct6Z1jo545iJOxnRSatLyQ%2F626bQSeFu3AQ%2BTeTIZHskrIb34GU63ejhhuL5ThEVKHBJkbKOyJpn31JBNHwGIrP9oGNHisbARr2ip62%2FFettGtZfJjJnCcLn%2FzFn%2Bdan%2FD0p3FN197O6xQ6eWHXsO3EoMxLgtUf6v1RqpTcYuBc3eOWTsFtrDWMdOUZ4aVHe7aXlIF33lbqcMKZdFvePnW2mEtOXtDOPqPpeBItZ%2FW%2BVnS%2FVkUmB83py3P0sxiRyT%2BWCAKmTl8v44%2BjemhO01T9W7PDoZPLI7a%2FjgiUTDE%2FovApwyS2Wf5lmhBUBIa9wNDz4pKvzqpbkWkTxucx%2B%2FJE8W8ww4zEyMrqBmR6f0Oq4wiTS3xG%2FV9S2UTabr7g1bnFfO4Jy4DKcFe%2FDIf0a3ua%2BSWw%2FI4B2LDZVdWAlIRFsVUyBicD%2BCZsNZ4s3L4vLTA0%2BNYOs7rZhSW0h1yMHF4ftfkp62oOgneSkj6LxX893jT9rfcvu05%2FmGNiFocOOT8c5RPuwxwjd%2BpuB%2BfN5gg5228tu0HFa68Z4oh1xYnJ0Rfzhjf6J1e41Y8yJ7O0GXI8xHRjHeonpXO6PvRfjT5XTcPtGvyrR3h50ap4fVUaiSW9N4aGuoPxuEVRwP2c12ifASdYbJc2DVMJSRxxKopT49NvtZEP66QgCfurAWLNbkT4tgtfA%2BPWQ%3D%3D#polycard_client=search-desktop&is_advertising=true&searchVariation=MLB65041664&backend_model=search-backend&search_layout=grid&position=25&type=pad&tracking_id=71f11d13-f061-4452-94e5-7fb5d8d22e2c&wid=MLB4510840013&sid=search,1,1,1k-2k,23.85
Moto G15 Dual Sim 4gb Ram 128gb Azul Marino,699,1099.0,4.8,Motorola,Frete grátis,36,https://click1.mercadolivre.com.br/mclics/clicks/external/MLB/count?a=VSUBITH3c70aAkeuFC3otWwyDENkLTpMqX9IdpbcD4SN0vXRl0z%2FIorG57ujL0wLZ5WgQmwBX%2BLhhZQ6gCvxi9OX1kGxMWbGAfexj32dFMnBQHNgLwpjLO20F7KDkIwom2uMHC68PsXLEGpejfqYTvwtIS9d%2B7Wm1S2h%2FKUAklyA5xb4bVZdG7h94IqUbc%2BSI252FNdCG9DiK94r0E7zs0xtdpV8OsNSmJiKik4dIQpMGokuD3Ct2SAzWt5Kq5Iglhq%2FrmPY2n8byIdk9eSYPzVO6pHSmYE%2BwEJGK3Isgx98vMgw3qWkAxPsOwd1GTlNNaUagXAtoC4HwlETHHz4u8KBfC7sHgi0D5KJND%2BbGDjmXDmiCTNBfW1vzH6lGFpvjBA9i%2B8jOQcnSaFLubnlBTYR2rG4R7hDevG%2F3wTc5EgV1S%2Fbhx1aCTy1MzNWC9SxHkok3ZQ7%2FEAS4JvCHT4nWCTBI1%2F4ckCfKGQoEFUogjr9A3mT70mgNZIyzwtRjKdmTCJmOh8TkHXWewAflyqF6JFbwZT6VnwHvbS84nsJilWf1Sn2pE5YTCc8zCQcp8%2FfsCvPswoOd095QfkA3srUwjQOw7mwH7%2Bll0vM%2B5W90UVunnQ%2Fauo6BMu13gOmEJjct36eSCWzomCY1vSUMx5Zi%2BnTgPQS%2BhJXNwcWFOMuXh8q52rFFe0wxvvL1YTsk2X5%2BvHnSxTSx2og6FXcMuQCr7OYPFFvl5AiCaLCF1kAHw6MYBuWNDIVH29pEWupFqO6f2Ss80Y%2BtCXZiG%2FPdHN0yTD8CyowkCy4rXlsNYRyZwKlncFTXEo5DpJnISEZFh9%2F1%2FnNGqX5cYxdvJI9bkXeHm8s10QMCItgBejeJp7yWTInabpjgMsGhJ95AhGH0xlFgFf%2FzFMgbQj53pjNfThxeqbBioUE1DWfxov2LW%2B2ZuqzoQ%3D%3D#polycard_client=search-desktop&is_advertising=true&searchVariation=MLB46056608&backend_model=search-backend&search_layout=grid&position=26&type=pad&tracking_id=71f11d13-f061-4452-94e5-7fb5d8d22e2c&wid=MLB3975530813&sid=search,1,1,500-1k,23.2
"Smartphone Motorola Signature 5g - 512gb 24gb (12gb Ram + 12gb Ram Boost), 3 Cameras 50mp Sony Lytia E Zoom 100x, Tela 1.5k Extreme Amoled 165hz - Preto",7649,8999.0,4.8,Motorola,Chegará grátis amanhã,15,https://click1.mercadolivre.com.br/mclics/clicks/external/MLB/count?a=4iunA%2Bg730vd%2BhMOPQdWIKlFQnPoNYhUWO0Kb3roXnVXNdC8tmCxMWBriQFh2l%2Bv0J0lOO1rXtvNB0R2FXbg9icfWbgG3JdFsLn2Aed55%2BysWZwOpgtNZdK5Xpufimb%2BEacGBZnT5LwgoqX0LvTtQ9HJtYWSz9%2BG3ZP7tr%2F17XKpXxADpQHAqPFs%2B%2BfpXtUxRPGLFZ8%2BvIqqTYL5%2BuRi%2BO3sdH3ZaBqKtSZm0CCcf2wgOT85DWj07%2FfKuof5OQnU5a9VVzklX1RNUghtQJOGQp3KyhjY%2BdlqZJn0oNck%2FuV8imjrfe4HPm5gkUKFqoOmYFGwH5Sz1bzXhRoVnHqfQ5HMx0pt9k9iVfHdS9FTFaRyzfKUBuZe6sAaw6WbX4mAm90E5Aiq%2Fnp9Poc7K1aFyCv%2FpLpVjz0F2SQieBn8Z4YGr76%2FXhxUaLE7JfybJNg%2F%2BmDeMi4Ly654ZGORAi3D5miWJunxogrwsRXx6PbSYUiwGOuLUgE44IXl74lN%2Budu625I5Da%2FuGXA2Q7hhi05n%2B2yafZp4AuiR1xgFt8vmkkPLHFKoC4pOEvAEiI9CmCb4DcdyLy6S5PkdVKi1rxq3D8yTXmpK1JwSmTBBwQNXvoi6ZpP4ybn4hWFF5JWft2%2FKYRkQG8YzTqC%2FU7CFCtBs1MwFqLXm2NgsOkNWDAQYZZf0DLsONrn65X7BWg1gxgSnNtUHHIgcDke%2FZr%2F0TimCNHcqzt1kAu2Hs9mrxb3C6gLvw%2BRK2a9b3Z5mGGcnSBoMrzgpHoEqTH4C6pKkSwrFvUwd%2BFPLLZfCEyHZXfZ3RTBS8wt8%2BlxvYgNkS8pRbA8XGvTbbcVrKQdmRl1r2iWvucK%2FNmf0RJH38rAO5b6EU%2FfBzF0YA3L91g%2BJpPXMgNQuEsLXIlBEBEXK64r0sWIR5lP%2BcLpb8VhDrWYhk2s9R%2BpZlVsQPiTI91Xicjx5YV0hk%2B87QoAXXkLj3wNOCh2h1U4Pqf1DHHQ4UVmzZzbbCJbr442%2BUY9UH%2Bey8HNTVaiZT9nvZcT4ZopgmjYGGp9S4enh8RPhkH%2FJXO0uItOpOs1fqTq#polycard_client=search-desktop&is_advertising=true&searchVariation=MLB65938141&backend_model=search-backend&search_layout=grid&position=27&type=pad&tracking_id=71f11d13-f061-4452-94e5-7fb5d8d22e2c&wid=MLB6373850588&sid=search,1,1,5k-10k,16.9
Smartphone Motorola Edge 60 Fusion 5g - 256gb 16gb (8gb Ram+8gb Ram Boost) 50mp Sony Ai Camera Ip68 Nfc - Rosa,1939,3299.0,4.9,Motorola,Chegará grátis amanhã,41,https://click1.mercadolivre.com.br/mclics/clicks/external/MLB/count?a=067bZ12trEyShBSU0SEZ%2BxQAmAm2bRHeyxfBf2%2BzQ6yjom90P6Ie%2Fjj4NCtOLNE6yQuGMZGRosS49Op%2B7tCrrT%2BTL%2FwEXhbYJcVLEjyfpAtjAYZGpMfwBadIiCoEUL%2FnlrsrD%2FKpczSHQwJ2QPkRcx707GNZ%2FeWkjWopNwpSjI1nWi9b4MfKX6V2EkvqXn52%2BKijxvUP0q4mkCho9KruAzHpeYxsT6146b6dclFGgrPQcqLqSk527QiK5C32beRuzcW9RcvHzGJDnBS3FbnLxkkSS0rzGLN3AaLNMr2B10Wl5qfrjFq1h9uAA1jb6cgbbMKgrkaU7CB679ic%2BVa%2Bz81THQ%2FKAI2HUwNr5s4NK%2BnNtwX97wdJG04LCrcIohteIxIAqYyryyJtOTG%2Bx3YLrZhG91Np71KVuDSPRTT0zjjz3%2FVnhq8X1z35PvtZxSb23Ge1d6mge3Mk4%2BCSB8hZrgpLm2Uv20Y7XI6xA4%2BdeoKJNuVrbdOV2uqmpZpalvomrI1vZktT2LrgMfhWogN9ivDfPZKF7xgiaSOjhL3uW2fSUdac3oe3%2FnShU8uWE10XexgHIdH2q9FcgR5DK8BKyg%2BDqmaLn9YSq7Aq0Y87mku6Fveyprm16OxM0%2F2UmRscvyemvTLo0ivYEGx8bgukdOn8%2FAuzt3Db5G1DD0YPGAu5FItlqKcPvZI0bs6tEO2WLE1VUigNnvc79e1JqKuw2wWj7c8y1TNG%2B%2Fcow0mGmK2NpnUR2%2FvEXUnCsoSUa0qn9nJQaEN5F6N3cIy7kQ%2FksQno5JKk63otl8OvHVGqeF5hi9MPhzWdvwESYHrlAEktyaw2ki4dOyPG2r7aZKTyKSL72CJlYKrB0P6jrGeLZECRuaJLRiFwipfObmcKmaDcFH339Z%2Fb%2F%2FwSsWHBEa5CS5eIGRM0uGCpA1pI8euRAfkFb8RnZ9Cn59n66pctcQopQNH8U2%2BWpPwY9xWU5K1AWOLBGDmcpnA5uOOpXgu10bPiVclOvtVcZ2zn3TD7#polycard_client=search-desktop&is_advertising=true&searchVariation=MLB47251829&backend_model=search-backend&search_layout=grid&position=28&type=pad&tracking_id=71f11d13-f061-4452-94e5-7fb5d8d22e2c&wid=MLB4027318137&sid=search,1,1,1k-2k,24.75
Smartphone Motorola Moto G05 256gb 4gb Ram Camera 50mp Vermelho,699,1199.0,4.9,Motorola,Chegará grátis amanhã,42,https://www.mercadolivre.com.br/smartphone-motorola-moto-g05-256gb-4gb-ram-camera-50mp-vermelho/p/MLB58493174#polycard_client=search-desktop&search_layout=grid&position=29&type=product&tracking_id=71f11d13-f061-4452-94e5-7fb5d8d22e2c&wid=MLB5774641722&sid=search,1,1,500-1k,25.05
iPhone 16e (128 GB) - Preto - Distribuidor Autorizado,3699,5799.0,4.9,Apple,Chegará grátis amanhã,36,https://www.mercadolivre.com.br/iphone-16e-128-gb-preto-distribuidor-autorizado/p/MLB1046215784#polycard_client=search-desktop&search_layout=grid&position=30&type=product&tracking_id=71f11d13-f061-4452-94e5-7fb5d8d22e2c&wid=MLB3986439067&sid=search,1,1,2k-5k,23.25
Smartphone Motorola Edge 60 Neo 5G - 256GB 24GB (12GB RAM + 12GB Ram Boost) 50MP Sony Camera Moto AI e tela 1.5K Super HD - Latte,1799,3799.0,4.9,Motorola,Chegará grátis amanhã,53,https://www.mercadolivre.com.br/smartphone-motorola-edge-60-neo-5g-256gb-24gb-12gb-ram-12gb-ram-boost-50mp-sony-camera-moto-ai-e-tela-15k-super-hd-latte/p/MLB58684606#polycard_client=search-desktop&search_layout=grid&position=31&type=product&tracking_id=71f11d13-f061-4452-94e5-7fb5d8d22e2c&wid=MLB4265763257&sid=search,1,1,1k-2k,28.349999999999998
"Samsung Galaxy S25 5G, 256GB, 12GB, Câmera Tripla - Azul claro",3898,5999.0,4.9,Samsung,Chegará grátis amanhã,35,https://www.mercadolivre.com.br/samsung-galaxy-s25-5g-256gb-12gb-cmera-tripla-azul-claro/p/MLB45513356#polycard_client=search-desktop&search_layout=grid&position=32&type=product&tracking_id=71f11d13-f061-4452-94e5-7fb5d8d22e2c&wid=MLB5264376996&sid=search,1,1,2k-5k,22.95
"Smartphone Motorola Moto G86 5g - 256gb 24gb (8gb Ram+16gb Ram Boost) Tela 1.5k Poled, 50mp Sony Camera Ois Moto Ai, Videos Em 4k, Ip68 + Ip69 - Vermelho",1792,2399.0,4.9,Motorola,Chegará grátis amanhã,25,https://www.mercadolivre.com.br/smartphone-motorola-moto-g86-5g-256gb-24gb-8gb-ram16gb-ram-boost-tela-15k-poled-50mp-sony-camera-ois-moto-ai-videos-em-4k-ip68-ip69-vermelho/p/MLB51340616#polycard_client=search-desktop&search_layout=grid&position=33&type=product&tracking_id=71f11d13-f061-4452-94e5-7fb5d8d22e2c&wid=MLB5462013472&sid=search,1,1,1k-2k,19.95
"Smartphone Infinix Note 50X 5G 8GB RAM 256GB De Armazenamento Tela 6,78"" Polegadas HD+ 120HZ Câmera 50MP + Selfie 8MP Bateria 5200mah NFC, DTS Áudio - Cor Cinza",1349,2267.0,4.8,123 Comprou,Chegará grátis amanhã,40,https://www.mercadolivre.com.br/smartphone-infinix-note-50x-5g-8gb-ram-256gb-de-armazenamento-tela-678-polegadas-hd-120hz-cmera-50mp-selfie-8mp-bateria-5200mah-nfc-dts-audio-cor-cinza/p/MLB61656785#polycard_client=search-desktop&search_layout=grid&position=34&type=product&tracking_id=71f11d13-f061-4452-94e5-7fb5d8d22e2c&wid=MLB5957442486&sid=search,1,1,1k-2k,24.4
Smartphone Motorola Edge 60 5g - 512gb 24gb (12gb Ram+12gb Ram Boost) Tela Quad-curve Moto Ai 50mp Sony Camera Ultrarresistencia Militar Ip68 + Ip69 - Azul Marinho,2099,2799.0,4.9,Motorola,Não informado,25,https://www.mercadolivre.com.br/smartphone-motorola-edge-60-5g-512gb-24gb-12gb-ram12gb-ram-boost-tela-quad-curve-moto-ai-50mp-sony-camera-ultrarresistencia-militar-ip68-ip69-azul-marinho/p/MLB48930800#polycard_client=search-desktop&search_layout=grid&position=35&type=product&tracking_id=71f11d13-f061-4452-94e5-7fb5d8d22e2c&wid=MLB5363845340&sid=search,1,0,2k-5k,9.95
Smartphone Motorola Moto G35 5g 256gb 12gb Ram Boost Coral,945,2000.0,4.8,Desconhecida,Não informado,53,https://www.mercadolivre.com.br/smartphone-motorola-moto-g35-5g-256gb-12gb-ram-boost-coral/p/MLB63092926#polycard_client=search-desktop&search_layout=grid&position=36&type=product&tracking_id=71f11d13-f061-4452-94e5-7fb5d8d22e2c&wid=MLB6228408744&sid=search,1,0,500-1k,18.299999999999997
Smartphone Motorola Moto G56 5g - 256gb 16gb (8gb Ram+8gb Ram Boost) Camera 50mp Sony Lytia 600 Ultrarresistencia Militar e Ip68 + Ip69 - Cinza,1598,1999.0,4.9,Motorola,Chegará grátis amanhã,20,https://www.mercadolivre.com.br/smartphone-motorola-moto-g56-5g-256gb-16gb-8gb-ram8gb-ram-boost-camera-50mp-sony-lytia-600-ultrarresistencia-militar-e-ip68-ip69-cinza/p/MLB50301060#polycard_client=search-desktop&search_layout=grid&position=37&type=product&tracking_id=71f11d13-f061-4452-94e5-7fb5d8d22e2c&wid=MLB5402372302&sid=search,1,1,1k-2k,18.45
Apple iPhone 16 (256 GB) - Preto - Distribuidor Autorizado,5205,9538.0,4.9,Apple,Chegará grátis amanhã,45,https://www.mercadolivre.com.br/apple-iphone-16-256-gb-preto-distribuidor-autorizado/p/MLB1040287796#polycard_client=search-desktop&search_layout=grid&position=38&type=product&tracking_id=71f11d13-f061-4452-94e5-7fb5d8d22e2c&wid=MLB3931272075&sid=search,1,1,5k-10k,25.95
"Smartphone OPPO A6t 128gb, 12gb Ram (4gb + 8gb Virtual Ram), Bateria Gigante de 6500mAh, Processador Snapdragon, Tela 120Hz, AI Câmera, IP64 - Violeta",899,1299.0,4.9,Oppo,Chegará grátis amanhã,31,https://www.mercadolivre.com.br/smartphone-oppo-a6t-128gb-12gb-ram-4gb-8gb-virtual-ram-bateria-gigante-de-6500mah-processador-snapdragon-tela-120hz-ai-cmera-ip64-violeta/p/MLB66130734#polycard_client=search-desktop&search_layout=grid&position=39&type=product&tracking_id=71f11d13-f061-4452-94e5-7fb5d8d22e2c&wid=MLB4573343865&sid=search,1,1,500-1k,21.75
"Smartphone Xiaomi Redmi 15 8gb 256gb Tela 6,9 144hz, Bateria 7.000 Mah, 50 Mp Preto",1390,1390.0,4.8,Desconhecida,Chegará grátis amanhã,0,https://www.mercadolivre.com.br/smartphone-xiaomi-redmi-15-8gb-256gb-tela-69-144hz-bateria-7000-mah-50-mp-preto/p/MLB61511995#polycard_client=search-desktop&search_layout=grid&position=40&type=product&tracking_id=71f11d13-f061-4452-94e5-7fb5d8d22e2c&wid=MLB4390450235&sid=search,0,1,1k-2k,12.4
Celular Samsung Galaxy A56 5g 128gb 8gb Ram Rosa,1998,3299.0,4.9,Samsung,Chegará grátis amanhã,39,https://www.mercadolivre.com.br/celular-samsung-galaxy-a56-5g-128gb-8gb-ram-rosa/p/MLB47106876#polycard_client=search-desktop&search_layout=grid&position=41&type=product&tracking_id=71f11d13-f061-4452-94e5-7fb5d8d22e2c&wid=MLB4561879339&sid=search,1,1,1k-2k,24.15
Apple iPhone 15 (128 GB) - Azul - Distribuidor Autorizado,4499,7209.0,4.9,Apple,Chegará grátis amanhã,38,https://www.mercadolivre.com.br/apple-iphone-15-128-gb-azul-distribuidor-autorizado/p/MLB1027172667#polycard_client=search-desktop&search_layout=grid&position=42&type=product&tracking_id=71f11d13-f061-4452-94e5-7fb5d8d22e2c&wid=MLB4408547152&sid=search,1,1,2k-5k,23.85
iPhone 17 Pro 256GB - Azul-profundo - Distribuidor Autorizado,9899,11499.0,4.9,Apple,Chegará grátis amanhã,14,https://www.mercadolivre.com.br/iphone-17-pro-256gb-azul-profundo-distribuidor-autorizado/p/MLB1055308781#polycard_client=search-desktop&search_layout=grid&position=43&type=product&tracking_id=71f11d13-f061-4452-94e5-7fb5d8d22e2c&wid=MLB5687335472&sid=search,1,1,5k-10k,16.65
iPhone 17 256 GB - Sálvia - Distribuidor Autorizado,6297,7999.0,4.9,Apple,Chegará grátis amanhã,21,https://www.mercadolivre.com.br/iphone-17-256gb-salvia-distribuidor-autorizado/p/MLB1055308843#polycard_client=search-desktop&search_layout=grid&position=44&type=product&tracking_id=71f11d13-f061-4452-94e5-7fb5d8d22e2c&wid=MLB6545162768&sid=search,1,1,5k-10k,18.75
Apple iPhone 16 (128 GB) - Preto - Distribuidor Autorizado,4986,7799.0,4.9,Apple,Chegará grátis amanhã,36,https://www.mercadolivre.com.br/apple-iphone-16-128-gb-preto-distribuidor-autorizado/p/MLB1040287808#polycard_client=search-desktop&search_layout=grid&position=45&type=product&tracking_id=71f11d13-f061-4452-94e5-7fb5d8d22e2c&wid=MLB5120546360&sid=search,1,1,2k-5k,23.25
Smartphone Motorola Edge 60 Pro 5g - 512gb 24gb (12gb Ram+12gb Ram Boost) Tela Quad-curve Moto Ai 50mp Sony Camera Ultrarresistencia Militar Ip68 + Ip69 - Cinza,3059,5499.0,4.9,Motorola,Chegará grátis amanhã,44,https://www.mercadolivre.com.br/smartphone-motorola-edge-60-pro-5g-512gb-24gb-12gb-ram12gb-ram-boost-tela-quad-curve-moto-ai-50mp-sony-camera-ultrarresistencia-militar-ip68-ip69-cinza/p/MLB48998798#polycard_client=search-desktop&search_layout=grid&position=46&type=product&tracking_id=71f11d13-f061-4452-94e5-7fb5d8d22e2c&wid=MLB5389690592&sid=search,1,1,2k-5k,25.65
"Tcl Smartphone 605 4g, Octa Core, 128gb 12gb Ram (4+8), 6.7 Hd+ 90hz, Nfc, Dual Sim, 50mp",649,799.0,4.7,Mercado Livre,Chegará grátis amanhã,19,https://www.mercadolivre.com.br/tcl-smartphone-605-4g-octa-core-128gb-12gb-ram-48-67-hd-90hz-nfc-dual-sim-50mp/p/MLB53155051#polycard_client=search-desktop&search_layout=grid&position=47&type=product&tracking_id=71f11d13-f061-4452-94e5-7fb5d8d22e2c&wid=MLB6161225994&sid=search,1,1,500-1k,18.05
Apple iPhone 15 (256 GB) - Preto - Distribuidor Autorizado,4751,8095.0,4.9,Apple,Chegará grátis amanhã,41,https://www.mercadolivre.com.br/apple-iphone-15-256-gb-preto-distribuidor-autorizado/p/MLB1027172669#polycard_client=search-desktop&search_layout=grid&position=48&type=product&tracking_id=71f11d13-f061-4452-94e5-7fb5d8d22e2c&wid=MLB3621184765&sid=search,1,1,2k-5k,24.75
Smartphone Motorola Edge 60 Fusion 5g - 256gb 16gb (8gb Ram+8gb Ram Boost) 50mp Sony Ai Camera Ip68 Nfc - Rosa,1939,3299.0,4.9,Motorola,Chegará grátis amanhã,41,https://www.mercadolivre.com.br/smartphone-motorola-edge-60-fusion-5g-256gb-16gb-8gb-ram8gb-ram-boost-50mp-sony-ai-camera-ip68-nfc-rosa/p/MLB47251829#polycard_client=search-desktop&search_layout=grid&position=49&type=product&tracking_id=71f11d13-f061-4452-94e5-7fb5d8d22e2c&wid=MLB4027318137&sid=search,1,1,1k-2k,24.75
Smartphone Motorola Moto G15 256gb 12gb 4GB RAM 8GB RAM Boost Camera 50mp Verde,899,1499.0,4.8,Motorola,Chegará grátis amanhã,40,https://www.mercadolivre.com.br/smartphone-motorola-moto-g15-256gb-12gb-4gb-ram-8gb-ram-boost-camera-50mp-verde/p/MLB44665542#polycard_client=search-desktop&search_layout=grid&position=50&type=product&tracking_id=71f11d13-f061-4452-94e5-7fb5d8d22e2c&wid=MLB5237351728&sid=search,1,1,500-1k,24.4
iPhone 17 Pro 512GB - Azul-profundo - Distribuidor Autorizado,11699,12999.0,4.9,Apple,Chegará grátis amanhã,10,https://www.mercadolivre.com.br/iphone-17-pro-512gb-azul-profundo-distribuidor-autorizado/p/MLB1055308802#polycard_client=search-desktop&search_layout=grid&position=51&type=product&tracking_id=71f11d13-f061-4452-94e5-7fb5d8d22e2c&wid=MLB4200188179&sid=search,1,1,10k+,15.45
"Smartphone Motorola Signature 5g - 512gb 24gb (12gb Ram + 12gb Ram Boost), 3 Cameras 50mp Sony Lytia E Zoom 100x, Tela 1.5k Extreme Amoled 165hz - Preto",7649,8999.0,4.8,Motorola,Chegará grátis amanhã,15,https://www.mercadolivre.com.br/smartphone-motorola-signature-5g-512gb-24gb-12gb-ram-12gb-ram-boost-3-cameras-50mp-sony-lytia-e-zoom-100x-tela-15k-extreme-amoled-165hz-preto/p/MLB65938141#polycard_client=search-desktop&search_layout=grid&position=52&type=product&tracking_id=71f11d13-f061-4452-94e5-7fb5d8d22e2c&wid=MLB6373850588&sid=search,1,1,5k-10k,16.9
"Smartphone Motorola Moto G17 4g - 256gb 12gb (4gb Ram + 8gb Ram Boost) Camera 50mp Sony Lytia 600, Tela Fhd+ 60hz, Bateria 5200 Mah - Rosa",1078,1749.0,4.9,Motorola,Chegará grátis amanhã,38,https://www.mercadolivre.com.br/smartphone-motorola-moto-g17-4g-256gb-12gb-4gb-ram-8gb-ram-boost-camera-50mp-sony-lytia-600-tela-fhd-60hz-bateria-5200-mah-rosa/p/MLB65041664#polycard_client=search-desktop&search_layout=grid&position=53&type=product&tracking_id=71f11d13-f061-4452-94e5-7fb5d8d22e2c&wid=MLB4510840013&sid=search,1,1,1k-2k,23.85
Smartphone Oppo A6 Pro 256gb 8gb Ram 5g Ip69 Azul Espacial,2999,3199.0,4.9,Oppo,Chegará grátis amanhã,6,https://www.mercadolivre.com.br/smartphone-oppo-a6-pro-256gb-8gb-ram-5g-ip69-azul-espacial/p/MLB66177449#polycard_client=search-desktop&search_layout=grid&position=54&type=product&tracking_id=71f11d13-f061-4452-94e5-7fb5d8d22e2c&wid=MLB4536941689&sid=search,1,1,2k-5k,14.25
iPhone 17e 256GB Preto - Distribuidor Autorizado,5219,5799.0,4.9,Apple,Chegará grátis amanhã,10,https://www.mercadolivre.com.br/iphone-17e-256gb-preto-distribuidor-autorizado/p/MLB1066130044#polycard_client=search-desktop&search_layout=grid&position=55&type=product&tracking_id=71f11d13-f061-4452-94e5-7fb5d8d22e2c&wid=MLB6402322328&sid=search,1,1,5k-10k,15.45
Smartphone Samsung Galaxy A56 5g 6.7 Pol Octa-core 256gb 8gb,1998,3699.0,4.9,Samsung,Chegará grátis amanhã,46,https://www.mercadolivre.com.br/smartphone-samsung-galaxy-a56-5g-67-pol-octa-core-256gb-8gb/p/MLB65302568#polycard_client=search-desktop&search_layout=grid&position=56&type=product&tracking_id=71f11d13-f061-4452-94e5-7fb5d8d22e2c&wid=MLB4609819131&sid=search,1,1,1k-2k,26.25
"Smartphone Motorola Moto G17 4g - 128gb 12gb (4gb Ram + 8gb Ram Boost) Camera 50mp Sony Lytia 600, Tela Fhd+ 60hz, Bateria 5200 Mah - Azul",899,1299.0,4.9,Motorola,Chegará grátis amanhã,31,https://www.mercadolivre.com.br/smartphone-motorola-moto-g17-4g-128gb-12gb-4gb-ram-8gb-ram-boost-camera-50mp-sony-lytia-600-tela-fhd-60hz-bateria-5200-mah-azul/p/MLB65041642#polycard_client=search-desktop&search_layout=grid&position=57&type=product&tracking_id=71f11d13-f061-4452-94e5-7fb5d8d22e2c&wid=MLB6420215012&sid=search,1,1,500-1k,21.75
"Smartphone Infinix Smart 10 4GB RAM 256GB SSD Câmera 8MP + IA, Tela 6.67 HD+ 120Hz, Bateria 5000mAh, Processador T7250, Android 15 Go, Dual Chip - Preto",670,1458.0,4.8,123 Comprou,Chegará grátis amanhã,54,https://www.mercadolivre.com.br/smartphone-infinix-smart-10-4gb-ram-256gb-ssd-cmera-8mp-ia-tela-667-hd-120hz-bateria-5000mah-processador-t7250-android-15-go-dual-chip-preto/p/MLB56327005#polycard_client=search-desktop&search_layout=grid&position=58&type=product&tracking_id=71f11d13-f061-4452-94e5-7fb5d8d22e2c&wid=MLB5751262142&sid=search,1,1,500-1k,28.599999999999998
Kit Samsung: Celular Galaxy A17 256gb 8gb Ram 50mp 6.7 Nfc Ip54 Preto + Galaxy Buds Core Branco,1431,1698.0,4.9,Samsung,Frete grátis,16,https://www.mercadolivre.com.br/kit-samsung-celular-galaxy-a17-256gb-8gb-ram-50mp-67-nfc-ip54-preto--galaxy-buds-core-branco/up/MLBU3605578150#polycard_client=search-desktop&search_layout=grid&position=59&type=product&tracking_id=71f11d13-f061-4452-94e5-7fb5d8d22e2c&wid=MLB5957929002&sid=search,1,1,1k-2k,17.25
Smartphone OPPO A5 256GB 6GB RAM Branco,1169,1499.0,4.8,Oppo,Chegará grátis amanhã,22,https://www.mercadolivre.com.br/smartphone-oppo-a5-256gb-6gb-ram-branco/p/MLB51680761#polycard_client=search-desktop&search_layout=grid&position=60&type=product&tracking_id=71f11d13-f061-4452-94e5-7fb5d8d22e2c&wid=MLB5745515116&sid=search,1,1,1k-2k,19.0
"Smartphone Motorola Moto G17 4g - 256gb 12gb (4gb Ram + 8gb Ram Boost) Camera 50mp Sony Lytia 600, Tela Fhd+ 60hz, Bateria 5200 Mah - Rosa",1078,1749.0,4.9,Motorola,Chegará grátis amanhã,38,https://click1.mercadolivre.com.br/mclics/clicks/external/MLB/count?a=S7edt%2B2Cp7K%2FhUUSNQihKO7DC2%2FK2Xx8rkzFEgLlwzgEndTlBuklLus8Sq8IybfKeyQgYmKlktiiTom4LmCAHzZcYa8GJ%2B0c2P6z%2BPHJR0jbtXjLNYbTcIGh0QrjkT%2Bdu3dVg1BATVZ65hH0HkrHDQ5iKC2CCnJzJOmtvjnYlL2LH3SUg8PAJRkNKDING4v3A0weIvOyxhmwxRFCAvAw7aCZgj9KzGx9qmlRYoOhHRToheGE%2BPY%2Bhr6YwECduLAIq9ztYZjBzXhOkGIuOs1AIaMWXEvvTHhanchfSuf3Rap9sFHK64glSSQmR%2Fc%2FoOo2P4yNjUyK%2BZ%2FJAxe%2BiNRD3PtEpOmc3KizLuK1EJGWUVd05mjUlxd4EdvImiVRbje0BWh2GJ3Z27Z4S13n5%2F6tx1mOTmeaHbwoPIqEp05Mp3FaIomfVMRb%2BIoe4lJIrxCz0HM58IWDuST3MtvqXU3uFPMwYAcnxW4p7Np6P%2Fka24v09JUBX62kgi4drYRtMUPQjfg7pO0q%2BO90KFEZ98TWBqPzBwhtahDIj9CV3vQ5m%2Bz8CqR706ve%2BuSMm%2BFSVwuJ5AxjTt4EWL%2FVAXir37PljG3Jdmx97uEiwm0mlkx%2F1diT5Elzrfil8SSaYKG4ANOHhHtNQTjLDZ%2BxPtxUkWvVrcOQRugJeFk7NyWA273qkRNGtITxlIpb%2BxZxoyldy1PRnLH5ThVPS5C30mCXHbB9j%2BjfUfd1oWFybHTK%2Fr9gHZFFRpN%2FmKBTLECevC8lLdfjZX9eFBhNSscQ8vvrbL%2BmR46MaKMGt1UA%2B6jc6UvriV63LCT1VQ10C1LwcTAndahzIxA54QkFU1sibcVAEHYuza6YX7FksPXUukbhCGQncT4pjxxxtxUwcrUn%2BKEtmLb%2FcwG7tFnnQPbNUdhJuVMu01lPyVWdPbpGedHifU3%2Bl5Rk1DZdAoRGgqhsI9w%2BcRgWyiIux5XQ7DjH61OGYXlR8HMY2%2FFS1jMaJlVndoz8aQGCZWTvpleGbc%2BcmHR6BmvkAAxIHwFi2qBCgPiCtdgZU487JBk%3D#polycard_client=search-desktop&is_advertising=true&searchVariation=MLB65041664&backend_model=search-backend&search_layout=grid&position=1&type=pad&tracking_id=2d7ee2c5-be0f-419c-b76a-fc022c27fd92&wid=MLB4510840013&sid=search,1,1,1k-2k,23.85
Smartphone Motorola Moto G06 - 256gb 12gb (4gb Ram + 8gb Ram Boost) E Camera 50mp Com Ai Bateria De 5200 Mah Tela 6.9 - Bege,723,1349.0,4.9,Motorola,Chegará grátis amanhã,46,https://click1.mercadolivre.com.br/mclics/clicks/external/MLB/count?a=jUDJWEFKoDSLLA0nEzbdwpY97VgfETkfxJuG6UXRfx2eNmLLnbFD4odIEjoyN%2BRW4BSPnCHO5CjOm16pzo1yg6YjYbFNTgCodE5QXgp%2F3bIkai4ai8sBPS%2FgRGYTcRFkvFVjxM64TdK03YUEuA945cd%2F5ZKOIto7d0ie6rdJ1lTdaX69RUWCiYCoY0q4Fd0M6a9%2BrZVlFFzvN2uZq0oZTllD8EhkfMyvVe4gpR1wbMJMw%2FmaJB5%2F1RzFBMZAO1K1N5nvV0p8%2Bpt1ztUWF5E%2BMAnX93ZlPaOcwuxJbbihdfl4Ep32NrBmXbSVmelX9AYr1lfcbBJNyA08Tl9V0eZaoeuynaSdUlKhciZcOHnw6uW142YvhmZltaRJpmsiiFboJyCy7B%2BCjRmq3hu90JHnYh3bxk9AOXoWZ3tKw%2Bk2Si7bZkWwn5wEmKK3vT7pPq6%2FxIBOK8NhEvrW5omp8oa7jH%2FqyX592hbzzMgPYctmg5BsKdph3g6PeunWX3o6ceQmTT22IyUTkMgr21Cs0jK%2BNy2k4f9Q2GvyjXWQFiJPViInOH%2BAYA6jZQB8W7NlDSZ3uFk1MB2rHnxRRhyYHF5yAopJPSExwTK47YMnB%2BufdAEfqbcBQGxfi6R1LmIOyqWdOBz%2F7es92Hk4GdYAdHSdEWoxxOeRH3L81BdyNUFkusP5yQ367gSFZfzwl0fDgrpiqGsGucUo5r91TF%2F%2FDe3FmXS%2FsOb%2BPa78LkJ1Lk2OElsK%2BR9xWVzjB%2F5w7g%2F%2B3m96PuMD6%2BHLL%2FByPmBlOxurYettqfTRe6PWJt3Obpi4CKmRgvdszEldzz4iL17tAhWTbuzUxTBtMz0WelSQIWTeivKWjWGaat1DrKRYslLfAaAHqhCo%2FrwaHzUEBUH9KwR%2F%2FSrEqpRFVTpmUP1%2F1z6g9gtTlgLRBLJckFT68THcjtv0U1eINuVuhbvLdEhykSFRuD6a6dSafUht0673Wx0peh7C5wsu694zHkacA9z4S8E50oc%2FQAskKPx65s30J5tMR2yxUJiRnPTI#polycard_client=search-desktop&is_advertising=true&searchVariation=MLB55762063&backend_model=search-backend&search_layout=grid&position=2&type=pad&tracking_id=2d7ee2c5-be0f-419c-b76a-fc022c27fd92&wid=MLB5765125576&sid=search,1,1,500-1k,26.25
Smartphone Motorola Moto G15 256gb 12gb 4GB RAM 8GB RAM Boost Camera 50mp Verde,899,1499.0,4.8,Motorola,Chegará grátis amanhã,40,https://click1.mercadolivre.com.br/mclics/clicks/external/MLB/count?a=f2Kxvos8GuL7w6PGAugrk7kAZsARReBaij6bUmbjC7dNiLMXX4MUbkwQdv%2B3PTb7LcZSl7ZooglSy7NvqyXeqHTcj6cu6TupvWgx4OFbnBSN1qDlWqSNlZYOvmx%2Bf6c3WIOt8L0V%2F7Oobk9PYzrDih6Fzpp1qQ6d5hd3tdXokt%2BcNSXzoQIyC8WteTmaRqPJVW91jG3BchWPetCbJPAywZv9y4KRdtKpS%2FskDG8MuXSTeMFOx5T8htoU8FCtiIM%2BFIeCCOJMVGCnNI0nL9LpzINHdB2VuFbmvo6UeFvnNeUgBVTh3H7m9z24KQ6eRqGU3XvBpJog2ypEzCSgNBML36EGbgKUR8VReD5JQgYIoWb%2FeMEh7lpOkr%2BXd9TojgaXCl72VesiW2rgjQfNqmykv2eeIlWWgJra06Lzj5jbkAN4HuF7YU6UKWpBowIv8Kl%2FVnghH4QcB%2BtaL7ck2FHMuee29fGV1q4jsn69zSf6egS2C%2F5vdgVihSmIbT%2Fq7dmlbZTujisvUocPmDLLdr0JybB0TQlFHXVBs%2BNpASed%2Bcf4%2FFXhxEhDeVTiH5Jk2vY5hekv03g%2FajJ0uVT2GDzDn8OWq%2FTszsZfcTdvepFzo49dN0C%2FKUi98eMQDxwx5kLqHxN9Y8DRMN6Tb92o6jBaAwSgO5n3LByzuB%2BHkafoYhYKo%2Bv14B03vBdckuBuC5GHhOyxRelQddbGNV0DxbAUDVManidx44xrobMKmZ7bjrjjmJF2d%2BlOLmWhM7cmm%2Frx%2BLtbufVPTH7XFv%2F9Y86LcSOn%2FO%2FQIvRnRKYazfKEzrkOccOIbp2pikg98XCXulvH%2FWP7Ob2cbMyLvoV2FazuwoHJsEOo%2BSDg1RETbgFECpaLpeC%2FgldnMK%2FuxEtaW2FP%2BJ%2FoxQmYfD4Kma0Lk0TzoXPE7E4GeSz%2FbWH2UWFipFh%2B%2FSHDZE%2FAS6b69BFa3MgkJWKBtRF0HL5Y1Y3%2FXutUohQsvQ%3D%3D#polycard_client=search-desktop&is_advertising=true&searchVariation=MLB44665542&backend_model=search-backend&search_layout=grid&position=3&type=pad&tracking_id=2d7ee2c5-be0f-419c-b76a-fc022c27fd92&wid=MLB5237351728&sid=search,1,1,500-1k,24.4
"Smartphone Motorola Moto G86 5g - 256gb 24gb (8gb Ram+16gb Ram Boost) Tela 1.5k Poled, 50mp Sony Camera Ois Moto Ai, Videos Em 4k, Ip68 + Ip69 - Vermelho",1792,2399.0,4.9,Motorola,Chegará grátis amanhã,25,https://click1.mercadolivre.com.br/mclics/clicks/external/MLB/count?a=MGAffoxwRX1sTSoZGF5EYUjFs0J4eD34N7FRA4CVJ%2FgtI4MLSpSbLe5l0OIq8aROVfnZ99ZvA3OhyeiqBdGdkC%2F3SLJqgWQTFKPyG%2F%2FiD1kRu%2FW9nuo%2Fevh74RaDb2dHqQnoiSugKP5N8Pwfm5cUPsDsZA%2FwKIcoYueVcfNsvH3lbURIKrUcnDlM469Af%2B6gLqWLFT9aGaCxMRo943NTlRYBPAUeE%2BcQAjW4%2B7bXISwqgV2s5p7xcs1OPgSOgbcRgXNEa286PCCR62k9mSBrC0Pbioz6DZcyNOs7vSLM2C4b9PeaDTIJSbL2rOJTXcrSrZVtOAR4MG7ZroeZ31J2LmErFFF%2FBvhJBe6LdzjoyDXlH8N5%2F%2FxKq5E0vw7iYjgrqJjySKQUnLOxxRY7FVlJQq9X%2FimDXOZPh4uH%2B6uj%2B%2FkU55V6ZZQyun4WwERr4gru7UzhHcZ%2BhCTGgMXyuIzWgSqGIzAC73ASUs6OEP8OVUr%2FPAM0VF8k0%2Ba1fUc9I5kdwENT0ut7CKQyo7KP6MEhRTkxmxlC1yJpR0dAuv%2BXU9KMgdwKH0e6KX4Y8xB%2BTwS%2FSFw%2FWH8NfrUr1V%2B1jx1LGxh6OvgkQ5DbnRFekQY%2BPXDDvWI2wU2uhTivJymHlkis39RBO9aal%2F%2FkKmiizCtPKXpO6FFU434xbKazQxDSlgnMfNTlrY5xkcu%2FgVa3t2VTqyHQSQpw%2FN5B4xEvXvgA6Z7SHfcvpkcj1cFiPdsHeWhpR4R2HaG2CPVY%2FB1GFvqMLj9OAO8DfCJWGLmigS2ti0SNXPQ%2F5r295B4kTp5FbqLz%2FNROYh9FHgG2RxyPOLqYoJZ7vH22zOhwKp8qB9ECJ9KnM%2BCmstZ16iYjVtOaUpioFbT4m1YJt02MD31cqB8k2T9Y532HJPBkOSyZcNh%2B7JmxwHgIMJj4HJCPrHiTEm329M9an0aZk57KJzduKk4NuJ8kj51ilmqvVGu0lCWFmUGdT5S%2BlEbtaGasG3YjphKDuyqzHJ2INTGa%2FE3lsEXh2kx0yYavMnQ2UzMCaDV%2B2ZB%2FsDhYP6osxgc87fTc5ubTTA%3D%3D#polycard_client=search-desktop&is_advertising=true&searchVariation=MLB51340616&backend_model=search-backend&search_layout=grid&position=4&type=pad&tracking_id=2d7ee2c5-be0f-419c-b76a-fc022c27fd92&wid=MLB5462013472&sid=search,1,1,1k-2k,19.95
Celular Samsung Galaxy A56 5g 256gb 8gb Ram Cinza,1998,3699.0,4.9,Samsung,Chegará grátis amanhã,46,https://www.mercadolivre.com.br/celular-samsung-galaxy-a56-5g-256gb-8gb-ram-cinza/p/MLB47114363#polycard_client=search-desktop&search_layout=grid&position=5&type=product&tracking_id=2d7ee2c5-be0f-419c-b76a-fc022c27fd92&wid=MLB5317821714&sid=search,1,1,1k-2k,26.25
Smartphone Samsung Galaxy A36 5g 128gb 6gb Ram Câmera Tripla De Até 50mp Selfie De 12mp Ip67 Super Amoled 6.7'' Nfc Recursos Ai Android E Segurança Snapdragon - Preto,1430,2815.0,4.9,Webfones,Chegará grátis amanhã,49,https://www.mercadolivre.com.br/smartphone-samsung-galaxy-a36-5g-128gb-6gb-ram-cmera-tripla-de-ate-50mp-selfie-de-12mp-ip67-super-amoled-67-nfc-recursos-ai-android-e-seguranca-snapdragon-preto/p/MLB47115842#polycard_client=search-desktop&search_layout=grid&position=6&type=product&tracking_id=2d7ee2c5-be0f-419c-b76a-fc022c27fd92&wid=MLB6410679768&sid=search,1,1,1k-2k,27.15
Smartphone Motorola Moto G06 - 128gb 12gb (4gb Ram + 8gb Ram Boost) E Camera 50mp Com Ai Bateria De 5200 Mah Tela 6.9,661,999.0,4.9,Desconhecida,Chegará grátis amanhã,34,https://www.mercadolivre.com.br/smartphone-motorola-moto-g06-128gb-12gb-4gb-ram-8gb-ram-boost-e-camera-50mp-com-ai-bateria-de-5200-mah-tela-69/p/MLB61381499#polycard_client=search-desktop&search_layout=grid&position=7&type=product&tracking_id=2d7ee2c5-be0f-419c-b76a-fc022c27fd92&wid=MLB4515672567&sid=search,1,1,500-1k,22.65
"Celular Samsung Galaxy A07 128gb, 4gb, Câmera 50mp, Tela 6.7 , Proteção Ip54, Processador 6nm - Preto",599,899.0,4.9,Samsung,Chegará grátis amanhã,33,https://www.mercadolivre.com.br/celular-samsung-galaxy-a07-128gb-4gb-cmera-50mp-tela-67-proteco-ip54-processador-6nm-preto/p/MLB55034955#polycard_client=search-desktop&search_layout=grid&position=8&type=product&tracking_id=2d7ee2c5-be0f-419c-b76a-fc022c27fd92&wid=MLB5859349564&sid=search,1,1,500-1k,22.35
Samsung Galaxy A06 5g Dual Sim 128gb preto,719,989.0,4.8,Vikings,Chegará grátis amanhã,27,https://www.mercadolivre.com.br/samsung-galaxy-a06-5g-dual-sim-128gb-preto/p/MLB48946861#polycard_client=search-desktop&search_layout=grid&position=9&type=product&tracking_id=2d7ee2c5-be0f-419c-b76a-fc022c27fd92&wid=MLB6433836010&sid=search,1,1,500-1k,20.5
"Celular Samsung Galaxy A17 Com Ia, 256gb, 8gb Ram, Câm De 50mp, Tela De 6.7 , Nfc, Ip54 - Preto",1259,1399.0,4.9,Samsung,Chegará grátis amanhã,10,https://www.mercadolivre.com.br/celular-samsung-galaxy-a17-com-ia-256gb-8gb-ram-cm-de-50mp-tela-de-67-nfc-ip54-preto/p/MLB55254425#polycard_client=search-desktop&search_layout=grid&position=10&type=product&tracking_id=2d7ee2c5-be0f-419c-b76a-fc022c27fd92&wid=MLB4583723537&sid=search,1,1,1k-2k,15.45
"Celular Samsung Galaxy A07 256gb, 8gb, Câmera 50mp, Tela 6.7 , Proteção Ip54, Processador 6nm - Violeta",852,1399.0,4.9,123 Comprou,Chegará grátis amanhã,39,https://www.mercadolivre.com.br/celular-samsung-galaxy-a07-256gb-8gb-cmera-50mp-tela-67-proteco-ip54-processador-6nm-violeta/p/MLB54964804#polycard_client=search-desktop&search_layout=grid&position=11&type=product&tracking_id=2d7ee2c5-be0f-419c-b76a-fc022c27fd92&wid=MLB4277746349&sid=search,1,1,500-1k,24.15
Smartphone Motorola Moto G06 - 256gb 12gb (4gb Ram + 8gb Ram Boost) E Camera 50mp Com Ai Bateria De 5200 Mah Tela 6.9 - Bege,723,1349.0,4.9,Motorola,Chegará grátis amanhã,46,https://www.mercadolivre.com.br/smartphone-motorola-moto-g06-256gb-12gb-4gb-ram-8gb-ram-boost-e-camera-50mp-com-ai-bateria-de-5200-mah-tela-69-bege/p/MLB55762063#polycard_client=search-desktop&search_layout=grid&position=12&type=product&tracking_id=2d7ee2c5-be0f-419c-b76a-fc022c27fd92&wid=MLB5765125576&sid=search,1,1,500-1k,26.25
Smartphone Motorola Moto G05 256gb 4gb Ram Camera 50mp Vermelho,699,1199.0,4.9,Motorola,Chegará grátis amanhã,42,https://click1.mercadolivre.com.br/mclics/clicks/external/MLB/count?a=e3aOzN3JbZuHoV9zmaH5BsDfqrux2s%2BZh1I8YoxQ9zQgVsRTu1oFpMRECZhUNT5LcdXVRvxBbSFy494najvyLLFasU%2Bb7x7Nhmu4ZxlCUGMN%2BXa%2BxbOKGvJAnW39ZFQh81tVxdoz5VUYGDuQ5qjvL3gWi1Ys1SoBmAY3HQIZmKNKx5MliKzWUOAas41W%2B3YETGLccEaxgDM0qd4Z9ksZGtjP%2FzPYAPM3VrxS8rFaKv1uH0btzUtWN0djpr6yrflg7B5xkDRXYHEt0A46twJ24qtxUEN2bdpkwyIHmUPh3LAg9t8s1fkep8JP9XRDzlnmb54rbD3lSsa1lLOYBmqeuBVZbYJsuCCxG9pFFX%2FAcddbUef6BSc1t6ckyyl0DYP7veawXP%2FuQ1dd4t2WRQ6FN2IkpZkRcPAjEeWuom0jg6dIOmrUbKAuBksEgH5QvoHr63aW%2B%2FtLvDofRv1nSYR73tSA5Pn2S9V4vaz6R0VyTlKDHsg6JuRFlHFIV7ZZ80dKJwTghPhWxbfJeZTTqas1s973a9Uj5P8fG1Wz7cl7JnsGchr5ewFObjdUH%2FqKoVuuoo%2BtImnqtPiHDCRd%2FxvkUi97YG%2FE9YUy6s90dY5UixE%2FTHW5Kk87BKwL%2FfOo%2FoJoOIQ2MjcyKw8QZsGDB2OBC266i%2FZvZb4MoL%2BVdfHa8SOclKUWiJlpHWZpxfIlv6bm2iINZ0RwUociQwlcVqvR%2B90I0UxX3659FfVyArZP%2BIdIjzbMBT3L%2B7v3DtGcXE5WO0wesk3Pt4XIcelGBsilSoutHVZVe6bIpUg%2B7ThbQZC7FboSDtfF%2FKlUNqVACEg0nnZXaWko5YX2FxQmcbXkpvnheOiEUQRSItJYbQJFymJet5YMF2PBd95cH7sTttARKC%2BWnVH%2B9hb%2F1usI%2FxHJ%2F1yf9bzh5Oe4kZDch42uIt%2BLsCZ09aSzfCzQJ9bxF2GFICsoH%2B8D#polycard_client=search-desktop&is_advertising=true&searchVariation=MLB58493174&backend_model=search-backend&search_layout=grid&position=13&type=pad&tracking_id=2d7ee2c5-be0f-419c-b76a-fc022c27fd92&wid=MLB5774641722&sid=search,1,1,500-1k,25.05
Smartphone Motorola Moto G56 5g - 256gb 16gb (8gb Ram+8gb Ram Boost) Camera 50mp Sony Lytia 600 Ultrarresistencia Militar e Ip68 + Ip69 - Cinza,1598,1999.0,4.9,Motorola,Chegará grátis amanhã,20,https://click1.mercadolivre.com.br/mclics/clicks/external/MLB/count?a=hICkJy6Tu%2F9%2F7BOL65guyqDgPftkUtzWkUHUoDMIrI0sgLgLFNaUy4xxFL0%2Fqzgxn6DLVandLzpXs60KCc3%2F1nOm7MgOhKQ2UOcQjOXOpKFkZp9iViPA3y%2BSamIoojM2TzKVvzu2%2B2DKSKCPQR%2FIHYq5IX9OqxODuooA3Sm85y6uQCMkZzr3RqElWHBdVljhyduv%2BzPY8DcIa9HiJbrt6rYHWPRZVeSGUqWYPgCj4IaEG5JSrQyE4Aca6O7WkH2vkMAJWOuYi21BXn2s3QF%2BbSmGHLNq%2FRdcuRdqHlEsWTOwaLG1CuIEbN4wJ7tWeT9E6WgU%2FiMF3%2BfO21Dy7IBDNmGfeifR0u4PUmk2josXMD%2FRnT7JgmJLS8Ye6FU%2FQyDobbfqS9G3dBLoksZDNDjJv%2BuigOgPm5aULBgRTz8gO9uRab5n%2FeAv5QYQkXaqYxwcE%2Bk8TCh2LbfpP54e%2FN6193si3QL3z53JLBqLe6jegONz4japnzLIqFASIjSCyBiZDUyYplorbMe2xGa5DQnqZDqRKuU4qBDRZVZZIXKkyuD5SyOrxT8yvvZ6QmPM3UiIyRy%2F6gjXD6X5WgJ6sBzOVz%2FXh0Nxd2pAXzte0H811e3q8n9RXbQO8YGSy0AltwB2SVa5bcf2IrRNw4v2fwlLqfiS6TzhCph4eoT4srDsIa%2FOfrHf58c%2BtckzXBpxdA3xThrfp4ASTCmP68vwLkH4D9HZTYtaNaEGBYPP78sPtpky%2BnlCBKegBGj%2B0wIKQ6314wZk58rezfuIXU0LrNTixzbXUzyBp5Fv5PzeL2fVwZoGQWmKT%2BIKlBBxuryEW8OYHJrITLGmOKX%2BrQoE3n7ap5orcWt3ghqtk1DufGEntArthgOlujsYpA3PG7yxjJX1IkBHRjGHbZ3z1W%2F5%2FJKJfOC83b%2BLpHECkAwiPIOh9g0HJpUdfjadWOiq6ZjtozY0YO9wEaxM1G%2Bg30gqk4%2BHYud%2B7tOPAmP4U5v06Ug%2FR2wuVhAsb%2BXRo2UeVyDOgv7m2mwHfEA6vAnQiP1sLGT4%2FqwrdORK6YWsATFs2FU%3D#polycard_client=search-desktop&is_advertising=true&searchVariation=MLB50301060&backend_model=search-backend&search_layout=grid&position=14&type=pad&tracking_id=2d7ee2c5-be0f-419c-b76a-fc022c27fd92&wid=MLB5402372302&sid=search,1,1,1k-2k,18.45
"Smartphone Motorola Moto G67 5g - 128gb 12gb (4gb Ram + 8gb Ram Boost) Camera 50mp Sony Lytia 600, Tela 1.5k Extreme Amoled 120hz, Ultrarresistente - Chumbo",1529,1899.0,4.8,Motorola,Chegará grátis amanhã,19,https://click1.mercadolivre.com.br/mclics/clicks/external/MLB/count?a=ayXt%2Bq%2FfkF0fliWWulVMst130jZ8bew1BSoh9xRnKZNj1pJhfIYknRIUVLYdd70oaEoxhv91oUxXD%2BJzMmUIqHSKVfGcWGWNrvm55nSPT0cKg0bA2TBKOnw%2BjzPbMjhJV2sPgDEdGAgwP8FJMoeAmrPdEnPcq7xjXmTHEMN9unp58IqY4jGBqAgkHKJfoRlpxL%2BArzq9eNSTxyQH0mGjtN2ToESYJbUf1xD7f5nLob1MAAZ7JRhYrDJYL3ndSN1sp0m%2BJITB88c3vkZuFQTB7tjAISnDoGP2gNAfZn56AXXILgzD1V7hl1esgLm75RPEmY2qCHdvuw7%2Foe7G77ZADsNhLWmQBmfq81RDefJ74DCyxWbL%2F9VSm%2FSnd3Og60q0KAy47AObtdBsqhkvgJT2JDyxT4bG2YsA515K37va0mdl9IgfH1uas2J2adamXROLqzP9jO4FBMjjUQPyaJkzXAO6P4AFYrO0Idl8fwCasfjsVWjXxDETLBWHoK9QklO7IuI4bzzAF0HqCV39GwW4n1VTUqEonSEDifL7NvlUEeLam3NKX70%2FqCgw7WVpklGs45ccYWFYK3hhx90iDxAiCwEsg26ugAqJIZl1cwnyX%2BqrxLIEJt%2F66JIWABuz1P8qKTeukB7nO95o4b6Cbfl6FN27BU%2BMt5e77egD2qzAyCRwr2Sv5s5u0t6unblanRa7cFA1lVpktb0H1%2FwqctV%2FwQ8O%2BpQK1obDAHvTmq%2B1kUH05q%2BZIuQHzcf5VQDGMMYm2Mir4vdhAYJKTyZy0y7Rupqff66SvFVq0zl%2FPWwpiKRVujN64gp%2FHNejzBXQQp84wbr6NUzYf9AdNInqky5uW9LfuKbIsZPbE9vmdskvGLJkki1FyhALYnWHfELd7iaz0YZvVPaJxSO3n11n%2FskCV5R%2FVuIS5jD8QYibN9AYDvIm6JSJ4O7iWx5DSZ1IcOQ5koSf4DmAg4rqpOhLkieoNTSBgaTsdKaqU%2F2MWCT2DGN1%2FVRh10fRwABbfxW0Ifqnx7OP0lRItew2EUz%2Bw7SM1fDbWeJ9Ump99pE9%2FC8bOt%2BA15YthAg%3D#polycard_client=search-desktop&is_advertising=true&searchVariation=MLB65319818&backend_model=search-backend&search_layout=grid&position=15&type=pad&tracking_id=2d7ee2c5-be0f-419c-b76a-fc022c27fd92&wid=MLB6420538026&sid=search,1,1,1k-2k,18.1
"Smartphone Motorola Signature 5g - 512gb 24gb (12gb Ram + 12gb Ram Boost), 3 Cameras 50mp Sony Lytia E Zoom 100x, Tela 1.5k Extreme Amoled 165hz - Preto",7649,8999.0,4.8,Motorola,Chegará grátis amanhã,15,https://click1.mercadolivre.com.br/mclics/clicks/external/MLB/count?a=83BBqNglEgm3PDYIoUydGvfWHQykHJMvhrZpkPA%2BN5TxNelv6v942cGtl%2BO7TElG4FMtDxlFxKi00wzKraD27B%2Fh93f0laP7l3UZvxHX%2F3X8w6PsMmRAjZCTEcnUEM2CEMvGvmXnZjBkxo%2BS%2B6%2F6CBFGTOcYQ6zEHj3XXKiFAvWFInoxEp63Za0xTJsrNQyVgE6JVmm7s8mE2l4sK9YENIjqH64L03D078BfU12%2FJHGqsnyexdqDGd4ZpZ03qxHJEPlmN4flFk93Zv3uuX5S9%2B5OMQddDiP3%2BE3SIyAnifMIhJDAa0W8tZNqNkKKrCBVZEzAH%2BSGnJQRsCzHEKtARmOO6SMk3ewJCOmY%2Bg%2F4zSr9pKt%2F26K4YNWHZCDNSwdcsuL7sOTMrJw2Hw0JFenrh6Pr3H8ugl01vlgwEu4umisyi9c0rd3v1G1GGug46il3DEFyNORZuUnm4zvHKtShSJCyh%2FSOCn0HxGJfIsyJj6MXn9ahonZKkMQ9t9niKTBSFFTO4sz8yIAesuMCXKo8zyyZeKh%2BDFz7%2BjBcMsU%2F%2FUEfdt6EJV54zxpjIovLRz0k60dhxSQksSIS851N2U4jxa2MY8dMliZpdweO7PVxo4KG%2B2a2FCRuHlmQmBvJp2WfUDZzbuyUr%2FFAnwlCIlvC92Vv1gLGJAWVdOm63%2BiuBDkWE45XRWuLC8V8UJstvHcPbekcghrqIfDCa01h7TpcXBLPM3ABziQlOWRmMs6N2R%2BDR2J1Bj1sl6FNQb04TGISs29XAvwr%2FH%2FZIm9CxXLCjCtBKZJJWi2H7smBc%2BLs6bREkih8xfHcY3QuN95NgsCp99JGHgVKVFtg5C95yAVTPyP2Bqf3FvqBfYPcrrdEF9FVu6DpL%2FQl3oNNOtBgRBNF24ofea2TGFbBvOvRaxr5aUGbkuWsc50swDmNGVHCnVOwWa%2ByA89KN%2FlCqvpnmfX34MJ50vea8RzDx8k7orSu%2BT26Cl0yaxz3IDpRJilFBmfK%2BnXBH3PzvTu9ilYMmz5DAXYv7HQRNqGltyKBLqrYVHlqs%2FXEnuFLllKYQ7gFsKIeZgDQ#polycard_client=search-desktop&is_advertising=true&searchVariation=MLB65938141&backend_model=search-backend&search_layout=grid&position=16&type=pad&tracking_id=2d7ee2c5-be0f-419c-b76a-fc022c27fd92&wid=MLB6373850588&sid=search,1,1,5k-10k,16.9
Smartphone Motorola Edge 60 Pro 5g - 256gb 24gb (12gb Ram+12gb Ram Boost) Tela Quad-curve Moto Ai 50mp Sony Camera Ultrarresistencia Militar Ip68 + Ip69 - Azul,2694,4499.0,4.9,Motorola,Chegará grátis amanhã,40,https://www.mercadolivre.com.br/smartphone-motorola-edge-60-pro-5g-256gb-24gb-12gb-ram12gb-ram-boost-tela-quad-curve-moto-ai-50mp-sony-camera-ultrarresistencia-militar-ip68-ip69-azul/p/MLB49085450#polycard_client=search-desktop&search_layout=grid&position=17&type=product&tracking_id=2d7ee2c5-be0f-419c-b76a-fc022c27fd92&wid=MLB5382324466&sid=search,1,1,2k-5k,24.45
Smartphone Samsung Galaxy A36 5G 256GB 8GB RAM,1521,3299.0,4.9,Samsung,Chegará grátis amanhã,54,https://www.mercadolivre.com.br/smartphone-samsung-galaxy-a36-5g-256gb-8gb-ram/p/MLB47111905#polycard_client=search-desktop&search_layout=grid&position=18&type=product&tracking_id=2d7ee2c5-be0f-419c-b76a-fc022c27fd92&wid=MLB5317478858&sid=search,1,1,1k-2k,28.65
"Celular Samsung Galaxy A17 5g Com Ia, 256gb, 8gb Ram, Câm De 50mp, Tela De 6.7 , Nfc, Ip54 - Preto",1576,1899.0,4.9,Samsung,Chegará grátis amanhã,17,https://www.mercadolivre.com.br/celular-samsung-galaxy-a17-5g-com-ia-256gb-8gb-ram-cm-de-50mp-tela-de-67-nfc-ip54-preto/p/MLB54961455#polycard_client=search-desktop&search_layout=grid&position=19&type=product&tracking_id=2d7ee2c5-be0f-419c-b76a-fc022c27fd92&wid=MLB6574985998&sid=search,1,1,1k-2k,17.55
Celular Smartphone Realme C73 256gb 8gb Ram Dual Sim 120hz 6000mAh Violeta,1149,1999.0,4.8,Webfones,Chegará grátis amanhã,43,https://www.mercadolivre.com.br/celular-smartphone-realme-c73-256gb-8gb-ram-dual-sim-120hz-6000mah-violeta/p/MLB62258511#polycard_client=search-desktop&search_layout=grid&position=20&type=product&tracking_id=2d7ee2c5-be0f-419c-b76a-fc022c27fd92&wid=MLB4334411855&sid=search,1,1,1k-2k,25.3
"Celular Samsung Galaxy A26 5g 256gb, 8gb Ram, Câmera De 50mp, Ip67, Tela Super Amoled 6.7 , Nfc - Preto",1405,2167.0,4.8,123 Comprou,Chegará grátis amanhã,35,https://www.mercadolivre.com.br/celular-samsung-galaxy-a26-5g-256gb-8gb-ram-cmera-de-50mp-ip67-tela-super-amoled-67-nfc-preto/p/MLB47424244#polycard_client=search-desktop&search_layout=grid&position=21&type=product&tracking_id=2d7ee2c5-be0f-419c-b76a-fc022c27fd92&wid=MLB5474927460&sid=search,1,1,1k-2k,22.9
"Celular Samsung Galaxy A17 Com Ia, 128gb, 4gb Ram, Câm De 50mp, Tela De 6.7 , Nfc, Ip54 - Preto",899,1499.0,4.9,Samsung,Chegará grátis amanhã,40,https://www.mercadolivre.com.br/celular-samsung-galaxy-a17-com-ia-128gb-4gb-ram-cm-de-50mp-tela-de-67-nfc-ip54-preto/p/MLB54987753#polycard_client=search-desktop&search_layout=grid&position=22&type=product&tracking_id=2d7ee2c5-be0f-419c-b76a-fc022c27fd92&wid=MLB4217306791&sid=search,1,1,500-1k,24.45
"Celular Samsung Galaxy S25 Fe 5g, 128gb, 8gb Ram, Câmera Tripla De 50+12+8, Tela Grande De 6.7 Jetblack",2868,4499.0,4.9,Samsung,Chegará grátis amanhã,36,https://www.mercadolivre.com.br/celular-samsung-galaxy-s25-fe-5g-128gb-8gb-ram-cmera-tripla-de-50128-tela-grande-de-67-jetblack/p/MLB61692896#polycard_client=search-desktop&search_layout=grid&position=23&type=product&tracking_id=2d7ee2c5-be0f-419c-b76a-fc022c27fd92&wid=MLB6087231690&sid=search,1,1,2k-5k,23.25
Smartphone Motorola Moto G05 256gb 4gb Ram Camera 50mp Vermelho,699,1199.0,4.9,Motorola,Chegará grátis amanhã,42,https://www.mercadolivre.com.br/smartphone-motorola-moto-g05-256gb-4gb-ram-camera-50mp-vermelho/p/MLB58493174#polycard_client=search-desktop&search_layout=grid&position=24&type=product&tracking_id=2d7ee2c5-be0f-419c-b76a-fc022c27fd92&wid=MLB5774641722&sid=search,1,1,500-1k,25.05
Moto G15 Dual Sim 4gb Ram 128gb Azul Marino,699,1099.0,4.8,Motorola,Frete grátis,36,https://click1.mercadolivre.com.br/mclics/clicks/external/MLB/count?a=f9t6kKt1sPgFDJ%2FGa2QPXUGRzbZaz%2Fgxpqd1WAqqPwlk9e33TWF6CtNUBm2t%2FEkBknmq%2FK2RA6hOzA0bJoDL3UoOUMONNp0WU8b8ykxxSQOPD6VuSrvoEy2GipYQo96vbJONrAUVSqzOO5OJa05jQg7HeTWjTFg7LeCmKFGs7LZypzltlagkl%2BO2KPfiEjaQyWGIndAJZLNYZy1prE9JodYV9qZLI%2B%2BrnDFqBj5vHcmgC8RygooEVHZHXvwNTXcYatQTM3JOupKNi8pLGe1o7T13DKKVJuOR%2FW51TMvqkS30C9xcdeK0sTmmDJfyKa8S9GzU8ZlMmJjgRDA5m%2B55jPJvlY8CQ09hBYGJjWtMf%2FVYFawVn7PfhOlWFklZaukKcOki95ggPs6J%2F8xH9worahasPnhl7Vpw%2BTlhawoggX%2FkXsDL3c1QWQ7dAT5dMlXH9Xb27aEj86%2Bch197ujD7lMYd04sLrcGsFgttmiUEp32n7fCHeIGwW8Ly0Y4R1llvmPykShaSYAzfgZoTtmlixLO%2BP52tDwGpP9yq2LPJwRn7QVZ6C4n6mGXzRsTidwfVLemp%2BVRaVvxicfETVPk1z2CGhX9I9sz5x5XUc5fbaefJX8C0iDOQzzhSz5FVKXMG%2B2UUo%2FMsLEv5QxbAcOiRD2A3JXPoXzc3fhhXBhreku1Ar3BXLk7HSQ2M1nVeYzo75tOlUOb2GS8yKkf29zGyADlHUHjlcnr3KTNmW4M9ECSn989Yuayy2L%2FK6QL3FUS8sQJG%2FAaCDiMUD4Nu4FZTHtoloX%2Ft1rWqixwAKB7drOdY4L9JBTX081FIh3eqWMUqsX%2B7zV1WNA8vHyaxeJf%2BQvxQCqmZ4WyXrzgpLI9fbJkGeRLfu1XSNaVEI%2B9KY3wSjoO06GS7Pm%2FwWINcEwDntyndgPDWCHwi8ltiK8Cl%2Bj%2BZ%2Bss%3D#polycard_client=search-desktop&is_advertising=true&searchVariation=MLB46056608&backend_model=search-backend&search_layout=grid&position=25&type=pad&tracking_id=2d7ee2c5-be0f-419c-b76a-fc022c27fd92&wid=MLB3975530813&sid=search,1,1,500-1k,23.2
"Smartphone Motorola Moto G17 4g - 128gb 12gb (4gb Ram + 8gb Ram Boost) Camera 50mp Sony Lytia 600, Tela Fhd+ 60hz, Bateria 5200 Mah - Azul",899,1299.0,4.9,Motorola,Chegará grátis amanhã,31,https://click1.mercadolivre.com.br/mclics/clicks/external/MLB/count?a=Kom0x%2B5%2FBf7e%2BTGx5kZiwd36qpLzhyon6QRZ%2BgORAQjYSgLQxHOgE2mzblUKJXAdIHYcActySAq%2FCa4615m6Ugav3a9zx8F4jK5MupUvQIWGRmaJEtVdtmMSvakql94vysMZEXPC7cjz5ApFoF0OCsPGcxtQ0jDnQKJygs8HBu62o0q89zP5skNrNRTyxMCdP7pXeubiymh6tEwY4lAt%2BuJICbM0rsDgWtL7Fyzpf5%2FESmk2EZAI0zskdC4CDFqknkOC%2F6cU9DQ%2B%2FxUudFJkf40EV6YZn%2FJZ4C%2FHaLqj6LRg3GZ39b8bJzjGqfHWZ0XCtPdX8JZGQmhlwEu1suUTxdi41nmEMOb%2F9Lbb%2FsLPlhjxFMKeozM6bQ0uZduCIYaFHERSJBtnyZGhdKsnHz5gzVb2JG5CAnfMub%2BO2jAdAr9Vxsg46qk5uFSv8WIWXUvbVifjyANoJkHTVQGJ6s5IJ3cc7xXc7w13jJu3%2F4XhIfWtQ%2Br5WrMP1DqnoUOvzoMYjQum20Ep8wDg%2B4CpEz9lFJ9sabDe0T0POeQKhql69l%2BKL8jproBecvK%2FAU8UIusXvYB%2FTzo%2FM5AWKP2jLzzo4hSwkGV6HVajRVeGLkviEvMTIfrwQIc6ANbF5JQVtxsZywzxwDWNaj5RD9Nxk7P5hW7a3xabbJ57J9RdeO6XXHKDeF7lR3l%2B4BvFz5uWqMGbTNYsMABb5kGkykprQ%2FNCV5ofY3QRPaW%2FJnv%2FLz%2FGoVRaT0ARQ%2F2pkp7U7furOlI9Stp7h8KkZeLkiinJNakiVcmVksZIoybKM%2BrVxdwBbdqgev1oR2MBScFZSGAEnXcKTMEJgVz609XhuiwpzLVIMKAXZbe6fmWdHOd5slMv0rL90%2F0WxKHDhOBBEbhHYf9pEzXobRnYRjHw4jaqSyKQwMnOzVOHHISvBZVyi1Pj92tgurvwz6sSqHIlEdxhP2pM9df45l5DI%2FvvnO48xvccQNX8RT6MxymzwM%2BSefxYq6c%2BMYnJC1rWjXMsTxIn15%2BrkrR8rDshDOsREZFC8eVyARj9AYUZ#polycard_client=search-desktop&is_advertising=true&searchVariation=MLB65041642&backend_model=search-backend&search_layout=grid&position=26&type=pad&tracking_id=2d7ee2c5-be0f-419c-b76a-fc022c27fd92&wid=MLB6420215012&sid=search,1,1,500-1k,21.75
"Smartphone Motorola Moto g86 5G - 512GB 24GB (12GB RAM+12GB Ram Boost) Tela 1.5K pOLED, 50MP Sony camera OIS Moto AI, videos em 4K, IP68 + IP69",2069,3099.0,4.9,Motorola,Chegará grátis amanhã,33,https://click1.mercadolivre.com.br/mclics/clicks/external/MLB/count?a=u6ATjZQdyIoWco%2BGGIlpCM0XkAND3%2BdgWLabYc2K1USwg89BoaRwMbIJ%2BfJ4s80gLwy4UvpJSJO9616guOk6r5QO2X%2FPNPN1cB9Y%2BswlOfaOGgTHlXeWoaAfkQFrutQDB8HyyhZtqQUvYg3jrb7ILSRuV7yj8VQKEqMRIYEeMOdPqkZ41AKatjYDetObKyNt2OzMqQppGZG6aQlz7hu6hcLp4v3v%2BGnYKzrinA9qKJ1%2FClmbBbeyHHio2yc3py%2BCelcIhdpp0PjdB8YFCoUbN7Esvbo3xAe0A3k%2FxQl75DgAT%2F1KrMgzUlnmmVLPHJgf0j6f3KgnB6CsG3VwO317gPs9Te26oxUAwOg7O8qpXxNprmeU8TDB0u1MRl3twaLr5PhfUqqcLEBLdpPcTkpWNadWd%2BwWNYLsUOqI6YlSfPPxIPLkSlbeOLGKku1XTF9p3HsdaO2nemVJoQ6UecsJEJuRsb4wyeNUP0ed8RadcUUYm1H55jCOEyRo8FktrjhbwJQGnHS6BaugIUztgWD7UBrwadcBp4GXdERT0CnEPc1RZ7qj11u%2Fj9ouWpQ2tugzckIeWNRzx%2FrXLi6lST0HtWzOQ0dMPDRmTnaclSnGK%2FrEcBsd4mVyYvAJdbEYtKfdD2Q3wg7EQhTu6g%2FQXOXy4JSHm94wg%2BOO8iaqDEfpiyMkIEahYSud%2F%2BnVa8ZB7ENsbGlo9XpUJT%2Br0US%2FFS3yjnDEVo8c5JPPwR846E02r4x28eRcZ3bhEALXuijdiDulidf%2BOJM1YTqPi4tNtIWlzXgeCuVy1F14mfYAbl%2Bek653Y8mo5Y6UeSw3fAOw1EEYFdXRy9OukZBXGwtrz9I6fH6hsq2wQfcylQO8%2FnHbgvj%2FmcDEFkKCoMdxxIcO4vbWhGwiXh6hsUUs%2FsBsERZ%2FjcrDiMI8S7%2F%2BSSafCWg0%2B5FwED8%2F%2F4iJtzw8R7lhgwv3VfgbU0gaRHJgvpVZew6icpdm7uUw4De7lNa2gai6UdIHVmzxMsH%2FtXhNb9I6Nsuk51qxB2is7xY8buSGC3mfU%2B1wQUf%2FqTJbLXk%3D#polycard_client=search-desktop&is_advertising=true&searchVariation=MLB62124802&backend_model=search-backend&search_layout=grid&position=27&type=pad&tracking_id=2d7ee2c5-be0f-419c-b76a-fc022c27fd92&wid=MLB6152645844&sid=search,1,1,2k-5k,22.35
"Smartphone Motorola Moto G77 5g - 256gb 24gb (8gb Ram + 16gb Ram Boost) Camera 108mp Ultra-pixel, Tela 1.5k Extreme Amoled 120hz, Ultrarresistente - Verde-escuro",2069,2499.0,4.9,Motorola,Chegará grátis amanhã,17,https://click1.mercadolivre.com.br/mclics/clicks/external/MLB/count?a=P%2FJZy96C9caxepZzBjcZkHgsHVWyqMAHzB2RVn2Dle4gF1wT2UGW%2FTdLOwVZpu196jairPhwhPxcWU1igbzWbV9IGmEZ1mZuEx2R2%2FBLwxAjp%2BKe%2FRDWTzYq82SDkRA6IHm2s08i55b1FmyqhinDSu9MD34EZbxEPcI%2BplPWox1bfwdsqmpQj72vodClC30QnCYW%2Bnt591%2B424uoMoxx5D2taThSZ9NTWY4hPRji6tLsjXmxH9COITxy%2ByNha1zoUF8Qh61Xng8OiY3rbRKjQ1jFhyNlGeLkWRZy0iwth7xRNlxNYycJ24ASyjD9awObvuW85GL%2Fa8u5nT5KdAOiZaw9Cegi4L1%2Fw9cr0UYgCU1INAIUeM5aaSzvqJoYk2TDCuW6D%2B1IocjazowHsXwEQgcqn%2BxRikzqjOe8XOF9QyV9PyWzhJjOczvpBtKtu%2FyhWZI6AjxXlf%2Bb2deInwtw3quqmDLwLck5AThJ8xibzcdeIJyQzUSgCeDzi7jMM9lS7MuDWprZCDwp%2B4vvOkybQcg%2BBSM84Qm8CxUvjABprG2MZaeE276IsM4fwWcf776%2FD52brO1cbm55JS0oOvaTlyoAbWx8gebsE%2BySrRZZjbWubbyMIlERpPuiQi2oDUrnuY8qQKf3wlsmPrPswc1vmx3bZ5L2z4A33yRGfqQvDVpd0x6h9eyVwmc6MfKvUrCJdUEL1aiJp3UezI9KrY4NnJLnkaEeNJsm%2F7uXshWiNHjL2M8v9L%2BaCp3so9c%2FsSx6gtVpAZcKlYlcC84p7XbTip25fcIrLqPLB6eEuiokEopyKMsIcU9u2pM1kRIfqOWicGSbx3GSzS1FYxvNQ4lBb2PfEloliAU9KSRILKz0yNdemVNM9mSymbI1MnBVvJeRkjOORPctvY19sD0LiB3Y9DlW2AnHglUGf6a3Y%2FYx2eMPKY5W7B4ur7FUa4lpSOIONQAqZHqjQ%2Be7R1aPQSkBqPMZiQdlqddOjuHe6uecaCzeXJcs4mL7%2B1pErKxACDpL1Yuvr%2FjXEBJ%2BaD5IDFV34fbvWlWz9Nq4OLdRnpWyAjtqPZLtPvDyHdFWThwZ#polycard_client=search-desktop&is_advertising=true&searchVariation=MLB65305142&backend_model=search-backend&search_layout=grid&position=28&type=pad&tracking_id=2d7ee2c5-be0f-419c-b76a-fc022c27fd92&wid=MLB6420050194&sid=search,1,1,2k-5k,17.55
iPhone 16e (128 GB) - Preto - Distribuidor Autorizado,3699,5799.0,4.9,Apple,Chegará grátis amanhã,36,https://www.mercadolivre.com.br/iphone-16e-128-gb-preto-distribuidor-autorizado/p/MLB1046215784#polycard_client=search-desktop&search_layout=grid&position=29&type=product&tracking_id=2d7ee2c5-be0f-419c-b76a-fc022c27fd92&wid=MLB3986439067&sid=search,1,1,2k-5k,23.25
Smartphone Motorola Edge 60 Neo 5G - 256GB 24GB (12GB RAM + 12GB Ram Boost) 50MP Sony Camera Moto AI e tela 1.5K Super HD - Latte,1799,3799.0,4.9,Motorola,Chegará grátis amanhã,53,https://www.mercadolivre.com.br/smartphone-motorola-edge-60-neo-5g-256gb-24gb-12gb-ram-12gb-ram-boost-50mp-sony-camera-moto-ai-e-tela-15k-super-hd-latte/p/MLB58684606#polycard_client=search-desktop&search_layout=grid&position=30&type=product&tracking_id=2d7ee2c5-be0f-419c-b76a-fc022c27fd92&wid=MLB4265763257&sid=search,1,1,1k-2k,28.349999999999998
"Samsung Galaxy S25 5G, 256GB, 12GB, Câmera Tripla - Azul claro",3898,5999.0,4.9,Samsung,Chegará grátis amanhã,35,https://www.mercadolivre.com.br/samsung-galaxy-s25-5g-256gb-12gb-cmera-tripla-azul-claro/p/MLB45513356#polycard_client=search-desktop&search_layout=grid&position=31&type=product&tracking_id=2d7ee2c5-be0f-419c-b76a-fc022c27fd92&wid=MLB5264376996&sid=search,1,1,2k-5k,22.95
"Smartphone Motorola Moto G86 5g - 256gb 24gb (8gb Ram+16gb Ram Boost) Tela 1.5k Poled, 50mp Sony Camera Ois Moto Ai, Videos Em 4k, Ip68 + Ip69 - Vermelho",1792,2399.0,4.9,Motorola,Chegará grátis amanhã,25,https://www.mercadolivre.com.br/smartphone-motorola-moto-g86-5g-256gb-24gb-8gb-ram16gb-ram-boost-tela-15k-poled-50mp-sony-camera-ois-moto-ai-videos-em-4k-ip68-ip69-vermelho/p/MLB51340616#polycard_client=search-desktop&search_layout=grid&position=32&type=product&tracking_id=2d7ee2c5-be0f-419c-b76a-fc022c27fd92&wid=MLB5462013472&sid=search,1,1,1k-2k,19.95
"Smartphone Infinix Note 50X 5G 8GB RAM 256GB De Armazenamento Tela 6,78"" Polegadas HD+ 120HZ Câmera 50MP + Selfie 8MP Bateria 5200mah NFC, DTS Áudio - Cor Cinza",1349,2267.0,4.8,123 Comprou,Chegará grátis amanhã,40,https://www.mercadolivre.com.br/smartphone-infinix-note-50x-5g-8gb-ram-256gb-de-armazenamento-tela-678-polegadas-hd-120hz-cmera-50mp-selfie-8mp-bateria-5200mah-nfc-dts-audio-cor-cinza/p/MLB61656785#polycard_client=search-desktop&search_layout=grid&position=33&type=product&tracking_id=2d7ee2c5-be0f-419c-b76a-fc022c27fd92&wid=MLB5957442486&sid=search,1,1,1k-2k,24.4
Smartphone Motorola Edge 60 5g - 512gb 24gb (12gb Ram+12gb Ram Boost) Tela Quad-curve Moto Ai 50mp Sony Camera Ultrarresistencia Militar Ip68 + Ip69 - Azul Marinho,2099,2799.0,4.9,Motorola,Não informado,25,https://www.mercadolivre.com.br/smartphone-motorola-edge-60-5g-512gb-24gb-12gb-ram12gb-ram-boost-tela-quad-curve-moto-ai-50mp-sony-camera-ultrarresistencia-militar-ip68-ip69-azul-marinho/p/MLB48930800#polycard_client=search-desktop&search_layout=grid&position=34&type=product&tracking_id=2d7ee2c5-be0f-419c-b76a-fc022c27fd92&wid=MLB5363845340&sid=search,1,0,2k-5k,9.95
Smartphone Motorola Moto G35 5g 256gb 12gb Ram Boost Coral,945,2000.0,4.8,Desconhecida,Não informado,53,https://www.mercadolivre.com.br/smartphone-motorola-moto-g35-5g-256gb-12gb-ram-boost-coral/p/MLB63092926#polycard_client=search-desktop&search_layout=grid&position=35&type=product&tracking_id=2d7ee2c5-be0f-419c-b76a-fc022c27fd92&wid=MLB6228408744&sid=search,1,0,500-1k,18.299999999999997
Smartphone Motorola Moto G56 5g - 256gb 16gb (8gb Ram+8gb Ram Boost) Camera 50mp Sony Lytia 600 Ultrarresistencia Militar e Ip68 + Ip69 - Cinza,1598,1999.0,4.9,Motorola,Chegará grátis amanhã,20,https://www.mercadolivre.com.br/smartphone-motorola-moto-g56-5g-256gb-16gb-8gb-ram8gb-ram-boost-camera-50mp-sony-lytia-600-ultrarresistencia-militar-e-ip68-ip69-cinza/p/MLB50301060#polycard_client=search-desktop&search_layout=grid&position=36&type=product&tracking_id=2d7ee2c5-be0f-419c-b76a-fc022c27fd92&wid=MLB5402372302&sid=search,1,1,1k-2k,18.45
Apple iPhone 16 (256 GB) - Preto - Distribuidor Autorizado,5205,9538.0,4.9,Apple,Chegará grátis amanhã,45,https://www.mercadolivre.com.br/apple-iphone-16-256-gb-preto-distribuidor-autorizado/p/MLB1040287796#polycard_client=search-desktop&search_layout=grid&position=37&type=product&tracking_id=2d7ee2c5-be0f-419c-b76a-fc022c27fd92&wid=MLB3931272075&sid=search,1,1,5k-10k,25.95
"Smartphone OPPO A6t 128gb, 12gb Ram (4gb + 8gb Virtual Ram), Bateria Gigante de 6500mAh, Processador Snapdragon, Tela 120Hz, AI Câmera, IP64 - Violeta",899,1299.0,4.9,Oppo,Chegará grátis amanhã,31,https://www.mercadolivre.com.br/smartphone-oppo-a6t-128gb-12gb-ram-4gb-8gb-virtual-ram-bateria-gigante-de-6500mah-processador-snapdragon-tela-120hz-ai-cmera-ip64-violeta/p/MLB66130734#polycard_client=search-desktop&search_layout=grid&position=38&type=product&tracking_id=2d7ee2c5-be0f-419c-b76a-fc022c27fd92&wid=MLB4573343865&sid=search,1,1,500-1k,21.75
"Smartphone Xiaomi Redmi 15 8gb 256gb Tela 6,9 144hz, Bateria 7.000 Mah, 50 Mp Preto",1390,1390.0,4.8,Desconhecida,Chegará grátis amanhã,0,https://www.mercadolivre.com.br/smartphone-xiaomi-redmi-15-8gb-256gb-tela-69-144hz-bateria-7000-mah-50-mp-preto/p/MLB61511995#polycard_client=search-desktop&search_layout=grid&position=39&type=product&tracking_id=2d7ee2c5-be0f-419c-b76a-fc022c27fd92&wid=MLB4390450235&sid=search,0,1,1k-2k,12.4
Celular Samsung Galaxy A56 5g 128gb 8gb Ram Rosa,1998,3299.0,4.9,Samsung,Chegará grátis amanhã,39,https://www.mercadolivre.com.br/celular-samsung-galaxy-a56-5g-128gb-8gb-ram-rosa/p/MLB47106876#polycard_client=search-desktop&search_layout=grid&position=40&type=product&tracking_id=2d7ee2c5-be0f-419c-b76a-fc022c27fd92&wid=MLB4561879339&sid=search,1,1,1k-2k,24.15
Apple iPhone 15 (128 GB) - Azul - Distribuidor Autorizado,4499,7209.0,4.9,Apple,Chegará grátis amanhã,38,https://www.mercadolivre.com.br/apple-iphone-15-128-gb-azul-distribuidor-autorizado/p/MLB1027172667#polycard_client=search-desktop&search_layout=grid&position=41&type=product&tracking_id=2d7ee2c5-be0f-419c-b76a-fc022c27fd92&wid=MLB4408547152&sid=search,1,1,2k-5k,23.85
iPhone 17 Pro 256GB - Azul-profundo - Distribuidor Autorizado,9899,11499.0,4.9,Apple,Chegará grátis amanhã,14,https://www.mercadolivre.com.br/iphone-17-pro-256gb-azul-profundo-distribuidor-autorizado/p/MLB1055308781#polycard_client=search-desktop&search_layout=grid&position=42&type=product&tracking_id=2d7ee2c5-be0f-419c-b76a-fc022c27fd92&wid=MLB5687335472&sid=search,1,1,5k-10k,16.65
"Tcl Smartphone 605 4g, Octa Core, 128gb 12gb Ram (4+8), 6.7 Hd+ 90hz, Nfc, Dual Sim, 50mp",649,799.0,4.7,Mercado Livre,Chegará grátis amanhã,19,https://www.mercadolivre.com.br/tcl-smartphone-605-4g-octa-core-128gb-12gb-ram-48-67-hd-90hz-nfc-dual-sim-50mp/p/MLB53155051#polycard_client=search-desktop&search_layout=grid&position=43&type=product&tracking_id=2d7ee2c5-be0f-419c-b76a-fc022c27fd92&wid=MLB6161225994&sid=search,1,1,500-1k,18.05
iPhone 17 256 GB - Sálvia - Distribuidor Autorizado,6297,7999.0,4.9,Apple,Chegará grátis amanhã,21,https://www.mercadolivre.com.br/iphone-17-256gb-salvia-distribuidor-autorizado/p/MLB1055308843#polycard_client=search-desktop&search_layout=grid&position=44&type=product&tracking_id=2d7ee2c5-be0f-419c-b76a-fc022c27fd92&wid=MLB6545162768&sid=search,1,1,5k-10k,18.75
Apple iPhone 16 (128 GB) - Preto - Distribuidor Autorizado,4986,7799.0,4.9,Apple,Chegará grátis amanhã,36,https://www.mercadolivre.com.br/apple-iphone-16-128-gb-preto-distribuidor-autorizado/p/MLB1040287808#polycard_client=search-desktop&search_layout=grid&position=45&type=product&tracking_id=2d7ee2c5-be0f-419c-b76a-fc022c27fd92&wid=MLB5120546360&sid=search,1,1,2k-5k,23.25
Smartphone Motorola Edge 60 Pro 5g - 512gb 24gb (12gb Ram+12gb Ram Boost) Tela Quad-curve Moto Ai 50mp Sony Camera Ultrarresistencia Militar Ip68 + Ip69 - Cinza,3059,5499.0,4.9,Motorola,Chegará grátis amanhã,44,https://www.mercadolivre.com.br/smartphone-motorola-edge-60-pro-5g-512gb-24gb-12gb-ram12gb-ram-boost-tela-quad-curve-moto-ai-50mp-sony-camera-ultrarresistencia-militar-ip68-ip69-cinza/p/MLB48998798#polycard_client=search-desktop&search_layout=grid&position=46&type=product&tracking_id=2d7ee2c5-be0f-419c-b76a-fc022c27fd92&wid=MLB5389690592&sid=search,1,1,2k-5k,25.65
Apple iPhone 15 (256 GB) - Preto - Distribuidor Autorizado,4751,8095.0,4.9,Apple,Chegará grátis amanhã,41,https://www.mercadolivre.com.br/apple-iphone-15-256-gb-preto-distribuidor-autorizado/p/MLB1027172669#polycard_client=search-desktop&search_layout=grid&position=47&type=product&tracking_id=2d7ee2c5-be0f-419c-b76a-fc022c27fd92&wid=MLB3621184765&sid=search,1,1,2k-5k,24.75
Smartphone Motorola Edge 60 Fusion 5g - 256gb 16gb (8gb Ram+8gb Ram Boost) 50mp Sony Ai Camera Ip68 Nfc - Rosa,1939,3299.0,4.9,Motorola,Chegará grátis amanhã,41,https://www.mercadolivre.com.br/smartphone-motorola-edge-60-fusion-5g-256gb-16gb-8gb-ram8gb-ram-boost-50mp-sony-ai-camera-ip68-nfc-rosa/p/MLB47251829#polycard_client=search-desktop&search_layout=grid&position=48&type=product&tracking_id=2d7ee2c5-be0f-419c-b76a-fc022c27fd92&wid=MLB4027318137&sid=search,1,1,1k-2k,24.75
Smartphone Motorola Moto G15 256gb 12gb 4GB RAM 8GB RAM Boost Camera 50mp Verde,899,1499.0,4.8,Motorola,Chegará grátis amanhã,40,https://www.mercadolivre.com.br/smartphone-motorola-moto-g15-256gb-12gb-4gb-ram-8gb-ram-boost-camera-50mp-verde/p/MLB44665542#polycard_client=search-desktop&search_layout=grid&position=49&type=product&tracking_id=2d7ee2c5-be0f-419c-b76a-fc022c27fd92&wid=MLB5237351728&sid=search,1,1,500-1k,24.4
iPhone 17 Pro 512GB - Azul-profundo - Distribuidor Autorizado,11699,12999.0,4.9,Apple,Chegará grátis amanhã,10,https://www.mercadolivre.com.br/iphone-17-pro-512gb-azul-profundo-distribuidor-autorizado/p/MLB1055308802#polycard_client=search-desktop&search_layout=grid&position=50&type=product&tracking_id=2d7ee2c5-be0f-419c-b76a-fc022c27fd92&wid=MLB4200188179&sid=search,1,1,10k+,15.45
"Smartphone Motorola Signature 5g - 512gb 24gb (12gb Ram + 12gb Ram Boost), 3 Cameras 50mp Sony Lytia E Zoom 100x, Tela 1.5k Extreme Amoled 165hz - Preto",7649,8999.0,4.8,Motorola,Chegará grátis amanhã,15,https://www.mercadolivre.com.br/smartphone-motorola-signature-5g-512gb-24gb-12gb-ram-12gb-ram-boost-3-cameras-50mp-sony-lytia-e-zoom-100x-tela-15k-extreme-amoled-165hz-preto/p/MLB65938141#polycard_client=search-desktop&search_layout=grid&position=51&type=product&tracking_id=2d7ee2c5-be0f-419c-b76a-fc022c27fd92&wid=MLB6373850588&sid=search,1,1,5k-10k,16.9
"Smartphone Motorola Moto G17 4g - 256gb 12gb (4gb Ram + 8gb Ram Boost) Camera 50mp Sony Lytia 600, Tela Fhd+ 60hz, Bateria 5200 Mah - Rosa",1078,1749.0,4.9,Motorola,Chegará grátis amanhã,38,https://www.mercadolivre.com.br/smartphone-motorola-moto-g17-4g-256gb-12gb-4gb-ram-8gb-ram-boost-camera-50mp-sony-lytia-600-tela-fhd-60hz-bateria-5200-mah-rosa/p/MLB65041664#polycard_client=search-desktop&search_layout=grid&position=52&type=product&tracking_id=2d7ee2c5-be0f-419c-b76a-fc022c27fd92&wid=MLB4510840013&sid=search,1,1,1k-2k,23.85
Smartphone Oppo A6 Pro 256gb 8gb Ram 5g Ip69 Azul Espacial,2999,3199.0,4.9,Oppo,Chegará grátis amanhã,6,https://www.mercadolivre.com.br/smartphone-oppo-a6-pro-256gb-8gb-ram-5g-ip69-azul-espacial/p/MLB66177449#polycard_client=search-desktop&search_layout=grid&position=53&type=product&tracking_id=2d7ee2c5-be0f-419c-b76a-fc022c27fd92&wid=MLB4536941689&sid=search,1,1,2k-5k,14.25
iPhone 17e 256GB Preto - Distribuidor Autorizado,5219,5799.0,4.9,Apple,Chegará grátis amanhã,10,https://www.mercadolivre.com.br/iphone-17e-256gb-preto-distribuidor-autorizado/p/MLB1066130044#polycard_client=search-desktop&search_layout=grid&position=54&type=product&tracking_id=2d7ee2c5-be0f-419c-b76a-fc022c27fd92&wid=MLB6402322328&sid=search,1,1,5k-10k,15.45
Smartphone Samsung Galaxy A56 5g 6.7 Pol Octa-core 256gb 8gb,1998,3699.0,4.9,Samsung,Chegará grátis amanhã,46,https://www.mercadolivre.com.br/smartphone-samsung-galaxy-a56-5g-67-pol-octa-core-256gb-8gb/p/MLB65302568#polycard_client=search-desktop&search_layout=grid&position=55&type=product&tracking_id=2d7ee2c5-be0f-419c-b76a-fc022c27fd92&wid=MLB4609819131&sid=search,1,1,1k-2k,26.25
"Smartphone Motorola Moto G17 4g - 128gb 12gb (4gb Ram + 8gb Ram Boost) Camera 50mp Sony Lytia 600, Tela Fhd+ 60hz, Bateria 5200 Mah - Azul",899,1299.0,4.9,Motorola,Chegará grátis amanhã,31,https://www.mercadolivre.com.br/smartphone-motorola-moto-g17-4g-128gb-12gb-4gb-ram-8gb-ram-boost-camera-50mp-sony-lytia-600-tela-fhd-60hz-bateria-5200-mah-azul/p/MLB65041642#polycard_client=search-desktop&search_layout=grid&position=56&type=product&tracking_id=2d7ee2c5-be0f-419c-b76a-fc022c27fd92&wid=MLB6420215012&sid=search,1,1,500-1k,21.75
"Smartphone Infinix Smart 10 4GB RAM 256GB SSD Câmera 8MP + IA, Tela 6.67 HD+ 120Hz, Bateria 5000mAh, Processador T7250, Android 15 Go, Dual Chip - Preto",670,1458.0,4.8,123 Comprou,Chegará grátis amanhã,54,https://www.mercadolivre.com.br/smartphone-infinix-smart-10-4gb-ram-256gb-ssd-cmera-8mp-ia-tela-667-hd-120hz-bateria-5000mah-processador-t7250-android-15-go-dual-chip-preto/p/MLB56327005#polycard_client=search-desktop&search_layout=grid&position=57&type=product&tracking_id=2d7ee2c5-be0f-419c-b76a-fc022c27fd92&wid=MLB5751262142&sid=search,1,1,500-1k,28.599999999999998
Kit Samsung: Celular Galaxy A17 256gb 8gb Ram 50mp 6.7 Nfc Ip54 Preto + Galaxy Buds Core Branco,1431,1698.0,4.9,Samsung,Frete grátis,16,https://www.mercadolivre.com.br/kit-samsung-celular-galaxy-a17-256gb-8gb-ram-50mp-67-nfc-ip54-preto--galaxy-buds-core-branco/up/MLBU3605578150#polycard_client=search-desktop&search_layout=grid&position=58&type=product&tracking_id=2d7ee2c5-be0f-419c-b76a-fc022c27fd92&wid=MLB5957929002&sid=search,1,1,1k-2k,17.25
Smartphone OPPO A5 256GB 6GB RAM Branco,1169,1499.0,4.8,Oppo,Chegará grátis amanhã,22,https://www.mercadolivre.com.br/smartphone-oppo-a5-256gb-6gb-ram-branco/p/MLB51680761#polycard_client=search-desktop&search_layout=grid&position=59&type=product&tracking_id=2d7ee2c5-be0f-419c-b76a-fc022c27fd92&wid=MLB5745515116&sid=search,1,1,1k-2k,19.0
"Smartphone Motorola Moto g86 5G - 512GB 24GB (12GB RAM+12GB Ram Boost) Tela 1.5K pOLED, 50MP Sony camera OIS Moto AI, videos em 4K, IP68 + IP69",2069,3099.0,4.9,Motorola,Chegará grátis amanhã,33,https://www.mercadolivre.com.br/smartphone-motorola-moto-g86-5g-512gb-24gb-12gb-ram12gb-ram-boost-tela-15k-poled-50mp-sony-camera-ois-moto-ai-videos-em-4k-ip68-ip69/p/MLB62124802#polycard_client=search-desktop&search_layout=grid&position=60&type=product&tracking_id=2d7ee2c5-be0f-419c-b76a-fc022c27fd92&wid=MLB6152645844&sid=search,1,1,2k-5k,22.35
"Smartphone Motorola Moto G17 4g - 256gb 12gb (4gb Ram + 8gb Ram Boost) Camera 50mp Sony Lytia 600, Tela Fhd+ 60hz, Bateria 5200 Mah - Rosa",1078,1749.0,4.9,Motorola,Chegará grátis amanhã,38,https://click1.mercadolivre.com.br/mclics/clicks/external/MLB/count?a=SXmvLSFLC6MhDe2C5eDF37fDUbW%2Flq%2FKYIPLJ7I%2FIVJLFA7zwNY6eqycSuZLP4R76ZqItdwA6T85vLaLsg5KRMHPaJPMkrEqe3N2%2FFpil6p1QhCLzyCK2oNvaBe7%2BxUFgEVxZEGI7rgZjUsfV9U5LTc06M2dQFZKa9zN7fNWFgJSYJVmosLkvXqkB3Stot%2BEM62O9HCqwzSfpoefgFllZYWXrN5s8s1aySyXgtrIsBkJgZOSU7q1MjvxqTm3tPrKuxe2KP1H02eFzleqXpGjCEZEbR4wkaGTTvIjAJNRiepw8HiKjO6uVHaQXBGgtXNGMhNGKp0RiJgGATfyRsOP1ixbUa4oLJXiSSpNerPtWKgh1pXsT2zdR7H2UFdW39tNt0Zhyf94hlIb11FP%2FuqFIJiKgs8kUYd1JncTOZ7rR92VIqQL7CZq2iPxGM81Z4HdVAdzzaEOKe3pOeg82aU4uQrW749B%2B%2FuEPebOU36j8YQKp2dcAPS8nzreU9YiiFzNB5E2js%2Fmjx8H1fQLjgZ3jsMWY5O6pOvq0t0wwqE1H3YBcKZHFvt%2FEwakN4rGINKju4u6p%2F%2BndQVLSe5JMw9u7UFgBNfKFwiunQHlvKkybSX7Vdt5zEfFskHBGSK0AUGqhC0MNccyxhH282DVXlHZliKeg0fJVPFNvJsuUIOt1oaQixDkWDDNsO6hBEGkcjJK23oF8nyWv3DVCXieSLyO9J0OCT6OqxKEcVjRNV%2B426m1GBN7C461a8gRcEcxst5%2BMHk0NRHLAr3TnL1udxvkG2t6ddXRgTPmy%2BOCEOi8y2%2Bw5Y%2BnROppv0kY%2FxSb4zzYyCTzFRR1bF%2B6%2BZGZRgoqyFwnGhFcobaIekKgJDa7LobW4%2FV9NnZQ%2BWeeBIKznIJWG85NFVOflIqhKFRZLd9kMrUvAPhZotv9IC%2FPHqfYpXmXHjV%2BRAqcNq8ZV%2B4KhHRbRxK0bpcOi8EBe9N34hWCxqJZFfaamdlFqST0C3f0WIhFLXuaIpv%2FVggt%2B6sZxdkTOqXlh63pv2PELTPSGFCbFWLhSQ%3D%3D#polycard_client=search-desktop&is_advertising=true&searchVariation=MLB65041664&backend_model=search-backend&search_layout=grid&position=1&type=pad&tracking_id=8891ddfa-c905-4125-b50b-4b767b53b3d1&wid=MLB4510840013&sid=search,1,1,1k-2k,23.85
Smartphone Motorola Moto G06 - 256gb 12gb (4gb Ram + 8gb Ram Boost) E Camera 50mp Com Ai Bateria De 5200 Mah Tela 6.9 - Bege,723,1349.0,4.9,Motorola,Chegará grátis amanhã,46,https://click1.mercadolivre.com.br/mclics/clicks/external/MLB/count?a=LqU%2Fh48u%2FZDAuHCrWQreptgQS6Vpi9xQUPJ9mwRGZa8zFAnoGjep%2FXXqp1aRpJwnlOhR76p8SK5QSwUuOdJvQYu%2FxxD%2BqpJiqmuay4kN%2Bu4jVCBgCOuP6Me7OIhFYWfYaAmwFtRpZ8VqDlw2%2BSRjkoU4hVetjmPOZK3s1%2BLEsbYkb4kWUQxveq1pLSDibFKzmDb9Mnkh%2BHPEubqPx7RZUgvYapPdxqXexRBphpiwV46ACzBAoc34%2FdRRmmOM%2Fp%2Bwz2rp0tNspV8i%2FyFAlIJE7EMTBhikWs7vyjNXe%2FIoyK1RLrO%2FdYRqUSvNiyIgt6Mw3aFOlhfF0sTTtA6adUjjkGXVVwLxGN1D6yU1DsQr0DjeQ7obl9T7sSq5Pw095cmed9ktUjI2VcBA7W9Hae%2B6Kh%2BESOmUAzFCOvtOKkVP2DTeou0Te4gO3Xpx1i6QsSmk48HykirbsNOHji%2FxyjpIepGE41dnVbccA6p%2B9t74WDcpdGF4vRS8dKmAUhNX0XbpwFLtodTr8LEeo35Lv%2FYRpvu62ldJwd5S6AeUZFx5ZjZnWoiGcfdrxK4UpS0%2BB3lJIZkUnxmAuCuMva%2BBSj56MYYu9UFYXhXXV683GEM0CA6o8lSAjYy2P7CNEgkgZT0dom%2BUA%2Bkf0V9fisqzeWNUq5UKgWzekezyLmWL4vgd1N18P0nFmgpjQnqrbvoPvyZ%2FNNYXDFnu7v2roIjOCSkrMXXXJajaYJ7cZhbiPQqgHyj0RBrms6VYTMskf17aNfyolxEoYNVec83noK0K9OSNMOVRNFfgpaMZ%2BM7w3OW42EHp7uuTXqq%2F%2FK0MAt0u5HsseSAEtyMdwsz1B0MQpE4SGsasaWRP9%2BK5Pjou2gXJpvDjraGhumvVDJ%2FNg6i%2BiMhsHA9QdCMPFiuyWug4zTM%2FU5NNgY9aWgY9G9QAbDTXBqagUNXM00H%2BE1f8uHFG5cWNlE7JlVf7auF%2Bv3EgjqaT4jMicpgMUgTfLXEN2sK18JLvo%2FD7PVRqDNCnMluws9VKnHX8kefW83U%3D#polycard_client=search-desktop&is_advertising=true&searchVariation=MLB55762063&backend_model=search-backend&search_layout=grid&position=2&type=pad&tracking_id=8891ddfa-c905-4125-b50b-4b767b53b3d1&wid=MLB5765125576&sid=search,1,1,500-1k,26.25
Smartphone Motorola Moto G15 256gb 12gb 4GB RAM 8GB RAM Boost Camera 50mp Verde,899,1499.0,4.8,Motorola,Chegará grátis amanhã,40,https://click1.mercadolivre.com.br/mclics/clicks/external/MLB/count?a=g5cpFj768yIR8mqXUUQBiOLDtMcg%2Fwuuk1WhQ0SEA4yNjKKThdM0kHtieKUL4Kwd13Aluk9TlohAsQ6KRlGV4ngbhHCewY5tbtxlPCLwWtnIJK%2FqPPYp0xK8%2BTtUt6dpuGkCbPIzCQAby8qj3PbMRE7x0By6CJX4lC0XuAKQmt%2BaxFsvOhJHQ%2Bly73t2DCnUorx82RW5LcWmABd1J8K6%2FcSkLjuyyn%2BsGnPwhy4uPaq2wQWiTKtKD%2FQVbHxxwgQWUZS6hbbddPBMQpCc6rLRUs8QKHtVh3Csh7kf7is4IKnaSHTwlbIhruNN8QixHd3EGEIjJI%2FJooc%2F8ffXAAMknsgM4zWzDpw7drdg71XhDo%2F1%2F88V%2BCId46bHhLj%2BsDnbiuzi1X3%2FiPBvQsGqpi%2Bb039ad9a4k%2FmV3f21xWGOzFwE2J16e%2FBIAz6Oq3CCgovoLZLsEdPpipatYmieKnpfHhiG68Mi9cCCpTa53h8AwG8SZP71cebdQucrmSh4%2F%2BFcjkA7LmvZD0AGBISXGO9aUpuMqgtCXBUB9YbSakvBc8P1RglIWcnLOIuA3PKekFDJB1AWa5VeJNN8SKWjjgo8wG7VTtG0Z%2Fp%2FspTvxNpy3TC9QOICn89vTTdNfoE%2B0S%2FsbZ5VYOLyOZWQ9vv7MCk49GrRzCvw7Arb0LJSt4lBKG5FUI3ulxjJFByEEJFsW%2BingW6IJ%2BtjtKlj1dh68NpIGBLugO0Ru%2Fry6PJz8tv24hdyinyfMFIcHNb%2Bbhua4Vw2PnOVh6ug8kup%2Fa6o2JTa42cWCpqntPp3e638u9OnsfOCj8ekNfn6Bivjuner9E3Asx22l7yPUAKpgcEmQ%2FlNl%2B6VxdaFGkP%2BBXs1sa%2BEwhbzz4tlq%2FtuSw8DY9cL9G6X%2BjuOUZj6XcWQWGN9m1XybUmTZDlXOiEA3y2QHPjFdgKwVJFBnRWGWZwUq6xy7qboQ8scWVP%2BsPXrNLSgvPiIeKpeM8o%3D#polycard_client=search-desktop&is_advertising=true&searchVariation=MLB44665542&backend_model=search-backend&search_layout=grid&position=3&type=pad&tracking_id=8891ddfa-c905-4125-b50b-4b767b53b3d1&wid=MLB5237351728&sid=search,1,1,500-1k,24.4
"Smartphone Motorola Moto G86 5g - 256gb 24gb (8gb Ram+16gb Ram Boost) Tela 1.5k Poled, 50mp Sony Camera Ois Moto Ai, Videos Em 4k, Ip68 + Ip69 - Vermelho",1792,2399.0,4.9,Motorola,Chegará grátis amanhã,25,https://click1.mercadolivre.com.br/mclics/clicks/external/MLB/count?a=LHG8SoOv0ASgB5wRtUt4RvYEOxlOKGCpogEJqYWBbeaIoNjZnLLWbh7eXwTzFsw1QEAAzgBJWqE015yBuIz3RsGdnCPBHPmcv6g9gTKe77smWo5qw92Mwman9wcjxTKHSx4qZMAiRmnkOUmJgnh3rhL4FjCqb3GGZWAt4y0%2BUlg7GmS4Z%2FCdBeC%2BjHaCc%2BeUIcvF50LCTO7TH%2Fc4U8Ew81OllVaEna01rzyeOX6quiO8cjdNtbafAGNOCuAr26lPq2bFvBU8NgmjxVj9bDPhYJ6aUTSicS0DAY%2Bx9HMgR6aeo6U1yQEkX46pOcJEM2wb03RmLj0%2BbAYDc8JnmQXsN9thpss8IaYsPd8f%2F2qQLKfJ6I3rznQstxdFm97TerOLQAHjYya%2FwZFV7XLqTvwoRsYDyKNs7TZ5GfgUlmOvWeo5q73kFFPub0nSnaxNdrng5LxpPpo66rO2JDo7HkMmwWEkqEuN4g%2BKSKjH%2BXIuTzPAXmuNcHwlu2dOsLjZUK3GJKxtya5A3Q%2Bz96xrGRze0rY8whhR8eYFYmewBFFm4SrvsODB3a4keQG9nKAkimmkt%2BC984RPTJpXJnULrc8c9cQ0YhDVgR4WFl11b4CIn%2BJwwmSaFxczF6PocMg4wTAU9%2FQl18X8%2BOrINIKDwePX1FUyRsNcqpA7uRjObUliEZv7jYWeSfiNuV4umiPmXCbFzktVXKI0Kxuf%2BapUZILDril0Fja9LRBSkAER5Z7%2F9h6ZNZAG%2F8SmhpDmWwPjVi0cea8AbHpbUIXDGeXy6gIttbhvTEN0WPFJ3QEZtaUbVVmKrthtIUcYtuCV9VXamg%2B3bxauDVRLuFy94SkULzoZUtPCkmi5G2etmpkiPWw0VTcP9J9Kfe8a7F9a0xGHjn5Iab95JPQ5fRKTmUY2bH2l%2BsQo%2BcazBjy%2FLmhliKNlS3479ZGjEd0nDJz16mhUftQ813GTvyoH%2FObFIOs77gw02Jpb7BavyuMOy0l5JgPkm3z2YtHG9Q8FmBTM%2F%2FBtuzFJAIfScabg7%2BMzPgJ0cAqz6GPKki4i%2BQHiStSw3UwhwVCb#polycard_client=search-desktop&is_advertising=true&searchVariation=MLB51340616&backend_model=search-backend&search_layout=grid&position=4&type=pad&tracking_id=8891ddfa-c905-4125-b50b-4b767b53b3d1&wid=MLB5462013472&sid=search,1,1,1k-2k,19.95
Celular Samsung Galaxy A56 5g 256gb 8gb Ram Cinza,1998,3699.0,4.9,Samsung,Chegará grátis amanhã,46,https://www.mercadolivre.com.br/celular-samsung-galaxy-a56-5g-256gb-8gb-ram-cinza/p/MLB47114363#polycard_client=search-desktop&search_layout=grid&position=5&type=product&tracking_id=8891ddfa-c905-4125-b50b-4b767b53b3d1&wid=MLB5317821714&sid=search,1,1,1k-2k,26.25
Smartphone Samsung Galaxy A36 5g 128gb 6gb Ram Câmera Tripla De Até 50mp Selfie De 12mp Ip67 Super Amoled 6.7'' Nfc Recursos Ai Android E Segurança Snapdragon - Preto,1430,2815.0,4.9,Webfones,Chegará grátis amanhã,49,https://www.mercadolivre.com.br/smartphone-samsung-galaxy-a36-5g-128gb-6gb-ram-cmera-tripla-de-ate-50mp-selfie-de-12mp-ip67-super-amoled-67-nfc-recursos-ai-android-e-seguranca-snapdragon-preto/p/MLB47115842#polycard_client=search-desktop&search_layout=grid&position=6&type=product&tracking_id=8891ddfa-c905-4125-b50b-4b767b53b3d1&wid=MLB6410679768&sid=search,1,1,1k-2k,27.15
Xiaomi Redmi 14c 4G 256 GB 8 GB RAM dual sim cor preto,830,830.0,4.6,Desconhecida,Não informado,0,https://www.mercadolivre.com.br/xiaomi-redmi-14c-4g-256-gb-8-gb-ram-dual-sim-cor-preto/p/MLB41287578#polycard_client=search-desktop&search_layout=grid&position=7&type=product&tracking_id=8891ddfa-c905-4125-b50b-4b767b53b3d1&wid=MLB6628300600&sid=search,0,0,500-1k,2.3
Smartphone Motorola Moto G06 - 128gb 12gb (4gb Ram + 8gb Ram Boost) E Camera 50mp Com Ai Bateria De 5200 Mah Tela 6.9,661,999.0,4.9,Desconhecida,Chegará grátis amanhã,34,https://www.mercadolivre.com.br/smartphone-motorola-moto-g06-128gb-12gb-4gb-ram-8gb-ram-boost-e-camera-50mp-com-ai-bateria-de-5200-mah-tela-69/p/MLB61381499#polycard_client=search-desktop&search_layout=grid&position=8&type=product&tracking_id=8891ddfa-c905-4125-b50b-4b767b53b3d1&wid=MLB4515672567&sid=search,1,1,500-1k,22.65
"Celular Samsung Galaxy A07 128gb, 4gb, Câmera 50mp, Tela 6.7 , Proteção Ip54, Processador 6nm - Preto",599,899.0,4.9,Samsung,Chegará grátis amanhã,33,https://www.mercadolivre.com.br/celular-samsung-galaxy-a07-128gb-4gb-cmera-50mp-tela-67-proteco-ip54-processador-6nm-preto/p/MLB55034955#polycard_client=search-desktop&search_layout=grid&position=9&type=product&tracking_id=8891ddfa-c905-4125-b50b-4b767b53b3d1&wid=MLB5859349564&sid=search,1,1,500-1k,22.35
Samsung Galaxy A06 5g Dual Sim 128gb preto,719,989.0,4.8,Vikings,Chegará grátis amanhã,27,https://www.mercadolivre.com.br/samsung-galaxy-a06-5g-dual-sim-128gb-preto/p/MLB48946861#polycard_client=search-desktop&search_layout=grid&position=10&type=product&tracking_id=8891ddfa-c905-4125-b50b-4b767b53b3d1&wid=MLB6433836010&sid=search,1,1,500-1k,20.5
"Celular Samsung Galaxy A17 Com Ia, 256gb, 8gb Ram, Câm De 50mp, Tela De 6.7 , Nfc, Ip54 - Preto",1259,1399.0,4.9,Samsung,Chegará grátis amanhã,10,https://www.mercadolivre.com.br/celular-samsung-galaxy-a17-com-ia-256gb-8gb-ram-cm-de-50mp-tela-de-67-nfc-ip54-preto/p/MLB55254425#polycard_client=search-desktop&search_layout=grid&position=11&type=product&tracking_id=8891ddfa-c905-4125-b50b-4b767b53b3d1&wid=MLB4583723537&sid=search,1,1,1k-2k,15.45
"Celular Samsung Galaxy A07 256gb, 8gb, Câmera 50mp, Tela 6.7 , Proteção Ip54, Processador 6nm - Violeta",852,1399.0,4.9,123 Comprou,Chegará grátis amanhã,39,https://www.mercadolivre.com.br/celular-samsung-galaxy-a07-256gb-8gb-cmera-50mp-tela-67-proteco-ip54-processador-6nm-violeta/p/MLB54964804#polycard_client=search-desktop&search_layout=grid&position=12&type=product&tracking_id=8891ddfa-c905-4125-b50b-4b767b53b3d1&wid=MLB4277746349&sid=search,1,1,500-1k,24.15
Smartphone Motorola Moto G05 256gb 4gb Ram Camera 50mp Vermelho,699,1199.0,4.9,Motorola,Chegará grátis amanhã,42,https://click1.mercadolivre.com.br/mclics/clicks/external/MLB/count?a=fYoSoxtDQ55pz6uMJc5%2FY5g2sUrYJIoAonqyyiw%2BUWU1XMWKy8DhCmOiJGaO9M9fD%2F7l6v49q2BKQQqsrszQAJjzyzXxPnbUVCIKMHmdM7zqQhAGvxlHIQ5PD9jy9cgwXpOUUsoZmIQP45fLIcxViS3fgdTdxMFnaahLImoqDYIjasqpOoEKH9w%2B8GbNWS3T9F0IR4TALDtF4yzn0zHq34A1dD2Uy2p9t5uCKtyKDjlSGqNTHtwWMVfMdyJiU5cRaTUukEIUtMve7T%2BtnGS%2FZNxLi6Cq7%2BygozQFdzNXHoCay0wP%2F1w%2FyBWJFtAS90x65kpS6VBR2aon%2FUHGalWJK1%2FHNxlC0FRErsE7hE2qNeocZev56ADRHUkYw4sswmmsI6oYutuXd6TkimnWO8ZXRoCpUKL1%2BR%2BbgQ%2FwWIaYX47b5c1Hc7s0ZrSLNrBNO19tKpNHzk0PVlV106h4W%2BYvOliulwpUoab5kaQ9EwrxDGTiFbEW1ZYaTj8%2BaJ6Ku2BtEeCdeZB1zQP5i70PbYtmmx%2BxfzRXpe1xJrR6LXotDd%2FWNAq710Zn1z7Nn%2F7sljX3AxO%2FzxRGIo6Y1eYdkqXUWx8R6lRYxfGAP03e4KfDnI9gbkRdMrRmO5TLTyHBy94XNRRuz50h4RBWd6WuqMx2b2nP5COjrFQ97dCFL2qZjOxQr6U6ouCCxf245rx%2FGITcX7O0ZrrYYOJXJCblSlDgfG2%2BJvJ6dB5PuRaC4X2Ibk2gSc7HV0NAa7nzzgg22F2Io7ezou6Mhdd%2F1WCf7oLDk0nPBotqKHE9ccPn%2FkHHLIvgcg2lNZJXhjEBYLcYo6cEsM14uluwWY%2Fh1NbHxrjuy2mGALXXPTfqPA9a%2BK9QOrYaRxY9mUx1guiVShXr3I5D3uuFNNwY56qxykD9AqU7%2B4x%2Fqo5yWnNrvI2RtM%2BRG2B1cNEkwmfqIW0Iq%2BB2J3ijVNN57KJbdw%3D%3D#polycard_client=search-desktop&is_advertising=true&searchVariation=MLB58493174&backend_model=search-backend&search_layout=grid&position=13&type=pad&tracking_id=8891ddfa-c905-4125-b50b-4b767b53b3d1&wid=MLB5774641722&sid=search,1,1,500-1k,25.05
Smartphone Motorola Moto G56 5g - 256gb 16gb (8gb Ram+8gb Ram Boost) Camera 50mp Sony Lytia 600 Ultrarresistencia Militar e Ip68 + Ip69 - Cinza,1598,1999.0,4.9,Motorola,Chegará grátis amanhã,20,https://click1.mercadolivre.com.br/mclics/clicks/external/MLB/count?a=r8YgnntI7aUBG3Q1YeKiwja6F%2FMLNLsghk8WUR9kD0Lt0%2BgF1L4tZadoM7u5JcOGpBwoVAoWxIN8HDRDgWJYDNehnCF4RB1mnTGak2G1tawTExMpy8C6aq0zCQuzH4M3iOFtjM51VoKZWzfv5X4MnT4PBCzf%2Fej2cD5GcEN2S3I6xTswDmhIjXvfyFA%2BMBy4lBgiYQiOkNRsMCT8qGfRJjCM5C9Zix8S59V0xc8ungtg9uosViCODL4t3n0WiMWPF4AMUPRilnrhbNMBilWgUxHmY%2FCfenqH4CiaeV9K40%2FUV8aG%2Bb5kkHM8%2FQcq3V6CHSRoj3NkI2HqZ70fp%2BDMFrC5zO8V4xgaA2GfMapmqWZ6LrC5Jx27ZUaYdeKWtejj3gJPJT5Nm6exVncN2c2CzK9vWEjGmAcMqx0tw5Ccaos0UI9DrKuilN5lAHsN7c911vVfvGq%2FqXuJvxmCqjEAQvXW3Y6pv3CA0c3wel6jwILyVmvhojgM%2Bq2ekC6JPDQ1xf7zGaYEVb0dj0KTrz2nV7824a6zWQAJ5PApNnQ3papHTdKByK2Q6niXZJr1l2aoGcqBohmDzvxT4Smh933GJQf%2Bkv%2BdA1bKZSrt2YVUNaq0c%2F7PrsKUnZrKzN4v1T3jz%2FcK7xNce35GJDx0R7UDed1BqsNrQ550HiILKOKW856JONm6cXdlSd8shvKd2JZGJK8dFtg7LwAEHL2v14G3%2F7tXVebbP2%2FVlPQvh6Oa2sA3veWdcihyj%2BOXfNvL46kmPdRpYNP%2Fl4gBmwK9brKEP%2Bd%2B6pFLI2ShZYyUMUh2AXMLDoxQyxfofksr2uYe9iSj8OjeAllMWJqaJBb8ZeLofV3pRqclUYO19Q09mJQW9nhgeIlQv68yqXtd8fZRz4w9pUDNmNOhvb9Guehjukn%2BV9yv0fz8UEWWHb63z4np5sWkodDnA%2BEFoUAblGnZkbOrcnN7rlXh5t2%2FAzkDPmY9Y8oAsEBNOfZ%2BuTyztZzlFprkRFBbbE4%2FK4AVyFMzwET30uruofxF%2F1V6nZQJCBodXnHwFLpMF54w6cm01w%3D%3D#polycard_client=search-desktop&is_advertising=true&searchVariation=MLB50301060&backend_model=search-backend&search_layout=grid&position=14&type=pad&tracking_id=8891ddfa-c905-4125-b50b-4b767b53b3d1&wid=MLB5402372302&sid=search,1,1,1k-2k,18.45
"Smartphone Motorola Moto G67 5g - 128gb 12gb (4gb Ram + 8gb Ram Boost) Camera 50mp Sony Lytia 600, Tela 1.5k Extreme Amoled 120hz, Ultrarresistente - Chumbo",1529,1899.0,4.8,Motorola,Chegará grátis amanhã,19,https://click1.mercadolivre.com.br/mclics/clicks/external/MLB/count?a=am1WWqtsrJXubt1AJLTGR9ZSdnDM%2FFkveYOoJbV4qpjOT7DUPP020V2S3G0hFh%2BMoqKbztpt4IhuhgLxNQyoHJU2gA920pOpJ0p7d7iwhZfRoelzgv0g5f%2B3ACZpFZ7lMjFOHYPiLQtZS91q%2FCEDh%2BrmIef3GImZAGk4yWBy0lclJhA2%2FcCoOeDUsjsckQiJ3TiSuyfUZJ%2F8%2FRiDI9vXoQ0vWJSyVG%2FjDecOS0XyWxzCv9YwOOCkXj6ztw3F%2Fzye8zSa1m2mx249ecrqwgVm2crCk%2FJOYfqz5tKl9nDxiqF4Eh79ex84RtF89a6D%2FfknsxC64lmgiFR51vvun7v2bf9k3OclQzMR2ytogimMHKzLSRxkn0pNWJEQlGXJbitsJEvFbyFXauSn30HpzbB27RWEN7QSi9JVbYaTzC0A7fohlNbKjpFJos4fQE1rfi1zuQsaeDB8YMYRD5zpU1579ZhpPr1niwMW8s3YDblo4rb5BpyYdZGOlidPaw2xrCyPkNdyu1PgC5V05n5TLCyvos8aH0M5VZGzQ4e04b8a7qi1ROFtaSP81hO0JBX2xXd9Xra0FgSmm1dfeSKwIr16V35zapOWx2f6YxTv1gD%2BUpIgPMkRA9ShF6JO%2BbB%2FHAC3AsOuq6Dy%2FVzjfPpkAlEfpW8rh3khXn2F8uFRmGJ4iXCZ6NCY5stx5EqEG%2BAm1bTmOrfQSVsr%2FmeUUXwLhFTuIqUOODT9Feh22D%2FiXt8lxMmjsahLkKPnkA1%2BYRjz6S2jSYYdbIKrrBDTwLJR7NWjZw6hMZ2XHYs4s6x7PWTmYMGRmjQ7WU54tfooB34WpAaLw0H2bflObtRJTcgo8mZbTDXU4tq6v%2FG0jOt90uvUGBarrhRjramP0feTa6LFeEw4wWlyU8MfREyakaJ7oyK3Rlu8NTpXkQubnx63kTG%2Bavt7gv4qHns9veuc6Pdxh6FAJMBxyYll6OK5H07%2BNg6ecLClQUHDTf%2FTUi7kZrwLWgfKZtJcybDQo4D%2B8qwUcCCCe1XkOxCbn6ktsxc1WTjvYZSuN88kbzmCkQ1GnOOyUdXZAs7e9H9LrJI%3D#polycard_client=search-desktop&is_advertising=true&searchVariation=MLB65319818&backend_model=search-backend&search_layout=grid&position=15&type=pad&tracking_id=8891ddfa-c905-4125-b50b-4b767b53b3d1&wid=MLB6420538026&sid=search,1,1,1k-2k,18.1
"Smartphone Motorola Signature 5g - 512gb 24gb (12gb Ram + 12gb Ram Boost), 3 Cameras 50mp Sony Lytia E Zoom 100x, Tela 1.5k Extreme Amoled 165hz - Preto",7649,8999.0,4.8,Motorola,Chegará grátis amanhã,15,https://click1.mercadolivre.com.br/mclics/clicks/external/MLB/count?a=T0MA2iJub9IjtprVJdt%2FE8%2FB7OpfIs9bnC4a6RmxIQz5mJkh12%2FEfo0pjqaps1%2FrYaTrHIQSKd5Hrgdksfmn1OZ%2Bozn6ENTsBsiPvUA5fJObY05Jr914YsLFUw2enEGBBp0TsdyfR3IqnhKOxMwerYWdN8CDKtBUEre6u%2Bp3QyfQ8j6g6Tct8zMnbML39zUMLOv18zNwBSGKNyxjeZ1uD75LElSWpE%2F59aWM5K89g2P54cVWb1hXThwGK6ZtBaL1qjueJNoy0t7uAZ1asBqFaJRvZSl6m7MukUKt8pJi%2BplfhVSkkDe7X4XSbNCzyzz8anh0Pzs0e82lv0wJ7Eb4pgFZtWJnDbiVGfkxW7LGBRUHn2GYy%2BafZIOl4IpAMcT3J9HTh94KJJplGd62P%2Fb6Gudfm9b21dD%2F3RaJyhlpTvXvck9xQdqP8ZeFCHI0W%2BKdT5InJQD%2FrXOzAfz8jDBAk8sS4lZrl1mxWtLE0XPYF%2Fd3MOYNx1DGYLtiuyb3SkVA8U2OwidcON61D6GFClXGnEmR5k%2F2B0b4qJItxm7ChfY%2BspZ5iXUBW53SBNyZfacw1OKsdtQ9EKcc35TE%2B6DSCrIhp%2Ffc0YNchWpG4jzgZ3NbBrR0jVLkX8SlOzu1zN6HkMlhRuvrebhqI38yDbzmSL4Y5u%2Bn2ZZqM0bsVZ10VdhM6ddyuzvBDmURM%2FzxzjyeRGhCLbqXkdEEbNzHgL%2BD6xaXl4o1f9c2nfRfHqMOd9759hIIxoctIpq8I%2Faalpkqpv9vVVh6csCVxn8WpGwvg%2F%2FmkXdAC%2BiFtl6lq0DDnOufZz9wqQVD9sKAdWzur5T4dHzu0%2BZSNX%2FrdVHBslrwAIoGiVnf5R59Mz4FtgHTSW1h53qD%2BDKgOWX50B6YnWZ%2BCDisjCMcutL93JIKcA%2FN%2FoYakFtiNX7IDLljLpG8KY7UuQ%2BjFt4aE6t6CaNfx4Kie2FUefqClv1wEs82zM20OV2B1oK7ma79g0B8NqR%2FG5YgoEIseOH5Q3HfePkMNfjIjFeBg2GHeh29dpV7z36SWIy%2BEMRmfHMP%2Fz2r4HMS4JWMtyI%3D#polycard_client=search-desktop&is_advertising=true&searchVariation=MLB65938141&backend_model=search-backend&search_layout=grid&position=16&type=pad&tracking_id=8891ddfa-c905-4125-b50b-4b767b53b3d1&wid=MLB6373850588&sid=search,1,1,5k-10k,16.9
Smartphone Motorola Moto G06 - 256gb 12gb (4gb Ram + 8gb Ram Boost) E Camera 50mp Com Ai Bateria De 5200 Mah Tela 6.9 - Bege,723,1349.0,4.9,Motorola,Chegará grátis amanhã,46,https://www.mercadolivre.com.br/smartphone-motorola-moto-g06-256gb-12gb-4gb-ram-8gb-ram-boost-e-camera-50mp-com-ai-bateria-de-5200-mah-tela-69-bege/p/MLB55762063#polycard_client=search-desktop&search_layout=grid&position=17&type=product&tracking_id=8891ddfa-c905-4125-b50b-4b767b53b3d1&wid=MLB5765125576&sid=search,1,1,500-1k,26.25
Smartphone Motorola Edge 60 Pro 5g - 256gb 24gb (12gb Ram+12gb Ram Boost) Tela Quad-curve Moto Ai 50mp Sony Camera Ultrarresistencia Militar Ip68 + Ip69 - Azul,2694,4499.0,4.9,Motorola,Chegará grátis amanhã,40,https://www.mercadolivre.com.br/smartphone-motorola-edge-60-pro-5g-256gb-24gb-12gb-ram12gb-ram-boost-tela-quad-curve-moto-ai-50mp-sony-camera-ultrarresistencia-militar-ip68-ip69-azul/p/MLB49085450#polycard_client=search-desktop&search_layout=grid&position=18&type=product&tracking_id=8891ddfa-c905-4125-b50b-4b767b53b3d1&wid=MLB5382324466&sid=search,1,1,2k-5k,24.45
Smartphone Samsung Galaxy A36 5G 256GB 8GB RAM,1521,3299.0,4.9,Samsung,Chegará grátis amanhã,54,https://www.mercadolivre.com.br/smartphone-samsung-galaxy-a36-5g-256gb-8gb-ram/p/MLB47111905#polycard_client=search-desktop&search_layout=grid&position=19&type=product&tracking_id=8891ddfa-c905-4125-b50b-4b767b53b3d1&wid=MLB5317478858&sid=search,1,1,1k-2k,28.65
"Celular Samsung Galaxy A17 5g Com Ia, 256gb, 8gb Ram, Câm De 50mp, Tela De 6.7 , Nfc, Ip54 - Preto",1576,1899.0,4.9,Samsung,Chegará grátis amanhã,17,https://www.mercadolivre.com.br/celular-samsung-galaxy-a17-5g-com-ia-256gb-8gb-ram-cm-de-50mp-tela-de-67-nfc-ip54-preto/p/MLB54961455#polycard_client=search-desktop&search_layout=grid&position=20&type=product&tracking_id=8891ddfa-c905-4125-b50b-4b767b53b3d1&wid=MLB6574985998&sid=search,1,1,1k-2k,17.55
Celular Smartphone Realme C73 256gb 8gb Ram Dual Sim 120hz 6000mAh Violeta,1149,1999.0,4.8,Webfones,Chegará grátis amanhã,43,https://www.mercadolivre.com.br/celular-smartphone-realme-c73-256gb-8gb-ram-dual-sim-120hz-6000mah-violeta/p/MLB62258511#polycard_client=search-desktop&search_layout=grid&position=21&type=product&tracking_id=8891ddfa-c905-4125-b50b-4b767b53b3d1&wid=MLB4334411855&sid=search,1,1,1k-2k,25.3
"Celular Samsung Galaxy A26 5g 256gb, 8gb Ram, Câmera De 50mp, Ip67, Tela Super Amoled 6.7 , Nfc - Preto",1405,2167.0,4.8,123 Comprou,Chegará grátis amanhã,35,https://www.mercadolivre.com.br/celular-samsung-galaxy-a26-5g-256gb-8gb-ram-cmera-de-50mp-ip67-tela-super-amoled-67-nfc-preto/p/MLB47424244#polycard_client=search-desktop&search_layout=grid&position=22&type=product&tracking_id=8891ddfa-c905-4125-b50b-4b767b53b3d1&wid=MLB5474927460&sid=search,1,1,1k-2k,22.9
"Celular Samsung Galaxy A17 Com Ia, 128gb, 4gb Ram, Câm De 50mp, Tela De 6.7 , Nfc, Ip54 - Preto",899,1499.0,4.9,Samsung,Chegará grátis amanhã,40,https://www.mercadolivre.com.br/celular-samsung-galaxy-a17-com-ia-128gb-4gb-ram-cm-de-50mp-tela-de-67-nfc-ip54-preto/p/MLB54987753#polycard_client=search-desktop&search_layout=grid&position=23&type=product&tracking_id=8891ddfa-c905-4125-b50b-4b767b53b3d1&wid=MLB4217306791&sid=search,1,1,500-1k,24.45
"Celular Samsung Galaxy S25 Fe 5g, 128gb, 8gb Ram, Câmera Tripla De 50+12+8, Tela Grande De 6.7 Jetblack",2868,4499.0,4.9,Samsung,Chegará grátis amanhã,36,https://www.mercadolivre.com.br/celular-samsung-galaxy-s25-fe-5g-128gb-8gb-ram-cmera-tripla-de-50128-tela-grande-de-67-jetblack/p/MLB61692896#polycard_client=search-desktop&search_layout=grid&position=24&type=product&tracking_id=8891ddfa-c905-4125-b50b-4b767b53b3d1&wid=MLB6087231690&sid=search,1,1,2k-5k,23.25
Moto G15 Dual Sim 4gb Ram 128gb Azul Marino,699,1099.0,4.8,Motorola,Frete grátis,36,https://click1.mercadolivre.com.br/mclics/clicks/external/MLB/count?a=C6gtJRPG8u6zMUIqtXC1YaVxjK29rYEc9YRdRBx9siL17OwNN0RuEBqcfvdPpcK9c%2FVa2QlpE5BL3QZFLPJQcgFQa5%2Byg4i378mziWIiI31%2B20eTxnjBgBTYBij%2BHIx7SowIFHL0ji1HTiEDMqEfrE6wzLQvji7W5dY2Jv4ndI0StHilJsGZ9mCf8Lzb%2F9c3PygWa6%2Fn7qun3u4bUtVv3ck9Y64zORgWDFkb3BdKXdXoiAo7ahyaq6RQVyyNdfF34U%2BF2nnvg8OsCjhaQqNWTimjpOWoo6%2BoOGJjn827wN5yI9VXydeW3pl2lPm4FzpqXY50C6weuDXbYEwFIMkp9TGTWVVD1wXXFwFkXWCgQILJ77amdxFHIcTwMXAXSRF8Qi58csNKjti7OE83uvWCX%2B6bsHl5yugHdhr1%2FND2X9ETxXFR%2BZrLshgJ9THVllUUmdhnfIKfyKfrINLoxDypTA9S6kXtfNOzA4JFQansR1IRqWG5pe0K%2Bt94Wf3%2BJvEQLylzZBmiaIacoiD1vEGkSpiGVomFBB8dUOJUrYyW2YHC47NVRXbOjXkl4uVNpoAe0V7fXF5QNswV1rk7dQOYotMMkaLCiLs2bXynQ%2F2CkAkgGp2lbMbyrtnsftoXLnIQA1tUHpaMmif4b1tEmFGtWUKmTIisIU0oYn%2BQYvJAqLIYNrc55ohNuDn%2FW%2FtND7pax3J3gWXFwKk3%2Brh6bDSW2wwN0Vq%2Ft%2ByLqUMxjC6Ai1ZAFZpQFH5U%2BqkeYssS2%2FFZ2AWCREFOcVgBjPBh4RW2Q0cWqHl8FAMPr6BSK2fu2txIVn6OWORWEYZhBrPDByWTh%2Fio%2BZRDxKzvknC8FEYESxrZUd3d1O%2FkLEElSsndli1cu3DSii7SmtQu6sevm1kcmpVFY62IVXcmWkdkHr1iiIMUqVb0%2FVmbiGoRBwoO%2BJKzZ2w%3D#polycard_client=search-desktop&is_advertising=true&searchVariation=MLB46056608&backend_model=search-backend&search_layout=grid&position=25&type=pad&tracking_id=8891ddfa-c905-4125-b50b-4b767b53b3d1&wid=MLB3975530813&sid=search,1,1,500-1k,23.2
"Smartphone Motorola Moto G17 4g - 128gb 12gb (4gb Ram + 8gb Ram Boost) Camera 50mp Sony Lytia 600, Tela Fhd+ 60hz, Bateria 5200 Mah - Azul",899,1299.0,4.9,Motorola,Chegará grátis amanhã,31,https://click1.mercadolivre.com.br/mclics/clicks/external/MLB/count?a=sFBEC3qz6tPd29K33d5GpKTUJbJGbh8dyuZzK9ZPGH3dJjSi3oA69DIcXaD8uklcVC0FnCIRLWPkIIQ5XxKKQ9hsZ6t4%2F7vIiFNJNGnzuWuqJRCX%2Faly1g4EYUk42oLaPZhaZVDdDO9EQ%2BLtQ3I74Zx5TIjnE4rM2nzDn7cykBwOglUAZjUg%2BlgbTtow3tZBL9J0s%2BYlVv8Ikb1jXw06oHtcHHXH4DB9XPuzcIVA56V3OJOVhP%2B3bqab1v6Tz%2F35fK2Ie8vIYp6jAhoIaM%2Fz%2F02OVyJmaBOCElbbHBIY3anQfz2IBJq%2BrbPRdS1I7BagVFnnY2TvlkQwsXHUf9g9YX0OlZaUgNAwYtRcRnMY584v7%2FLBIJxOP6g3%2B%2FGCPkp6jTWTYJsKYvjH%2FrYF%2BvDhYfCQ0L2Z6nIgiCAasFHJFE0VowXmEeVT%2BTJaHCWtbhWYHukvKotWnNSd1K0zQL4EVpHeKHn0%2FlGagH0I5OIo3PFD2zG5%2F6GQbnklfJSYOFkshlp5tAACvXRK9ZGttMmDEcqG5vXIppdZOoq44Gh7udR5U9h%2F0cdhLruw%2Bzsu7YkZ7%2F%2FJHO3AL0CFA1zhvvFJgJ%2F%2F0OtZLN1U3AutIdUQ8DzqEyiDzF%2FOGO%2BQarXAu6A%2F%2BjSbrmTy6gLDU5tbl53Ce2MI0QguM3Evra7%2FE34PtyepUAnp6BjmfbDYlSUiZFQK5YfHqayG7J%2FWo%2BGpW5KLKC5VtULfuFHfcGSjj3w5fZ6AZ%2FMcKD%2Ba2z5odTK8KOg3DY5H4wBu4k2SC7xxsN1vwxDYUreQo9mN5PLViplheuT78EXZrvtf%2BocAOVW%2BhXg%2B%2BPkEuY666JHoy2qvb96OJIpq45t9Sy6HJk73uRpl4Ko67iHweT3UPSmG5yo96iLJUDXEBmgOc2yXuI7VWP0b3814dDoKFQJE2JTLnuxT5aAZxvP82ZvmSC0gL5%2FRnxjMUU2wyu89cJxZXCxx0ZKonimoW14Uyr%2FXasKa2kV%2B6izdvHxQl7kPmIeczIDLs4kYXRhStRz1Z0KPom5IuZ86C03MO%2FZzG5A%3D#polycard_client=search-desktop&is_advertising=true&searchVariation=MLB65041642&backend_model=search-backend&search_layout=grid&position=26&type=pad&tracking_id=8891ddfa-c905-4125-b50b-4b767b53b3d1&wid=MLB6420215012&sid=search,1,1,500-1k,21.75
"Smartphone Motorola Moto g86 5G - 512GB 24GB (12GB RAM+12GB Ram Boost) Tela 1.5K pOLED, 50MP Sony camera OIS Moto AI, videos em 4K, IP68 + IP69",2069,3099.0,4.9,Motorola,Chegará grátis amanhã,33,https://click1.mercadolivre.com.br/mclics/clicks/external/MLB/count?a=5b2KsBT9ZdrKEnLzJFAey%2BTLBymhAFiGDJyLxh5DNL0zTt7cMvAJJi7e8ri8Gtyy40N6n0MtUqAuOvMwmu668n8GUE48OUgIcE6MHCZb61bRWQR1uCaXv5wFJTahuIC9sf4CPDrMcL2bcf1r5tplGdK90FN9E5rmTaCVH2p5EBliG1A5AEUX9OKKVUbGoYqsR0eRKsiwJGFhvyOTMi2DzW43p7WOmTE3BIuI7YhZN9VhY9Leau%2B5zjlvgc3nQhSdlHjgHIjbuiF4bykxWKULBd8EwkFya%2BUKv5xO0BCt1kcFQY3IxPsD2EXudqsgImP7FIQsFSZvtMWR2NnLMwJvaY92N0w4Ct7Z30Go5e6hveFFl2K6zDS0PwWCTTiivJG9d%2FOWltoWJPRZcKENXoH%2FUqoL%2BBHyUOGRkk7RhUDPoLwj9bFo2NK3sTDqTlzDSYlm9XvUpyUDDkdcjqRs4SVwx7KdfzFmMNbW7y8YI2AhhhOwpLZEVvC5hjNaMarNNKvhqt6%2FfXflun%2FnB2AmZZRAfChSWrDOGRGFfnIZfUiDSggjHE5J2c13e9lGgeHJQhP5Hmkk8SEhA1iqsuadNHb0CjMLBgip1Ki2q950DQnYjfz00C%2FpYdy7TylRBYYRfzUn4OcrYNdPvVKicTpnyN9kbfx1nM5Z2qKT5%2Fm39cV6F0rePeAEUstTcYzcCcHPjyo6qLguO40%2F%2Bk9ddPqZwomUhKGmDElK50tc%2BnCaNTTjUx999yn7BJNHX2R8lz81WNgF4pee7ES9PlIEwOiGc2hT9TdO%2BngBtvnn01fJX60vPTZ7wtS0j9trU2M5ctH1odbUt4Fz4c1Oc72X1GAYMWuCOLGl%2BL8b6wGARH4ivhAnXboO%2Frr2Lh98yxk9ex9A7cT%2BE77xJzd1chdu171%2FN96UuAYj1bqqjPSpyUu3EFlwEwxWagtmDhaQoDWZdf7oAtlFO82%2B2ns3J70S8bhiLGbBYbbw0tR6W2O%2BtZWluJXIwatvKRy%2BIxV46wRQAtzZA0rUA23BKDtla85afwubsaYbNB%2Fl8gve7DTPQ6K0#polycard_client=search-desktop&is_advertising=true&searchVariation=MLB62124802&backend_model=search-backend&search_layout=grid&position=27&type=pad&tracking_id=8891ddfa-c905-4125-b50b-4b767b53b3d1&wid=MLB6152645844&sid=search,1,1,2k-5k,22.35
"Smartphone Motorola Moto G77 5g - 256gb 24gb (8gb Ram + 16gb Ram Boost) Camera 108mp Ultra-pixel, Tela 1.5k Extreme Amoled 120hz, Ultrarresistente - Verde-escuro",2069,2499.0,4.9,Motorola,Chegará grátis amanhã,17,https://click1.mercadolivre.com.br/mclics/clicks/external/MLB/count?a=IUQImsnw6chgqEtuysmOj5GrDb37mwW8qkKFmab7XgJVUkF2f5KT%2BsgWPEVnhNWW9cOob2jLWNHSUQIPlhVlTstZjHbCAQlLhT8DMCBWokadMaCgb317hzFLgu4vWJKr6zvqs%2FyrxIgj6lir2P8xlBlU1or5%2BE8WCA8%2F5%2BUixt6Hk6Ql8jomK5IH%2FOLQTojU%2FdAY2NgC0ernuk%2BRp3PK8yrLyIo%2FStnFjjLDaT1JoZ22ILKqsvJ9HzFhynH1cqlfmPnocBV7ZbOaFCTdlJii5dr8yWbusof4cbTFzuM%2BpS50Ey5kdPNBGjODgJqv9Uk04X%2Ftl%2BXGWKiNKUBKEjq59TmtOhWi67mv9rkg3X%2B1Sf%2FaorLtCr%2FO5YROHS1Dr4REscRitCs7jBUx6GIhNp5o82DEb2sP%2FmPM1MRmubQNoh9JeIxo%2BwKHxRlDtdu0a6DVpdiVeC9tMTYrIJTTjE7P4J4lnewtGuXUT7%2FE59jB6Vu%2FbWhfsOJyg8HdCND0TUobLyYrdO8SloM%2FOCPZUza0nSrPSP8oYHc4tweGdQGUs4LaaOXCrInU%2B7OJldmYnKX2E3N%2FkYk3BGPLU0%2BWxVuNtkBw3wQHI%2B23lgKTxEUrA4mt%2FQUI1XZsRUmEoIrTipJSAa%2B7VSsQXpu%2FEtePwROsiZWoEv5h5J9MARkQdCsuP9g2HqXI%2F6J3bcXbj%2FnY12ssXUwCPM2QfnXIPhHHZ0Y9yk0aHyp7CElOySdYisJpKEO0NbhTw76fxNl81J6yWYinFfmkzc9kh2gAeAHkoIFE9u0CsUP1YUBe8XsIo3VDFYO36e0lfguzNhy6S4SFZ3OiIJJeIw1ThgSf4dAwR39Jc41YlTex0lc9FCx0t5uDGqAdgsx4C%2BC%2F%2F4CMH05XV85bfdi1VmAmpak3hAzp3hsPE4MBwmn0z1bKdovRIXhdtfboPLWt%2FCdr4gjsYYeG3vkl9V6%2FKvkmTKbRUf%2BnuFHKBYjAM85g8f6is1U4LYumCzTNPiDHGPgUHYty%2BHRcycKVW0TZIcT3alv3D1gUItBVPaQdJETOVUI96wQ1DwmO6xk0iZ%2BB8oOyjRfPTP8P#polycard_client=search-desktop&is_advertising=true&searchVariation=MLB65305142&backend_model=search-backend&search_layout=grid&position=28&type=pad&tracking_id=8891ddfa-c905-4125-b50b-4b767b53b3d1&wid=MLB6420050194&sid=search,1,1,2k-5k,17.55
Smartphone Motorola Moto G05 256gb 4gb Ram Camera 50mp Vermelho,699,1199.0,4.9,Motorola,Chegará grátis amanhã,42,https://www.mercadolivre.com.br/smartphone-motorola-moto-g05-256gb-4gb-ram-camera-50mp-vermelho/p/MLB58493174#polycard_client=search-desktop&search_layout=grid&position=29&type=product&tracking_id=8891ddfa-c905-4125-b50b-4b767b53b3d1&wid=MLB5774641722&sid=search,1,1,500-1k,25.05
iPhone 16e (128 GB) - Preto - Distribuidor Autorizado,3699,5799.0,4.9,Apple,Chegará grátis amanhã,36,https://www.mercadolivre.com.br/iphone-16e-128-gb-preto-distribuidor-autorizado/p/MLB1046215784#polycard_client=search-desktop&search_layout=grid&position=30&type=product&tracking_id=8891ddfa-c905-4125-b50b-4b767b53b3d1&wid=MLB3986439067&sid=search,1,1,2k-5k,23.25
Smartphone Motorola Edge 60 Neo 5G - 256GB 24GB (12GB RAM + 12GB Ram Boost) 50MP Sony Camera Moto AI e tela 1.5K Super HD - Latte,1799,3799.0,4.9,Motorola,Chegará grátis amanhã,53,https://www.mercadolivre.com.br/smartphone-motorola-edge-60-neo-5g-256gb-24gb-12gb-ram-12gb-ram-boost-50mp-sony-camera-moto-ai-e-tela-15k-super-hd-latte/p/MLB58684606#polycard_client=search-desktop&search_layout=grid&position=31&type=product&tracking_id=8891ddfa-c905-4125-b50b-4b767b53b3d1&wid=MLB4265763257&sid=search,1,1,1k-2k,28.349999999999998
"Samsung Galaxy S25 5G, 256GB, 12GB, Câmera Tripla - Azul claro",3898,5999.0,4.9,Samsung,Chegará grátis amanhã,35,https://www.mercadolivre.com.br/samsung-galaxy-s25-5g-256gb-12gb-cmera-tripla-azul-claro/p/MLB45513356#polycard_client=search-desktop&search_layout=grid&position=32&type=product&tracking_id=8891ddfa-c905-4125-b50b-4b767b53b3d1&wid=MLB5264376996&sid=search,1,1,2k-5k,22.95
"Smartphone Motorola Moto G86 5g - 256gb 24gb (8gb Ram+16gb Ram Boost) Tela 1.5k Poled, 50mp Sony Camera Ois Moto Ai, Videos Em 4k, Ip68 + Ip69 - Vermelho",1792,2399.0,4.9,Motorola,Chegará grátis amanhã,25,https://www.mercadolivre.com.br/smartphone-motorola-moto-g86-5g-256gb-24gb-8gb-ram16gb-ram-boost-tela-15k-poled-50mp-sony-camera-ois-moto-ai-videos-em-4k-ip68-ip69-vermelho/p/MLB51340616#polycard_client=search-desktop&search_layout=grid&position=33&type=product&tracking_id=8891ddfa-c905-4125-b50b-4b767b53b3d1&wid=MLB5462013472&sid=search,1,1,1k-2k,19.95
"Smartphone Infinix Note 50X 5G 8GB RAM 256GB De Armazenamento Tela 6,78"" Polegadas HD+ 120HZ Câmera 50MP + Selfie 8MP Bateria 5200mah NFC, DTS Áudio - Cor Cinza",1349,2267.0,4.8,123 Comprou,Chegará grátis amanhã,40,https://www.mercadolivre.com.br/smartphone-infinix-note-50x-5g-8gb-ram-256gb-de-armazenamento-tela-678-polegadas-hd-120hz-cmera-50mp-selfie-8mp-bateria-5200mah-nfc-dts-audio-cor-cinza/p/MLB61656785#polycard_client=search-desktop&search_layout=grid&position=34&type=product&tracking_id=8891ddfa-c905-4125-b50b-4b767b53b3d1&wid=MLB5957442486&sid=search,1,1,1k-2k,24.4
Smartphone Motorola Edge 60 5g - 512gb 24gb (12gb Ram+12gb Ram Boost) Tela Quad-curve Moto Ai 50mp Sony Camera Ultrarresistencia Militar Ip68 + Ip69 - Azul Marinho,2099,2799.0,4.9,Motorola,Não informado,25,https://www.mercadolivre.com.br/smartphone-motorola-edge-60-5g-512gb-24gb-12gb-ram12gb-ram-boost-tela-quad-curve-moto-ai-50mp-sony-camera-ultrarresistencia-militar-ip68-ip69-azul-marinho/p/MLB48930800#polycard_client=search-desktop&search_layout=grid&position=35&type=product&tracking_id=8891ddfa-c905-4125-b50b-4b767b53b3d1&wid=MLB5363845340&sid=search,1,0,2k-5k,9.95
Smartphone Motorola Moto G35 5g 256gb 12gb Ram Boost Coral,945,2000.0,4.8,Desconhecida,Não informado,53,https://www.mercadolivre.com.br/smartphone-motorola-moto-g35-5g-256gb-12gb-ram-boost-coral/p/MLB63092926#polycard_client=search-desktop&search_layout=grid&position=36&type=product&tracking_id=8891ddfa-c905-4125-b50b-4b767b53b3d1&wid=MLB6228408744&sid=search,1,0,500-1k,18.299999999999997
Smartphone Motorola Moto G56 5g - 256gb 16gb (8gb Ram+8gb Ram Boost) Camera 50mp Sony Lytia 600 Ultrarresistencia Militar e Ip68 + Ip69 - Cinza,1598,1999.0,4.9,Motorola,Chegará grátis amanhã,20,https://www.mercadolivre.com.br/smartphone-motorola-moto-g56-5g-256gb-16gb-8gb-ram8gb-ram-boost-camera-50mp-sony-lytia-600-ultrarresistencia-militar-e-ip68-ip69-cinza/p/MLB50301060#polycard_client=search-desktop&search_layout=grid&position=37&type=product&tracking_id=8891ddfa-c905-4125-b50b-4b767b53b3d1&wid=MLB5402372302&sid=search,1,1,1k-2k,18.45
Apple iPhone 16 (256 GB) - Preto - Distribuidor Autorizado,5205,9538.0,4.9,Apple,Chegará grátis amanhã,45,https://www.mercadolivre.com.br/apple-iphone-16-256-gb-preto-distribuidor-autorizado/p/MLB1040287796#polycard_client=search-desktop&search_layout=grid&position=38&type=product&tracking_id=8891ddfa-c905-4125-b50b-4b767b53b3d1&wid=MLB3931272075&sid=search,1,1,5k-10k,25.95
"Smartphone OPPO A6t 128gb, 12gb Ram (4gb + 8gb Virtual Ram), Bateria Gigante de 6500mAh, Processador Snapdragon, Tela 120Hz, AI Câmera, IP64 - Violeta",899,1299.0,4.9,Oppo,Chegará grátis amanhã,31,https://www.mercadolivre.com.br/smartphone-oppo-a6t-128gb-12gb-ram-4gb-8gb-virtual-ram-bateria-gigante-de-6500mah-processador-snapdragon-tela-120hz-ai-cmera-ip64-violeta/p/MLB66130734#polycard_client=search-desktop&search_layout=grid&position=39&type=product&tracking_id=8891ddfa-c905-4125-b50b-4b767b53b3d1&wid=MLB4573343865&sid=search,1,1,500-1k,21.75
"Smartphone Xiaomi Redmi 15 8gb 256gb Tela 6,9 144hz, Bateria 7.000 Mah, 50 Mp Preto",1390,1390.0,4.8,Desconhecida,Chegará grátis amanhã,0,https://www.mercadolivre.com.br/smartphone-xiaomi-redmi-15-8gb-256gb-tela-69-144hz-bateria-7000-mah-50-mp-preto/p/MLB61511995#polycard_client=search-desktop&search_layout=grid&position=40&type=product&tracking_id=8891ddfa-c905-4125-b50b-4b767b53b3d1&wid=MLB4390450235&sid=search,0,1,1k-2k,12.4
Celular Samsung Galaxy A56 5g 128gb 8gb Ram Rosa,1998,3299.0,4.9,Samsung,Chegará grátis amanhã,39,https://www.mercadolivre.com.br/celular-samsung-galaxy-a56-5g-128gb-8gb-ram-rosa/p/MLB47106876#polycard_client=search-desktop&search_layout=grid&position=41&type=product&tracking_id=8891ddfa-c905-4125-b50b-4b767b53b3d1&wid=MLB4561879339&sid=search,1,1,1k-2k,24.15
Apple iPhone 15 (128 GB) - Azul - Distribuidor Autorizado,4499,7209.0,4.9,Apple,Chegará grátis amanhã,38,https://www.mercadolivre.com.br/apple-iphone-15-128-gb-azul-distribuidor-autorizado/p/MLB1027172667#polycard_client=search-desktop&search_layout=grid&position=42&type=product&tracking_id=8891ddfa-c905-4125-b50b-4b767b53b3d1&wid=MLB4408547152&sid=search,1,1,2k-5k,23.85
iPhone 17 Pro 256GB - Azul-profundo - Distribuidor Autorizado,9899,11499.0,4.9,Apple,Chegará grátis amanhã,14,https://www.mercadolivre.com.br/iphone-17-pro-256gb-azul-profundo-distribuidor-autorizado/p/MLB1055308781#polycard_client=search-desktop&search_layout=grid&position=43&type=product&tracking_id=8891ddfa-c905-4125-b50b-4b767b53b3d1&wid=MLB5687335472&sid=search,1,1,5k-10k,16.65
iPhone 17 256 GB - Sálvia - Distribuidor Autorizado,6297,7999.0,4.9,Apple,Chegará grátis amanhã,21,https://www.mercadolivre.com.br/iphone-17-256gb-salvia-distribuidor-autorizado/p/MLB1055308843#polycard_client=search-desktop&search_layout=grid&position=44&type=product&tracking_id=8891ddfa-c905-4125-b50b-4b767b53b3d1&wid=MLB6545162768&sid=search,1,1,5k-10k,18.75
Apple iPhone 16 (128 GB) - Preto - Distribuidor Autorizado,4986,7799.0,4.9,Apple,Chegará grátis amanhã,36,https://www.mercadolivre.com.br/apple-iphone-16-128-gb-preto-distribuidor-autorizado/p/MLB1040287808#polycard_client=search-desktop&search_layout=grid&position=45&type=product&tracking_id=8891ddfa-c905-4125-b50b-4b767b53b3d1&wid=MLB5120546360&sid=search,1,1,2k-5k,23.25
Smartphone Motorola Edge 60 Pro 5g - 512gb 24gb (12gb Ram+12gb Ram Boost) Tela Quad-curve Moto Ai 50mp Sony Camera Ultrarresistencia Militar Ip68 + Ip69 - Cinza,3059,5499.0,4.9,Motorola,Chegará grátis amanhã,44,https://www.mercadolivre.com.br/smartphone-motorola-edge-60-pro-5g-512gb-24gb-12gb-ram12gb-ram-boost-tela-quad-curve-moto-ai-50mp-sony-camera-ultrarresistencia-militar-ip68-ip69-cinza/p/MLB48998798#polycard_client=search-desktop&search_layout=grid&position=46&type=product&tracking_id=8891ddfa-c905-4125-b50b-4b767b53b3d1&wid=MLB5389690592&sid=search,1,1,2k-5k,25.65
"Tcl Smartphone 605 4g, Octa Core, 128gb 12gb Ram (4+8), 6.7 Hd+ 90hz, Nfc, Dual Sim, 50mp",649,799.0,4.7,Mercado Livre,Chegará grátis amanhã,19,https://www.mercadolivre.com.br/tcl-smartphone-605-4g-octa-core-128gb-12gb-ram-48-67-hd-90hz-nfc-dual-sim-50mp/p/MLB53155051#polycard_client=search-desktop&search_layout=grid&position=47&type=product&tracking_id=8891ddfa-c905-4125-b50b-4b767b53b3d1&wid=MLB6161225994&sid=search,1,1,500-1k,18.05
Apple iPhone 15 (256 GB) - Preto - Distribuidor Autorizado,4751,8095.0,4.9,Apple,Chegará grátis amanhã,41,https://www.mercadolivre.com.br/apple-iphone-15-256-gb-preto-distribuidor-autorizado/p/MLB1027172669#polycard_client=search-desktop&search_layout=grid&position=48&type=product&tracking_id=8891ddfa-c905-4125-b50b-4b767b53b3d1&wid=MLB3621184765&sid=search,1,1,2k-5k,24.75
Smartphone Motorola Edge 60 Fusion 5g - 256gb 16gb (8gb Ram+8gb Ram Boost) 50mp Sony Ai Camera Ip68 Nfc - Rosa,1939,3299.0,4.9,Motorola,Chegará grátis amanhã,41,https://www.mercadolivre.com.br/smartphone-motorola-edge-60-fusion-5g-256gb-16gb-8gb-ram8gb-ram-boost-50mp-sony-ai-camera-ip68-nfc-rosa/p/MLB47251829#polycard_client=search-desktop&search_layout=grid&position=49&type=product&tracking_id=8891ddfa-c905-4125-b50b-4b767b53b3d1&wid=MLB4027318137&sid=search,1,1,1k-2k,24.75
Smartphone Motorola Moto G15 256gb 12gb 4GB RAM 8GB RAM Boost Camera 50mp Verde,899,1499.0,4.8,Motorola,Chegará grátis amanhã,40,https://www.mercadolivre.com.br/smartphone-motorola-moto-g15-256gb-12gb-4gb-ram-8gb-ram-boost-camera-50mp-verde/p/MLB44665542#polycard_client=search-desktop&search_layout=grid&position=50&type=product&tracking_id=8891ddfa-c905-4125-b50b-4b767b53b3d1&wid=MLB5237351728&sid=search,1,1,500-1k,24.4
iPhone 17 Pro 512GB - Azul-profundo - Distribuidor Autorizado,11699,12999.0,4.9,Apple,Chegará grátis amanhã,10,https://www.mercadolivre.com.br/iphone-17-pro-512gb-azul-profundo-distribuidor-autorizado/p/MLB1055308802#polycard_client=search-desktop&search_layout=grid&position=51&type=product&tracking_id=8891ddfa-c905-4125-b50b-4b767b53b3d1&wid=MLB4200188179&sid=search,1,1,10k+,15.45
"Smartphone Motorola Signature 5g - 512gb 24gb (12gb Ram + 12gb Ram Boost), 3 Cameras 50mp Sony Lytia E Zoom 100x, Tela 1.5k Extreme Amoled 165hz - Preto",7649,8999.0,4.8,Motorola,Chegará grátis amanhã,15,https://www.mercadolivre.com.br/smartphone-motorola-signature-5g-512gb-24gb-12gb-ram-12gb-ram-boost-3-cameras-50mp-sony-lytia-e-zoom-100x-tela-15k-extreme-amoled-165hz-preto/p/MLB65938141#polycard_client=search-desktop&search_layout=grid&position=52&type=product&tracking_id=8891ddfa-c905-4125-b50b-4b767b53b3d1&wid=MLB6373850588&sid=search,1,1,5k-10k,16.9
"Smartphone Motorola Moto G17 4g - 256gb 12gb (4gb Ram + 8gb Ram Boost) Camera 50mp Sony Lytia 600, Tela Fhd+ 60hz, Bateria 5200 Mah - Rosa",1078,1749.0,4.9,Motorola,Chegará grátis amanhã,38,https://www.mercadolivre.com.br/smartphone-motorola-moto-g17-4g-256gb-12gb-4gb-ram-8gb-ram-boost-camera-50mp-sony-lytia-600-tela-fhd-60hz-bateria-5200-mah-rosa/p/MLB65041664#polycard_client=search-desktop&search_layout=grid&position=53&type=product&tracking_id=8891ddfa-c905-4125-b50b-4b767b53b3d1&wid=MLB4510840013&sid=search,1,1,1k-2k,23.85
Smartphone Oppo A6 Pro 256gb 8gb Ram 5g Ip69 Azul Espacial,2999,3199.0,4.9,Oppo,Chegará grátis amanhã,6,https://www.mercadolivre.com.br/smartphone-oppo-a6-pro-256gb-8gb-ram-5g-ip69-azul-espacial/p/MLB66177449#polycard_client=search-desktop&search_layout=grid&position=54&type=product&tracking_id=8891ddfa-c905-4125-b50b-4b767b53b3d1&wid=MLB4536941689&sid=search,1,1,2k-5k,14.25
iPhone 17e 256GB Preto - Distribuidor Autorizado,5219,5799.0,4.9,Apple,Chegará grátis amanhã,10,https://www.mercadolivre.com.br/iphone-17e-256gb-preto-distribuidor-autorizado/p/MLB1066130044#polycard_client=search-desktop&search_layout=grid&position=55&type=product&tracking_id=8891ddfa-c905-4125-b50b-4b767b53b3d1&wid=MLB6402322328&sid=search,1,1,5k-10k,15.45
Smartphone Samsung Galaxy A56 5g 6.7 Pol Octa-core 256gb 8gb,1998,3699.0,4.9,Samsung,Chegará grátis amanhã,46,https://www.mercadolivre.com.br/smartphone-samsung-galaxy-a56-5g-67-pol-octa-core-256gb-8gb/p/MLB65302568#polycard_client=search-desktop&search_layout=grid&position=56&type=product&tracking_id=8891ddfa-c905-4125-b50b-4b767b53b3d1&wid=MLB4609819131&sid=search,1,1,1k-2k,26.25
"Smartphone Motorola Moto G17 4g - 128gb 12gb (4gb Ram + 8gb Ram Boost) Camera 50mp Sony Lytia 600, Tela Fhd+ 60hz, Bateria 5200 Mah - Azul",899,1299.0,4.9,Motorola,Chegará grátis amanhã,31,https://www.mercadolivre.com.br/smartphone-motorola-moto-g17-4g-128gb-12gb-4gb-ram-8gb-ram-boost-camera-50mp-sony-lytia-600-tela-fhd-60hz-bateria-5200-mah-azul/p/MLB65041642#polycard_client=search-desktop&search_layout=grid&position=57&type=product&tracking_id=8891ddfa-c905-4125-b50b-4b767b53b3d1&wid=MLB6420215012&sid=search,1,1,500-1k,21.75
"Smartphone Infinix Smart 10 4GB RAM 256GB SSD Câmera 8MP + IA, Tela 6.67 HD+ 120Hz, Bateria 5000mAh, Processador T7250, Android 15 Go, Dual Chip - Preto",670,1458.0,4.8,123 Comprou,Chegará grátis amanhã,54,https://www.mercadolivre.com.br/smartphone-infinix-smart-10-4gb-ram-256gb-ssd-cmera-8mp-ia-tela-667-hd-120hz-bateria-5000mah-processador-t7250-android-15-go-dual-chip-preto/p/MLB56327005#polycard_client=search-desktop&search_layout=grid&position=58&type=product&tracking_id=8891ddfa-c905-4125-b50b-4b767b53b3d1&wid=MLB5751262142&sid=search,1,1,500-1k,28.599999999999998
Kit Samsung: Celular Galaxy A17 256gb 8gb Ram 50mp 6.7 Nfc Ip54 Preto + Galaxy Buds Core Branco,1431,1698.0,4.9,Samsung,Frete grátis,16,https://www.mercadolivre.com.br/kit-samsung-celular-galaxy-a17-256gb-8gb-ram-50mp-67-nfc-ip54-preto--galaxy-buds-core-branco/up/MLBU3605578150#polycard_client=search-desktop&search_layout=grid&position=59&type=product&tracking_id=8891ddfa-c905-4125-b50b-4b767b53b3d1&wid=MLB5957929002&sid=search,1,1,1k-2k,17.25
Smartphone OPPO A5 256GB 6GB RAM Branco,1169,1499.0,4.8,Oppo,Chegará grátis amanhã,22,https://www.mercadolivre.com.br/smartphone-oppo-a5-256gb-6gb-ram-branco/p/MLB51680761#polycard_client=search-desktop&search_layout=grid&position=60&type=product&tracking_id=8891ddfa-c905-4125-b50b-4b767b53b3d1&wid=MLB5745515116&sid=search,1,1,1k-2k,19.0
Smartphone Motorola Moto G15 256gb 12gb 4GB RAM 8GB RAM Boost Camera 50mp Verde,899,1499.0,4.8,Motorola,Chegará grátis amanhã,40,https://click1.mercadolivre.com.br/mclics/clicks/external/MLB/count?a=25yIVor0miKCy7AqE%2FtUG%2B8ePCL2qcI22hIAHSj9FPOPznHp8hffRAV33mIchU0utJ9VVqQ3N8P3ufODF4PqfFoGYTHThOOyIhqQ%2BP3kZQenh7udeEPVLJ75mwpGxHsbFK4oQ7GlYw8aLVNE%2Bkzcf6MsYRVhf9eDq5RVydyVwmm1g7Fj1ST0O3gE870wGE8Jc9ogP%2FKWOvU7bW%2FRd7%2BvHEYvpC528ErYej41RnXizPBqdq1Q1Fq3oOA5NYVIZE3uH20TZ3vRRkSQNmdPGAaUepgDUzkaHb8if8RResPTflNzXsxj2gUApAiCSBPiEzjc3Q0usEjqqJ6RaRDYAjgsBZp0fufHHeR2Vnwop00hO4nuZOOW0MqRvtNHDH22abBKoRCP7z5x1HOeETEYe%2BetuK0K8FXzT%2BlMQWFJOB9acZTK77wTCjPPD8zVq5HFjJYt%2F66ik%2FSL0WMk2kYviTesTg627GfeRf%2B5aP%2BncP8hP6kDn%2FSjYkxgxu2QtdjxIM9WKEfr%2FNRBeRw5%2B76tSiLQrhNf0A26vHWb%2FW4Q7BQijXzWVYqcBWfVi6hNpB5RdJ8iVtsdPRyaaOa4ONiZ6T9Vt8xl8oxXtjvFA2jSSAMkJDqrjUV%2FkskjnKVxWptKPsohVr%2F67trP4ogfc1guvS7p8YJylcFpNTkRWeaNUxs9ELFa461mG8%2F32%2FuqhgTwoe8wBiYUByDeUNAN%2FllC%2F5E%2BJaQS9BJYMs67s%2FL%2BlszO9XVaumX%2F1dKnhf3j%2B8YoLj6bt3NvoaOW%2F5rcu3JhdC8yBeAqIB%2FeuSpSZyLg9HkwL0eIhT0o4Ar%2FzpmYN3dQg6u8AI10jlXN4NafcJ6aOh1FPqG4WhH8Xn2uIbHVTKmmNUUZaeD8z%2BFzZ4eUKZaxw%2FDOhyzItwqV6ziQRb3Ppev0e3uOmvQ9SqfUNrz%2FJNfo0ybVnMxtjyd0nlZR4exkbm%2BMISwzilX1LKmiQW01HIY%2Bo%2FZ6Wl56#polycard_client=search-desktop&is_advertising=true&searchVariation=MLB44665542&backend_model=search-backend&search_layout=grid&position=1&type=pad&tracking_id=87cc6552-6cb4-4974-b0b8-2ceaca401cbd&wid=MLB5237351728&sid=search,1,1,500-1k,24.4
"Smartphone Motorola Moto G17 4g - 128gb 12gb (4gb Ram + 8gb Ram Boost) Camera 50mp Sony Lytia 600, Tela Fhd+ 60hz, Bateria 5200 Mah - Azul",899,1299.0,4.9,Motorola,Chegará grátis amanhã,31,https://click1.mercadolivre.com.br/mclics/clicks/external/MLB/count?a=e2xAKlbxwmwpj0H%2FwcPobdNA%2B6tdseigoR8GYwi1ZA8cUCgGtOKep7AyXhHCfn9u5%2FGteeIxYLg5JH5lpUG9xCRR6QtqBd5lAfSR4XVXTai9akSussYFZmDl12ad46EECkiEGJK%2BVLJze9nIADDZzyo9GuGNZSKe%2Fu6hEWdyjafuFXPvJ5JcrCVp8SQcD4a4MA7E7TQY6taJdWtQ7bwB2GiFlTM47vvWnvzmwFzsMX7U3YVtrGKSScJfqfD1k51tLWv87iJ%2FWaEkqi0mpk%2B80lIq4UBxESDP3Z3BfyhDDF1mKFWS6vqMKkvOZCvrIlepiILBCrLmEV2we2EpLQkbQv1srGjaba3Pmy5IK5LqROhl4araGZkSI4QpWnmYZQTKkXhmXWpkrwEjUOjtArqmkbe6jFROYk1O4ImMSk05SPmVmpHV2hdaoytA2QoLVtcC%2Fnpsq0Gmk4x1xJRtCdaOPEdyAvNypjxa23rAogCcfyvxKvxRXxsEVpOr9wDgqLp8r%2FuFNRZylo133lEtEnE5seTTIa4Nu6%2B1VWGyRbEpMYYh73EVhQSlATgnFqwMQEoeE2DeY3xILCYAdbcjX8M%2Fb0u1uqJhyZaYAAsKawTxVS1ZKxxPSl3wmw0h71qJB7pfpijveabwmcE6epdp9tvdOt%2Ff1soVkfQx1P1ErdVfCUcZY83aR1W8iM8ZBx30FrOxNLcL03fWF%2B12EsjhqSzt5hxyT7QjZQTqG0yDnYhFgjdeSiYJopTTtlMvIz8cheHt5e0AHmITGpyJESH4pCAuSOTSnEM9gRkz46jQNWKI3e19ymCR%2BobZVfseDyG4bbG8Dtcq2b1fui%2F5e86ISdN85lxK5zuTGG1Fk5rmKeNS5SdVVT0%2Bd7JgGd0Vdu692XfyL6zVVIVeOCraZR3%2F9rnODY1pE5Y34caOOfir0X0GjXLgH0TRsqeWeBTu9qCHcxgUJ1rbbCKToO3HxCjLeBU%2FsiyhVqi0axjrfhOxQeXmjj3YFBG%2FkMj8U6RjaMSPrng06ovgl0tn5jedkIDtrq8i5G9eAGV%2B#polycard_client=search-desktop&is_advertising=true&searchVariation=MLB65041642&backend_model=search-backend&search_layout=grid&position=2&type=pad&tracking_id=87cc6552-6cb4-4974-b0b8-2ceaca401cbd&wid=MLB6420215012&sid=search,1,1,500-1k,21.75
Smartphone Motorola Moto G06 - 256gb 12gb (4gb Ram + 8gb Ram Boost) E Camera 50mp Com Ai Bateria De 5200 Mah Tela 6.9 - Bege,723,1349.0,4.9,Motorola,Chegará grátis amanhã,46,https://click1.mercadolivre.com.br/mclics/clicks/external/MLB/count?a=TKMFlnqgS7iDN7H%2F2NIMWiMvP4aemKu%2FUP1%2Fr4QcCTkLHSFs%2F3Sid4VnAvROw%2FacH6G6DfH2q4Nb7kGDI53pA90KP4w1daShkUCDJkYFz5siDu%2BTabZxstCP%2BQyzfrld1D6rcgIsYvncmLnx9TjQjGqrD1RUtvnyjb7MlZSXOOdmQ%2FGLNizc8U%2BKUnHAyA7%2F7Bw%2FK857R77yzvXRvZtihDgdCsOuU8tJutNX6G250gR9PJZUfGp5jCQu%2FFjHO%2BSaFoGjt%2FXeQDL1Nc9LjviyST5d54CoMcjGuevwPnvr0gSFV8zXLg%2Bmo9%2BbtuCjodz5x77OjOX3O%2FYCIC8g8UVSpt4UNskvq9cqwrtWtQzGYtwj7dsXOqXpa722BLKjgHh37FK8OTIrtVsHVXaF6TbrX%2B8MGG55sLtmjm2niHI7d0KmHDtO%2Fcon4qdBu2wHUftJ0Dq0eBT3bqaA2gE5ehRln6vlfsDnwEqBj2JfJ8kF9RDW2lJjpbb6xwliACZcO4q%2BCm2SVfHvN7L7PXxK1m0YP2T1jXTdyIwU30PMIJCK4LQBpsr%2F1qNFljsHoeZCCeOlqGHfj9P4LQ3HGouINLA0kuAwrKYuAbVH7aqPQ5pGoesO6cLyGQsCQyx%2BKxthKLluw0w8cvuYzGZjzaGU2f8%2B6MZbLay3ivV5rbSSWZVdTGElZEbiEKzFTfpxbaXih6qZhEQQpPK2C1Rhhup%2BTxe5pZNsb5INvUI2aoAhmFuD2WPtYc%2BZXo5TGeSV%2BM%2FvpeuVd%2BqTE4FKHBBQXVr4yqjlEtQppDjldR8eTcjN%2FxK8gLxeqz76mzlu99zs6ZFrW46RWexYz7qGDwaytRfcvvP1F7hBFPTj8D1XybPKuy4jHRti89Xiq1op9qFhui4ToG0%2BDoSemSJ5CJHIot8oHjSJ8XJRXOjHyJXI6Z%2FY49zSRvPsyA42H7yfYIo%2F8VH73BNR2BjjHGlu%2FFqH%2B2aVzZqp%2F84xuTh%2BW7e%2FU1vJAIKeBEoLk7a5hz55JskULYJdfCrorERyhC9zyJxg#polycard_client=search-desktop&is_advertising=true&searchVariation=MLB55762063&backend_model=search-backend&search_layout=grid&position=3&type=pad&tracking_id=87cc6552-6cb4-4974-b0b8-2ceaca401cbd&wid=MLB5765125576&sid=search,1,1,500-1k,26.25
Smartphone Motorola Edge 60 Neo 5G - 256GB 24GB (12GB RAM + 12GB Ram Boost) 50MP Sony Camera Moto AI e tela 1.5K Super HD - Latte,1799,3799.0,4.9,Motorola,Chegará grátis amanhã,53,https://click1.mercadolivre.com.br/mclics/clicks/external/MLB/count?a=r08HxzTYqEhYYVV78mfwdCIJMiYibX6xlYU1t8QkVDQBujf9Xb0cWo9Cpj%2FGdhkeBLVem5HE%2FiuRALFSiGSA3l%2BgO8njGzcs6qPkwBFqAN2m%2FLyD4pCi0S7WWh%2FFlS%2Bi%2BXW2bG7LXea92fgwVJuWe3dlvqajkRGzgWKxRe70a1DOZdSmPdjOERGUYKMmqdn4839wayY%2F3zKEgqBThqqQWl6hGg8UmbT8qiZbQJl%2BnUyLRC4lHi%2Bjg8Tw%2BZExNomCMiOYJ6YXFQIbDfWGM9sfkMFzk4ztWo58CrPFzgp1AVBTpV6sq77Cobjg5AB9%2Ft%2BiPmt2kRcAbJq5XQ7edSw1A6VWE9e0PLU9VLG7EaTTWYS06RvVQe1OJ78bextleODqvwTiaLVg%2FOntE3wVNeJ4%2BLQ2u98K6BXdwJXkMsCNleHF2w%2FBDvyPOQHufv%2FOFtsqyBLgy8hBhBTX4b%2F%2BogN1SB00XKlazk2OoLIbSva0TnlszpW2szpmNYx1%2Biyd%2F8YlfujkJ4ksb79R0Ykbp2ItELwEHlK2XLMaXw%2Fc8U6SRjAsdxkXY7EauTezlT3q8TKYDp8aFIKUajZIsfCkOfDLpDtSoX%2Fduo%2BRSYihihG9%2Bvq45%2BGr15Zwnz52mZRwZ9M5E46p8HyASQTcruZHDS5HA7Mos5n045ipPb%2Fp6Yip1ZQ4GDwy%2FoUZ%2BqLadccbNEnw%2B8yFI%2BSZFxJusmc7Zq3HYmQW0pWgXElt6vzclBrOYZqj3Zl%2BwIBBUiWQQpdX%2BOQ1VE4QNb4S5OtA2GQwX4bw1drHHxWn%2Bif0grOJhWA5ExC%2FhBNLwFcvvTyg9NY8pvxmMbHCtJUB5H6VgGuOoi%2Fb0r2f3clptYC%2B4NdWhb7vzYIxzOWji4rM5%2BAPQaeN6xZSdZ8m81kB5xYPU%2BrkXmIOuNKwN1faN37pG8t34ccB%2BVJ9vAEyXrH9NkMbU07Iz6u3oSl5PB%2FPcVkteB43AlggNfJQvNVQpNq6dZpF%2Fcy%2BehtyGVsjb39qdg0igQToc4qDW8gaQiC5Yn8pB06s#polycard_client=search-desktop&is_advertising=true&searchVariation=MLB58684606&backend_model=search-backend&search_layout=grid&position=4&type=pad&tracking_id=87cc6552-6cb4-4974-b0b8-2ceaca401cbd&wid=MLB4265763257&sid=search,1,1,1k-2k,28.349999999999998
Celular Samsung Galaxy A56 5g 256gb 8gb Ram Cinza,1998,3699.0,4.9,Samsung,Chegará grátis amanhã,46,https://www.mercadolivre.com.br/celular-samsung-galaxy-a56-5g-256gb-8gb-ram-cinza/p/MLB47114363#polycard_client=search-desktop&search_layout=grid&position=5&type=product&tracking_id=87cc6552-6cb4-4974-b0b8-2ceaca401cbd&wid=MLB5317821714&sid=search,1,1,1k-2k,26.25
Smartphone Samsung Galaxy A36 5g 128gb 6gb Ram Câmera Tripla De Até 50mp Selfie De 12mp Ip67 Super Amoled 6.7'' Nfc Recursos Ai Android E Segurança Snapdragon - Preto,1430,2815.0,4.9,Webfones,Chegará grátis amanhã,49,https://www.mercadolivre.com.br/smartphone-samsung-galaxy-a36-5g-128gb-6gb-ram-cmera-tripla-de-ate-50mp-selfie-de-12mp-ip67-super-amoled-67-nfc-recursos-ai-android-e-seguranca-snapdragon-preto/p/MLB47115842#polycard_client=search-desktop&search_layout=grid&position=6&type=product&tracking_id=87cc6552-6cb4-4974-b0b8-2ceaca401cbd&wid=MLB6410679768&sid=search,1,1,1k-2k,27.15
Xiaomi Redmi 14c 4G 256 GB 8 GB RAM dual sim cor preto,830,830.0,4.6,Desconhecida,Não informado,0,https://www.mercadolivre.com.br/xiaomi-redmi-14c-4g-256-gb-8-gb-ram-dual-sim-cor-preto/p/MLB41287578#polycard_client=search-desktop&search_layout=grid&position=7&type=product&tracking_id=87cc6552-6cb4-4974-b0b8-2ceaca401cbd&wid=MLB6628300600&sid=search,0,0,500-1k,2.3
Smartphone Motorola Moto G06 - 128gb 12gb (4gb Ram + 8gb Ram Boost) E Camera 50mp Com Ai Bateria De 5200 Mah Tela 6.9,661,999.0,4.9,Desconhecida,Chegará grátis amanhã,34,https://www.mercadolivre.com.br/smartphone-motorola-moto-g06-128gb-12gb-4gb-ram-8gb-ram-boost-e-camera-50mp-com-ai-bateria-de-5200-mah-tela-69/p/MLB61381499#polycard_client=search-desktop&search_layout=grid&position=8&type=product&tracking_id=87cc6552-6cb4-4974-b0b8-2ceaca401cbd&wid=MLB4515672567&sid=search,1,1,500-1k,22.65
"Celular Samsung Galaxy A07 128gb, 4gb, Câmera 50mp, Tela 6.7 , Proteção Ip54, Processador 6nm - Preto",599,899.0,4.9,Samsung,Chegará grátis amanhã,33,https://www.mercadolivre.com.br/celular-samsung-galaxy-a07-128gb-4gb-cmera-50mp-tela-67-proteco-ip54-processador-6nm-preto/p/MLB55034955#polycard_client=search-desktop&search_layout=grid&position=9&type=product&tracking_id=87cc6552-6cb4-4974-b0b8-2ceaca401cbd&wid=MLB5859349564&sid=search,1,1,500-1k,22.35
Samsung Galaxy A06 5g Dual Sim 128gb preto,719,989.0,4.8,Vikings,Chegará grátis amanhã,27,https://www.mercadolivre.com.br/samsung-galaxy-a06-5g-dual-sim-128gb-preto/p/MLB48946861#polycard_client=search-desktop&search_layout=grid&position=10&type=product&tracking_id=87cc6552-6cb4-4974-b0b8-2ceaca401cbd&wid=MLB6433836010&sid=search,1,1,500-1k,20.5
"Celular Samsung Galaxy A17 Com Ia, 256gb, 8gb Ram, Câm De 50mp, Tela De 6.7 , Nfc, Ip54 - Preto",1259,1399.0,4.9,Samsung,Chegará grátis amanhã,10,https://www.mercadolivre.com.br/celular-samsung-galaxy-a17-com-ia-256gb-8gb-ram-cm-de-50mp-tela-de-67-nfc-ip54-preto/p/MLB55254425#polycard_client=search-desktop&search_layout=grid&position=11&type=product&tracking_id=87cc6552-6cb4-4974-b0b8-2ceaca401cbd&wid=MLB4583723537&sid=search,1,1,1k-2k,15.45
"Celular Samsung Galaxy A07 256gb, 8gb, Câmera 50mp, Tela 6.7 , Proteção Ip54, Processador 6nm - Violeta",852,1399.0,4.9,123 Comprou,Chegará grátis amanhã,39,https://www.mercadolivre.com.br/celular-samsung-galaxy-a07-256gb-8gb-cmera-50mp-tela-67-proteco-ip54-processador-6nm-violeta/p/MLB54964804#polycard_client=search-desktop&search_layout=grid&position=12&type=product&tracking_id=87cc6552-6cb4-4974-b0b8-2ceaca401cbd&wid=MLB4277746349&sid=search,1,1,500-1k,24.15
"Smartphone Motorola Moto G86 5g - 256gb 24gb (8gb Ram+16gb Ram Boost) Tela 1.5k Poled, 50mp Sony Camera Ois Moto Ai, Videos Em 4k, Ip68 + Ip69 - Vermelho",1792,2399.0,4.9,Motorola,Chegará grátis amanhã,25,https://click1.mercadolivre.com.br/mclics/clicks/external/MLB/count?a=k%2BYPm4ea38rn26Sg2rGiPED1aeRsFqUkQo6MzhNP6BEuUiViKJE5OxZjVVwZTQEPS%2FhQRyT7WhF%2FHy8YCGjqws93ttHPx1KfaOCZxym%2B60Z5HS1iYB1jZIlREnXVOggAGRnnNSMRsNpd0KBwwUQvY8IHMfnYZey0pfdJ%2BVUIRxylvHVJV3PqFd6odAQ9mwuwzPuKeBLyEbaBMP5FmUhoeGFGQhpzmTVpkRucO0ibZ0F%2FgEXqg0%2BrjfpiKRPzLAbamFThKn1nvNq4hTDHodfMjFPcYzgt5SZD0g3Naa5P4WZGvPmsaCyJNaH3R4f8cSI5XN9%2Bt9CWPLews40T9ZT%2BZLbJnApIzWMW4dh%2F1t3EY3pB8RtCcQfScYM2B42saIfrBD4wXGmKJyN81daxk6kb23aG%2BK6LAEALChMlpu1uf5VfFMykK5waqXCRmpwy22E0vKhcu6ITnmoErgPfx0eIoMtnCBgEXf%2BqxQ7y7FXMD%2Fgy%2Bp40edhijYABPxF3WYT9Eo0uhqk3Kp%2BS1OUubEssVFZGTZUBoVtV1%2FMalre7rM%2B%2BZ4umIzBxGgyLIZvhpxr38IeuqQ8VT5sc%2Fa3Fnp%2FImFCuhv02%2FTdNEMlaL75f48weuEtjGKcwWvpajcM%2FTv7J1vE4ET%2FU%2FQt%2BZba6x4qJNX2VzW4ii6LaQPjtoDDTZEj34kSXXMCEsZIyTD5NHFPWBKMw6s3adEc3WPJET6MiPIJ1%2FXTbgRFtzzcGPWq5%2B2qO%2Bor6V523cgvtpeb9pN6DfPW2e4QIQEdUqrgfHErnvNcZVToxtbUGdcjoTb33kPK3qyCLyc0zJ191%2Bs407GBpBlKuxAYC3dbhwf4D6rcj8NF5hjPha%2FAraA3KtoouNjY7s%2Bm7JKJ0qYjvo4Mxsehe7rZRn5dWC4EvPTvYivpcDR42658UHKUHTqWQy3yoEJ%2FTp1N1S%2B48d3ytQnOCN2yQW8UFxxShvZoXH8vGHD1EoFEBO3J32mh1DDCH3Mc10JABUM0NCe6apVr5%2BeSFAc%2FpG1Niv1XXA6RWZDBw40CzFe%2BvOiUNVFo3vio7Dw9AbvFpOcpp#polycard_client=search-desktop&is_advertising=true&searchVariation=MLB51340616&backend_model=search-backend&search_layout=grid&position=13&type=pad&tracking_id=87cc6552-6cb4-4974-b0b8-2ceaca401cbd&wid=MLB5462013472&sid=search,1,1,1k-2k,19.95
Smartphone Motorola Moto G05 256gb 4gb Ram Camera 50mp Vermelho,699,1199.0,4.9,Motorola,Chegará grátis amanhã,42,https://click1.mercadolivre.com.br/mclics/clicks/external/MLB/count?a=5z2IifN1MF7szISoUulUEiN2eKsrujmAX5UA7KGzyo9HBlpwJBtsIXftZ5sAxbfSUHHwQfam%2FgfkNTH8N3flG05%2FP13imJGcsjBpfeX6s%2FaFbNSIa0p6W2f5z3ecFgDX%2FZQ0yEQJH0G1r6zjDnZcfYP7kAWp4G8SD1IQw6ngk7XLO9hH2ecGPkl1fblNSCu1jcdb%2FwX4QPGH1B3k9Rkw6OEQBguUlK5UgVtURmwbzToEmjQ%2Fe9fOK5orkcAu935Rz3xqmlKQDFoaVeRooaWFi6QsWQrLfdHji4qVGplMHTJ5ok4WrJDJncxJm9oiOEV5j5vkNlebV%2FWPjVFOYIFrAEhGE15wKUQam3y%2B2COmtFUkYwhsVxkeyFXm8XXWM4uuqQ32LmvkAMPBt8LYuFxS2rpaz2%2BSYF4LNRC7zO0fMmt9s1jeHN%2FU%2FtsZvDWLrb4RBVWEJBWAdEXS9lUfRZSxzDZEHR%2FO8F10urK6HDYLV8rA%2FPxcFtcBUYuepgN4VlVtwzlMQBoLhYjQCIi9s76FYE8alo49Co4KQ5%2BP1OPX%2FvLQ7hf4l3TZD99RpC%2F3D5I76WVL689boRiQo%2FLvcLrLrezNfRxxqeC2Xdd%2FoUg3xrXcAfkIkX7Gci%2BZXjRPjDyMTDIt0%2FLjr4oITqH5ebQiDuNVjTlBXgFWA1lJ4QkFk94Gbie1fdZVJAXU%2FjOJ%2BWWjXSf0CB3qkqqjWm2KphOBmQcHGxjfguWFN7J0jjr1CKHikh6WZrrpc439ks7AA0AVxHoXS7iir6qSvzHB1qjfbOpIDXYe36mZ0e8fetan8CuaOMGYZemdOU0aycdyYQUYUurf95WE982nM8dD%2F%2BXLUj6gzAWpWhKKJH3pDZLaChMNAdMClaRMLJmGmyOjyotBn3jQ%2BmNu7zq%2BQ%2BN9g9Y2FyKtWK9HuU2x4ClLQEiVS2lkKMbKALiK2ApNVbqJDeZh2bnRA%2FGn#polycard_client=search-desktop&is_advertising=true&searchVariation=MLB58493174&backend_model=search-backend&search_layout=grid&position=14&type=pad&tracking_id=87cc6552-6cb4-4974-b0b8-2ceaca401cbd&wid=MLB5774641722&sid=search,1,1,500-1k,25.05
Smartphone Motorola Moto G56 5g - 256gb 16gb (8gb Ram+8gb Ram Boost) Camera 50mp Sony Lytia 600 Ultrarresistencia Militar e Ip68 + Ip69 - Cinza,1598,1999.0,4.9,Motorola,Chegará grátis amanhã,20,https://click1.mercadolivre.com.br/mclics/clicks/external/MLB/count?a=4MC%2F7ZB%2Bl4EI0EMYIKjFsjolb6wV6vOtW3hADb0JaQEztEd%2B00m4uHGH6%2FRyYTHRiehxUnL0hVwl9bJpiee5Dxv%2Fmf%2B4jpTyU821xocXIPwtUTmvVaKNwhB6psRchl9nYgwJ7eubCocxpM%2BSbIquGzS3z%2FPoNis%2FiEs2yef3NKBYaPA%2F7Dq%2B%2Fyr9gABxosqauRkpsDw2VfYykX34IngOOFtsZCKXjhn%2Fk2fp%2Be2bcNZL%2FzV%2FvaBt6xaBA5xHYiuMRJAqLGRTPBPEw8gl%2F7rsqwx5q8m7KTSSUIiVM4kE%2FCkTnqMBAe%2FSxTdavih5GQxWyS3Z1u9JGP6u3%2BnoljCiS3ONZDrFWhCyBmfb%2F0OGVwrPlh%2FvlIl1O5jBxVUuAioqv8v7hDU8Gl%2FKo%2FubGMoZk383joPzD4Lxkfztc2ZxLpYHqkQ3oNEJgNWBFs7aqNw4qAK5tiq98JCRaN3qm3tfUY2KdDXNuALxPx6buicKS8B2duYnz8gyV4uMEUd2vZp1M853%2BjVjx5H2OF311wlGK6KdQAERpWwBeeJengxnJxDEa2KO%2FZarUm7PIz%2BWPPgIYcWSuVtp1EE8mP4G1G0lNVKnllL1sjfo3ra6p07554AuokaPMhpfnXJtKxU5s0lHA5k9S3KGnhDwwv5Q2wFAbPmBpQi7TrBZ6nUBEhqe50oCPBrQHUz3jG7Ep9NB%2FjkLSDjd9dl3P6rn5bL6vyRRsqL4ygooUfBRtRf16JXtqsQMr28nK0j4Z371rPeYs1aubcON8nk7h73qN4Kf1b55HPm6fJrEP3jlq16zH9YGT8eYtxiprDwlhDJwuxznDm6%2F%2BqzbUMtTo%2BsRu0BA4iDQc8NY%2BtbkALtNrpqEPBsFNJbtf3jBD3KGQpaZk7E3pxEynkjMYdzjq%2BJ1VDiX4kudVO64BcSr5comfxpjmdSqUf642mXY0SnHTKQcDl0%2F6AfqCMOfUOKunJGNbx0AYlU%2B09AL6OayWX5HNCV5gqVozF4ZZ4Z2dwbAESzbqTEz6LRYygugDzPhwEvBz1DICw0ECHuj3ENKGGnCKHWrDZo%3D#polycard_client=search-desktop&is_advertising=true&searchVariation=MLB50301060&backend_model=search-backend&search_layout=grid&position=15&type=pad&tracking_id=87cc6552-6cb4-4974-b0b8-2ceaca401cbd&wid=MLB5402372302&sid=search,1,1,1k-2k,18.45
"Smartphone Motorola Moto G67 5g - 128gb 12gb (4gb Ram + 8gb Ram Boost) Camera 50mp Sony Lytia 600, Tela 1.5k Extreme Amoled 120hz, Ultrarresistente - Chumbo",1529,1899.0,4.8,Motorola,Chegará grátis amanhã,19,https://click1.mercadolivre.com.br/mclics/clicks/external/MLB/count?a=fP7N1WxvBfPNzrxbrNKB6X%2FQpEKFbf0NWYq7meo0BBGimv8baMZZX2DbLDnCJPMxJ0m1eVI6Km6rdiA39pgRENZnW135bAjgXPHb3rsP%2BPk7YxeXuCFVWGEdSu5i3BWbJ4x2pZvKYhQeVIwzn73k%2FSpgi02O9%2BQr3Tm4bIWnh3CASA9Lg%2FL5nwMaE1UKxO3ZxkFiofIUMkF0nDLtdMwOMsD3n6vb5pijmhP1bJG0fNdA6Y4qBD3ht4ceZbmbyHOzBofGIHvx4wLKst3J7MJ0UbaflLRy3GAgAi0kAX1yjFEP2P9fn6PJ7Fj1kFGPOokh%2BqqemV%2B31c6BZLrIH%2BcS83LrP2qLP8kSJ8HR%2Bx2Rv7naTpJWEXQXHqjTnHYv4EjDIN4%2BZY1veTXyUCaCZoAXyvdtUk2sQ6OnEamdHP1qFEQHgbYATRoYWIXzSmxPJfo8ECHQXoW0IdlIGgzIMKOZ0KI%2BA%2FIRszqEz6bmHr20pi0gY173Ll%2FkA3hfw8ArB%2F6z9shOnKCawdezVUp%2BkO7RkqfoWCNA3ScLnyWRhgcpR0DaIytsfx0OGS6LoI9EnZLI8GYSdi1LWcueZvUD%2FwTRTokyXJSNCax1FUpKds75mxqnrmulD21uVVYtqwVsSmBkHpMQ3weVdkrYcvCDaXXg3yrGcdPrgFXmnAsijfuy0nkTcJedSP7REbbUsplH7smdtpBpiA0dhT0ei3wjX4Yj59di7piVaQ7VV8QCox0e7SYMILV6Hvp93WBbtXOLvEmXQLgkAbiOyMCSBKHSAnqzh%2Fswe280KPwR%2BlC3KMPXgAO5qPS7n6LMCJFLRAfekJsnLuqmsh%2FrhjwQVMOQyNzwqdxpiafH9ZnoKgL6Qu02sHBrM%2Bjl8QP8G9eRIla3ogxEFPXKXn%2BExrcE8w3KyacUJearqXCArreG6nV5SHpJ3bBrDjPhQG1C6YRCwrLVT0hh6E4CkHaU6kaYPGJ2iZTMNDGbMYQ6KMG618Xf6N0YAh9qmW0wP1l76qDbLA50hfxnv9gObV22tHQK0%2FRoYc2FNiOcVHfHZRL6xZL1LiAxbyEBYsAftcynrA%3D%3D#polycard_client=search-desktop&is_advertising=true&searchVariation=MLB65319818&backend_model=search-backend&search_layout=grid&position=16&type=pad&tracking_id=87cc6552-6cb4-4974-b0b8-2ceaca401cbd&wid=MLB6420538026&sid=search,1,1,1k-2k,18.1
Smartphone Motorola Moto G06 - 256gb 12gb (4gb Ram + 8gb Ram Boost) E Camera 50mp Com Ai Bateria De 5200 Mah Tela 6.9 - Bege,723,1349.0,4.9,Motorola,Chegará grátis amanhã,46,https://www.mercadolivre.com.br/smartphone-motorola-moto-g06-256gb-12gb-4gb-ram-8gb-ram-boost-e-camera-50mp-com-ai-bateria-de-5200-mah-tela-69-bege/p/MLB55762063#polycard_client=search-desktop&search_layout=grid&position=17&type=product&tracking_id=87cc6552-6cb4-4974-b0b8-2ceaca401cbd&wid=MLB5765125576&sid=search,1,1,500-1k,26.25
Smartphone Motorola Edge 60 Pro 5g - 256gb 24gb (12gb Ram+12gb Ram Boost) Tela Quad-curve Moto Ai 50mp Sony Camera Ultrarresistencia Militar Ip68 + Ip69 - Azul,2694,4499.0,4.9,Motorola,Chegará grátis amanhã,40,https://www.mercadolivre.com.br/smartphone-motorola-edge-60-pro-5g-256gb-24gb-12gb-ram12gb-ram-boost-tela-quad-curve-moto-ai-50mp-sony-camera-ultrarresistencia-militar-ip68-ip69-azul/p/MLB49085450#polycard_client=search-desktop&search_layout=grid&position=18&type=product&tracking_id=87cc6552-6cb4-4974-b0b8-2ceaca401cbd&wid=MLB5382324466&sid=search,1,1,2k-5k,24.45
Smartphone Samsung Galaxy A36 5G 256GB 8GB RAM,1521,3299.0,4.9,Samsung,Chegará grátis amanhã,54,https://www.mercadolivre.com.br/smartphone-samsung-galaxy-a36-5g-256gb-8gb-ram/p/MLB47111905#polycard_client=search-desktop&search_layout=grid&position=19&type=product&tracking_id=87cc6552-6cb4-4974-b0b8-2ceaca401cbd&wid=MLB5317478858&sid=search,1,1,1k-2k,28.65
"Celular Samsung Galaxy A17 5g Com Ia, 256gb, 8gb Ram, Câm De 50mp, Tela De 6.7 , Nfc, Ip54 - Preto",1576,1899.0,4.9,Samsung,Chegará grátis amanhã,17,https://www.mercadolivre.com.br/celular-samsung-galaxy-a17-5g-com-ia-256gb-8gb-ram-cm-de-50mp-tela-de-67-nfc-ip54-preto/p/MLB54961455#polycard_client=search-desktop&search_layout=grid&position=20&type=product&tracking_id=87cc6552-6cb4-4974-b0b8-2ceaca401cbd&wid=MLB6574985998&sid=search,1,1,1k-2k,17.55
Celular Smartphone Realme C73 256gb 8gb Ram Dual Sim 120hz 6000mAh Violeta,1149,1999.0,4.8,Webfones,Chegará grátis amanhã,43,https://www.mercadolivre.com.br/celular-smartphone-realme-c73-256gb-8gb-ram-dual-sim-120hz-6000mah-violeta/p/MLB62258511#polycard_client=search-desktop&search_layout=grid&position=21&type=product&tracking_id=87cc6552-6cb4-4974-b0b8-2ceaca401cbd&wid=MLB4334411855&sid=search,1,1,1k-2k,25.3
"Celular Samsung Galaxy A26 5g 256gb, 8gb Ram, Câmera De 50mp, Ip67, Tela Super Amoled 6.7 , Nfc - Preto",1405,2167.0,4.8,123 Comprou,Chegará grátis amanhã,35,https://www.mercadolivre.com.br/celular-samsung-galaxy-a26-5g-256gb-8gb-ram-cmera-de-50mp-ip67-tela-super-amoled-67-nfc-preto/p/MLB47424244#polycard_client=search-desktop&search_layout=grid&position=22&type=product&tracking_id=87cc6552-6cb4-4974-b0b8-2ceaca401cbd&wid=MLB5474927460&sid=search,1,1,1k-2k,22.9
"Celular Samsung Galaxy A17 Com Ia, 128gb, 4gb Ram, Câm De 50mp, Tela De 6.7 , Nfc, Ip54 - Preto",899,1499.0,4.9,Samsung,Chegará grátis amanhã,40,https://www.mercadolivre.com.br/celular-samsung-galaxy-a17-com-ia-128gb-4gb-ram-cm-de-50mp-tela-de-67-nfc-ip54-preto/p/MLB54987753#polycard_client=search-desktop&search_layout=grid&position=23&type=product&tracking_id=87cc6552-6cb4-4974-b0b8-2ceaca401cbd&wid=MLB4217306791&sid=search,1,1,500-1k,24.45
"Celular Samsung Galaxy S25 Fe 5g, 128gb, 8gb Ram, Câmera Tripla De 50+12+8, Tela Grande De 6.7 Jetblack",2868,4499.0,4.9,Samsung,Chegará grátis amanhã,36,https://www.mercadolivre.com.br/celular-samsung-galaxy-s25-fe-5g-128gb-8gb-ram-cmera-tripla-de-50128-tela-grande-de-67-jetblack/p/MLB61692896#polycard_client=search-desktop&search_layout=grid&position=24&type=product&tracking_id=87cc6552-6cb4-4974-b0b8-2ceaca401cbd&wid=MLB6087231690&sid=search,1,1,2k-5k,23.25
"Smartphone Motorola Moto G17 4g - 256gb 12gb (4gb Ram + 8gb Ram Boost) Camera 50mp Sony Lytia 600, Tela Fhd+ 60hz, Bateria 5200 Mah - Rosa",1078,1749.0,4.9,Motorola,Chegará grátis amanhã,38,https://click1.mercadolivre.com.br/mclics/clicks/external/MLB/count?a=hlBynWYNiVN6dN59oVWTJptmGtWnB6%2B7mPaLgi0fFFP5BDGgyUeDjtMaZ4cQw55FfZyL4ooaKYRzNZZQ6RhRo0kKdTnr9phpbia0JutbWgho%2BpWISx%2BDnOMnP86v6kySQketCjSv7qhiexri%2BnEVFQ4J%2Bl%2BC%2BV2riaq8cCcM%2FtiDFc7lzaSmnSN12OvurEHrzg6VnbOUCmkXFFHE5ZtFpYoofmwLY8%2Fcq6QIpRXDI%2Bb0v%2FtX5eSa%2BbS54ThHfr7bziQikJac%2FHntzA4itierNlW8Q8XegDfL4jy1PZ3w7eRP%2Bk7Ou9Ym75elFvWXZ5OPJD2Or72IajxDPymHZEjwLiO8itYTCDDoerXV4Hm5JQJAIEFVOeryjdogo9N8gvByQOkiz60ccpo9SGBQsgM%2F%2F9oKcZZCwvI3%2BMHASbGXTmSQLcfeKplD2O1GHLVpZz5IMpN0QZMHSlAVvWJoALlV4hPEGHAfrN74MAxLkYqybMxH6OxbYpn9e38UVGsLSYh85MAoIJ0J0%2FKj1NexORfFCT%2FBg7MhoRJ%2FSQj0mFSeOgVbYRwNztZZVmGM%2B2PoZCH7nlMYSrYa4o2%2BdSkZhOafbPJ8Pg1O5dXx31gx2wYltkj%2F%2FlmE9aQ%2FcnpUfXFC2iHgTLgEsgPh0W3MbAhcCVO32LlENuvxfWZFlSYJmgmr8TSiSe3uDaaV6osHUyibSthwbi0MynzXRuF%2BKq1IGyIwEuj9%2BQ0xOqeSHhNy6H5qmsJW2ytXGYbb0lS3X9HUHSwVLrPIbigHzZ29ATOdcmCt2cuyJSImyMK9%2FAy7%2FMeuVcdLS1LbqXRxit%2FfasDKg%2Bq4WaWnE2hJc99ytO51p%2FuMXD4X6Wmqd9XwJIkEUxU7yh30izvEv2QiMxRwrsBUm%2BDEsloSmUkC0Uhp7dRXEhr9bsCI6C1NUVyQeSWzhlUG51bvHsO60k%2Bnag2eeOhENz2xzT0RL%2B7sxtLN7dCsOOAktjys0ffGNgYmPxuXst8iTQeK14ub0wgqXF6R5obfRSkgw4%2FZGyyfDn%2FfmVEZ9sWErUwNnjH16Cs%3D#polycard_client=search-desktop&is_advertising=true&searchVariation=MLB65041664&backend_model=search-backend&search_layout=grid&position=25&type=pad&tracking_id=87cc6552-6cb4-4974-b0b8-2ceaca401cbd&wid=MLB4510840013&sid=search,1,1,1k-2k,23.85
Moto G15 Dual Sim 4gb Ram 128gb Azul Marino,699,1099.0,4.8,Motorola,Frete grátis,36,https://click1.mercadolivre.com.br/mclics/clicks/external/MLB/count?a=F2C1SJxZ%2FhawdCWYgE2vhNf0emTU2uYxZAIKbl0q5ngxiHwSL0ODPZOxAYqBDDUGYQG87eTqU9EjeyW7vH3holW6q5cfCiSZ06CkCX%2BT3%2FwH6Mr7oCIFGswe1wBaIJG3HNkdquCEkUpf2scJU2CtqiTMrPvp5tS%2BYzdPwcY0WHXhD4HRsTSt9p8AO16aoyZ%2B%2FdSh02Ct3lIyZ2LSAXIXCNHNoYn4QCH5rwaxnZOxukuKRa2c7YA3Zn5gSh9NPnR%2BKW3lg9zhHqS7urhUvh8MBWUXp23NTmKRlVRyC%2Bem7VDuk8NApmEZYOYPHgTe1DtpGmUa1f5hehGAxkWSY9brLzej1%2FIiiisdSOdSZfMftZonNk2rp4aVThW26TOOJRsxrRsBE7pOUeFoxnIkGocowZLxiOmwZmCSAlnbBMuOFF8Mq9wgIOzq4NqDK6k1n%2BdfnmdG9e%2FHIApM7HL6lp7VZ59CiP1ecCWSHC54Dx4%2BnZdZ8TBIFRWal6%2FIHaLq7MGNAenPdevIkQzNXTHl%2BGEhrhk7BQy8xnbnA64w3LQh2%2BuahWAVrPPzxbTQLZGATE2Ow%2FcsxJUoDj%2FrO0mYffmWxKxZHdBYf1zdBjf%2Fe7pcOEWQYhNFcXGDgRjtbiGLvniT9qMj%2Bw0PNCq0bEAYZ4aGoFuahQYx4nJp78OtuSBjicVEXiG8iwhahG45Yv5jKYZOLa6pCpiQ%2FfJaDtqunkHD8jbnlS1CCprani2fSOTiL54wqBWnZSTVWCjN0LxLcHiOinE9n9jyPA9q%2FPbxiBnnFeYN425ikj4B9tUwDOLEpAJukpqaymfi4Aotqu9dO%2BXcZIveKfwqxj9LKSd%2FdF9uaih4%2B2FdA3a2pOO3GhSlN4iRN7BgBoPndWjDaAyhtQ3ouIVYvX5ADpj4sGGHahFYb6f3rrWHREEBQDZ8GSDsw6aPAA%3D%3D#polycard_client=search-desktop&is_advertising=true&searchVariation=MLB46056608&backend_model=search-backend&search_layout=grid&position=26&type=pad&tracking_id=87cc6552-6cb4-4974-b0b8-2ceaca401cbd&wid=MLB3975530813&sid=search,1,1,500-1k,23.2
"Smartphone Motorola Signature 5g - 512gb 24gb (12gb Ram + 12gb Ram Boost), 3 Cameras 50mp Sony Lytia E Zoom 100x, Tela 1.5k Extreme Amoled 165hz - Preto",7649,8999.0,4.8,Motorola,Chegará grátis amanhã,15,https://click1.mercadolivre.com.br/mclics/clicks/external/MLB/count?a=PAmL89fCXc63YclyxX%2F4UpUzPniWghs904mbs6dEMAIbENez0sT1ev9qrXRG3NPF%2FjyY9h4ZJf9l3F%2FzHlaOhXr%2FhXDvnnXsWldWu8YehsVcil2dIsKDpmUiJKoWoXKk7qQgomaAfmLurq8d%2FHO35GiV4xx7mzhT4IpAqFkvp81lPHdeSF59st3iFs7mLNDTHAkcnMtPvivqywkFw8OOlmqpDlmqjo%2BAYcuCRHWcbW3P7UdXHhbhipYYLWUVqQgsdLua2gOzHvapCbtMlT3%2BYycTb814lsC4Khi7T0nxdwXq0Pk1bdy17yYaHbL9z%2BkI6eM4xHYAHA1KRLBghBvtcL56QgIYwhSvqspI91QQlAevLRfPOglPXWcyvGOLKeGlWAsQplwG0G%2Bj%2BwxRpZ%2Fpfl9ZJMJuguZ%2B5ZjaJW6nTkEOpJT0ltfyCD7JfG1vVSvfHLW0XLmqmJKlf9m%2FBKcHxH5L8Cj8uSX1cahO3Ygwqv7Vn1QaPU0%2FQhzTylaQz3hV%2FuoyArW774P%2FNBF0AZ%2BBcMaodDo0DPs7gKewFFVKMkPBb0XkQlW8aB4sgGP%2FqXnIRRlwaPdz%2Bpsp9f8ejXmjunm08y572eKSAEzBVvb1AatpEZLOsreTRBt5IOouEwGD2m8FgnZxmJnGDvs6bo2xoNYeH4x%2BLtARY7%2Bxa8UuK7dJb9%2FLqlVTnsdgaWT%2BZMzMYn3iWkSJUbT0CBBvoldFuviolzzEIai1EcURBW1bi15TgT2zaoJLR8mulcN5IrCIyLVoz%2BIydVyx9pmp7U1H9GcbZwLcKq1yII3dt0D1PDPTfpLVehzORQivV%2B%2F9X%2BESyfgQnUPrwN%2BsOAJk9SF24P9FhHTyIVyiUIFvnot3zr4bZ0RqVgFITaUyvfe1ggQWCZDfEY78lgKIqEknoaFYXCRB8fIEfZ3BdT6d63tfexYJJwbzA8%2BFz3m40V7HqbrV2sLXogqToIXUDHzR1fi43wmhxPBpcN9kWmMYZvhcbWe0eREY3F8kToBlyJbalbqXZwrNshf04eASuprowSdcoqBg1JcZOp80aokZvSh5URKzvNQ8#polycard_client=search-desktop&is_advertising=true&searchVariation=MLB65938141&backend_model=search-backend&search_layout=grid&position=27&type=pad&tracking_id=87cc6552-6cb4-4974-b0b8-2ceaca401cbd&wid=MLB6373850588&sid=search,1,1,5k-10k,16.9
Smartphone Motorola Edge 60 Fusion 5g - 256gb 16gb (8gb Ram+8gb Ram Boost) 50mp Sony Ai Camera Ip68 Nfc - Rosa,1939,3299.0,4.9,Motorola,Chegará grátis amanhã,41,https://click1.mercadolivre.com.br/mclics/clicks/external/MLB/count?a=qPer46veu9imABZ2DsuueV9G1I6NBdiUUdCnnOCsKYAKbFfzEtxANkv8m0lF%2FEyZyJr53zZIqwTxWetgw9yxb%2BGQJCqv7Euxqkt4Uh%2FzeszAbpPoH2B7sykUE0MyBEfLYiFbPvbhJ%2BkyHcH7d6geuvNGPQZgTlOqUm3Ij72ZeKELxoDzAxymUTEPGZO2reFTbnJsbcZq8PvyRPHWl%2FcMMyc%2BCat4vjqK0aLROOQTNf9qMjC6%2BCAmUci%2Bw6vB5PXtuJw4zHdrKH3ahO0RwKDIVjiML%2F%2FasYvNxcxTKYNQQY5LIsjJTCDJA5tBFqhFwGEsVCDevM15yYWOjmUivhvbMSYDDeswQGJlfRG098lEr%2FnO036bhi4m%2B%2F%2FD2%2FfXqTEg7Bl7s%2BEnnoBf6zQvtW1l5z%2FK3LCoJ%2FczWczL9E%2FmBmh6Hz5TxsezwoN5Hw6K4UjV2bSoshE18LiklFKiN1evc%2BOeRXlAxMX%2FcM1Az1IpokA9zaAPFlzhwN37LtiedKzJXEODzpZgmg2BUQRCea%2F7USIK4UJDCRd%2Fep19Vn%2BWaCvKe%2FjeClIa8YbZ8qhRx%2BUTA8E%2BRvIUDL2ZFkGffLvijAP5nj8N1E9Slnt0Xglcq87dsiFaR0%2F%2FenS%2BWTHczmUObuRhcfxDcIxMWc%2Fxvwz%2FeyfMfUmHfJVD004Nw%2F%2BVJopoJjTyEbRdjdBBQkOOj1lcmsd1Iii0Xp31ObetroSL3jZEuNfuUUVAzoWjVHbTef9k0ZmgFP8oUphjBaNFwQGcZJW6aY3dXt%2FBaFuzdRBDBFiEyxQZrv0z80%2F6lSiddKYhaKY6EE117HWek2EARl4oEgpAtICPDNmcYL8ARetO5DDZdZUCEfc1MLHDCRGSyj35YXe%2FcFEctUvz8CENTBvcuNS21%2FEPEABsutd0%2Br3pBGQmPWHbdMuVHCqLLkwbX0mLtKeTsG1cZ5HPmUMJ0eSSmDGe3PjICXcAhOEHOZ%2BnCKLtt0EReSjGpCbTvdnd39yQgdzhQ3rUiwduTjvN6BU%3D#polycard_client=search-desktop&is_advertising=true&searchVariation=MLB47251829&backend_model=search-backend&search_layout=grid&position=28&type=pad&tracking_id=87cc6552-6cb4-4974-b0b8-2ceaca401cbd&wid=MLB4027318137&sid=search,1,1,1k-2k,24.75
Smartphone Motorola Moto G05 256gb 4gb Ram Camera 50mp Vermelho,699,1199.0,4.9,Motorola,Chegará grátis amanhã,42,https://www.mercadolivre.com.br/smartphone-motorola-moto-g05-256gb-4gb-ram-camera-50mp-vermelho/p/MLB58493174#polycard_client=search-desktop&search_layout=grid&position=29&type=product&tracking_id=87cc6552-6cb4-4974-b0b8-2ceaca401cbd&wid=MLB5774641722&sid=search,1,1,500-1k,25.05
iPhone 16e (128 GB) - Preto - Distribuidor Autorizado,3699,5799.0,4.9,Apple,Chegará grátis amanhã,36,https://www.mercadolivre.com.br/iphone-16e-128-gb-preto-distribuidor-autorizado/p/MLB1046215784#polycard_client=search-desktop&search_layout=grid&position=30&type=product&tracking_id=87cc6552-6cb4-4974-b0b8-2ceaca401cbd&wid=MLB3986439067&sid=search,1,1,2k-5k,23.25
Smartphone Motorola Edge 60 Neo 5G - 256GB 24GB (12GB RAM + 12GB Ram Boost) 50MP Sony Camera Moto AI e tela 1.5K Super HD - Latte,1799,3799.0,4.9,Motorola,Chegará grátis amanhã,53,https://www.mercadolivre.com.br/smartphone-motorola-edge-60-neo-5g-256gb-24gb-12gb-ram-12gb-ram-boost-50mp-sony-camera-moto-ai-e-tela-15k-super-hd-latte/p/MLB58684606#polycard_client=search-desktop&search_layout=grid&position=31&type=product&tracking_id=87cc6552-6cb4-4974-b0b8-2ceaca401cbd&wid=MLB4265763257&sid=search,1,1,1k-2k,28.349999999999998
"Samsung Galaxy S25 5G, 256GB, 12GB, Câmera Tripla - Azul claro",3898,5999.0,4.9,Samsung,Chegará grátis amanhã,35,https://www.mercadolivre.com.br/samsung-galaxy-s25-5g-256gb-12gb-cmera-tripla-azul-claro/p/MLB45513356#polycard_client=search-desktop&search_layout=grid&position=32&type=product&tracking_id=87cc6552-6cb4-4974-b0b8-2ceaca401cbd&wid=MLB5264376996&sid=search,1,1,2k-5k,22.95
"Smartphone Motorola Moto G86 5g - 256gb 24gb (8gb Ram+16gb Ram Boost) Tela 1.5k Poled, 50mp Sony Camera Ois Moto Ai, Videos Em 4k, Ip68 + Ip69 - Vermelho",1792,2399.0,4.9,Motorola,Chegará grátis amanhã,25,https://www.mercadolivre.com.br/smartphone-motorola-moto-g86-5g-256gb-24gb-8gb-ram16gb-ram-boost-tela-15k-poled-50mp-sony-camera-ois-moto-ai-videos-em-4k-ip68-ip69-vermelho/p/MLB51340616#polycard_client=search-desktop&search_layout=grid&position=33&type=product&tracking_id=87cc6552-6cb4-4974-b0b8-2ceaca401cbd&wid=MLB5462013472&sid=search,1,1,1k-2k,19.95
"Smartphone Infinix Note 50X 5G 8GB RAM 256GB De Armazenamento Tela 6,78"" Polegadas HD+ 120HZ Câmera 50MP + Selfie 8MP Bateria 5200mah NFC, DTS Áudio - Cor Cinza",1349,2267.0,4.8,123 Comprou,Chegará grátis amanhã,40,https://www.mercadolivre.com.br/smartphone-infinix-note-50x-5g-8gb-ram-256gb-de-armazenamento-tela-678-polegadas-hd-120hz-cmera-50mp-selfie-8mp-bateria-5200mah-nfc-dts-audio-cor-cinza/p/MLB61656785#polycard_client=search-desktop&search_layout=grid&position=34&type=product&tracking_id=87cc6552-6cb4-4974-b0b8-2ceaca401cbd&wid=MLB5957442486&sid=search,1,1,1k-2k,24.4
Smartphone Motorola Edge 60 5g - 512gb 24gb (12gb Ram+12gb Ram Boost) Tela Quad-curve Moto Ai 50mp Sony Camera Ultrarresistencia Militar Ip68 + Ip69 - Azul Marinho,2099,2799.0,4.9,Motorola,Não informado,25,https://www.mercadolivre.com.br/smartphone-motorola-edge-60-5g-512gb-24gb-12gb-ram12gb-ram-boost-tela-quad-curve-moto-ai-50mp-sony-camera-ultrarresistencia-militar-ip68-ip69-azul-marinho/p/MLB48930800#polycard_client=search-desktop&search_layout=grid&position=35&type=product&tracking_id=87cc6552-6cb4-4974-b0b8-2ceaca401cbd&wid=MLB5363845340&sid=search,1,0,2k-5k,9.95
Smartphone Motorola Moto G35 5g 256gb 12gb Ram Boost Coral,945,2000.0,4.8,Desconhecida,Não informado,53,https://www.mercadolivre.com.br/smartphone-motorola-moto-g35-5g-256gb-12gb-ram-boost-coral/p/MLB63092926#polycard_client=search-desktop&search_layout=grid&position=36&type=product&tracking_id=87cc6552-6cb4-4974-b0b8-2ceaca401cbd&wid=MLB6228408744&sid=search,1,0,500-1k,18.299999999999997
Smartphone Motorola Moto G56 5g - 256gb 16gb (8gb Ram+8gb Ram Boost) Camera 50mp Sony Lytia 600 Ultrarresistencia Militar e Ip68 + Ip69 - Cinza,1598,1999.0,4.9,Motorola,Chegará grátis amanhã,20,https://www.mercadolivre.com.br/smartphone-motorola-moto-g56-5g-256gb-16gb-8gb-ram8gb-ram-boost-camera-50mp-sony-lytia-600-ultrarresistencia-militar-e-ip68-ip69-cinza/p/MLB50301060#polycard_client=search-desktop&search_layout=grid&position=37&type=product&tracking_id=87cc6552-6cb4-4974-b0b8-2ceaca401cbd&wid=MLB5402372302&sid=search,1,1,1k-2k,18.45
Apple iPhone 16 (256 GB) - Preto - Distribuidor Autorizado,5205,9538.0,4.9,Apple,Chegará grátis amanhã,45,https://www.mercadolivre.com.br/apple-iphone-16-256-gb-preto-distribuidor-autorizado/p/MLB1040287796#polycard_client=search-desktop&search_layout=grid&position=38&type=product&tracking_id=87cc6552-6cb4-4974-b0b8-2ceaca401cbd&wid=MLB3931272075&sid=search,1,1,5k-10k,25.95
"Smartphone OPPO A6t 128gb, 12gb Ram (4gb + 8gb Virtual Ram), Bateria Gigante de 6500mAh, Processador Snapdragon, Tela 120Hz, AI Câmera, IP64 - Violeta",899,1299.0,4.9,Oppo,Chegará grátis amanhã,31,https://www.mercadolivre.com.br/smartphone-oppo-a6t-128gb-12gb-ram-4gb-8gb-virtual-ram-bateria-gigante-de-6500mah-processador-snapdragon-tela-120hz-ai-cmera-ip64-violeta/p/MLB66130734#polycard_client=search-desktop&search_layout=grid&position=39&type=product&tracking_id=87cc6552-6cb4-4974-b0b8-2ceaca401cbd&wid=MLB4573343865&sid=search,1,1,500-1k,21.75
"Smartphone Xiaomi Redmi 15 8gb 256gb Tela 6,9 144hz, Bateria 7.000 Mah, 50 Mp Preto",1390,1390.0,4.8,Desconhecida,Chegará grátis amanhã,0,https://www.mercadolivre.com.br/smartphone-xiaomi-redmi-15-8gb-256gb-tela-69-144hz-bateria-7000-mah-50-mp-preto/p/MLB61511995#polycard_client=search-desktop&search_layout=grid&position=40&type=product&tracking_id=87cc6552-6cb4-4974-b0b8-2ceaca401cbd&wid=MLB4390450235&sid=search,0,1,1k-2k,12.4
Celular Samsung Galaxy A56 5g 128gb 8gb Ram Rosa,1998,3299.0,4.9,Samsung,Chegará grátis amanhã,39,https://www.mercadolivre.com.br/celular-samsung-galaxy-a56-5g-128gb-8gb-ram-rosa/p/MLB47106876#polycard_client=search-desktop&search_layout=grid&position=41&type=product&tracking_id=87cc6552-6cb4-4974-b0b8-2ceaca401cbd&wid=MLB4561879339&sid=search,1,1,1k-2k,24.15
Apple iPhone 15 (128 GB) - Azul - Distribuidor Autorizado,4499,7209.0,4.9,Apple,Chegará grátis amanhã,38,https://www.mercadolivre.com.br/apple-iphone-15-128-gb-azul-distribuidor-autorizado/p/MLB1027172667#polycard_client=search-desktop&search_layout=grid&position=42&type=product&tracking_id=87cc6552-6cb4-4974-b0b8-2ceaca401cbd&wid=MLB4408547152&sid=search,1,1,2k-5k,23.85
iPhone 17 Pro 256GB - Azul-profundo - Distribuidor Autorizado,9899,11499.0,4.9,Apple,Chegará grátis amanhã,14,https://www.mercadolivre.com.br/iphone-17-pro-256gb-azul-profundo-distribuidor-autorizado/p/MLB1055308781#polycard_client=search-desktop&search_layout=grid&position=43&type=product&tracking_id=87cc6552-6cb4-4974-b0b8-2ceaca401cbd&wid=MLB5687335472&sid=search,1,1,5k-10k,16.65
iPhone 17 256 GB - Sálvia - Distribuidor Autorizado,6297,7999.0,4.9,Apple,Chegará grátis amanhã,21,https://www.mercadolivre.com.br/iphone-17-256gb-salvia-distribuidor-autorizado/p/MLB1055308843#polycard_client=search-desktop&search_layout=grid&position=44&type=product&tracking_id=87cc6552-6cb4-4974-b0b8-2ceaca401cbd&wid=MLB6545162768&sid=search,1,1,5k-10k,18.75
Apple iPhone 16 (128 GB) - Preto - Distribuidor Autorizado,4986,7799.0,4.9,Apple,Chegará grátis amanhã,36,https://www.mercadolivre.com.br/apple-iphone-16-128-gb-preto-distribuidor-autorizado/p/MLB1040287808#polycard_client=search-desktop&search_layout=grid&position=45&type=product&tracking_id=87cc6552-6cb4-4974-b0b8-2ceaca401cbd&wid=MLB5120546360&sid=search,1,1,2k-5k,23.25
Smartphone Motorola Edge 60 Pro 5g - 512gb 24gb (12gb Ram+12gb Ram Boost) Tela Quad-curve Moto Ai 50mp Sony Camera Ultrarresistencia Militar Ip68 + Ip69 - Cinza,3059,5499.0,4.9,Motorola,Chegará grátis amanhã,44,https://www.mercadolivre.com.br/smartphone-motorola-edge-60-pro-5g-512gb-24gb-12gb-ram12gb-ram-boost-tela-quad-curve-moto-ai-50mp-sony-camera-ultrarresistencia-militar-ip68-ip69-cinza/p/MLB48998798#polycard_client=search-desktop&search_layout=grid&position=46&type=product&tracking_id=87cc6552-6cb4-4974-b0b8-2ceaca401cbd&wid=MLB5389690592&sid=search,1,1,2k-5k,25.65
"Tcl Smartphone 605 4g, Octa Core, 128gb 12gb Ram (4+8), 6.7 Hd+ 90hz, Nfc, Dual Sim, 50mp",649,799.0,4.7,Mercado Livre,Chegará grátis amanhã,19,https://www.mercadolivre.com.br/tcl-smartphone-605-4g-octa-core-128gb-12gb-ram-48-67-hd-90hz-nfc-dual-sim-50mp/p/MLB53155051#polycard_client=search-desktop&search_layout=grid&position=47&type=product&tracking_id=87cc6552-6cb4-4974-b0b8-2ceaca401cbd&wid=MLB6161225994&sid=search,1,1,500-1k,18.05
Apple iPhone 15 (256 GB) - Preto - Distribuidor Autorizado,4751,8095.0,4.9,Apple,Chegará grátis amanhã,41,https://www.mercadolivre.com.br/apple-iphone-15-256-gb-preto-distribuidor-autorizado/p/MLB1027172669#polycard_client=search-desktop&search_layout=grid&position=48&type=product&tracking_id=87cc6552-6cb4-4974-b0b8-2ceaca401cbd&wid=MLB3621184765&sid=search,1,1,2k-5k,24.75
Smartphone Motorola Edge 60 Fusion 5g - 256gb 16gb (8gb Ram+8gb Ram Boost) 50mp Sony Ai Camera Ip68 Nfc - Rosa,1939,3299.0,4.9,Motorola,Chegará grátis amanhã,41,https://www.mercadolivre.com.br/smartphone-motorola-edge-60-fusion-5g-256gb-16gb-8gb-ram8gb-ram-boost-50mp-sony-ai-camera-ip68-nfc-rosa/p/MLB47251829#polycard_client=search-desktop&search_layout=grid&position=49&type=product&tracking_id=87cc6552-6cb4-4974-b0b8-2ceaca401cbd&wid=MLB4027318137&sid=search,1,1,1k-2k,24.75
Smartphone Motorola Moto G15 256gb 12gb 4GB RAM 8GB RAM Boost Camera 50mp Verde,899,1499.0,4.8,Motorola,Chegará grátis amanhã,40,https://www.mercadolivre.com.br/smartphone-motorola-moto-g15-256gb-12gb-4gb-ram-8gb-ram-boost-camera-50mp-verde/p/MLB44665542#polycard_client=search-desktop&search_layout=grid&position=50&type=product&tracking_id=87cc6552-6cb4-4974-b0b8-2ceaca401cbd&wid=MLB5237351728&sid=search,1,1,500-1k,24.4
iPhone 17 Pro 512GB - Azul-profundo - Distribuidor Autorizado,11699,12999.0,4.9,Apple,Chegará grátis amanhã,10,https://www.mercadolivre.com.br/iphone-17-pro-512gb-azul-profundo-distribuidor-autorizado/p/MLB1055308802#polycard_client=search-desktop&search_layout=grid&position=51&type=product&tracking_id=87cc6552-6cb4-4974-b0b8-2ceaca401cbd&wid=MLB4200188179&sid=search,1,1,10k+,15.45
"Smartphone Motorola Signature 5g - 512gb 24gb (12gb Ram + 12gb Ram Boost), 3 Cameras 50mp Sony Lytia E Zoom 100x, Tela 1.5k Extreme Amoled 165hz - Preto",7649,8999.0,4.8,Motorola,Chegará grátis amanhã,15,https://www.mercadolivre.com.br/smartphone-motorola-signature-5g-512gb-24gb-12gb-ram-12gb-ram-boost-3-cameras-50mp-sony-lytia-e-zoom-100x-tela-15k-extreme-amoled-165hz-preto/p/MLB65938141#polycard_client=search-desktop&search_layout=grid&position=52&type=product&tracking_id=87cc6552-6cb4-4974-b0b8-2ceaca401cbd&wid=MLB6373850588&sid=search,1,1,5k-10k,16.9
"Smartphone Motorola Moto G17 4g - 256gb 12gb (4gb Ram + 8gb Ram Boost) Camera 50mp Sony Lytia 600, Tela Fhd+ 60hz, Bateria 5200 Mah - Rosa",1078,1749.0,4.9,Motorola,Chegará grátis amanhã,38,https://www.mercadolivre.com.br/smartphone-motorola-moto-g17-4g-256gb-12gb-4gb-ram-8gb-ram-boost-camera-50mp-sony-lytia-600-tela-fhd-60hz-bateria-5200-mah-rosa/p/MLB65041664#polycard_client=search-desktop&search_layout=grid&position=53&type=product&tracking_id=87cc6552-6cb4-4974-b0b8-2ceaca401cbd&wid=MLB4510840013&sid=search,1,1,1k-2k,23.85
Smartphone Oppo A6 Pro 256gb 8gb Ram 5g Ip69 Azul Espacial,2999,3199.0,4.9,Oppo,Chegará grátis amanhã,6,https://www.mercadolivre.com.br/smartphone-oppo-a6-pro-256gb-8gb-ram-5g-ip69-azul-espacial/p/MLB66177449#polycard_client=search-desktop&search_layout=grid&position=54&type=product&tracking_id=87cc6552-6cb4-4974-b0b8-2ceaca401cbd&wid=MLB4536941689&sid=search,1,1,2k-5k,14.25
iPhone 17e 256GB Preto - Distribuidor Autorizado,5219,5799.0,4.9,Apple,Chegará grátis amanhã,10,https://www.mercadolivre.com.br/iphone-17e-256gb-preto-distribuidor-autorizado/p/MLB1066130044#polycard_client=search-desktop&search_layout=grid&position=55&type=product&tracking_id=87cc6552-6cb4-4974-b0b8-2ceaca401cbd&wid=MLB6402322328&sid=search,1,1,5k-10k,15.45
Smartphone Samsung Galaxy A56 5g 6.7 Pol Octa-core 256gb 8gb,1998,3699.0,4.9,Samsung,Chegará grátis amanhã,46,https://www.mercadolivre.com.br/smartphone-samsung-galaxy-a56-5g-67-pol-octa-core-256gb-8gb/p/MLB65302568#polycard_client=search-desktop&search_layout=grid&position=56&type=product&tracking_id=87cc6552-6cb4-4974-b0b8-2ceaca401cbd&wid=MLB4609819131&sid=search,1,1,1k-2k,26.25
"Smartphone Motorola Moto G17 4g - 128gb 12gb (4gb Ram + 8gb Ram Boost) Camera 50mp Sony Lytia 600, Tela Fhd+ 60hz, Bateria 5200 Mah - Azul",899,1299.0,4.9,Motorola,Chegará grátis amanhã,31,https://www.mercadolivre.com.br/smartphone-motorola-moto-g17-4g-128gb-12gb-4gb-ram-8gb-ram-boost-camera-50mp-sony-lytia-600-tela-fhd-60hz-bateria-5200-mah-azul/p/MLB65041642#polycard_client=search-desktop&search_layout=grid&position=57&type=product&tracking_id=87cc6552-6cb4-4974-b0b8-2ceaca401cbd&wid=MLB6420215012&sid=search,1,1,500-1k,21.75
"Smartphone Infinix Smart 10 4GB RAM 256GB SSD Câmera 8MP + IA, Tela 6.67 HD+ 120Hz, Bateria 5000mAh, Processador T7250, Android 15 Go, Dual Chip - Preto",670,1458.0,4.8,123 Comprou,Chegará grátis amanhã,54,https://www.mercadolivre.com.br/smartphone-infinix-smart-10-4gb-ram-256gb-ssd-cmera-8mp-ia-tela-667-hd-120hz-bateria-5000mah-processador-t7250-android-15-go-dual-chip-preto/p/MLB56327005#polycard_client=search-desktop&search_layout=grid&position=58&type=product&tracking_id=87cc6552-6cb4-4974-b0b8-2ceaca401cbd&wid=MLB5751262142&sid=search,1,1,500-1k,28.599999999999998
Kit Samsung: Celular Galaxy A17 256gb 8gb Ram 50mp 6.7 Nfc Ip54 Preto + Galaxy Buds Core Branco,1431,1698.0,4.9,Samsung,Frete grátis,16,https://www.mercadolivre.com.br/kit-samsung-celular-galaxy-a17-256gb-8gb-ram-50mp-67-nfc-ip54-preto--galaxy-buds-core-branco/up/MLBU3605578150#polycard_client=search-desktop&search_layout=grid&position=59&type=product&tracking_id=87cc6552-6cb4-4974-b0b8-2ceaca401cbd&wid=MLB5957929002&sid=search,1,1,1k-2k,17.25
Smartphone OPPO A5 256GB 6GB RAM Branco,1169,1499.0,4.8,Oppo,Chegará grátis amanhã,22,https://www.mercadolivre.com.br/smartphone-oppo-a5-256gb-6gb-ram-branco/p/MLB51680761#polycard_client=search-desktop&search_layout=grid&position=60&type=product&tracking_id=87cc6552-6cb4-4974-b0b8-2ceaca401cbd&wid=MLB5745515116&sid=search,1,1,1k-2k,19.0
Smartphone Motorola Moto G15 256gb 12gb 4GB RAM 8GB RAM Boost Camera 50mp Verde,899,1499.0,4.8,Motorola,Chegará grátis amanhã,40,https://click1.mercadolivre.com.br/mclics/clicks/external/MLB/count?a=JoCXRGsn77vBy9eeqEWuoVFuvxtYgS2cfoiB%2Fport6PAALGFUGrJRpS95cqNprcBtjIrtVvcWBfHUiyRYBgH2WWLfNBSditS46uFiFHGGADPeSB7JoA%2FMr1tWh4%2FK3lr7bhFdJumrPlZxc10J2nS19AOIeOY0y2yGDph4BhSlYLVPSAvqhqEJfS3%2BYFwBHOr1ib9sHhF4cXLVGmNZRHjoJKOSX1szo5uVj4b8S60dnufRP6UnRttZuXET5mrrcGxcwn9yB0PaQAXj%2FO8I0uDxDGMQOiYl7wZfbkFIpZNksIBZgQDXxlz5aR%2Bwa8wsKbSCcZH5DSpBvpH4jpTLuxMhQT8TNfklmxt2FYAjhn7mqFmgeq57n9h4ixY0H6Dd1FpM053oMd0l97nhBZ9MXf%2BLxVqu6VHrAD5Q2M49l7NIcva0EzfEnucnS4W2ey2lu5%2BWeRUXcbchNnNj9saThuYkOWVfvOl%2FsIDpgJvamgNrUSxKUIh4F2hfzMPCVTiOWUXk6Ar6rGYCjoDdKXouCF3ZMtBAwm193npSZ4HFv89dIyFZLdfWEV1b0WBBHyc79Cdy8s70pGjMFSxYDxQ2RGdUM06Qx7Lkh4afxKpbhPQ2hMxa8axT0UlljAHF217rqNMaj4jX8N%2FaTZ84NsaoIVLTd%2BsjzPvZTp3yZcMEa2Cd8VU6wvxiddVIZLotHK9Qrcm6pW7pqpJWVxdfz9poQ04bQ85AaksS4i0LRb4HkgqvYPMIgPdFETrwGkv%2FvHv8f2NO1IIRhMbgRu8BNNOmfNIXvzaeTd0a1w0Ew3jhHwZybL60e0t7qe8lER%2BcqJvU8kC9vwNpfxD%2FVg6EUElEAIneTASXNjk1Alz61a8QRJFzQlTKXXKOiFCgeahJviApB%2B%2F7xfrx0LADc471138TaG2tqzwh8qaXK9Whl6z7gQB6FC%2FQRPWEY%2FvsihPp33qdxeFBMN1v8WXPWK9PEnlWMYU74bTug%3D%3D#polycard_client=search-desktop&is_advertising=true&searchVariation=MLB44665542&backend_model=search-backend&search_layout=grid&position=1&type=pad&tracking_id=be5b2ab9-27c9-4508-8b1b-0b68fd154661&wid=MLB5237351728&sid=search,1,1,500-1k,24.4
"Smartphone Motorola Moto G17 4g - 128gb 12gb (4gb Ram + 8gb Ram Boost) Camera 50mp Sony Lytia 600, Tela Fhd+ 60hz, Bateria 5200 Mah - Azul",899,1299.0,4.9,Motorola,Chegará grátis amanhã,31,https://click1.mercadolivre.com.br/mclics/clicks/external/MLB/count?a=5ntHsf7aoxySqHZ3O4wioHgOtAn5SWi4lCy%2B9g2E0vC8nL5uf4auE4jEDO0edO9naj8rscp4i%2F5PXUFT7%2BhVWwFrFGIFiTv3VVEK0PLStTrduL8ifp0kg6RAcVATk0LBLFUx%2Fda9iW5vfy1pt%2BjKh7rU8MB4v0rY3S36Byb%2BZuxKVkmyg%2FprwUfBUV0E5yOQa6CWj%2B0ot15sfuKDFzYbYG3%2BlnTLsg2zFg9tloVaAXFASVgTRBXqdD2vF1g%2F7V9h212eaeMem6x2lTQnud8W%2Bv3GHQkXXfMYTqy7DaDU%2FJXn3HquP%2FsSjbR3IhPvUMAAPqukVfbMAZ3Qfpq4khVvgB%2FENxMKY6VlBm0TOmkrG42dmMBKZ%2F%2Bl3N7CwxG5QccV%2F9D%2BC5vfemmn6DQ8gTdwiQj%2B7TedDIxBaczO9yCfQ9EjZlsNtpYX8nQWdFOWg%2FHFjfCpfnbcty2On3fy4gptKOFCw2ykOXx8D8fxiTZ4LMnLSjnTiSENk9FYMuPOCq22z1iv24qWw4crPA211Gs8Xtoqnd3WI0JUf9sD3VwYnEuZ%2BgxRb0RFp%2F%2BfQPA4kCsgA3vzxpI6HnJ48KWFCkwxrhqr%2BEe08Dg5HRmj%2BNLZEDvkk2er97sdHH%2BadPGMul0pc7lckeJ3FtlKN3AS6sF42cubVfl4avVpTDpoHwSTIO%2Bf5ZqJBAXu9ev6FGG1hCvE5p8BV8tkd59laVZfHN4RSDyOLyrz1OZChow5QcmJfT7jDEuGRdR7QtUVYlGCsWAcJDAp8hv7qQFzo%2FgDFcmrOxejKbQIVjzgbWt440%2BM%2F7gIiNNl8bPE889gZSpEfdgygZwLf4TM4D1xR2%2BdleJdEAIdDZicDwIQV%2F2opTL3w0deHliZAYSrrgNqLOQ74LnuADL68pX9wM5JOj%2FQATHuyvLqDPY8Yig1V4pFZfj3mjS5U9dXHQk%2BW4quRUBR8O1UJgip64SbZp38ag2mN4RjveNQm04H4U8j0uwHgY4QpS7MVF7rckQHjhKRd2X6YgDygy1VNWG0NLzhZiMi5uyySZ%2FS4nQ%3D#polycard_client=search-desktop&is_advertising=true&searchVariation=MLB65041642&backend_model=search-backend&search_layout=grid&position=2&type=pad&tracking_id=be5b2ab9-27c9-4508-8b1b-0b68fd154661&wid=MLB6420215012&sid=search,1,1,500-1k,21.75
Smartphone Motorola Moto G06 - 256gb 12gb (4gb Ram + 8gb Ram Boost) E Camera 50mp Com Ai Bateria De 5200 Mah Tela 6.9 - Bege,723,1349.0,4.9,Motorola,Chegará grátis amanhã,46,https://click1.mercadolivre.com.br/mclics/clicks/external/MLB/count?a=oCxnoXd8Xl43XC84hU3%2BCeSlMmzkp2slHef8RMhanzsrK0xwvli%2FgcZDpRRESH4BZdfLeMFvTzu%2BNBbmMG9an9qkUFR4OYTacxCMyuESgYTYVa%2FGI9gRca43oemxb3eWyzl9t7%2BfinWSlX0jl%2BpuCXINujEE1q620LnP4qO0cxBlXsxU%2F%2FSJcajb6eP4O2iHcrpDXU11FQUu3ou4OaSYi4rDBN9s8O1%2FxjValySKDZF7RZij5PZ%2BgYefetbKSBb8It%2FtPCgrOG23sQ7EdaSEsu7gFwpkCX6%2FIV6j7JgqbvCKeIuC33iIanJOvMSJ5GTLR%2FVKC%2BruXB3e6%2FqxztN1H%2FYI45abn0LzdaxpMw%2BtM7hKONs1eBQLCgemhJgPZt9Rb1uFiSB4A4QPc9vvATjszyws%2FHLWInKF9rIN1NeEMkeaKHFltIgV12dhxhCHNQpSHM%2BA64brqLe3TzbgTmSJn1IjMF%2Bkg9P2BcthnDwjYKuZzMD%2B5CGkKt8%2BgON%2FBGaNEK5MGwuEbuDMfnPqMC5yqntKX92pw%2FmZ9491Ma1m2XlffgTzNTgOPhyHQvRH6q%2BzKcdGDXyrTUQycf%2F2QEwakZZ9YIs%2FLYuZusiRDbDUccPdhMF%2BdhvpOq9QRLMucLvhNfcbXHmzkiykTkkUqZU7Z6t0PhBonY7aR0VUVCdAZGobrK24Y8BC6dh4Mr4TOnSBT5fLo675R4uKV2erRtSIajDbHSyhJIHZn1i%2FiM0aqJqK6MY48JZWdzavcNOl3sxWYJOke%2BtZmPWTLUOWchHyabYqjSlbSPn9n2BE0xb%2FkSvFxGU%2Ff6sWvwfpxR%2FYHq6o7uKmmxgJw%2BrZ530jLiv1WTE5IMZ%2BuiX7JMVCqVRhiEz8jp6oQ2jlO34nMCpse6vip65JB0Lhr8XsP9rsAozKT75UZyKGiS%2BWfcWSoDiF%2FR8g8ByIxEnJE8q6IvuKkn0NW5nqXaX5Jfj8ppFyNpzuYmdM%2BZgXjkcBCIByic6KhuSA1wrsanqBcJGDeoHkuZK2mv4Xjxj%2B0uPw#polycard_client=search-desktop&is_advertising=true&searchVariation=MLB55762063&backend_model=search-backend&search_layout=grid&position=3&type=pad&tracking_id=be5b2ab9-27c9-4508-8b1b-0b68fd154661&wid=MLB5765125576&sid=search,1,1,500-1k,26.25
Smartphone Motorola Edge 60 Neo 5G - 256GB 24GB (12GB RAM + 12GB Ram Boost) 50MP Sony Camera Moto AI e tela 1.5K Super HD - Latte,1799,3799.0,4.9,Motorola,Chegará grátis amanhã,53,https://click1.mercadolivre.com.br/mclics/clicks/external/MLB/count?a=Yz%2BnTulGBGOTII2mahb4Mo%2FsoG4HZrn29UljhXdeCgMIToDafTSeKrNfxXYqVi%2FxLJxMP0bM24NFge55hRBeBPAEL3BLa0R3WWDb%2FBVAl%2F4FaxZ7MjM0Zmpn7qWUw2An6ILvRnQJKoqNxCy1JU54BKaHR%2BbGlUpiG%2B66%2BPI9%2B%2BNsZZBW6ZCwlG6paVdAkZ%2Bp1TDtWYF4fY3PS4c0MBcNZFKe02CoXbolfzGoadDFWJBdpl%2Faz%2FCqumA%2FTTn0XarO8m4sx6cDhcVmW8TPqDAu8LtQiDY0KLBglrmc3ozasPtyjiZtFBxSbGzt8TypMx9f8uOXRSHT5teYMXNzqJMAKkYTgYp%2B0O8YEuL1N7VpwR7oSKYDcLeWynF%2B%2FxyPGuH7fV1sisVNEUp1xY7kcCMrjOf%2BkYrwXb%2F%2BMm3pk02eEMs5fypmM%2FHidKyaRmLQv4OuapEZuCKJssHM3LRhJW64OWPy4GrsMu5CAN%2BVZDo8Myrx0LIkg9fAFsL39g893tlVgYPbeu8C1rSaQPCFvju0lG3olF4fZ7vwBihvh1%2BHbW2dL%2BxsY6gMFahdYFYe1Q3yrBgGjdsPRXqOnefhVjunKZ5BsP1TUEon7hOWDcu%2FVGZXN1uog%2FlOQhGn2u6l%2FjQNSOa%2FU7aHdyc2QzIrZyWLKy6E%2FwDxc%2BQarH71OKfOqUSZltnDcWrji9zhYg4ForFtXfYuzpLe6B3LYAj91cTGwsbXjMvy6lYUjdr45PsT03MexdNYoq%2FOO9ReKgV2Gy91ZUXT54PJxl6NwZLQO1TWOc6DvwydCf3YWhdAIrbOjEwXOVDo%2F21W0b0MTkmSXknhGN76RmUv4LDqVrFqBX9amgmU8S%2FWGedxweiOnVX9zNEis9Tsp4skVW%2FnqPuusDJUWLFfEmA1VI4TPXvz%2BRqwvjsivVAa77lLpOxdyhEo%2FAVbFErxqhG7uLXqpwlBRwhkqvKWOgU88maHBVP5XX40p3Nq0gzLhlE9I2lAwGUQSNX4ENY9U7zZdumXOrkidB09IgyV%2FCRjyKXl18uG#polycard_client=search-desktop&is_advertising=true&searchVariation=MLB58684606&backend_model=search-backend&search_layout=grid&position=4&type=pad&tracking_id=be5b2ab9-27c9-4508-8b1b-0b68fd154661&wid=MLB4265763257&sid=search,1,1,1k-2k,28.349999999999998
Celular Samsung Galaxy A56 5g 256gb 8gb Ram Cinza,1998,3699.0,4.9,Samsung,Chegará grátis amanhã,46,https://www.mercadolivre.com.br/celular-samsung-galaxy-a56-5g-256gb-8gb-ram-cinza/p/MLB47114363#polycard_client=search-desktop&search_layout=grid&position=5&type=product&tracking_id=be5b2ab9-27c9-4508-8b1b-0b68fd154661&wid=MLB5317821714&sid=search,1,1,1k-2k,26.25
Smartphone Samsung Galaxy A36 5g 128gb 6gb Ram Câmera Tripla De Até 50mp Selfie De 12mp Ip67 Super Amoled 6.7'' Nfc Recursos Ai Android E Segurança Snapdragon - Preto,1430,2815.0,4.9,Webfones,Chegará grátis amanhã,49,https://www.mercadolivre.com.br/smartphone-samsung-galaxy-a36-5g-128gb-6gb-ram-cmera-tripla-de-ate-50mp-selfie-de-12mp-ip67-super-amoled-67-nfc-recursos-ai-android-e-seguranca-snapdragon-preto/p/MLB47115842#polycard_client=search-desktop&search_layout=grid&position=6&type=product&tracking_id=be5b2ab9-27c9-4508-8b1b-0b68fd154661&wid=MLB6410679768&sid=search,1,1,1k-2k,27.15
Xiaomi Redmi 14c 4G 256 GB 8 GB RAM dual sim cor preto,832,832.0,4.6,Desconhecida,Não informado,0,https://www.mercadolivre.com.br/xiaomi-redmi-14c-4g-256-gb-8-gb-ram-dual-sim-cor-preto/p/MLB41287578#polycard_client=search-desktop&search_layout=grid&position=7&type=product&tracking_id=be5b2ab9-27c9-4508-8b1b-0b68fd154661&wid=MLB6245801058&sid=search,0,0,500-1k,2.3
Smartphone Motorola Moto G06 - 128gb 12gb (4gb Ram + 8gb Ram Boost) E Camera 50mp Com Ai Bateria De 5200 Mah Tela 6.9,661,999.0,4.9,Desconhecida,Chegará grátis amanhã,34,https://www.mercadolivre.com.br/smartphone-motorola-moto-g06-128gb-12gb-4gb-ram-8gb-ram-boost-e-camera-50mp-com-ai-bateria-de-5200-mah-tela-69/p/MLB61381499#polycard_client=search-desktop&search_layout=grid&position=8&type=product&tracking_id=be5b2ab9-27c9-4508-8b1b-0b68fd154661&wid=MLB4515672567&sid=search,1,1,500-1k,22.65
"Celular Samsung Galaxy A07 128gb, 4gb, Câmera 50mp, Tela 6.7 , Proteção Ip54, Processador 6nm - Preto",599,899.0,4.9,Samsung,Chegará grátis amanhã,33,https://www.mercadolivre.com.br/celular-samsung-galaxy-a07-128gb-4gb-cmera-50mp-tela-67-proteco-ip54-processador-6nm-preto/p/MLB55034955#polycard_client=search-desktop&search_layout=grid&position=9&type=product&tracking_id=be5b2ab9-27c9-4508-8b1b-0b68fd154661&wid=MLB5859349564&sid=search,1,1,500-1k,22.35
Samsung Galaxy A06 5g Dual Sim 128gb preto,719,989.0,4.8,Vikings,Chegará grátis amanhã,27,https://www.mercadolivre.com.br/samsung-galaxy-a06-5g-dual-sim-128gb-preto/p/MLB48946861#polycard_client=search-desktop&search_layout=grid&position=10&type=product&tracking_id=be5b2ab9-27c9-4508-8b1b-0b68fd154661&wid=MLB6433836010&sid=search,1,1,500-1k,20.5
"Celular Samsung Galaxy A17 Com Ia, 256gb, 8gb Ram, Câm De 50mp, Tela De 6.7 , Nfc, Ip54 - Preto",1259,1399.0,4.9,Samsung,Chegará grátis amanhã,10,https://www.mercadolivre.com.br/celular-samsung-galaxy-a17-com-ia-256gb-8gb-ram-cm-de-50mp-tela-de-67-nfc-ip54-preto/p/MLB55254425#polycard_client=search-desktop&search_layout=grid&position=11&type=product&tracking_id=be5b2ab9-27c9-4508-8b1b-0b68fd154661&wid=MLB4583723537&sid=search,1,1,1k-2k,15.45
"Celular Samsung Galaxy A07 256gb, 8gb, Câmera 50mp, Tela 6.7 , Proteção Ip54, Processador 6nm - Violeta",852,1399.0,4.9,123 Comprou,Chegará grátis amanhã,39,https://www.mercadolivre.com.br/celular-samsung-galaxy-a07-256gb-8gb-cmera-50mp-tela-67-proteco-ip54-processador-6nm-violeta/p/MLB54964804#polycard_client=search-desktop&search_layout=grid&position=12&type=product&tracking_id=be5b2ab9-27c9-4508-8b1b-0b68fd154661&wid=MLB4277746349&sid=search,1,1,500-1k,24.15
"Smartphone Motorola Moto G86 5g - 256gb 24gb (8gb Ram+16gb Ram Boost) Tela 1.5k Poled, 50mp Sony Camera Ois Moto Ai, Videos Em 4k, Ip68 + Ip69 - Vermelho",1792,2399.0,4.9,Motorola,Chegará grátis amanhã,25,https://click1.mercadolivre.com.br/mclics/clicks/external/MLB/count?a=ASWfooCpbjNbNwVO9MYs1dH3R5Xyc%2B2Vo9xMUibtoQVCJhXGhZsxgKpRDblzi45JViZC0C0C2CDmgH2t3FzNzFz7uwuOp2YcV%2FZlXJ1X5qaK1Mbfci7gQUyw0jgcslhQeSOlsD8ehx7QVqmffcqRhfbdd7frALHuh19Uv%2BN%2Bn3SDYjd7n%2FLdfOVLZnLbaKFSaRxXA0p5wcHGUsOVl1I5TrEASGaWTtF%2FnHi2SyqNic0zs0%2FMoOGv2oZmhEIIOdjGMTRYnaXlx7iaL6oEyC1VmmU2znrsO29OIDaGD6G0sNaklqyrTCv75%2F8g%2BNMaVKAE5AmzVMLy1lOpcxBa80yOePiFdIZG2JiYaabIaiH8n0SDIFK6DfqtvkrsAkwpvnppe%2FxjX6TNnRHDliYWNZ8sqAuGJZs7FcNthG9pmvj2tkj0lKTXrhEeGYLN%2BRj4jhwFs%2FtG1Zw85exfTj9IYyJDrVwC9MEp6tYjnIzSkMq5VZOndGvp%2BDDv3Dk4j1Hq24WeYboanXEELZb1UazUayj4OdVc%2B0vFV65cAOcDZBYyfZ8RRyQeNir9%2FAlFdsz5LTyFc9nkT4qZswD2t1vCuGjcgZ81kQESU0VMSQJX%2Fh0a2gxtQLByruZsCp6SyC5FlRjJ9OZ0stS6gGu6eJ3Z%2BBecsaKQcbJfN3F2UoMocz9YC2bKdSFcSACLJZb%2BgYg3iJVXDTEitS4ruAypj15gjaS%2FARJc7CyJsKS28w2VKEEybpWOg2g0pf9frO4W5jOntBrOq1OfpKqq3p9YfuB%2F%2Fz8A6hxerSXDFvsi%2BUhWHPnChbExheAVXzFzC4%2BUm%2FwbVdTDvO%2BS7NkaIHx1ilJM8179JUYi1QJvicr%2Bcp1PA%2Bqw5aGwdYMi38CzGc%2F%2FUjdxu2Z%2FtiIVJElUmSfebyfG7hFpK2lBvbVo5oohzO%2F7atIVt3WW5IKimKbhX06rfQirRDXQkG3eTKPWE2fqVG42eRZqaTEtXaeHg%2FLYu2Cnpu3i4Q5NzTHemvbuH5mUYtq9md3oVyPussW63wpntXRA81Qp6xaEdwznM8b7i6C1qFNnxIwDWVY5#polycard_client=search-desktop&is_advertising=true&searchVariation=MLB51340616&backend_model=search-backend&search_layout=grid&position=13&type=pad&tracking_id=be5b2ab9-27c9-4508-8b1b-0b68fd154661&wid=MLB5462013472&sid=search,1,1,1k-2k,19.95
Smartphone Motorola Moto G05 256gb 4gb Ram Camera 50mp Vermelho,699,1199.0,4.9,Motorola,Chegará grátis amanhã,42,https://click1.mercadolivre.com.br/mclics/clicks/external/MLB/count?a=mOEHB5AROAbleQqFpDAFrcbrAf2pkbSsyvK838GD3e0%2F%2FM26Bubr6fuxL%2BXCnQQsXsXUdeQFzcEgxa90b6tnkA%2FW1M6Ldd4vAPsPhZ1Oa3hySdvUssSfqVNW1iz1W%2FJopG%2FkpbrIcUSXUS97vTID46nsAlbPRGlIsJif4p0tTBsBX%2BDu1hO1vCNmI3NEUawd97o2CL4qaL%2FKfhTw4cEr2klGH%2BCnb%2BTzF9%2B7FP7GBUq%2FeWzQahkuhHCHoblAazJrT%2F0LrWb1qRhbgNxlfoMUFoOrSOPDtFq2gZqJPJs4Gm9FMu9mMM7FmZJb1dd8wM2RHX%2Ft%2FuaKFdC2NlKqfK9KWnQ26sMng%2FaNphe4R8SR8K%2FrTWPC6gzybvqPu8%2B8CW2X3%2BTNEDqgfCtscXqTNQA0emwqCcBXd5LPzHAkvdkBSIk4jsHre8BPHfN%2Fa0SaWMCy%2FEx7LP8rWioKH815J8db%2FN%2BXV7qySdMfu4sd4yFOChkiqOorZ93%2FiRtstOI72nsNiqWvlRb2s7GGLflj4WDCwQuJsQB6vI673U979udzzflWWB27aEe%2BebIR%2B3ZYaAVP2aLVSUKfus4e12Pt%2FY4AFfYiL4nw6uWKRvthlCL5HJxeYtTmSiZhOOazSWj0aVyaVtTwJ558oGUyEyBSaGARcdHR2j8%2B2wOlBf4xpnt9gDLov0rusfrb04QiPsM79VjPUdcb8Z9zsfXoar0To4K1KN9aiJxS9zN577B9UIbroGTVoYsnfZuSvadkjSvXoLFBzkN9Dn%2FbUJXGimCzRRo5zujNG3EAwJvAHBXDeMxssB3TOA8XMQ%2FI6JIKaGLWop8bt%2F9%2BajrV73Qh3Y0g0wgKOZcmDMesnRVLYGyhdBpVyXJpEbCiu9R%2BOsfUPojGU6kIt6G%2BK7d5rnyA%2FBdTVeT88StM80iM9AqZvetISwZVu4zyXLJWLEpkY9DhnuAyBjqlF2fYF6Jz#polycard_client=search-desktop&is_advertising=true&searchVariation=MLB58493174&backend_model=search-backend&search_layout=grid&position=14&type=pad&tracking_id=be5b2ab9-27c9-4508-8b1b-0b68fd154661&wid=MLB5774641722&sid=search,1,1,500-1k,25.05
Smartphone Motorola Moto G56 5g - 256gb 16gb (8gb Ram+8gb Ram Boost) Camera 50mp Sony Lytia 600 Ultrarresistencia Militar e Ip68 + Ip69 - Cinza,1598,1999.0,4.9,Motorola,Chegará grátis amanhã,20,https://click1.mercadolivre.com.br/mclics/clicks/external/MLB/count?a=aX9OpLlzBYuRTNC2LV1mbzkC7g4F%2FF9nnlrTZWoGISsoaTgs8zn56EnhuLVhD10gJ1B5Zvrd3qLbMhhICD32%2BmpUTZ1uZQrkqqySjt2ZZM2rGFDHXsmnW71otXYBytLqZiRHJEsP46zG61tJ2uUkd4n5oAiLKbUgbzd94QKPKcbUZkA3HZ1GB3b%2BQqTkHVo8TL1Nivi0IPTNdDQPXstTTL59B%2Fwcqil940Blhi3Kq2Oxudl6Nbzigick505Y55IZht%2Bfr44NGolqCNjECGwnzk85KGQeCr37d4DauDAncK%2BAkbS7uWqDVKldtkUYglJNmlPZNqOqWhSaMj6%2FIeW6yd4I1L108Q8ocN1OKXKAmyP9ocZcu1ueCJayD%2BwBG1tFwxxQ%2BqdLZPbM9rzhFhnuNueoBM0d8YORiZ8eLIn0vxruSsTEnl6%2FLE6AVYuZcFzMChZu6cgLKaoxQ7SwGfdZgHkLpgr0j%2FSi17ayPGoKVJ7IMX2oeIAEvNhEowjRY%2BbTe4ggGAsE1pvwQqWjOjLnDwR2IrXZIRcG8Z10uPH51vG%2Bsgv2lYAJ50PGBOQCkb%2BHnhRJudi7Oh9H6D%2BM%2FNoPP5SXX85AjWhR%2B%2FgOf4NvEWkyFR6uFFDfcAGcs682r9lwZvK0Htf7DHZYGXxtDbYU7%2BhHboMDtG9RbTC7NZJty%2FMLwYACvOx4qqUydZTLcXJKw%2BFzHXIo87IQwwb%2F23FcUcnDNjX%2FLoM21vSqocMJlx4ghhhPerxAU8GnTE6zO6C4tYVKhAqrMWFA0PI7zLEkllqEdujIx9imVJlnqfUPtU57K15TptqVOOl32eLU%2FzwyUhdN4%2FYXUCzGiqdPsR1OfBZZu91rzdLcso3ID71v3dBxrJhnN71FjGDxVML67Y5E4o34TgbQ9LpPdmbHzseC3%2Fq6PmMshQ3pkjHELLJbXngS34te2SS0XLCBLumL%2Btmvp4fFqDNnJyZoti2AomNYFAVOiBTzMiE6oKgLH2po%2BWMRgmtutnefYHpePBC8SEooRcXahyQrZcZh0acno4Wz7oWLgnJMOedsOe6Imyo%3D#polycard_client=search-desktop&is_advertising=true&searchVariation=MLB50301060&backend_model=search-backend&search_layout=grid&position=15&type=pad&tracking_id=be5b2ab9-27c9-4508-8b1b-0b68fd154661&wid=MLB5402372302&sid=search,1,1,1k-2k,18.45
"Smartphone Motorola Moto G67 5g - 128gb 12gb (4gb Ram + 8gb Ram Boost) Camera 50mp Sony Lytia 600, Tela 1.5k Extreme Amoled 120hz, Ultrarresistente - Chumbo",1529,1899.0,4.8,Motorola,Chegará grátis amanhã,19,https://click1.mercadolivre.com.br/mclics/clicks/external/MLB/count?a=PwvsR9YYxxkiAtBXiQrEStfumwZXxEnU36Gbz2h7oYw8BMQWOTrzPKFJnCIVnBNwEdLyMQkOnvfbd2tzBobgOM3dp9GHrObyN7%2Fr9aVTlFFNMn2Db5jy4NWlYgkHDbKxc%2FZXl85SSpAT9hVfvksRDHWOx9yv%2Fe3E%2FS76c%2F4TVAbZFEb%2B3HCnQ30crw7iRssKfcLUwS9ytINDPB7iBF4B72KyvS2GV0Skdu5AfGQVhfCEMAH3mroZ12wBsEP9PCB8XdMauRRPlQEEpKhRk6Gsf6eGFDaL%2FTIg9G9kPyQ6zJd%2BAGAt9DSQBtMCO97qciWOp1WutkXOW%2Bi8QYDTzWkqOjgLROS24BIP5n1AimCdbH3f51PonZGcY%2B8dvPhc7%2B2wUnuIUjQvdEyRtGtlurM4%2B%2BxYXCPFmnKBF0jhlxV%2BmMg%2FZ4hsjXOYmgr1FK8t3VGfcMVFD48sxSg%2FYaXVH67%2B9kmDHzkeW6gxXxJNSUQ%2B2NvxyqfXGZbcFoQBG6kkPIvZ70yfAurlUfNWIWXf7F%2FGMz3zQiEIZ5L%2BniwQXTUVFrJ5yzlxGGrLKQxwBQMxQEOq4MErk7qSqMpQ72tUMPv2pDUm7X7paAkY9rcZ2VZiD73nKEFZtvm5wqiFw%2FoO6jEyrXbHpoXEvczJp1SxbAfPft%2BKn6oLM1dU8629TAi6YxaVfSu7v1Bib4x%2BJTv1NvLenrH%2FtGxYjNcuFspEWnf5%2FaUj1BZJ7KHjSUZM4e8bNuWqZ6O6s27t%2BavCYRTUwtHNA435fRtdS4Pe2%2Fo3Pk%2BIkH8yjAD2a75mhPDegyQcvpC%2BFv6qzDmkUSNC2Pfy%2F8qYSznjNwrNBtul8i9ZzKYJtUyNxLA9bgtML1bKLIeIJDg77qY7frgJ4x4hkmJMr3HC7pPHReYOGmUwtIakHQSmcAtFTH9Y5rNHUDD35JbFbZ7tTgAwye0yW1df4cF6HTscuu93LYbE9ahBwHd1U4ROl005uo3CrsiBIcX2ui8mFA9E54PckD4gf3w3LF9bD1oKET5EDjbQ7z7Idv48%2FlGASXlVQRMxmsPSMoK2v9xvwRTERZ6rAS03Ow%3D%3D#polycard_client=search-desktop&is_advertising=true&searchVariation=MLB65319818&backend_model=search-backend&search_layout=grid&position=16&type=pad&tracking_id=be5b2ab9-27c9-4508-8b1b-0b68fd154661&wid=MLB6420538026&sid=search,1,1,1k-2k,18.1
Smartphone Motorola Moto G06 - 256gb 12gb (4gb Ram + 8gb Ram Boost) E Camera 50mp Com Ai Bateria De 5200 Mah Tela 6.9 - Bege,723,1349.0,4.9,Motorola,Chegará grátis amanhã,46,https://www.mercadolivre.com.br/smartphone-motorola-moto-g06-256gb-12gb-4gb-ram-8gb-ram-boost-e-camera-50mp-com-ai-bateria-de-5200-mah-tela-69-bege/p/MLB55762063#polycard_client=search-desktop&search_layout=grid&position=17&type=product&tracking_id=be5b2ab9-27c9-4508-8b1b-0b68fd154661&wid=MLB5765125576&sid=search,1,1,500-1k,26.25
Smartphone Motorola Edge 60 Pro 5g - 256gb 24gb (12gb Ram+12gb Ram Boost) Tela Quad-curve Moto Ai 50mp Sony Camera Ultrarresistencia Militar Ip68 + Ip69 - Azul,2694,4499.0,4.9,Motorola,Chegará grátis amanhã,40,https://www.mercadolivre.com.br/smartphone-motorola-edge-60-pro-5g-256gb-24gb-12gb-ram12gb-ram-boost-tela-quad-curve-moto-ai-50mp-sony-camera-ultrarresistencia-militar-ip68-ip69-azul/p/MLB49085450#polycard_client=search-desktop&search_layout=grid&position=18&type=product&tracking_id=be5b2ab9-27c9-4508-8b1b-0b68fd154661&wid=MLB5382324466&sid=search,1,1,2k-5k,24.45
Smartphone Samsung Galaxy A36 5G 256GB 8GB RAM,1521,3299.0,4.9,Samsung,Chegará grátis amanhã,54,https://www.mercadolivre.com.br/smartphone-samsung-galaxy-a36-5g-256gb-8gb-ram/p/MLB47111905#polycard_client=search-desktop&search_layout=grid&position=19&type=product&tracking_id=be5b2ab9-27c9-4508-8b1b-0b68fd154661&wid=MLB5317478858&sid=search,1,1,1k-2k,28.65
"Celular Samsung Galaxy A17 5g Com Ia, 256gb, 8gb Ram, Câm De 50mp, Tela De 6.7 , Nfc, Ip54 - Preto",1576,1899.0,4.9,Samsung,Chegará grátis amanhã,17,https://www.mercadolivre.com.br/celular-samsung-galaxy-a17-5g-com-ia-256gb-8gb-ram-cm-de-50mp-tela-de-67-nfc-ip54-preto/p/MLB54961455#polycard_client=search-desktop&search_layout=grid&position=20&type=product&tracking_id=be5b2ab9-27c9-4508-8b1b-0b68fd154661&wid=MLB6574985998&sid=search,1,1,1k-2k,17.55
Celular Smartphone Realme C73 256gb 8gb Ram Dual Sim 120hz 6000mAh Violeta,1149,1999.0,4.8,Webfones,Chegará grátis amanhã,43,https://www.mercadolivre.com.br/celular-smartphone-realme-c73-256gb-8gb-ram-dual-sim-120hz-6000mah-violeta/p/MLB62258511#polycard_client=search-desktop&search_layout=grid&position=21&type=product&tracking_id=be5b2ab9-27c9-4508-8b1b-0b68fd154661&wid=MLB4334411855&sid=search,1,1,1k-2k,25.3
"Celular Samsung Galaxy A26 5g 256gb, 8gb Ram, Câmera De 50mp, Ip67, Tela Super Amoled 6.7 , Nfc - Preto",1405,2167.0,4.8,123 Comprou,Chegará grátis amanhã,35,https://www.mercadolivre.com.br/celular-samsung-galaxy-a26-5g-256gb-8gb-ram-cmera-de-50mp-ip67-tela-super-amoled-67-nfc-preto/p/MLB47424244#polycard_client=search-desktop&search_layout=grid&position=22&type=product&tracking_id=be5b2ab9-27c9-4508-8b1b-0b68fd154661&wid=MLB5474927460&sid=search,1,1,1k-2k,22.9
"Celular Samsung Galaxy A17 Com Ia, 128gb, 4gb Ram, Câm De 50mp, Tela De 6.7 , Nfc, Ip54 - Preto",899,1499.0,4.9,Samsung,Chegará grátis amanhã,40,https://www.mercadolivre.com.br/celular-samsung-galaxy-a17-com-ia-128gb-4gb-ram-cm-de-50mp-tela-de-67-nfc-ip54-preto/p/MLB54987753#polycard_client=search-desktop&search_layout=grid&position=23&type=product&tracking_id=be5b2ab9-27c9-4508-8b1b-0b68fd154661&wid=MLB4217306791&sid=search,1,1,500-1k,24.45
"Celular Samsung Galaxy S25 Fe 5g, 128gb, 8gb Ram, Câmera Tripla De 50+12+8, Tela Grande De 6.7 Jetblack",2868,4499.0,4.9,Samsung,Chegará grátis amanhã,36,https://www.mercadolivre.com.br/celular-samsung-galaxy-s25-fe-5g-128gb-8gb-ram-cmera-tripla-de-50128-tela-grande-de-67-jetblack/p/MLB61692896#polycard_client=search-desktop&search_layout=grid&position=24&type=product&tracking_id=be5b2ab9-27c9-4508-8b1b-0b68fd154661&wid=MLB6087231690&sid=search,1,1,2k-5k,23.25
"Smartphone Motorola Moto G17 4g - 256gb 12gb (4gb Ram + 8gb Ram Boost) Camera 50mp Sony Lytia 600, Tela Fhd+ 60hz, Bateria 5200 Mah - Rosa",1078,1749.0,4.9,Motorola,Chegará grátis amanhã,38,https://click1.mercadolivre.com.br/mclics/clicks/external/MLB/count?a=Rkw1Az94rZl6R3BWkkte7%2BU1%2FZ7Vw2ON5AEvRRcKsp6qQivGIdl0MJGDCLyu6blIQn%2FqjW%2FxSYlsAnxDVJ6FfDLokmzAxfYa%2BMzOUHgzi6%2BbT1PWXbxvnwJiAE30h6wxGRSQ9bZ13Ff9BhrsYuBBNEI6GXW3rUTu%2FPErx%2BviGdWcwrnCGyCGIGQN6d2URAUL7fFUixEXkBiyGUq8H%2BgAOFYp6FXWB21ev5phDrF9k2pmbS03PjUJAyYbMuU19plsOf7EKvfAAkEkBZ9Vcpmg3S43KegH3rtbA%2B2CXrTUY6BPlePgMSbnjwyO4gnMWXf3bLZ2IOmuMAlSeTo1AuuPkI6hQlK5CJgKniS9AguRhaCJ0HK2Wme0oqh95Gd63zMItaKiJ5BzNlO8p%2BeM6YWNrHVHRFNDW%2ByPH1eeI3Fl6bZ%2Fn9hcMNLDyAoBHMIdyA%2FmFcigVTDjrntEFZp5n1SxnJKNV6u1OHFMewcTBHXl4M5X1bUYEoVbaSwaDlH%2FSgE0t%2FBLyLaG1QcmO2RPonGuiIlb33IENcKoKkpOm9iJKPizWs4o1fhtXxRcCrwb3l7eDsjKek7zaBkEtiqHh2c1DfJX5lHhp6p8%2BRPWwH4XnvRUOcrz8wNYXVNNBDaguTT7l1C3XflBc0%2F5dANMipuqcXCFPCFlVoNk7d2gEHUUeJII3OkBASGT7rr4KfqKadKll9J%2B%2FZDdGPtyNEDhIWAiBXy5QdbJ95vABtOf8y5Dz96WrmTyvHU%2F%2FY4pR05SCb6vbHNFHx9zz1qhc4orzyzBBdGuslvbfyu7wDUs4OFRZQpVgfbPVRwdeXVF2ZyOD1EKQn4WGZEk4eUWQ4evSqVjTyN0cC3yYF841lhB4euGIx7I1kJCGCmjlNx%2BLZTKPQ7%2BZ0ao13vLWLpUt4tmRnZCxsk5zN9hDoCfdp4REikopAGA895DdYd0ilVJ%2By5eVBfggo2TwTRjx9kf6qBTx7qvHwajcoIr%2FyN7MG%2BJFBEbrhJfH1rDp8C2qeWEdkqYVmwhmgWR6%2F0z1ZEwP51EtLB%2BawXrlJE2#polycard_client=search-desktop&is_advertising=true&searchVariation=MLB65041664&backend_model=search-backend&search_layout=grid&position=25&type=pad&tracking_id=be5b2ab9-27c9-4508-8b1b-0b68fd154661&wid=MLB4510840013&sid=search,1,1,1k-2k,23.85
Moto G15 Dual Sim 4gb Ram 128gb Azul Marino,699,1099.0,4.8,Motorola,Frete grátis,36,https://click1.mercadolivre.com.br/mclics/clicks/external/MLB/count?a=IjN0uPgUtMqfK674Ps7s1lQUHFz26Bcbc9i2uQiZ2ko8MIrsAH3u3kLnMCIvknPP8vg9DWOZ9jgzHwNPvhyDbqObUOEzWuUiWRHHCH0zgmOTC30SD0vyeOzbNuj9LHc8BK8WKWSQSQSARfpZHf1BTFNO60WWDBckzgj8TNcHiUT%2BudRJbvnqdscnor0hU5e0iEOcymdoOX8qoDBBItq2fpsH9TL%2FfG7VPYoa6nYHgQ%2FHwQ8XcmHcZONB2SNgNzYsM031tLZ6F%2B8Udxl%2FhDMNzD4O33F0cftmWnyauIuZxi82m%2BIrbg0gujJHcxsHQHtsNKGtriLeIa4pdDI2GC82VPsEiDF6fBMG1NCLGHtvSFR92BP1DGDGH3kJaOUYDaim7H021kMjVWiDqORD9jlDfFL7mIBxCvsDruZTQNVXVN%2Bh8OOjyQYbsab8wNlw%2FKkTsL%2Fofwsnf5m%2BDJmS0%2FqDWv8ZHCkET8yh0WKnu281YfVG8PDnuIdPsymZd4Sts35wB7j0JD1U1ZzjpC9sjnAaGWrybaH4emv5tDlKA2aZESqWLZ8cCIGnzjoh6d8TAowbFslQW2Wm4NgMc6UUm9Eu1f6dtEWBerf3gxcS301YcI1jYsEcNeZP%2BXMeZyMFYdBBzIUyslM6fn83QPiJnogrRj4%2FRQ477MSNWHZKT94Re0Cy5k61kh1xmrKw3oykpy0uB%2BfNr4faaORAWZcAomrUJapLOWadvgimvIltcp6Aap8eWdKTf%2BSa3oK6hzjqwdv7tqJxOE74rfBbVRB6q0%2BBqrTGTi8OuC8dBwx8Hs9KCaSfrJAhnRcm8pfTm05GAaJTOKxmAxSjn4GxQDBFczb9aCvVSRjoyFUmTa%2FTYlEkUKnqAJHHU%2FBUtl%2F9aONB%2BkXVs0EJcXAy9ItWTGmvlq%2Fh8d6V6SnMTEigoWZQXXaKKpd0#polycard_client=search-desktop&is_advertising=true&searchVariation=MLB46056608&backend_model=search-backend&search_layout=grid&position=26&type=pad&tracking_id=be5b2ab9-27c9-4508-8b1b-0b68fd154661&wid=MLB3975530813&sid=search,1,1,500-1k,23.2
"Smartphone Motorola Signature 5g - 512gb 24gb (12gb Ram + 12gb Ram Boost), 3 Cameras 50mp Sony Lytia E Zoom 100x, Tela 1.5k Extreme Amoled 165hz - Preto",7649,8999.0,4.8,Motorola,Chegará grátis amanhã,15,https://click1.mercadolivre.com.br/mclics/clicks/external/MLB/count?a=4jbBhqalZ06%2Bz73X%2Fc50vTNx%2FI6%2B1Tv5AqPmlr%2FA0Vl649x6whqFMIiZlPJwphBjsiPN9HCdnxlQuhP7hC3XQ1XZRdjfCjv%2FOkFTqw7VA14DmeZs5iZvyQ60D5N3J%2FURT9DLSKFbgPiLUluu5OUyvbFuak5B3QfkqwRqXJQPqmxhIxStZD33P46uTNxVi5ZJ14fun0RR69mO%2BgljHZyfNWFxzR%2Fkovc8u5zoAQXwlmOJCoOBgf%2FPCJdb2oonuIMcnacehD1V7vVfoxoKV8ghG8qYVwMyQdPjcqaNBnqYC0bUGFyuxteGjGp0eD33bx3Q%2Ft5Y6KK%2Fhorc68qAgUM8zjO29Ak8mrEfplGvdWnGQ4RgiCwu8FXv3YZd8Xl5eHrzk83iQZK96MInNiWbFzZyoA4m7dF8D7GqRccq4IBZKjf96DZknYcja9gpClREhgzGLn7IMTR5HCDj2nUSDyn5GsHU57mcCoL7%2Fdh3VjHH4S4KUZXkgC0uyMeRmvOL2v6XdO0D43P21ebSkZ1KAuJDXE5guymD6wGJgsDaCyEIAaH6n8ypprhzPFMi95zeGDXAY0FKH8BXtzshf2aoNf9wkEgfSa1zYu8BBfVoJYsDzraCHQXPJzs%2BjLpu21FX%2BAv8Bjf8kK9x%2FK%2Bqrm9x60F%2F0AjPkWSOuRiqC35gTDGH7lLS9xHL4R5FH3LH03fhBEJJdlUQaSTbIyNNgjKLRkat5vxbNTn1dLeDFZat%2BTv%2FnyO6MHvhiVRuFua6kClwCEHbQpfz6LZlEQTf%2F5ilhwqnTWlK7xB9Myn3cxRYyVHHbnbh4PdkIuFY6MPfK20jasUqF02%2FKjxkqWKLst%2B9AWA1aIF1nQZVgIQVToAS2dwMQUMKnIiMbSm0wMAaD3nWoZY5l1EvPdp60Wp4k1wwy7qXxlumHa%2BU7SqSb92He3JnF4QjevKPRI2UQosF8z0OCX5QD7yF%2Fk9kPJtOIp0WF%2FIh3YnUWfp%2BdTgGQU06a7HM1in254gcSnWO0PqpCjwsgzlr4KXKSDCnH6P9KLZKGd4es2RG3h3P8ef1tzZkI%2FTyifFtOMlm#polycard_client=search-desktop&is_advertising=true&searchVariation=MLB65938141&backend_model=search-backend&search_layout=grid&position=27&type=pad&tracking_id=be5b2ab9-27c9-4508-8b1b-0b68fd154661&wid=MLB6373850588&sid=search,1,1,5k-10k,16.9
Smartphone Motorola Edge 60 Fusion 5g - 256gb 16gb (8gb Ram+8gb Ram Boost) 50mp Sony Ai Camera Ip68 Nfc - Rosa,1939,3299.0,4.9,Motorola,Chegará grátis amanhã,41,https://click1.mercadolivre.com.br/mclics/clicks/external/MLB/count?a=C%2BqSegBIXa%2Bx%2FMt7ZTEmH4uB9hvmvfCQCqSx2ApIf5V8DRq1qOzh%2BRJDHIZ%2BR6d3nBGvNLByKxzcbyTHmx%2FgcvD0u%2B0TkZ6cWzuA85LIdqrUQ1G9AbCVEd3gKXU5AjNl8bz%2FNeHmN1OGXx75dbHjXRSMtn8A4NyXn6VJa4Xlz4o1R3NNcGJ%2BHND2vChXnplEXHXJN229bqmS%2BiOhdk8hAUZorfWXxjsqbI5wd1UYzSEfR6cupAt8NNLMEpmb%2BhT0k4PbN39VnSNDFd7oSrQSKhqt68%2Fe4TfV%2BKRDlXPm5BkSgulVa%2Ba1neMT0vNI4q32J5SJzG3P5eccBUwV6hehxBjLR00froJBbtwpFhi%2BkNDBaf%2B4CPPc6N893iMAtivLM9k%2FE6N1o6p%2BJH4SzNkWgMF79QHLXwRV9wThQiEvyjGtvBeJVbrWI5jqQURpjvcmZImEsw%2FL5AliLO3bKzfYKq0NCl11PMB%2FvtiFWA6uev4UkmamrxaH4E8T2xkFr%2Fn3Mx4cI3TnNYHcmYYsXziFodaGvN2C6Z%2BsVbh7bqk0yl7JshfrZPV6VjlmUCgvitvtl3Oh%2Bk8WNS%2BImPJUJPUBDTNlYHvPQ2WbGTr1TwzaHsqT%2FfcpMNFQveqNuyWf1qLucABkCwI%2Bkb5%2Fem%2B%2FTTgnQI%2BuiL0218VDyKsomdUuetNz7MqIyVxjREtIfpicegUxCVa3M4%2FD2CwrQYi2owSWw%2FTiUiWb%2Fsydexf4SjMHZ4FzYgRLyXXf14%2F%2FpQEERsML5hHyTRH0QJ4qhwWelmXKehMGnbNCRrzytatTM6QAvg%2B5FCNCrxZXRqKM7d9BC6Thiy8Sx%2BgKr7C8d8D9nNdQQaj22tw55XUU31FnSja8nhEJNSWuba7GLZrB8cKF3TNaiUh2D9pYI8%2B6kHMkVMC3WHezmoEVhmtPfWP2NHb7OBL5v82InRjMfdY8ZQzzL7TFPqmKzK2dj8pT636cjG0ttbCyd143MNjw6MwD%2Bne%2FAmETp%2BbxahucNUGYBsRY1Q%3D%3D#polycard_client=search-desktop&is_advertising=true&searchVariation=MLB47251829&backend_model=search-backend&search_layout=grid&position=28&type=pad&tracking_id=be5b2ab9-27c9-4508-8b1b-0b68fd154661&wid=MLB4027318137&sid=search,1,1,1k-2k,24.75
Smartphone Motorola Moto G05 256gb 4gb Ram Camera 50mp Vermelho,699,1199.0,4.9,Motorola,Chegará grátis amanhã,42,https://www.mercadolivre.com.br/smartphone-motorola-moto-g05-256gb-4gb-ram-camera-50mp-vermelho/p/MLB58493174#polycard_client=search-desktop&search_layout=grid&position=29&type=product&tracking_id=be5b2ab9-27c9-4508-8b1b-0b68fd154661&wid=MLB5774641722&sid=search,1,1,500-1k,25.05
iPhone 16e (128 GB) - Preto - Distribuidor Autorizado,3699,5799.0,4.9,Apple,Chegará grátis amanhã,36,https://www.mercadolivre.com.br/iphone-16e-128-gb-preto-distribuidor-autorizado/p/MLB1046215784#polycard_client=search-desktop&search_layout=grid&position=30&type=product&tracking_id=be5b2ab9-27c9-4508-8b1b-0b68fd154661&wid=MLB3986439067&sid=search,1,1,2k-5k,23.25
Smartphone Motorola Edge 60 Neo 5G - 256GB 24GB (12GB RAM + 12GB Ram Boost) 50MP Sony Camera Moto AI e tela 1.5K Super HD - Latte,1799,3799.0,4.9,Motorola,Chegará grátis amanhã,53,https://www.mercadolivre.com.br/smartphone-motorola-edge-60-neo-5g-256gb-24gb-12gb-ram-12gb-ram-boost-50mp-sony-camera-moto-ai-e-tela-15k-super-hd-latte/p/MLB58684606#polycard_client=search-desktop&search_layout=grid&position=31&type=product&tracking_id=be5b2ab9-27c9-4508-8b1b-0b68fd154661&wid=MLB4265763257&sid=search,1,1,1k-2k,28.349999999999998
"Samsung Galaxy S25 5G, 256GB, 12GB, Câmera Tripla - Azul claro",3898,5999.0,4.9,Samsung,Chegará grátis amanhã,35,https://www.mercadolivre.com.br/samsung-galaxy-s25-5g-256gb-12gb-cmera-tripla-azul-claro/p/MLB45513356#polycard_client=search-desktop&search_layout=grid&position=32&type=product&tracking_id=be5b2ab9-27c9-4508-8b1b-0b68fd154661&wid=MLB5264376996&sid=search,1,1,2k-5k,22.95
"Smartphone Motorola Moto G86 5g - 256gb 24gb (8gb Ram+16gb Ram Boost) Tela 1.5k Poled, 50mp Sony Camera Ois Moto Ai, Videos Em 4k, Ip68 + Ip69 - Vermelho",1792,2399.0,4.9,Motorola,Chegará grátis amanhã,25,https://www.mercadolivre.com.br/smartphone-motorola-moto-g86-5g-256gb-24gb-8gb-ram16gb-ram-boost-tela-15k-poled-50mp-sony-camera-ois-moto-ai-videos-em-4k-ip68-ip69-vermelho/p/MLB51340616#polycard_client=search-desktop&search_layout=grid&position=33&type=product&tracking_id=be5b2ab9-27c9-4508-8b1b-0b68fd154661&wid=MLB5462013472&sid=search,1,1,1k-2k,19.95
"Smartphone Infinix Note 50X 5G 8GB RAM 256GB De Armazenamento Tela 6,78"" Polegadas HD+ 120HZ Câmera 50MP + Selfie 8MP Bateria 5200mah NFC, DTS Áudio - Cor Cinza",1349,2267.0,4.8,123 Comprou,Chegará grátis amanhã,40,https://www.mercadolivre.com.br/smartphone-infinix-note-50x-5g-8gb-ram-256gb-de-armazenamento-tela-678-polegadas-hd-120hz-cmera-50mp-selfie-8mp-bateria-5200mah-nfc-dts-audio-cor-cinza/p/MLB61656785#polycard_client=search-desktop&search_layout=grid&position=34&type=product&tracking_id=be5b2ab9-27c9-4508-8b1b-0b68fd154661&wid=MLB5957442486&sid=search,1,1,1k-2k,24.4
Smartphone Motorola Edge 60 5g - 512gb 24gb (12gb Ram+12gb Ram Boost) Tela Quad-curve Moto Ai 50mp Sony Camera Ultrarresistencia Militar Ip68 + Ip69 - Azul Marinho,2099,2799.0,4.9,Motorola,Não informado,25,https://www.mercadolivre.com.br/smartphone-motorola-edge-60-5g-512gb-24gb-12gb-ram12gb-ram-boost-tela-quad-curve-moto-ai-50mp-sony-camera-ultrarresistencia-militar-ip68-ip69-azul-marinho/p/MLB48930800#polycard_client=search-desktop&search_layout=grid&position=35&type=product&tracking_id=be5b2ab9-27c9-4508-8b1b-0b68fd154661&wid=MLB5363845340&sid=search,1,0,2k-5k,9.95
Smartphone Motorola Moto G35 5g 256gb 12gb Ram Boost Coral,945,2000.0,4.8,Desconhecida,Não informado,53,https://www.mercadolivre.com.br/smartphone-motorola-moto-g35-5g-256gb-12gb-ram-boost-coral/p/MLB63092926#polycard_client=search-desktop&search_layout=grid&position=36&type=product&tracking_id=be5b2ab9-27c9-4508-8b1b-0b68fd154661&wid=MLB6228408744&sid=search,1,0,500-1k,18.299999999999997
Smartphone Motorola Moto G56 5g - 256gb 16gb (8gb Ram+8gb Ram Boost) Camera 50mp Sony Lytia 600 Ultrarresistencia Militar e Ip68 + Ip69 - Cinza,1598,1999.0,4.9,Motorola,Chegará grátis amanhã,20,https://www.mercadolivre.com.br/smartphone-motorola-moto-g56-5g-256gb-16gb-8gb-ram8gb-ram-boost-camera-50mp-sony-lytia-600-ultrarresistencia-militar-e-ip68-ip69-cinza/p/MLB50301060#polycard_client=search-desktop&search_layout=grid&position=37&type=product&tracking_id=be5b2ab9-27c9-4508-8b1b-0b68fd154661&wid=MLB5402372302&sid=search,1,1,1k-2k,18.45
Apple iPhone 16 (256 GB) - Preto - Distribuidor Autorizado,5205,9538.0,4.9,Apple,Chegará grátis amanhã,45,https://www.mercadolivre.com.br/apple-iphone-16-256-gb-preto-distribuidor-autorizado/p/MLB1040287796#polycard_client=search-desktop&search_layout=grid&position=38&type=product&tracking_id=be5b2ab9-27c9-4508-8b1b-0b68fd154661&wid=MLB3931272075&sid=search,1,1,5k-10k,25.95
"Smartphone OPPO A6t 128gb, 12gb Ram (4gb + 8gb Virtual Ram), Bateria Gigante de 6500mAh, Processador Snapdragon, Tela 120Hz, AI Câmera, IP64 - Violeta",899,1299.0,4.9,Oppo,Chegará grátis amanhã,31,https://www.mercadolivre.com.br/smartphone-oppo-a6t-128gb-12gb-ram-4gb-8gb-virtual-ram-bateria-gigante-de-6500mah-processador-snapdragon-tela-120hz-ai-cmera-ip64-violeta/p/MLB66130734#polycard_client=search-desktop&search_layout=grid&position=39&type=product&tracking_id=be5b2ab9-27c9-4508-8b1b-0b68fd154661&wid=MLB4573343865&sid=search,1,1,500-1k,21.75
"Smartphone Xiaomi Redmi 15 8gb 256gb Tela 6,9 144hz, Bateria 7.000 Mah, 50 Mp Preto",1390,1390.0,4.8,Desconhecida,Chegará grátis amanhã,0,https://www.mercadolivre.com.br/smartphone-xiaomi-redmi-15-8gb-256gb-tela-69-144hz-bateria-7000-mah-50-mp-preto/p/MLB61511995#polycard_client=search-desktop&search_layout=grid&position=40&type=product&tracking_id=be5b2ab9-27c9-4508-8b1b-0b68fd154661&wid=MLB4390450235&sid=search,0,1,1k-2k,12.4
Celular Samsung Galaxy A56 5g 128gb 8gb Ram Rosa,1998,3299.0,4.9,Samsung,Chegará grátis amanhã,39,https://www.mercadolivre.com.br/celular-samsung-galaxy-a56-5g-128gb-8gb-ram-rosa/p/MLB47106876#polycard_client=search-desktop&search_layout=grid&position=41&type=product&tracking_id=be5b2ab9-27c9-4508-8b1b-0b68fd154661&wid=MLB4561879339&sid=search,1,1,1k-2k,24.15
Apple iPhone 15 (128 GB) - Azul - Distribuidor Autorizado,4499,7209.0,4.9,Apple,Chegará grátis amanhã,38,https://www.mercadolivre.com.br/apple-iphone-15-128-gb-azul-distribuidor-autorizado/p/MLB1027172667#polycard_client=search-desktop&search_layout=grid&position=42&type=product&tracking_id=be5b2ab9-27c9-4508-8b1b-0b68fd154661&wid=MLB4408547152&sid=search,1,1,2k-5k,23.85
iPhone 17 Pro 256GB - Azul-profundo - Distribuidor Autorizado,9899,11499.0,4.9,Apple,Chegará grátis amanhã,14,https://www.mercadolivre.com.br/iphone-17-pro-256gb-azul-profundo-distribuidor-autorizado/p/MLB1055308781#polycard_client=search-desktop&search_layout=grid&position=43&type=product&tracking_id=be5b2ab9-27c9-4508-8b1b-0b68fd154661&wid=MLB5687335472&sid=search,1,1,5k-10k,16.65
iPhone 17 256 GB - Sálvia - Distribuidor Autorizado,6297,7999.0,4.9,Apple,Chegará grátis amanhã,21,https://www.mercadolivre.com.br/iphone-17-256gb-salvia-distribuidor-autorizado/p/MLB1055308843#polycard_client=search-desktop&search_layout=grid&position=44&type=product&tracking_id=be5b2ab9-27c9-4508-8b1b-0b68fd154661&wid=MLB6545162768&sid=search,1,1,5k-10k,18.75
Apple iPhone 16 (128 GB) - Preto - Distribuidor Autorizado,4986,7799.0,4.9,Apple,Chegará grátis amanhã,36,https://www.mercadolivre.com.br/apple-iphone-16-128-gb-preto-distribuidor-autorizado/p/MLB1040287808#polycard_client=search-desktop&search_layout=grid&position=45&type=product&tracking_id=be5b2ab9-27c9-4508-8b1b-0b68fd154661&wid=MLB5120546360&sid=search,1,1,2k-5k,23.25
Smartphone Motorola Edge 60 Pro 5g - 512gb 24gb (12gb Ram+12gb Ram Boost) Tela Quad-curve Moto Ai 50mp Sony Camera Ultrarresistencia Militar Ip68 + Ip69 - Cinza,3059,5499.0,4.9,Motorola,Chegará grátis amanhã,44,https://www.mercadolivre.com.br/smartphone-motorola-edge-60-pro-5g-512gb-24gb-12gb-ram12gb-ram-boost-tela-quad-curve-moto-ai-50mp-sony-camera-ultrarresistencia-militar-ip68-ip69-cinza/p/MLB48998798#polycard_client=search-desktop&search_layout=grid&position=46&type=product&tracking_id=be5b2ab9-27c9-4508-8b1b-0b68fd154661&wid=MLB5389690592&sid=search,1,1,2k-5k,25.65
"Tcl Smartphone 605 4g, Octa Core, 128gb 12gb Ram (4+8), 6.7 Hd+ 90hz, Nfc, Dual Sim, 50mp",649,799.0,4.7,Mercado Livre,Chegará grátis amanhã,19,https://www.mercadolivre.com.br/tcl-smartphone-605-4g-octa-core-128gb-12gb-ram-48-67-hd-90hz-nfc-dual-sim-50mp/p/MLB53155051#polycard_client=search-desktop&search_layout=grid&position=47&type=product&tracking_id=be5b2ab9-27c9-4508-8b1b-0b68fd154661&wid=MLB6161225994&sid=search,1,1,500-1k,18.05
Apple iPhone 15 (256 GB) - Preto - Distribuidor Autorizado,4751,8095.0,4.9,Apple,Chegará grátis amanhã,41,https://www.mercadolivre.com.br/apple-iphone-15-256-gb-preto-distribuidor-autorizado/p/MLB1027172669#polycard_client=search-desktop&search_layout=grid&position=48&type=product&tracking_id=be5b2ab9-27c9-4508-8b1b-0b68fd154661&wid=MLB3621184765&sid=search,1,1,2k-5k,24.75
Smartphone Motorola Edge 60 Fusion 5g - 256gb 16gb (8gb Ram+8gb Ram Boost) 50mp Sony Ai Camera Ip68 Nfc - Rosa,1939,3299.0,4.9,Motorola,Chegará grátis amanhã,41,https://www.mercadolivre.com.br/smartphone-motorola-edge-60-fusion-5g-256gb-16gb-8gb-ram8gb-ram-boost-50mp-sony-ai-camera-ip68-nfc-rosa/p/MLB47251829#polycard_client=search-desktop&search_layout=grid&position=49&type=product&tracking_id=be5b2ab9-27c9-4508-8b1b-0b68fd154661&wid=MLB4027318137&sid=search,1,1,1k-2k,24.75
Smartphone Motorola Moto G15 256gb 12gb 4GB RAM 8GB RAM Boost Camera 50mp Verde,899,1499.0,4.8,Motorola,Chegará grátis amanhã,40,https://www.mercadolivre.com.br/smartphone-motorola-moto-g15-256gb-12gb-4gb-ram-8gb-ram-boost-camera-50mp-verde/p/MLB44665542#polycard_client=search-desktop&search_layout=grid&position=50&type=product&tracking_id=be5b2ab9-27c9-4508-8b1b-0b68fd154661&wid=MLB5237351728&sid=search,1,1,500-1k,24.4
iPhone 17 Pro 512GB - Azul-profundo - Distribuidor Autorizado,11699,12999.0,4.9,Apple,Chegará grátis amanhã,10,https://www.mercadolivre.com.br/iphone-17-pro-512gb-azul-profundo-distribuidor-autorizado/p/MLB1055308802#polycard_client=search-desktop&search_layout=grid&position=51&type=product&tracking_id=be5b2ab9-27c9-4508-8b1b-0b68fd154661&wid=MLB4200188179&sid=search,1,1,10k+,15.45
"Smartphone Motorola Signature 5g - 512gb 24gb (12gb Ram + 12gb Ram Boost), 3 Cameras 50mp Sony Lytia E Zoom 100x, Tela 1.5k Extreme Amoled 165hz - Preto",7649,8999.0,4.8,Motorola,Chegará grátis amanhã,15,https://www.mercadolivre.com.br/smartphone-motorola-signature-5g-512gb-24gb-12gb-ram-12gb-ram-boost-3-cameras-50mp-sony-lytia-e-zoom-100x-tela-15k-extreme-amoled-165hz-preto/p/MLB65938141#polycard_client=search-desktop&search_layout=grid&position=52&type=product&tracking_id=be5b2ab9-27c9-4508-8b1b-0b68fd154661&wid=MLB6373850588&sid=search,1,1,5k-10k,16.9
"Smartphone Motorola Moto G17 4g - 256gb 12gb (4gb Ram + 8gb Ram Boost) Camera 50mp Sony Lytia 600, Tela Fhd+ 60hz, Bateria 5200 Mah - Rosa",1078,1749.0,4.9,Motorola,Chegará grátis amanhã,38,https://www.mercadolivre.com.br/smartphone-motorola-moto-g17-4g-256gb-12gb-4gb-ram-8gb-ram-boost-camera-50mp-sony-lytia-600-tela-fhd-60hz-bateria-5200-mah-rosa/p/MLB65041664#polycard_client=search-desktop&search_layout=grid&position=53&type=product&tracking_id=be5b2ab9-27c9-4508-8b1b-0b68fd154661&wid=MLB4510840013&sid=search,1,1,1k-2k,23.85
Smartphone Oppo A6 Pro 256gb 8gb Ram 5g Ip69 Azul Espacial,2999,3199.0,4.9,Oppo,Chegará grátis amanhã,6,https://www.mercadolivre.com.br/smartphone-oppo-a6-pro-256gb-8gb-ram-5g-ip69-azul-espacial/p/MLB66177449#polycard_client=search-desktop&search_layout=grid&position=54&type=product&tracking_id=be5b2ab9-27c9-4508-8b1b-0b68fd154661&wid=MLB4536941689&sid=search,1,1,2k-5k,14.25
iPhone 17e 256GB Preto - Distribuidor Autorizado,5219,5799.0,4.9,Apple,Chegará grátis amanhã,10,https://www.mercadolivre.com.br/iphone-17e-256gb-preto-distribuidor-autorizado/p/MLB1066130044#polycard_client=search-desktop&search_layout=grid&position=55&type=product&tracking_id=be5b2ab9-27c9-4508-8b1b-0b68fd154661&wid=MLB6402322328&sid=search,1,1,5k-10k,15.45
Smartphone Samsung Galaxy A56 5g 6.7 Pol Octa-core 256gb 8gb,1998,3699.0,4.9,Samsung,Chegará grátis amanhã,46,https://www.mercadolivre.com.br/smartphone-samsung-galaxy-a56-5g-67-pol-octa-core-256gb-8gb/p/MLB65302568#polycard_client=search-desktop&search_layout=grid&position=56&type=product&tracking_id=be5b2ab9-27c9-4508-8b1b-0b68fd154661&wid=MLB4609819131&sid=search,1,1,1k-2k,26.25
"Smartphone Motorola Moto G17 4g - 128gb 12gb (4gb Ram + 8gb Ram Boost) Camera 50mp Sony Lytia 600, Tela Fhd+ 60hz, Bateria 5200 Mah - Azul",899,1299.0,4.9,Motorola,Chegará grátis amanhã,31,https://www.mercadolivre.com.br/smartphone-motorola-moto-g17-4g-128gb-12gb-4gb-ram-8gb-ram-boost-camera-50mp-sony-lytia-600-tela-fhd-60hz-bateria-5200-mah-azul/p/MLB65041642#polycard_client=search-desktop&search_layout=grid&position=57&type=product&tracking_id=be5b2ab9-27c9-4508-8b1b-0b68fd154661&wid=MLB6420215012&sid=search,1,1,500-1k,21.75
"Smartphone Infinix Smart 10 4GB RAM 256GB SSD Câmera 8MP + IA, Tela 6.67 HD+ 120Hz, Bateria 5000mAh, Processador T7250, Android 15 Go, Dual Chip - Preto",670,1458.0,4.8,123 Comprou,Chegará grátis amanhã,54,https://www.mercadolivre.com.br/smartphone-infinix-smart-10-4gb-ram-256gb-ssd-cmera-8mp-ia-tela-667-hd-120hz-bateria-5000mah-processador-t7250-android-15-go-dual-chip-preto/p/MLB56327005#polycard_client=search-desktop&search_layout=grid&position=58&type=product&tracking_id=be5b2ab9-27c9-4508-8b1b-0b68fd154661&wid=MLB5751262142&sid=search,1,1,500-1k,28.599999999999998
Kit Samsung: Celular Galaxy A17 256gb 8gb Ram 50mp 6.7 Nfc Ip54 Preto + Galaxy Buds Core Branco,1431,1698.0,4.9,Samsung,Frete grátis,16,https://www.mercadolivre.com.br/kit-samsung-celular-galaxy-a17-256gb-8gb-ram-50mp-67-nfc-ip54-preto--galaxy-buds-core-branco/up/MLBU3605578150#polycard_client=search-desktop&search_layout=grid&position=59&type=product&tracking_id=be5b2ab9-27c9-4508-8b1b-0b68fd154661&wid=MLB5957929002&sid=search,1,1,1k-2k,17.25
Smartphone OPPO A5 256GB 6GB RAM Branco,1169,1499.0,4.8,Oppo,Chegará grátis amanhã,22,https://www.mercadolivre.com.br/smartphone-oppo-a5-256gb-6gb-ram-branco/p/MLB51680761#polycard_client=search-desktop&search_layout=grid&position=60&type=product&tracking_id=be5b2ab9-27c9-4508-8b1b-0b68fd154661&wid=MLB5745515116&sid=search,1,1,1k-2k,19.0
Smartphone Motorola Moto G15 256gb 12gb 4GB RAM 8GB RAM Boost Camera 50mp Verde,899,1499.0,4.8,Motorola,Chegará grátis amanhã,40,https://click1.mercadolivre.com.br/mclics/clicks/external/MLB/count?a=5vYTI1EQVkk7qvtx4owPGuwtvAWUlckIonUi07HfEum5dtnI%2FZ8U8X1p7%2BMJgPkgwhRUbQBcRDKolXX4NPFL3Y9eWb3yYfq8Pa%2FdKh1borw6uMHXDeFG25R1RRFucCkN8tZzfzlnQSJYYLYTRi7LiCcyfMQPU14fERwstsvzezWQSXw8YAAp8sauA%2FFdFs4C%2FLrhfhsYEFzfew1Xgl0j9HSAzaB55WV0R1Xw1cH4oUNdKJFWUL4lf7K1CbA6RvL6y0apqRPUeJDx6K18KLGjm%2FplzVLPvkA1JqgwfcIpYvlOMVOaJMntFQvH0LZag1E7HvKLzeBIbluA8%2FVui2J8yZsIiT1oSoXZsbt4yd%2FW55SebiSELBcG1eEY8Auj1aYo3PuBBvBzPTsv16h1Qc7ADBXD%2BEfbHpdYGTxPHd%2BLXRgyoMtwfHAVWfEYFkVslR624vzM9X8%2F7Q%2Fo%2BLzYyTEAA%2F74%2FiSNr2ELI0bqiKzBBuHQzIbIF1kaGVW6jkHy063mu1Qpv252h7wHiWIv2MsEJ8%2FYmb0RVGJFTM8QhvTS9HDvLZoWwANjnk%2BwSKDNFZ0zJug%2FfyWF38CqQnqN5oQ9XvtG%2B58vnMHaEakK124JOOQcjjMtGu%2FwVMXhSo2nVoqEnNYiXHPKyLs36t9Mp6v1LZ6paBBCq9WCwiqmd8Z%2BU7KTHMSJ%2BbqVXzdlBv2nfJ3Nr2nOnLQcKOeePSZXAwvdXAwqhSgSMo8Z3kCqX2ybQS3FFLUVjPb0yCK4DM%2FDS4HAm4yTm9yvUjEnpx8ES1FiV%2F6zdYXGPE4RpBgO%2BDPzbIegPVTQjQKXRlqejEbUEATEn%2FOoFWtoLQ2RDfx8zYzfbAMvxbR3MSRqu3tLdxOlTDmqg6J%2BlN%2B%2F22VW3hkeSr90McvJdMLxxN1QsS0nZfmLDMgspDnUCdSZuRYfPnWXVaP%2B4f1mz8R%2ByWjqTXAUfUXk%2B5%2FZwYW91SKgfASFWVpA0xj2#polycard_client=search-desktop&is_advertising=true&searchVariation=MLB44665542&backend_model=search-backend&search_layout=grid&position=1&type=pad&tracking_id=f87023ec-e343-4837-b1fc-1fb6b90c914d&wid=MLB5237351728&sid=search,1,1,500-1k,24.4
"Smartphone Motorola Moto G17 4g - 128gb 12gb (4gb Ram + 8gb Ram Boost) Camera 50mp Sony Lytia 600, Tela Fhd+ 60hz, Bateria 5200 Mah - Azul",899,1299.0,4.9,Motorola,Chegará grátis amanhã,31,https://click1.mercadolivre.com.br/mclics/clicks/external/MLB/count?a=Y6S4a4qv6SoALFCE9Ph23uDFA4tm1qrdDALGQRVg%2FKtzW%2F%2FjUKtaKwcg8K5fcBTZ%2Bfy7UlFYcBAz7y482KuWTQZ2EmtZw3pYJ4i2h90sxK43ucNNWHJk0QLidYYN%2Fl7Jv1ftF6s8hin0o4GMoEoQddtTgppmzxO5O6bIOxFP2%2F%2BVfPdGpVC7TULbJDPI3T6RMARXIwfdgz0mXylw9LTTWXgYhlqgIwQwDKmqFPZprYuDGHL%2FlDQnwdGtlHowJNrd60xyewh65KUK0ZoG7GO5%2BYxo1Uuad0X9h6xtIG8VjUm852js%2B5ViwPZFhFLwPWEpw%2FyPcXMpZmoBfhnkLbaWYma5nXDyhM2XQMnbaabcNcEpUdOgD1ykgpInmk%2BqwLb9LKzk8Ua2I7SuFUlO5aAjr0Caz1RC2VhMBj16XUGIAzR5W3iOFEGM8jpGSg703fj5HIKuvL9gBZlA874E5GmJ5jBzCf98CnOqFMQhjtYHZZGAySTuVpu8JLZ2lSmtnb1Kk9p6TYtDRqfL4g%2FEKPmf9cQ4ZR8c84aCm0kBFprYfTyg4PMwjTeX90o9Ih6twAqZdHll00nw%2FhAwcrPQ4TLosWwN56zlTqO2XKoIRIvyT85laYFTGj%2BDKEM3QG8NRKOZwrTPf5AtQHNLyV2hXEU%2BEbdVwbIeyiL2HLPkCi4iQrpsuFsgjH43z31VgnqQoPuHc7ckog5OddVFJcnPJqEM%2BVjmjP3DsFT1bJDY2LHd523elEyKeWkROjiswBEN0Whhhjjrv5Q2ORTm0UwCv7474UIWgiiYJLGriiO7NkrMcF%2BertIxIUR7yXqQleFIZD6SLeLOJEWS%2FQPpHlhOi4VmM8DRh91kKdVub9OjfAf89W%2BklfOmwLJWAl7UxRRCNfNu2W1m3vJP4yiA1loPRPhF2S%2FPWDzYox8mz6BfhO3fRcUutQh9%2BVTYkpBaAfzEWoA8KiBo5Lyl8YOt6HFb%2FszVK2R5Pd4gZZ11Z%2BSdo2QZkU1JEGGkR86FAvz%2FUCv2nGcn%2FoxlHixYQ0QYVnwdwtqC8UH1rvbF#polycard_client=search-desktop&is_advertising=true&searchVariation=MLB65041642&backend_model=search-backend&search_layout=grid&position=2&type=pad&tracking_id=f87023ec-e343-4837-b1fc-1fb6b90c914d&wid=MLB6420215012&sid=search,1,1,500-1k,21.75
Smartphone Motorola Moto G06 - 256gb 12gb (4gb Ram + 8gb Ram Boost) E Camera 50mp Com Ai Bateria De 5200 Mah Tela 6.9 - Bege,723,1349.0,4.9,Motorola,Chegará grátis amanhã,46,https://click1.mercadolivre.com.br/mclics/clicks/external/MLB/count?a=h7RBI9geOhvFdYh74J8bQUFedk%2BeVBxQd5sFbgGh0Gjjgn3GP93gIm0U%2FIvDzl6NWrwULM%2BPlb5CUHYDelOU29VlrMeJ%2BBGs7MJ4KB4NXIJgz5qOzRXCKptmacYpZjZNV9w%2Bn%2Bi6Lw8LdTOnYCqId%2BLe%2B3ZF2bdS7xDmpzN5cIU7CJqL%2FGhUBR%2BorrFGPYssYoJJ1ayROx%2FvCy%2BOby4INdf41gmydMrhha1LmHwLcXuHsviFo5TQlTTqOKXQnk1%2Blf6ty3U4BP5eDskCRhcedLjs67xwGKjmIVJJ%2FvBqO4LSd3bzy%2F9oAYsAXJfC3Hfa957jYtbHaMCWFIZYDyLo2zlk38e1XQPyUrAVT2Xp7OWWF%2FH4znZTcBnSxVML3dQvP%2F9QBNPGkHoRK4cGy6ozW%2FHL5WKAbwcPP0YZo%2Ftlib5gJF0X26hne4dXxxOEbR3Mn0Ir5rs8x5x9BX7n5LqeRczgCgHCgeYf5Zw%2BKLQXOZG60Wk22zRIIHNRUXSTFsZKuYA9IffYlbRfcIN1mVLM7hVXQZhixBB4SwcUoM1O%2BIBrzY%2FLiWCeSOUhPxArhmpwu5FSUML3zuWVftiS0H696yoLy87T4ZnwSgksMrcpiGYJvPo9xvOYqoBM6lWNQN7SwyUxHa8VK%2B0Z6tOKP3FEpxKmCi%2BXhM8ZXBYz1PUoV1e7zCIbtgH%2BFxMIGitY%2B%2B7SLa0XiGeFz9K74NgAQ3C3%2B9SCpeW2LrrokHpGBJ9n3T%2BOYzGIeZyJqiKbonCzeYoF2IY57%2F40XVceTUXHNOyqIpyam0TAPcwt3yVBrSZM9E7FpHSZjSKAvSgiHsLCgNrEY%2FXH6qXjeKMGrmF3xbS12aycXlOe9T7ByhSFF%2B8yjGyhosFuZreKlgcVLJH44WgFNC31MNYzVFeilXNIfD8FAmUpmY3bORuVaa4cUfeUbU1x5w24ve7%2BcETWrGZW2uyro4JEnPvHh0Y4NIv7L7lUn5pw0yFii3qbJqO8qQMEr3fjN6w87%2FETTZYxk8f41nhsd%2Fdz0%2BMPwg%3D%3D#polycard_client=search-desktop&is_advertising=true&searchVariation=MLB55762063&backend_model=search-backend&search_layout=grid&position=3&type=pad&tracking_id=f87023ec-e343-4837-b1fc-1fb6b90c914d&wid=MLB5765125576&sid=search,1,1,500-1k,26.25
Smartphone Motorola Edge 60 Neo 5G - 256GB 24GB (12GB RAM + 12GB Ram Boost) 50MP Sony Camera Moto AI e tela 1.5K Super HD - Latte,1799,3799.0,4.9,Motorola,Chegará grátis amanhã,53,https://click1.mercadolivre.com.br/mclics/clicks/external/MLB/count?a=UxN1xKLXKkyVTbR2%2F0vYKRFK5eunEzLsK7sUnG3Pa5C1aOvzegGlC0cjWeUyzq0oghX4aB%2BIaUtHV88YBLddmZUpjJFBPxlTCZpsr31DugksV83sD0KmBTaQqbZ3T%2FYYoSQURlEOwPlZ2sSd%2B82uj1c4co71OgOQtf5CHN9xt%2FJswBQ278hQfawgnEPSBzaiT%2F1%2BeDJ%2B4UfAymJMW0rxoFmV77tTiSkZZS8Oy59a%2FWwhuD03K%2BVqBBLXwbTWvllM0NvdFgtEsfx%2FbiLkwISnmmO5xRSAam20OtTC1AqyfFi5f0Sc1QXRhsr281mqVqcf%2BmW42ZbUlunXvYJuKm%2F3NAB3ompfcFwOFQlXeMW5jKtUqHijLx9FnT%2FSWkNHKEG7jHOYj1DQY4YeaklnW3qs%2FXh3f8YxUxfdmsCQafWUwgzsdFMPbofl4H2VBhJK05duzOTKXitDZKrc2sOnCwr%2Faw%2BoOSi%2Bb2xrG4X%2BArsqOY%2FnT%2B%2FLYSUm%2BAYI%2BJO3KI57Myu0Fkea8U9ZPI1zLlkXRB2oNtLhbVWbzc4u69L%2Fdb56%2B%2BNt4jT8hGh07Ug1SHERhToBF%2FGZv223qeLpIJLo2iwT26CerLF6WGoA2LrPpxFJYdHyXWHOimSgLLRrwz9UKHb%2FCmkenKzkq4F6it%2F1iIr5pnY4i4ca2hPe26XBNkGUdMDNCuNLSKy3mnF%2Baqcb6BjtJ%2Fhxx1yItmXncUeKDa60s3RXX6n0DDltTgBu54zXEbWQF2i3v3zWjgVb06xrv5wp2qaGj%2B3HcnNkzhH7J0j%2BMzxKxgvmSfjkmL%2FZiaX3A1IvyHQGv56E3vC4Jd5Sad6qlUHkRSxQwR05FY9OWQjoXxn98qKFX9UR%2BgCMydkwRUEOXHs1L5NPsP74htgZhnITUyZKkOui9eNCIh4BKcmSnVKqw0QUR0ILl8f4vdhONHOM%2FcdgFHeyzP5nXrOOXO2eugf5Uab3BZDKWfzlIs%2FTlq3V%2FE%2BbVgWmnIhg5bh8D10uRVkcBQ79j3vyuKKIiCLGKniQ0njm9kNg#polycard_client=search-desktop&is_advertising=true&searchVariation=MLB58684606&backend_model=search-backend&search_layout=grid&position=4&type=pad&tracking_id=f87023ec-e343-4837-b1fc-1fb6b90c914d&wid=MLB4265763257&sid=search,1,1,1k-2k,28.349999999999998
Celular Samsung Galaxy A56 5g 256gb 8gb Ram Cinza,1998,3699.0,4.9,Samsung,Chegará grátis amanhã,46,https://www.mercadolivre.com.br/celular-samsung-galaxy-a56-5g-256gb-8gb-ram-cinza/p/MLB47114363#polycard_client=search-desktop&search_layout=grid&position=5&type=product&tracking_id=f87023ec-e343-4837-b1fc-1fb6b90c914d&wid=MLB5317821714&sid=search,1,1,1k-2k,26.25
Smartphone Samsung Galaxy A36 5g 128gb 6gb Ram Câmera Tripla De Até 50mp Selfie De 12mp Ip67 Super Amoled 6.7'' Nfc Recursos Ai Android E Segurança Snapdragon - Preto,1430,2815.0,4.9,Webfones,Chegará grátis amanhã,49,https://www.mercadolivre.com.br/smartphone-samsung-galaxy-a36-5g-128gb-6gb-ram-cmera-tripla-de-ate-50mp-selfie-de-12mp-ip67-super-amoled-67-nfc-recursos-ai-android-e-seguranca-snapdragon-preto/p/MLB47115842#polycard_client=search-desktop&search_layout=grid&position=6&type=product&tracking_id=f87023ec-e343-4837-b1fc-1fb6b90c914d&wid=MLB6410679768&sid=search,1,1,1k-2k,27.15
Xiaomi Redmi 14c 4G 256 GB 8 GB RAM dual sim cor preto,830,830.0,4.6,Desconhecida,Não informado,0,https://www.mercadolivre.com.br/xiaomi-redmi-14c-4g-256-gb-8-gb-ram-dual-sim-cor-preto/p/MLB41287578#polycard_client=search-desktop&search_layout=grid&position=7&type=product&tracking_id=f87023ec-e343-4837-b1fc-1fb6b90c914d&wid=MLB6628300600&sid=search,0,0,500-1k,2.3
Smartphone Motorola Moto G06 - 128gb 12gb (4gb Ram + 8gb Ram Boost) E Camera 50mp Com Ai Bateria De 5200 Mah Tela 6.9,661,999.0,4.9,Desconhecida,Chegará grátis amanhã,34,https://www.mercadolivre.com.br/smartphone-motorola-moto-g06-128gb-12gb-4gb-ram-8gb-ram-boost-e-camera-50mp-com-ai-bateria-de-5200-mah-tela-69/p/MLB61381499#polycard_client=search-desktop&search_layout=grid&position=8&type=product&tracking_id=f87023ec-e343-4837-b1fc-1fb6b90c914d&wid=MLB4515672567&sid=search,1,1,500-1k,22.65
"Celular Samsung Galaxy A07 128gb, 4gb, Câmera 50mp, Tela 6.7 , Proteção Ip54, Processador 6nm - Preto",599,899.0,4.9,Samsung,Chegará grátis amanhã,33,https://www.mercadolivre.com.br/celular-samsung-galaxy-a07-128gb-4gb-cmera-50mp-tela-67-proteco-ip54-processador-6nm-preto/p/MLB55034955#polycard_client=search-desktop&search_layout=grid&position=9&type=product&tracking_id=f87023ec-e343-4837-b1fc-1fb6b90c914d&wid=MLB5859349564&sid=search,1,1,500-1k,22.35
Samsung Galaxy A06 5g Dual Sim 128gb preto,719,989.0,4.8,Vikings,Chegará grátis amanhã,27,https://www.mercadolivre.com.br/samsung-galaxy-a06-5g-dual-sim-128gb-preto/p/MLB48946861#polycard_client=search-desktop&search_layout=grid&position=10&type=product&tracking_id=f87023ec-e343-4837-b1fc-1fb6b90c914d&wid=MLB6433836010&sid=search,1,1,500-1k,20.5
"Celular Samsung Galaxy A17 Com Ia, 256gb, 8gb Ram, Câm De 50mp, Tela De 6.7 , Nfc, Ip54 - Preto",1259,1399.0,4.9,Samsung,Chegará grátis amanhã,10,https://www.mercadolivre.com.br/celular-samsung-galaxy-a17-com-ia-256gb-8gb-ram-cm-de-50mp-tela-de-67-nfc-ip54-preto/p/MLB55254425#polycard_client=search-desktop&search_layout=grid&position=11&type=product&tracking_id=f87023ec-e343-4837-b1fc-1fb6b90c914d&wid=MLB4583723537&sid=search,1,1,1k-2k,15.45
"Celular Samsung Galaxy A07 256gb, 8gb, Câmera 50mp, Tela 6.7 , Proteção Ip54, Processador 6nm - Violeta",852,1399.0,4.9,123 Comprou,Chegará grátis amanhã,39,https://www.mercadolivre.com.br/celular-samsung-galaxy-a07-256gb-8gb-cmera-50mp-tela-67-proteco-ip54-processador-6nm-violeta/p/MLB54964804#polycard_client=search-desktop&search_layout=grid&position=12&type=product&tracking_id=f87023ec-e343-4837-b1fc-1fb6b90c914d&wid=MLB4277746349&sid=search,1,1,500-1k,24.15
"Smartphone Motorola Moto G86 5g - 256gb 24gb (8gb Ram+16gb Ram Boost) Tela 1.5k Poled, 50mp Sony Camera Ois Moto Ai, Videos Em 4k, Ip68 + Ip69 - Vermelho",1792,2399.0,4.9,Motorola,Chegará grátis amanhã,25,https://click1.mercadolivre.com.br/mclics/clicks/external/MLB/count?a=n7P21rvwG8021IftgJ%2BOE49WOBt0qiMZudp0nB01wltHshDxfIkLRoGWby%2F8hs%2FUR1p%2BohL6FvM6pw1Id8oICkyH6MSUgmwlA5W2KazlwHmkPaT9h7zZdoKEbSw3HN%2BAeAIddBXAnGVISbCVxILOI0He6T6RZY%2Ftq0n2%2FlPTGvtY6JC%2BLh51txYkNpO3AP9iiwmXIoEzRGj8HRdSfP4y6xlgMRyEWz613D1LfZFce73VdDJJnF8jtNg4vrLhwM%2B8IukZ9q2bTWsd26jwzMT6p95kc4blADfWbExxoo3YFKJ7IU%2FzlJKYg9lRQ%2FufQgH2cufM%2FSBKabk7IbD8%2B8Lm%2B%2FhashYk%2FJX3M5Xn5hLpxG1qsg7SfovmDBzsEOfVN2b3MmJ%2BRLWEuEw8NAt3JwyAc4CMLWaPNcbk2TQo8YLdNxB29YAMoabFUa8YBz5ztKiw%2F0BNVtn%2BwKUvYtdemCMbnoPtOoucMK9pKRuGFHEHb6RB%2BfQfOqXDw%2BKlrVduDirkh%2BSIYZRHRAxq1PTaVHyxSPluEES4HyOFSxrAnBmdiqenoPQF9oXaxDEW6WgSVcM2%2FsnlcfBI4kMk8gAvYIIfzAs7%2BZQUrVFU03%2FMmwrnhBBW23SUaghVqltBCvIaRC4aOaNMkV5hQLVRXUwoDIW4zsPQrJ%2FudG1I85kuHUKqbUZWPhWFwTtfr9RRgStpk%2F8%2BvQWDJZWbPxRn7e%2FRzrgB2yyyUsSUTLo4HOU1pSV0LqABPP4fng9x116ITYPSZZI0%2BkSIBPoy4PoGwnVZRoTgLJdgjLZmB%2BagX0vN0mjudwXgOvT9a8l14pNPD2XzRfWxjICUhtfp3HZfuLQDF3%2F00ppbwMGGrCdYZmNlI%2FsPdSBikLkR8mKVB3SquztWpqyHGe7Qob3ikyy0tPSw%2FyL4nbeq6AYJgEVuOayr%2BZFANe0QdLcXXQkbUoF2DNDdQaBjjv%2By%2BRmXLjyvoB4dOIN4JNditncEOz%2FKdVPfxV2TyssGYNBzM0xqccg%2BAkW0Ky9qDdEsd%2F5%2BP7V05LU1blNFKZV4Y59It0aFGDRITMF1tniXyDoI#polycard_client=search-desktop&is_advertising=true&searchVariation=MLB51340616&backend_model=search-backend&search_layout=grid&position=13&type=pad&tracking_id=f87023ec-e343-4837-b1fc-1fb6b90c914d&wid=MLB5462013472&sid=search,1,1,1k-2k,19.95
Smartphone Motorola Moto G05 256gb 4gb Ram Camera 50mp Vermelho,699,1199.0,4.9,Motorola,Chegará grátis amanhã,42,https://click1.mercadolivre.com.br/mclics/clicks/external/MLB/count?a=6FllLX5TXZQFwgf8xnYF3902wB9NL5ZBMVNUQl2Ybk2xpHxIoGV3XZ4ToaGdUhq%2BxKVqP35ZH8QVgiI%2FiWPpbZCEmU6XlleZENwGvr%2FRo8iaAYaOCrr%2BhKCDy2c7%2FZ1vKE6h4mkTb5PPp8KWFcVaAD%2F7NoYZxflAjewHaX91qde3XIHxpb6s2oQ2sWfoFeQCE7HmLHHQMUjTj%2BCUn17uQKvemg3wMLC4hqj1jysgN6k1kg%2Bd1YMtmNeVM3um%2BJjhJPXhzK9neyhmA9nUy03i0SFIJcz0XNqxLo3%2Bnsxnx1qDiF%2BN6liFKveOay1t3yM4wiOfImRpns5X9VWFUvaCXufTOU8oy8fha%2BtdNTai8Afy%2BtfPkeRoGHb2DHrFI7AeumwntpB6ahXbNuvFZg3b86bMeCJkBc8wpE3PiT%2B9qgqfvKO5yZV5ARbOJUPFk11tZx4leylrL6WQzv97%2FBGpuwATUiSDtOOGGaZfIK271U1lUZ%2B%2F9uLu53u95eKLOuKAVwfdWsuq2G97HhbW4Ntf2ZiOcA4QJMooUnyaNWjoibBlFvC2VaNBhmG9j5Ae1SToWYcKDSw%2Bo6JEhOtVu587%2F7v7V4ML61EsIT4Z5waIMCgTAyafyhEYqGD3N7DBGqzmAGivPo7uW0BbWj%2BB57f%2FCHnLaCs6HWjuI0je%2B1H86sQ93YkeLxNgkz6nqz7mUiCZrTNWoylr0%2Bzj7L3yxn7M%2FEijBtjUQmKA350iMO4mqUS6Higu8dsZVcXU3IKYS5EM4TFLHX9%2FDoX96Q2dvs%2FdP12F7meSq%2BljvzFq15JpT62%2B9Gf39eIxvHis3R4%2B7Q5%2BYUjMsExdjG3Zz2qkP0vnozOAn%2BsVLQJXMOkAz0ml%2Bb39Kt0vZYmnKARD7Ny9tj8bHfhd8EjoWhJYUh4XcuTyMB9gtnv%2FQMG77n43W3lX%2Fna%2FRryaEMSm7CVmKrMwFblQ%2BHTfKwM%3D#polycard_client=search-desktop&is_advertising=true&searchVariation=MLB58493174&backend_model=search-backend&search_layout=grid&position=14&type=pad&tracking_id=f87023ec-e343-4837-b1fc-1fb6b90c914d&wid=MLB5774641722&sid=search,1,1,500-1k,25.05
Smartphone Motorola Moto G56 5g - 256gb 16gb (8gb Ram+8gb Ram Boost) Camera 50mp Sony Lytia 600 Ultrarresistencia Militar e Ip68 + Ip69 - Cinza,1598,1999.0,4.9,Motorola,Chegará grátis amanhã,20,https://click1.mercadolivre.com.br/mclics/clicks/external/MLB/count?a=iV7oRr57N0EqlreSV%2Fi5G79J0g6oTPCkLcDRgyJqg6PR2T6krclS%2Fyywb4b34PScQKprPegftzVM3jkG2pI2A0S2KAzRJvrQZ46w7%2FhcOD1WtwceDiFR7YSJjSnslMbqkXN4JzqF3kJ4vOoo7pG6czCHZ4F%2FjJHDo7erKjSxY5EBDrFFP0PHd%2FIJa7QJj6mui%2BCP3rcKhQca8eHi83TXBkc186CLCRfAVXFndWgUQaywUGtgVvwSdN5mY2CO%2BXTUaR1WmKz0hqOEAL6PblOyGfd27DtUyVT0xl1hNW3%2BHCYgt8bX6oYKK0exHi5dDgT3um5tzhQd7LD9maIezQrsKPAFdE0blX8ZQ4IlG9el2M2MFkKaFWlP6CQwMGf6gYauYxCKNUEx8i9f0EqHpW7FIkXdzfr%2Bo7hy%2F8v%2F9Up3vSDrpOprVXduc3%2BppTVr3H9kCC2tnSzl5qE2wOoH%2FDmjAE3nms3YZVpFs1CBs9Byr6vrAQY%2BZkZZOtiYCq1SM83cbS3bDS4HlVuLs1dt8K30lFADyUOlJjqxWvVRmmJXniQZAoyrpNjXQKyxiEJtD%2FmmcR23Ax1whHteLWFO%2FJLpAhJCCFipOTd5nlb%2BX4kW2bRVHlv6ASg%2FFFZaB9HlvVTZODoJxN9lodtZner61TljxgmpP3Nos1juXQw8G9JC2iX7rSgwNnAv0N%2FGeEDmknkXtBZb48BRw1K2LzIyycEEemKAOxP1avxb08qV2SSUcs2MvywOt36M4GU6af5wM0ONyXXjCvgEh0ppx6bQMAnE4DyL%2BfXsyXlYdzCa1K%2Fmvpulgs6fjT7ffFhsUBt%2Fhg%2FAHYXSITqiOGRbQkNRAS%2FaNCKfEbNyzeXW290MU2Lv1Z9xOWUpgpSLbmkmRjo63kie2ZQKiiLuZtAqzA%2FDM6siJtMHs40ikqKAyMqHgGSfvUJ50b%2Fn%2F%2BYt%2FiCY%2BC%2BZz9LdHTBeb56pLx%2BLxEBSuNPxiXxWfgnSmqh0BhjQk7GkIp4epHdtuhC95k%2FXsjRexpu1pObhSLsSx7dHUfVL%2F4STnXxEGyo9GYn5V3gdCw%3D%3D#polycard_client=search-desktop&is_advertising=true&searchVariation=MLB50301060&backend_model=search-backend&search_layout=grid&position=15&type=pad&tracking_id=f87023ec-e343-4837-b1fc-1fb6b90c914d&wid=MLB5402372302&sid=search,1,1,1k-2k,18.45
"Smartphone Motorola Moto G67 5g - 128gb 12gb (4gb Ram + 8gb Ram Boost) Camera 50mp Sony Lytia 600, Tela 1.5k Extreme Amoled 120hz, Ultrarresistente - Chumbo",1529,1899.0,4.8,Motorola,Chegará grátis amanhã,19,https://click1.mercadolivre.com.br/mclics/clicks/external/MLB/count?a=WOmcTeeT5wYxIu3ln9bTEZAw67sRwaAWp%2BRbTGFwfbODEbHm2ojDAgeKtSxTrOsfJO4bPYzIsNMRvGYn5T4%2Bk2FZ%2B757kLL7jYk9RcXQQwadAjcTvYwuIVAmq%2FNesVyyaoeegR2DuIcpxI0HKZuYhdsgAsueBcvnv2WUPjTBxlg6CNddhvo%2FQtGhVxnFI45LXWnbqyOvUFUq%2Bc3Uvz%2FDk5dZxXxsNSklSPzEwlalcAGUyVflHedLUEQlV6Vb4xQb7jgn%2BIYm6Jm9vh4%2BHt%2Bv2p4MBm0a3OGh6jNFOuVFoZgW9nv7nWAdZc%2BbSZCeNPTYCJJTFwEqKPl4mYXbcWja0qTSxEewsOm5ezAjykDUq16L41kPOIVF5jraQaOx8XLPyV%2BK92Xpju1McZdKMhGzaYElwWN14PP%2BnRtEliMzvMIlzfQbxuxvTaCb%2FyuuoCp1chK7YkITRPI2CCPjfvjXrAeywAUsQyQiYCLBO%2FwXDhshm3ZzPN%2BZVLzwE7t%2Ft0aF3SyQ07W7Ptrw0UlFAF5Il263uMpw2ITUpGbGHrQinisNuPdZwe6I%2FM1GXDRUXmpn75q4ESShJlm2TPmlhdfl30kJHcUzYJWnn%2Ff8e9kkOHDZaNiH5%2B1LKSJaj%2B%2FMXKLVgI%2FvFG084gbEYu%2FUyAzq5hxHisHpsC%2Fzx%2BkbKziqEIzQBdNxKmqaF%2BoA%2B0V6adzJMz2I%2FR6afFb7Cd0fEV%2F3RLK7PrLQcApqfBLQCWb5YNjthOqRMmWc3TC97GQkUOyFf9L25AAhU%2BCPrinOml2GvTtK8Yhjwd5H8UUyIMV8KljoYMnnflMHTZGPK3fNSsShi%2FUQclmf%2B8cTDBksR%2BSwitEeLhswXFzEoiwil1It1NJAfdRzmgh8pBUIxmluOo9f9eciFMb9zj2cU%2BTk0whYJHwRJmuD5u8eeEdl2W9blkKaMQqAXZSgFwU3cLtS1eTZYyd1hlw0A2yXrmbeG12uw1XjAkf8qjWiYmjedWdq2KYMlyTNS6%2FTC40OlWoiJSi2q64QqvsaLfu3LoDXD0ODnP2TPpJxb%2FHe5CGdBCjYK4o%2BKoadCmp5Sis%3D#polycard_client=search-desktop&is_advertising=true&searchVariation=MLB65319818&backend_model=search-backend&search_layout=grid&position=16&type=pad&tracking_id=f87023ec-e343-4837-b1fc-1fb6b90c914d&wid=MLB6420538026&sid=search,1,1,1k-2k,18.1
Smartphone Motorola Moto G06 - 256gb 12gb (4gb Ram + 8gb Ram Boost) E Camera 50mp Com Ai Bateria De 5200 Mah Tela 6.9 - Bege,723,1349.0,4.9,Motorola,Chegará grátis amanhã,46,https://www.mercadolivre.com.br/smartphone-motorola-moto-g06-256gb-12gb-4gb-ram-8gb-ram-boost-e-camera-50mp-com-ai-bateria-de-5200-mah-tela-69-bege/p/MLB55762063#polycard_client=search-desktop&search_layout=grid&position=17&type=product&tracking_id=f87023ec-e343-4837-b1fc-1fb6b90c914d&wid=MLB5765125576&sid=search,1,1,500-1k,26.25
Smartphone Motorola Edge 60 Pro 5g - 256gb 24gb (12gb Ram+12gb Ram Boost) Tela Quad-curve Moto Ai 50mp Sony Camera Ultrarresistencia Militar Ip68 + Ip69 - Azul,2694,4499.0,4.9,Motorola,Chegará grátis amanhã,40,https://www.mercadolivre.com.br/smartphone-motorola-edge-60-pro-5g-256gb-24gb-12gb-ram12gb-ram-boost-tela-quad-curve-moto-ai-50mp-sony-camera-ultrarresistencia-militar-ip68-ip69-azul/p/MLB49085450#polycard_client=search-desktop&search_layout=grid&position=18&type=product&tracking_id=f87023ec-e343-4837-b1fc-1fb6b90c914d&wid=MLB5382324466&sid=search,1,1,2k-5k,24.45
Smartphone Samsung Galaxy A36 5G 256GB 8GB RAM,1521,3299.0,4.9,Samsung,Chegará grátis amanhã,54,https://www.mercadolivre.com.br/smartphone-samsung-galaxy-a36-5g-256gb-8gb-ram/p/MLB47111905#polycard_client=search-desktop&search_layout=grid&position=19&type=product&tracking_id=f87023ec-e343-4837-b1fc-1fb6b90c914d&wid=MLB5317478858&sid=search,1,1,1k-2k,28.65
"Celular Samsung Galaxy A17 5g Com Ia, 256gb, 8gb Ram, Câm De 50mp, Tela De 6.7 , Nfc, Ip54 - Preto",1576,1899.0,4.9,Samsung,Chegará grátis amanhã,17,https://www.mercadolivre.com.br/celular-samsung-galaxy-a17-5g-com-ia-256gb-8gb-ram-cm-de-50mp-tela-de-67-nfc-ip54-preto/p/MLB54961455#polycard_client=search-desktop&search_layout=grid&position=20&type=product&tracking_id=f87023ec-e343-4837-b1fc-1fb6b90c914d&wid=MLB6574985998&sid=search,1,1,1k-2k,17.55
Celular Smartphone Realme C73 256gb 8gb Ram Dual Sim 120hz 6000mAh Violeta,1149,1999.0,4.8,Webfones,Chegará grátis amanhã,43,https://www.mercadolivre.com.br/celular-smartphone-realme-c73-256gb-8gb-ram-dual-sim-120hz-6000mah-violeta/p/MLB62258511#polycard_client=search-desktop&search_layout=grid&position=21&type=product&tracking_id=f87023ec-e343-4837-b1fc-1fb6b90c914d&wid=MLB4334411855&sid=search,1,1,1k-2k,25.3
"Celular Samsung Galaxy A26 5g 256gb, 8gb Ram, Câmera De 50mp, Ip67, Tela Super Amoled 6.7 , Nfc - Preto",1405,2167.0,4.8,123 Comprou,Chegará grátis amanhã,35,https://www.mercadolivre.com.br/celular-samsung-galaxy-a26-5g-256gb-8gb-ram-cmera-de-50mp-ip67-tela-super-amoled-67-nfc-preto/p/MLB47424244#polycard_client=search-desktop&search_layout=grid&position=22&type=product&tracking_id=f87023ec-e343-4837-b1fc-1fb6b90c914d&wid=MLB5474927460&sid=search,1,1,1k-2k,22.9
"Celular Samsung Galaxy A17 Com Ia, 128gb, 4gb Ram, Câm De 50mp, Tela De 6.7 , Nfc, Ip54 - Preto",899,1499.0,4.9,Samsung,Chegará grátis amanhã,40,https://www.mercadolivre.com.br/celular-samsung-galaxy-a17-com-ia-128gb-4gb-ram-cm-de-50mp-tela-de-67-nfc-ip54-preto/p/MLB54987753#polycard_client=search-desktop&search_layout=grid&position=23&type=product&tracking_id=f87023ec-e343-4837-b1fc-1fb6b90c914d&wid=MLB4217306791&sid=search,1,1,500-1k,24.45
"Celular Samsung Galaxy S25 Fe 5g, 128gb, 8gb Ram, Câmera Tripla De 50+12+8, Tela Grande De 6.7 Jetblack",2868,4499.0,4.9,Samsung,Chegará grátis amanhã,36,https://www.mercadolivre.com.br/celular-samsung-galaxy-s25-fe-5g-128gb-8gb-ram-cmera-tripla-de-50128-tela-grande-de-67-jetblack/p/MLB61692896#polycard_client=search-desktop&search_layout=grid&position=24&type=product&tracking_id=f87023ec-e343-4837-b1fc-1fb6b90c914d&wid=MLB6087231690&sid=search,1,1,2k-5k,23.25
"Smartphone Motorola Moto G17 4g - 256gb 12gb (4gb Ram + 8gb Ram Boost) Camera 50mp Sony Lytia 600, Tela Fhd+ 60hz, Bateria 5200 Mah - Rosa",1078,1749.0,4.9,Motorola,Chegará grátis amanhã,38,https://click1.mercadolivre.com.br/mclics/clicks/external/MLB/count?a=QnKvE%2Bw%2BlN%2FEbC%2BOHFSeAjx52QcU6%2BvRbrK9KiCUkZ%2BmeoYrZte8GhXxyeXrc5KbjOErZ2r43sd8c0oZpWRPdwJiCJA3%2BpkaS6WcZBXdGGPykIz5ClOSVxGpl%2BNJNTZZ%2BkQnnGwmqmz30lwIii8zz5r3BknwI5Kih3N6ZiwajsHNoF4aIgzHJ0Wzb98MrU3kLfMaOjYvIlGHmsg5HSlljdtkfyufgVKznLlruZco5mFrl5XWUlNx9XOgg%2F3S2mGN%2BXvG23NWhXP4Am7s1iy3xV2CKd6on25TTgcStkKknvoZpvYfeYqMVMKY8A4a0a6kriCe6oVbBoiTkNKtIq32r6O5m%2FFF2JZgGHV9y5X5QfUGKWdKr5sbizFaHmUTVr1XNeJ1xsPdsAsTc56DSyMliZwpvhM2pMK7hYvjs6xjPY99%2Fg%2Bq1y6gTP0NIED%2FeT121VdheVVbBGV4EhYPFoRIfnoaIt%2F7MFIU4PlYGsxYaWfzluUuATfjr0VzOgmm%2F%2F4dJvKTDMgaIGgLC5cgrnzssGwsH6V3XmHMoz9i%2F1T%2BE64XGevvoOe2s1JlhDV2YM93zrSu%2B0BTd6FPC4zVomXIjbt7ABrgJR7Yr1LdLu9Q4kWliUIC1dtR%2FZE98bFxv1JPsjor0%2Fhr87hbdqIp8PkKuAVQtGBK1LhWqCubOKpmc5Tacgo7mYIeQ%2BZsB0PENSAsdg365gR9F4g1oNO9UY22m8wgRHJ4QI9FeYVa0V8zd6wuHCdfzPpWUrdlr2vwP7Wz4jYpcLfX97fetrVfLybXdMBz8%2Bvh%2FGUfUELDDVUP0JVnUjDnq8c8MtA6dyIjj4R5F1aoqQUCuFT9dN9cLlHY%2FYyi3Er17ScdnCaq%2BhMTUgclvpJi%2Fn9qGYoTrPLdF4DFfnTeSTWtXWVRPXL1BTayvw9nbdsT23d9hbdiD9t3Y%2BVT8rLpFQQbWH1%2FyGxs40QM7wr0dYLYRN9aKXukTjuYTxWKA13Qyso63WlWGr4RdL%2BDlegoNOEgr2k0pwfQL%2FKqMMBuCcsXVhzUQ3dMYUX9%2Bii%2FUWw5Fw%3D%3D#polycard_client=search-desktop&is_advertising=true&searchVariation=MLB65041664&backend_model=search-backend&search_layout=grid&position=25&type=pad&tracking_id=f87023ec-e343-4837-b1fc-1fb6b90c914d&wid=MLB4510840013&sid=search,1,1,1k-2k,23.85
Moto G15 Dual Sim 4gb Ram 128gb Azul Marino,699,1099.0,4.8,Motorola,Frete grátis,36,https://click1.mercadolivre.com.br/mclics/clicks/external/MLB/count?a=lYTATrWTWYQVdKMzYdTDBkYY%2F%2BmhfqLABAYGAwIEDMMFDcPyFTkJ5OLhLxY6UHG2l4S7DFXGgTYrHY%2FOnIDGor4303eWTf47bxUlUjnC%2FWfpH84Uyw6dRRFaPOJqsRBVV7LL1pRsbi8EHvkNK1MBuMtyHyuBnJEkvRqwFSfbuvgiymiqefkqDIpVQnywAQpEbQx19Lq2i2S%2F%2BjDgVyieNRUg%2FbrbtvDOd4ld9xbpdbk5Wxzw24cOP1OHYgsidYnknY%2FT%2FqEUFOMjO2gAGoIRTSpOgIYuEKVpsPnnbEx1HM6ZJNbKJ0YaBtqkNyCQ72d4vdU5iRrHR%2FRhWIj3x8wCbzQx88ThDKAkY06vJCGcGD%2FIHxjkD80ibrt%2FNGg6dvPl0X30rXV2XxnnFOi%2BKoSPFpopZChhBCukH1C89C3dE95MZHIxyDKZBVE%2B5PtdAVrxyM%2FLSZWo4K5ItvUl8B3f3SRbKSJgUA8MMkdFIpc9iZIEso1pvL1a6NbvvFiQbcLQUhZ5dc8LO5%2BzoZGqKZjFmax%2FKrZiYwwVwPc5bvn%2FTsZiB8ZCBMf8uD7rIdo6ER8rCYw9VYZWn0PdEp9ZRYwd7i7DTJBNhir77nDgDUXS8QuAuPf1D5UI42qWzVnwWBrUFcuIZObGCEEbCmtdEX7tanCfwSmcTH9LJRhqdIUV%2BJHaSKFYL%2BjY0ZUSMUeSvgsTOn5tFtAdiXk7fXZ61S8RngLTo2nsU1a6o8rK7ucCCX4YQ8LWgaAMTfWdMEyDz6gdcvYHjIBGWxKc8au%2B0lUq4%2BFsAR4q7I%2Fw3pXg43XXzhtWH0HM%2BaM5bEgD2t3e75MafLmzi5ejBotr8e0oiachXeJothA4rRU5M2aZtZt4aLwFwYDiKf3RcBEAIxdioZaDrcbbYUo%2FaxTBJmRFBzlqa4tvWscP5kPA3vwFlqnWV%2FDkTw%3D%3D#polycard_client=search-desktop&is_advertising=true&searchVariation=MLB46056608&backend_model=search-backend&search_layout=grid&position=26&type=pad&tracking_id=f87023ec-e343-4837-b1fc-1fb6b90c914d&wid=MLB3975530813&sid=search,1,1,500-1k,23.2
"Smartphone Motorola Signature 5g - 512gb 24gb (12gb Ram + 12gb Ram Boost), 3 Cameras 50mp Sony Lytia E Zoom 100x, Tela 1.5k Extreme Amoled 165hz - Preto",7649,8999.0,4.8,Motorola,Chegará grátis amanhã,15,https://click1.mercadolivre.com.br/mclics/clicks/external/MLB/count?a=j8kcrqftpnzZUy42QPx3TnFUrqChDYSLy5lniKg29appveYZwozqSe9ED5cCDZMyfHKFTFRgZeeaRGPnJ81i5AZNy97U0xqD9oaEjlm0Pmdz6F4YWq0xA0%2F1%2BUyEm7XDC%2F4VpXeuGc5BnREVpOV%2Fw%2BqbSzmkKcWQNdONXph6JO3trXgJ%2BhO3OGmWRMr7mOlFapbKoPME%2FgOChDvGV0XQOIGCfQ7BRmKXSzEOxGBl3k9wqHOPwLI4NoXqvlOPwigu41OjPMAvZrBdRBI8xEzxNoHXsvhB2OdJCVBvg9v7lYN%2BudL8eh%2Fyi3X7DEPI5F1MkqvGx6ljZI7158aQ%2BJ2hv6WL846gbGOlPhaWRTn5lL4Da%2Fj1EVuxIQtVmbBB1ZFGnD2XrnqgiRvDmiQqfGB4KD7Y8raaHU9eLPPMNIVP%2BmsgChR2VeuHTJOd9j55mjAtKOKOw6i74lVcXWt9jvGYSlieOdkCbI7XfRho23AyEq%2BXlJO91zjk41rBLx9AzjaYhaEB63xZOhi2qc%2BrCSAZDwXuoDGnEYILNJSFe9LdwEsFzCxXRzAHcsSgVcok4gd7EJ9%2FeAnAex3WGQI64pTn%2FnOxEAfy5Ltm9j5VMkHSlnH%2BryNJ%2BH8ql%2BnF3EKtKKNQAF1x26KhB2fsR5oIz%2FFVeo7MZKfQoNtnQcaTrSDNEORWkC7EOXu3JiQB7M8R8ty14OyAcV2UZU8MP8cV1oVK9P8iUgIfQSludLAAM7Yqc%2BDbag%2FCXXUlksqDZMXT3ip%2BvGrP1raJs63HD7GiLlQCBXT4ofCZMSL5N1zwLI7eHlaj4745L3QsTxUHHsvW8i4g73IjouH1xeXG1YPx6%2F%2FEaJ3ci0p6dXY8MLyzpj4BaRsWcD89FZT1fsculjbkFaAsQtWpvB3JorlOX4B4suTJF%2FYjb00oaDhUCfeU856vkN2juENcvQIwCoGwMk7L34pEaq9zYKrUU7Il5COHvujUMKVx4LoV1t4IJgk%2FpTskv0y50oEICRqWDHwlJuIz4%2F%2FSpwoVys%2Fv%2FMrX0uWZKqcnG9UpIvDsDV6beO7VG27jTHuWlUkx#polycard_client=search-desktop&is_advertising=true&searchVariation=MLB65938141&backend_model=search-backend&search_layout=grid&position=27&type=pad&tracking_id=f87023ec-e343-4837-b1fc-1fb6b90c914d&wid=MLB6373850588&sid=search,1,1,5k-10k,16.9
Smartphone Motorola Edge 60 Fusion 5g - 256gb 16gb (8gb Ram+8gb Ram Boost) 50mp Sony Ai Camera Ip68 Nfc - Rosa,1939,3299.0,4.9,Motorola,Chegará grátis amanhã,41,https://click1.mercadolivre.com.br/mclics/clicks/external/MLB/count?a=8Ee54H2yXMSno6iFwXNld0VWCLfOTFQAtOW4R2JSHPrc9R2M%2BODIuk5y2zc8AYNm9K5DvQvAb9ne1ltzF5GGF64OZlarJVS%2F4ukwMiml92IYzn5TfxWW4E9ADI75MAQ7V6%2F98Hvob3BW5WcBvTF7s4%2FxTOQF4XHyYa0r2Aa9cVNz4x%2Bttf%2B96ShV%2B%2FzzqCoxGuqS0nYkReVNTjsdLCeq7ewe3iMxugYoQ2M6466RQMc3%2Ff1jK9%2BiEkfBIfbbJSvJB8lzlYw80N5SKJ%2BcXdnVZQ0xL3Uds1gRCDmCj8SWPezZ3HFOeldZtEQfrMryJ3Lc5GJYQLnMFDqL7n0VbUp8IlMlCj85YvUWHFq2QQD2VsIsEKgY66M%2B78f2W0Jh70C1ic2W4JRUXnY0KtKTWoOnqQT4iIekwO5fQPHa7xb6hggf91xjJ1yabTWyesUCn6Yfgy259PhdiMQmZMRfxXyh5rVThs26Hmzn7h563h0j7QtyILKKdwNG6c4Pr9BY9DH0Ow2%2FZl%2B5kPvt894d7UK3iWOdoLcmxeCeDid%2B3PEzm6C%2F9y9%2BNgFiDKgf8aJFVsHZAwFj0sSnHhKe6svXH%2BeqKiL%2F1%2FQr3vDaTx%2BQoynnqkwt2BQ52ThD2VnrtNaI74tMHHetk6mSEbb2JvqlBpZnCu59rJ5uH6sg803ioltdR986op2G6u7fcOflgox%2BdjGafJecLsE5iae0kD0ABze2qyPqeFs2SkPTCPkiSCH%2FkYvZpZEGAYPSOPfOohYm1V7Vm2Lf%2FxZDIokc%2FTuVVEFHcTnHO6Oa7fBkPyDylKMjiynQkzKbIAbQ6RRUWmHZYb%2BCYw3LtHg9UtuiRw2cywu6FeReG%2F%2BQW4bDhKNugHs8pTSdm9UXeMC7w%2B4v2%2BnHbF%2Bna54WrB%2FS00TUKVDsugYCIQifovC9sGQLQpTxYogPpQKIwMHAlo2o4rRmUSlq0NM9SFFPjhUJdDs1vh0SZeMoHtKX8RG1THMzBXrLMh0gh4GAxlPV6%2B7HRH2alUcspg%3D%3D#polycard_client=search-desktop&is_advertising=true&searchVariation=MLB47251829&backend_model=search-backend&search_layout=grid&position=28&type=pad&tracking_id=f87023ec-e343-4837-b1fc-1fb6b90c914d&wid=MLB4027318137&sid=search,1,1,1k-2k,24.75
Smartphone Motorola Moto G05 256gb 4gb Ram Camera 50mp Vermelho,699,1199.0,4.9,Motorola,Chegará grátis amanhã,42,https://www.mercadolivre.com.br/smartphone-motorola-moto-g05-256gb-4gb-ram-camera-50mp-vermelho/p/MLB58493174#polycard_client=search-desktop&search_layout=grid&position=29&type=product&tracking_id=f87023ec-e343-4837-b1fc-1fb6b90c914d&wid=MLB5774641722&sid=search,1,1,500-1k,25.05
iPhone 16e (128 GB) - Preto - Distribuidor Autorizado,3699,5799.0,4.9,Apple,Chegará grátis amanhã,36,https://www.mercadolivre.com.br/iphone-16e-128-gb-preto-distribuidor-autorizado/p/MLB1046215784#polycard_client=search-desktop&search_layout=grid&position=30&type=product&tracking_id=f87023ec-e343-4837-b1fc-1fb6b90c914d&wid=MLB3986439067&sid=search,1,1,2k-5k,23.25
Smartphone Motorola Edge 60 Neo 5G - 256GB 24GB (12GB RAM + 12GB Ram Boost) 50MP Sony Camera Moto AI e tela 1.5K Super HD - Latte,1799,3799.0,4.9,Motorola,Chegará grátis amanhã,53,https://www.mercadolivre.com.br/smartphone-motorola-edge-60-neo-5g-256gb-24gb-12gb-ram-12gb-ram-boost-50mp-sony-camera-moto-ai-e-tela-15k-super-hd-latte/p/MLB58684606#polycard_client=search-desktop&search_layout=grid&position=31&type=product&tracking_id=f87023ec-e343-4837-b1fc-1fb6b90c914d&wid=MLB4265763257&sid=search,1,1,1k-2k,28.349999999999998
"Samsung Galaxy S25 5G, 256GB, 12GB, Câmera Tripla - Azul claro",3898,5999.0,4.9,Samsung,Chegará grátis amanhã,35,https://www.mercadolivre.com.br/samsung-galaxy-s25-5g-256gb-12gb-cmera-tripla-azul-claro/p/MLB45513356#polycard_client=search-desktop&search_layout=grid&position=32&type=product&tracking_id=f87023ec-e343-4837-b1fc-1fb6b90c914d&wid=MLB5264376996&sid=search,1,1,2k-5k,22.95
"Smartphone Motorola Moto G86 5g - 256gb 24gb (8gb Ram+16gb Ram Boost) Tela 1.5k Poled, 50mp Sony Camera Ois Moto Ai, Videos Em 4k, Ip68 + Ip69 - Vermelho",1792,2399.0,4.9,Motorola,Chegará grátis amanhã,25,https://www.mercadolivre.com.br/smartphone-motorola-moto-g86-5g-256gb-24gb-8gb-ram16gb-ram-boost-tela-15k-poled-50mp-sony-camera-ois-moto-ai-videos-em-4k-ip68-ip69-vermelho/p/MLB51340616#polycard_client=search-desktop&search_layout=grid&position=33&type=product&tracking_id=f87023ec-e343-4837-b1fc-1fb6b90c914d&wid=MLB5462013472&sid=search,1,1,1k-2k,19.95
"Smartphone Infinix Note 50X 5G 8GB RAM 256GB De Armazenamento Tela 6,78"" Polegadas HD+ 120HZ Câmera 50MP + Selfie 8MP Bateria 5200mah NFC, DTS Áudio - Cor Cinza",1349,2267.0,4.8,123 Comprou,Chegará grátis amanhã,40,https://www.mercadolivre.com.br/smartphone-infinix-note-50x-5g-8gb-ram-256gb-de-armazenamento-tela-678-polegadas-hd-120hz-cmera-50mp-selfie-8mp-bateria-5200mah-nfc-dts-audio-cor-cinza/p/MLB61656785#polycard_client=search-desktop&search_layout=grid&position=34&type=product&tracking_id=f87023ec-e343-4837-b1fc-1fb6b90c914d&wid=MLB5957442486&sid=search,1,1,1k-2k,24.4
Smartphone Motorola Edge 60 5g - 512gb 24gb (12gb Ram+12gb Ram Boost) Tela Quad-curve Moto Ai 50mp Sony Camera Ultrarresistencia Militar Ip68 + Ip69 - Azul Marinho,2099,2799.0,4.9,Motorola,Não informado,25,https://www.mercadolivre.com.br/smartphone-motorola-edge-60-5g-512gb-24gb-12gb-ram12gb-ram-boost-tela-quad-curve-moto-ai-50mp-sony-camera-ultrarresistencia-militar-ip68-ip69-azul-marinho/p/MLB48930800#polycard_client=search-desktop&search_layout=grid&position=35&type=product&tracking_id=f87023ec-e343-4837-b1fc-1fb6b90c914d&wid=MLB5363845340&sid=search,1,0,2k-5k,9.95
Smartphone Motorola Moto G35 5g 256gb 12gb Ram Boost Coral,945,2000.0,4.8,Desconhecida,Não informado,53,https://www.mercadolivre.com.br/smartphone-motorola-moto-g35-5g-256gb-12gb-ram-boost-coral/p/MLB63092926#polycard_client=search-desktop&search_layout=grid&position=36&type=product&tracking_id=f87023ec-e343-4837-b1fc-1fb6b90c914d&wid=MLB6228408744&sid=search,1,0,500-1k,18.299999999999997
Smartphone Motorola Moto G56 5g - 256gb 16gb (8gb Ram+8gb Ram Boost) Camera 50mp Sony Lytia 600 Ultrarresistencia Militar e Ip68 + Ip69 - Cinza,1598,1999.0,4.9,Motorola,Chegará grátis amanhã,20,https://www.mercadolivre.com.br/smartphone-motorola-moto-g56-5g-256gb-16gb-8gb-ram8gb-ram-boost-camera-50mp-sony-lytia-600-ultrarresistencia-militar-e-ip68-ip69-cinza/p/MLB50301060#polycard_client=search-desktop&search_layout=grid&position=37&type=product&tracking_id=f87023ec-e343-4837-b1fc-1fb6b90c914d&wid=MLB5402372302&sid=search,1,1,1k-2k,18.45
Apple iPhone 16 (256 GB) - Preto - Distribuidor Autorizado,5205,9538.0,4.9,Apple,Chegará grátis amanhã,45,https://www.mercadolivre.com.br/apple-iphone-16-256-gb-preto-distribuidor-autorizado/p/MLB1040287796#polycard_client=search-desktop&search_layout=grid&position=38&type=product&tracking_id=f87023ec-e343-4837-b1fc-1fb6b90c914d&wid=MLB3931272075&sid=search,1,1,5k-10k,25.95
"Smartphone OPPO A6t 128gb, 12gb Ram (4gb + 8gb Virtual Ram), Bateria Gigante de 6500mAh, Processador Snapdragon, Tela 120Hz, AI Câmera, IP64 - Violeta",899,1299.0,4.9,Oppo,Chegará grátis amanhã,31,https://www.mercadolivre.com.br/smartphone-oppo-a6t-128gb-12gb-ram-4gb-8gb-virtual-ram-bateria-gigante-de-6500mah-processador-snapdragon-tela-120hz-ai-cmera-ip64-violeta/p/MLB66130734#polycard_client=search-desktop&search_layout=grid&position=39&type=product&tracking_id=f87023ec-e343-4837-b1fc-1fb6b90c914d&wid=MLB4573343865&sid=search,1,1,500-1k,21.75
"Smartphone Xiaomi Redmi 15 8gb 256gb Tela 6,9 144hz, Bateria 7.000 Mah, 50 Mp Preto",1390,1390.0,4.8,Desconhecida,Chegará grátis amanhã,0,https://www.mercadolivre.com.br/smartphone-xiaomi-redmi-15-8gb-256gb-tela-69-144hz-bateria-7000-mah-50-mp-preto/p/MLB61511995#polycard_client=search-desktop&search_layout=grid&position=40&type=product&tracking_id=f87023ec-e343-4837-b1fc-1fb6b90c914d&wid=MLB4390450235&sid=search,0,1,1k-2k,12.4
Celular Samsung Galaxy A56 5g 128gb 8gb Ram Rosa,1998,3299.0,4.9,Samsung,Chegará grátis amanhã,39,https://www.mercadolivre.com.br/celular-samsung-galaxy-a56-5g-128gb-8gb-ram-rosa/p/MLB47106876#polycard_client=search-desktop&search_layout=grid&position=41&type=product&tracking_id=f87023ec-e343-4837-b1fc-1fb6b90c914d&wid=MLB4561879339&sid=search,1,1,1k-2k,24.15
Apple iPhone 15 (128 GB) - Azul - Distribuidor Autorizado,4499,7209.0,4.9,Apple,Chegará grátis amanhã,38,https://www.mercadolivre.com.br/apple-iphone-15-128-gb-azul-distribuidor-autorizado/p/MLB1027172667#polycard_client=search-desktop&search_layout=grid&position=42&type=product&tracking_id=f87023ec-e343-4837-b1fc-1fb6b90c914d&wid=MLB4408547152&sid=search,1,1,2k-5k,23.85
iPhone 17 Pro 256GB - Azul-profundo - Distribuidor Autorizado,9899,11499.0,4.9,Apple,Chegará grátis amanhã,14,https://www.mercadolivre.com.br/iphone-17-pro-256gb-azul-profundo-distribuidor-autorizado/p/MLB1055308781#polycard_client=search-desktop&search_layout=grid&position=43&type=product&tracking_id=f87023ec-e343-4837-b1fc-1fb6b90c914d&wid=MLB5687335472&sid=search,1,1,5k-10k,16.65
iPhone 17 256 GB - Sálvia - Distribuidor Autorizado,6297,7999.0,4.9,Apple,Chegará grátis amanhã,21,https://www.mercadolivre.com.br/iphone-17-256gb-salvia-distribuidor-autorizado/p/MLB1055308843#polycard_client=search-desktop&search_layout=grid&position=44&type=product&tracking_id=f87023ec-e343-4837-b1fc-1fb6b90c914d&wid=MLB6545162768&sid=search,1,1,5k-10k,18.75
Apple iPhone 16 (128 GB) - Preto - Distribuidor Autorizado,4986,7799.0,4.9,Apple,Chegará grátis amanhã,36,https://www.mercadolivre.com.br/apple-iphone-16-128-gb-preto-distribuidor-autorizado/p/MLB1040287808#polycard_client=search-desktop&search_layout=grid&position=45&type=product&tracking_id=f87023ec-e343-4837-b1fc-1fb6b90c914d&wid=MLB5120546360&sid=search,1,1,2k-5k,23.25
Smartphone Motorola Edge 60 Pro 5g - 512gb 24gb (12gb Ram+12gb Ram Boost) Tela Quad-curve Moto Ai 50mp Sony Camera Ultrarresistencia Militar Ip68 + Ip69 - Cinza,3059,5499.0,4.9,Motorola,Chegará grátis amanhã,44,https://www.mercadolivre.com.br/smartphone-motorola-edge-60-pro-5g-512gb-24gb-12gb-ram12gb-ram-boost-tela-quad-curve-moto-ai-50mp-sony-camera-ultrarresistencia-militar-ip68-ip69-cinza/p/MLB48998798#polycard_client=search-desktop&search_layout=grid&position=46&type=product&tracking_id=f87023ec-e343-4837-b1fc-1fb6b90c914d&wid=MLB5389690592&sid=search,1,1,2k-5k,25.65
"Tcl Smartphone 605 4g, Octa Core, 128gb 12gb Ram (4+8), 6.7 Hd+ 90hz, Nfc, Dual Sim, 50mp",649,799.0,4.7,Mercado Livre,Chegará grátis amanhã,19,https://www.mercadolivre.com.br/tcl-smartphone-605-4g-octa-core-128gb-12gb-ram-48-67-hd-90hz-nfc-dual-sim-50mp/p/MLB53155051#polycard_client=search-desktop&search_layout=grid&position=47&type=product&tracking_id=f87023ec-e343-4837-b1fc-1fb6b90c914d&wid=MLB6161225994&sid=search,1,1,500-1k,18.05
Apple iPhone 15 (256 GB) - Preto - Distribuidor Autorizado,4751,8095.0,4.9,Apple,Chegará grátis amanhã,41,https://www.mercadolivre.com.br/apple-iphone-15-256-gb-preto-distribuidor-autorizado/p/MLB1027172669#polycard_client=search-desktop&search_layout=grid&position=48&type=product&tracking_id=f87023ec-e343-4837-b1fc-1fb6b90c914d&wid=MLB3621184765&sid=search,1,1,2k-5k,24.75
Smartphone Motorola Edge 60 Fusion 5g - 256gb 16gb (8gb Ram+8gb Ram Boost) 50mp Sony Ai Camera Ip68 Nfc - Rosa,1939,3299.0,4.9,Motorola,Chegará grátis amanhã,41,https://www.mercadolivre.com.br/smartphone-motorola-edge-60-fusion-5g-256gb-16gb-8gb-ram8gb-ram-boost-50mp-sony-ai-camera-ip68-nfc-rosa/p/MLB47251829#polycard_client=search-desktop&search_layout=grid&position=49&type=product&tracking_id=f87023ec-e343-4837-b1fc-1fb6b90c914d&wid=MLB4027318137&sid=search,1,1,1k-2k,24.75
Smartphone Motorola Moto G15 256gb 12gb 4GB RAM 8GB RAM Boost Camera 50mp Verde,899,1499.0,4.8,Motorola,Chegará grátis amanhã,40,https://www.mercadolivre.com.br/smartphone-motorola-moto-g15-256gb-12gb-4gb-ram-8gb-ram-boost-camera-50mp-verde/p/MLB44665542#polycard_client=search-desktop&search_layout=grid&position=50&type=product&tracking_id=f87023ec-e343-4837-b1fc-1fb6b90c914d&wid=MLB5237351728&sid=search,1,1,500-1k,24.4
iPhone 17 Pro 512GB - Azul-profundo - Distribuidor Autorizado,11699,12999.0,4.9,Apple,Chegará grátis amanhã,10,https://www.mercadolivre.com.br/iphone-17-pro-512gb-azul-profundo-distribuidor-autorizado/p/MLB1055308802#polycard_client=search-desktop&search_layout=grid&position=51&type=product&tracking_id=f87023ec-e343-4837-b1fc-1fb6b90c914d&wid=MLB4200188179&sid=search,1,1,10k+,15.45
"Smartphone Motorola Signature 5g - 512gb 24gb (12gb Ram + 12gb Ram Boost), 3 Cameras 50mp Sony Lytia E Zoom 100x, Tela 1.5k Extreme Amoled 165hz - Preto",7649,8999.0,4.8,Motorola,Chegará grátis amanhã,15,https://www.mercadolivre.com.br/smartphone-motorola-signature-5g-512gb-24gb-12gb-ram-12gb-ram-boost-3-cameras-50mp-sony-lytia-e-zoom-100x-tela-15k-extreme-amoled-165hz-preto/p/MLB65938141#polycard_client=search-desktop&search_layout=grid&position=52&type=product&tracking_id=f87023ec-e343-4837-b1fc-1fb6b90c914d&wid=MLB6373850588&sid=search,1,1,5k-10k,16.9
"Smartphone Motorola Moto G17 4g - 256gb 12gb (4gb Ram + 8gb Ram Boost) Camera 50mp Sony Lytia 600, Tela Fhd+ 60hz, Bateria 5200 Mah - Rosa",1078,1749.0,4.9,Motorola,Chegará grátis amanhã,38,https://www.mercadolivre.com.br/smartphone-motorola-moto-g17-4g-256gb-12gb-4gb-ram-8gb-ram-boost-camera-50mp-sony-lytia-600-tela-fhd-60hz-bateria-5200-mah-rosa/p/MLB65041664#polycard_client=search-desktop&search_layout=grid&position=53&type=product&tracking_id=f87023ec-e343-4837-b1fc-1fb6b90c914d&wid=MLB4510840013&sid=search,1,1,1k-2k,23.85
Smartphone Oppo A6 Pro 256gb 8gb Ram 5g Ip69 Azul Espacial,2999,3199.0,4.9,Oppo,Chegará grátis amanhã,6,https://www.mercadolivre.com.br/smartphone-oppo-a6-pro-256gb-8gb-ram-5g-ip69-azul-espacial/p/MLB66177449#polycard_client=search-desktop&search_layout=grid&position=54&type=product&tracking_id=f87023ec-e343-4837-b1fc-1fb6b90c914d&wid=MLB4536941689&sid=search,1,1,2k-5k,14.25
iPhone 17e 256GB Preto - Distribuidor Autorizado,5219,5799.0,4.9,Apple,Chegará grátis amanhã,10,https://www.mercadolivre.com.br/iphone-17e-256gb-preto-distribuidor-autorizado/p/MLB1066130044#polycard_client=search-desktop&search_layout=grid&position=55&type=product&tracking_id=f87023ec-e343-4837-b1fc-1fb6b90c914d&wid=MLB6402322328&sid=search,1,1,5k-10k,15.45
Smartphone Samsung Galaxy A56 5g 6.7 Pol Octa-core 256gb 8gb,1998,3699.0,4.9,Samsung,Chegará grátis amanhã,46,https://www.mercadolivre.com.br/smartphone-samsung-galaxy-a56-5g-67-pol-octa-core-256gb-8gb/p/MLB65302568#polycard_client=search-desktop&search_layout=grid&position=56&type=product&tracking_id=f87023ec-e343-4837-b1fc-1fb6b90c914d&wid=MLB4609819131&sid=search,1,1,1k-2k,26.25
"Smartphone Motorola Moto G17 4g - 128gb 12gb (4gb Ram + 8gb Ram Boost) Camera 50mp Sony Lytia 600, Tela Fhd+ 60hz, Bateria 5200 Mah - Azul",899,1299.0,4.9,Motorola,Chegará grátis amanhã,31,https://www.mercadolivre.com.br/smartphone-motorola-moto-g17-4g-128gb-12gb-4gb-ram-8gb-ram-boost-camera-50mp-sony-lytia-600-tela-fhd-60hz-bateria-5200-mah-azul/p/MLB65041642#polycard_client=search-desktop&search_layout=grid&position=57&type=product&tracking_id=f87023ec-e343-4837-b1fc-1fb6b90c914d&wid=MLB6420215012&sid=search,1,1,500-1k,21.75
"Smartphone Infinix Smart 10 4GB RAM 256GB SSD Câmera 8MP + IA, Tela 6.67 HD+ 120Hz, Bateria 5000mAh, Processador T7250, Android 15 Go, Dual Chip - Preto",670,1458.0,4.8,123 Comprou,Chegará grátis amanhã,54,https://www.mercadolivre.com.br/smartphone-infinix-smart-10-4gb-ram-256gb-ssd-cmera-8mp-ia-tela-667-hd-120hz-bateria-5000mah-processador-t7250-android-15-go-dual-chip-preto/p/MLB56327005#polycard_client=search-desktop&search_layout=grid&position=58&type=product&tracking_id=f87023ec-e343-4837-b1fc-1fb6b90c914d&wid=MLB5751262142&sid=search,1,1,500-1k,28.599999999999998
Kit Samsung: Celular Galaxy A17 256gb 8gb Ram 50mp 6.7 Nfc Ip54 Preto + Galaxy Buds Core Branco,1431,1698.0,4.9,Samsung,Frete grátis,16,https://www.mercadolivre.com.br/kit-samsung-celular-galaxy-a17-256gb-8gb-ram-50mp-67-nfc-ip54-preto--galaxy-buds-core-branco/up/MLBU3605578150#polycard_client=search-desktop&search_layout=grid&position=59&type=product&tracking_id=f87023ec-e343-4837-b1fc-1fb6b90c914d&wid=MLB5957929002&sid=search,1,1,1k-2k,17.25
Smartphone OPPO A5 256GB 6GB RAM Branco,1169,1499.0,4.8,Oppo,Chegará grátis amanhã,22,https://www.mercadolivre.com.br/smartphone-oppo-a5-256gb-6gb-ram-branco/p/MLB51680761#polycard_client=search-desktop&search_layout=grid&position=60&type=product&tracking_id=f87023ec-e343-4837-b1fc-1fb6b90c914d&wid=MLB5745515116&sid=search,1,1,1k-2k,19.0
Smartphone Motorola Moto G15 256gb 12gb 4GB RAM 8GB RAM Boost Camera 50mp Verde,899,1499.0,4.8,Motorola,Chegará grátis amanhã,40,https://click1.mercadolivre.com.br/mclics/clicks/external/MLB/count?a=Dg%2FshGxXcl9WuER2uz9p2DBgnaNdhu9vI8k5e85KFraIE1jFuSMQ3a0QEc0sPlA5c0WDJhWAqKtaMKOu7hfFIzV37I3Gd2fdTSmZz%2Fn4K%2BDSrFMt8LUrpZ7GoNbD10xwh8HA5MZZhW37XT%2BiTvPuegabZ4cxhQfvsC6GVqYNwaQ3j%2BH5exYHsDTx%2BGGQpWc%2B4PT4c6q1QAvtqpLbAPSow5FAOiS5GD4AmcZICt4SejuQNPdg8tslm6Okg1X%2FwLPON08G4JrWRfBHkWWNGMXomR5wZ07TrFS8XLO03W9NYOMBxCgyabrCsks4tfnwf9O2TegzHlDaifx9HQOPSiKMYHVonkiPHOfEBUTgdgFQ2Oh9s6eRJ3WwET1HgoicOUlk%2Bwxc2qVJzCz2DR5cb1AJJbEew%2B5Z91Zw3lWblbGFpWdrxbRnlOKddlmZSNDpkNjFD3U%2FcScMnMsZoNcl9UhqwpUPAk7xvCMVl%2FWK9TVEpBvswFICp1Qu%2BBINNrYV1fqtSgoMI93Ypy4iWz5kfQmLX5DvhZCxY4hBWU1B9fQ6QCwDgwkK9l0MqOnp00W2pRSv14R4BRiFfZWF34Qd4C8FONdvMqXPmc62RzGRdohR10f3SKyJsGoY1M485H9S%2BDt1KpG7R5kbE638ataLj9kp%2FhYhUQFW3bHlm9QeGxuaVxAkHE8TJV4LNoQgsG9aNiZiGgPvTx9elprPTdE1mvKiJ948ncxVxP6j%2FDniMrp8rlD0PEWv5Drz8jmAGAAHWTduljzm1vawMlGabIy3zbqtdv9YxZNBgprGFOQFXHZlZ2hWV4I55IRjpcDg2heJF61dhmra%2F5Q4yQGpSFhuO221J6yUO%2FuXOjSAfWYC5KrQ3HSneib6JG2g85ZTmp%2B6i8XdVD%2FhTPNhxXKcry6KYVdR9desWw0%2BvjZe%2FYmmBPr2IGE05mezT2RQKdGnNH52E%2BI8ews2%2FyLNDSuw1mC1zhXnnG%2Bev44%3D#polycard_client=search-desktop&is_advertising=true&searchVariation=MLB44665542&backend_model=search-backend&search_layout=grid&position=1&type=pad&tracking_id=b8546d9a-c6d9-48c9-92a1-a2c22368eaac&wid=MLB5237351728&sid=search,1,1,500-1k,24.4
"Smartphone Motorola Moto G17 4g - 128gb 12gb (4gb Ram + 8gb Ram Boost) Camera 50mp Sony Lytia 600, Tela Fhd+ 60hz, Bateria 5200 Mah - Azul",899,1299.0,4.9,Motorola,Chegará grátis amanhã,31,https://click1.mercadolivre.com.br/mclics/clicks/external/MLB/count?a=0g5IPfJm6YS1ciNDMIXsSY1QyMs3SLx6SBZRKJJgxwEKULBvq5dXuIcfszsdG2yloTDyR7XPKfzFWlaUr6WsYlB8GOI4xbRmvW4iXiGItAEA%2BFednTOa9O%2BLs2tmOMhQ4zbH8SM8WHoUxo%2FQUZywhcsm4tcAtqSxR3Usfms6wxkza6455%2B5173xcLGXXJiiwhbs9I8BWtplEQs9204G950p4GOxPvYhDZ1019joRavROlFzkGcRF0x965p%2Ffi%2B5Ue3YEkqhtgvZfCNQZ4iJ2SLxDMua%2B3Yac1nFMs%2BNgZkJm5SacUrxCHJMh57sb044aNZXY0AK4A9yqYIMeyfvmRgM9BNEbpHLYtG1IdSfc79csx2ciHDUH3SYpXcn7QkH%2FMuGbvJsuvynGwz6lHqYXcUYyxXN5RomiHfact0fOx127cu22CEgreIXkpjUm8%2BlKac4ZqGmvvWUpWAYOU87F%2FjKP7Y874prMVbCIW%2BUpedGIPNa51VuztStGLctj0AQ6uSxonMk6ipMnIzlHqwNb0Dgp6j77eSnf%2BZ6MVYO7HZK4dngk6ZxbDm79Rpl9RY8h2WcdZHHbEYMDc7ipfKlN337RQtvbFkGUutDXfHqyYcwYPEvEo0aX8sGKY6ta3c9W8UPhL32uOF06bAXvIno2VPhvY49f2k176%2BQKL9HGpsONp3nQe0PDkMPMbXmeEC%2FeDia8V1vUSBSQSR7qcoqNlPDBWZNfnNYpGlbKJBsTjr1xc3ciNxZLMn3rrk9AaibmFg%2BWUhUknTBUal6CF6sn3vCsTv70zlOb16vyNq1dLW2JumPDZbxlhncAh15ekInuxKSUqGFDxtDAYBoebArf8RAf798p3ndd3QAoRAFVCa8YQ5%2FrZf16h5sF5RvljUDLvcyJOIbsFVw3ZIgFygRpCK%2BkfsLrvPe%2Fc42VRqc7O%2F1YDKdBzjOF7n1isJubdfoe%2FEM1Qh%2B6ZS7wdeummcubG%2BN4Vnbayc0fZACqvND31ldCYeTCEv%2B0bCO1ydfgAiy5hv188vtCzZ121DSbBc5PdHf6RQ%3D%3D#polycard_client=search-desktop&is_advertising=true&searchVariation=MLB65041642&backend_model=search-backend&search_layout=grid&position=2&type=pad&tracking_id=b8546d9a-c6d9-48c9-92a1-a2c22368eaac&wid=MLB6420215012&sid=search,1,1,500-1k,21.75
Smartphone Motorola Moto G06 - 256gb 12gb (4gb Ram + 8gb Ram Boost) E Camera 50mp Com Ai Bateria De 5200 Mah Tela 6.9 - Bege,723,1349.0,4.9,Motorola,Chegará grátis amanhã,46,https://click1.mercadolivre.com.br/mclics/clicks/external/MLB/count?a=kDMXXo4VtlthrotEt9wgRHJV1qh6tYP0bj2YOiVWXU1d2p1ZAycOAVHj1XBbsW3F%2BPPvUXbfUdkqPcFbZ0Ivd93PWFDVf5oBeW6D74TM8Fo1lq45fG7fsjPRsV4WULkMf0esmfPkfgBokDXVQZCVVW65Fgj4ARh6i5INH1aiB6CM8JZ8aejFqNxryMtkQ%2FyNb%2F5Fo24z4Dw55X6kHI5mx7QbG3TNmcaQ2o9IPpOzPzbcPtY6YASVBV3YG4psHX3FBpYJpKKO8e6VwaZNJtvHMDE6lFnqkDTPPtIw7wkeGEvxVVuU5T5EIVXMAtzUQfccY%2FtMGo7KwuxhNIH8mgF38x2qCJFEXF%2FJUpL1i2o1Hrgq7zF%2BOebOdPAq%2B78tH8t9WgHPs3b%2BELQwONtKubv7S0oH1Qobomm%2F9DSjGbzsJPv1kBrE16JCB8tQAQNyyAICELC3i3KwCXiuDX%2BM%2BD9SEmJ81GDWLX1rvZOW%2B38v%2BNaa15l%2FzUAwBApgm5XMWUzCzXpAGMxSPvnqfhul7LRIcHy%2Bb7mNjEKJyJkva1BGMok5BYbSu5niCKfd22Zxxi82XZty8o3LI03IJmVsP%2BSeBUbvGJHT5fjssutlH1zRHptQFvFpIsK8SNevZwrVH%2BgFzCmRtKUvLiHwK%2B4fEL4UzdKx5JS1Rdq6uwE%2Be7MVR5zU9SISQoIPGmnYIzVs18gjb3xU59e9nQIeBX4PlrUvcpdN3%2F2Ltpe26u1GKkas9ujxG5DRrI5Hef3eu54bk%2BG4GaPZBn0Lvm4SU860gz6MXUquuPreD9%2BRT7%2BJDLHamXY0rY0XT%2BBItFHRf74XcyhYwwdRfFlubulXmack%2FQopXS5J025qWut9ZspuAtUyAxk3Tx%2FtTkZ7aw2wKf36z1JIEEyYoKXpfHLF8%2FiD9xgFEvvXPia6oThTcAuXs5Ip28WCc1p5VWg%2FLjutItwv4cPR0z9nL3u8pJ5EfkWF7Hao%2BLEKS7GVExl%2FTiX54YqZDXfYbUIJf%2BOjc9dr7Tq1M37z9VQgjHFbxg%3D%3D#polycard_client=search-desktop&is_advertising=true&searchVariation=MLB55762063&backend_model=search-backend&search_layout=grid&position=3&type=pad&tracking_id=b8546d9a-c6d9-48c9-92a1-a2c22368eaac&wid=MLB5765125576&sid=search,1,1,500-1k,26.25
"Smartphone Motorola Moto G86 5g - 256gb 24gb (8gb Ram+16gb Ram Boost) Tela 1.5k Poled, 50mp Sony Camera Ois Moto Ai, Videos Em 4k, Ip68 + Ip69 - Vermelho",1792,2399.0,4.9,Motorola,Chegará grátis amanhã,25,https://click1.mercadolivre.com.br/mclics/clicks/external/MLB/count?a=S8G2nf%2B4oLn35Ml7v15gN9A8aCNAF%2BUI2d9Rerm3u82eezxdDWLMF9%2Flf3XaVOrAX1c0JQKu%2Feq7qaPZEKVWfBTJ5Dnx67tMo%2FB7NNNMx934PAFn1mfUViYpQ1v9rxX4S4L8Azmh9Hzk7cNuItJqOO6Epgj%2BCaPBsky3x%2BXoO1Fek3qWM6R9eL8PUC0dsFz%2BAoWwYYLxTEzZAuiED2LdxPV7P3I0wmumC3g%2FCyCu76ch3gUXonuuWgHtejkQ2r7vvxK76o6VNqHGIbHeXKWogjXVYwztYtCQa8%2FyNNLTo4xvOU3%2FwS5VL4hkE9Ec5QbierNc1vGN2%2Fmx0UCmkPNfDyNu6UyaAiQLOo2lPJ5BcZGw26FOuGOwRPxe20AtBQA%2BfVdLgMRXcoUyuu441owQ0OAFtQXeF0cfAVs8tZw6uxEZ8hNNsmA9BNkQEn6mxOQ2SMOQzvS%2BQWjXe08dZqruxOpdK%2BxlrjGJfCsCr%2FZbHgqCEYvirBE0fnmpVkpNmyIB6SNM2kSHt6vjELl9SWuY6jdao79rO%2FaIwRB%2BHSGc64w73lhvMPohECJR8bKn1m8axGAIavEEAkkKOFLufXYzdcY5kHUaUst4GZRyFOXD9SYAXw0eaRzmN9UETlSWY0YEsZVhKEyuOm4RSFoGVJMNwB5nHtZkxCTAfvSvUNJPp2K34Tav32%2FmYVMcH7Tu7ijqRbmEFBBY%2Fj1A%2FLPVy4k39IucVS5JKd0HM%2Bg4yapv3hA0T3gRi6zM9HZs3ns44RCaIaxXqcmMKyVnhSDunKpwN5jrDG5HnIgS5xE2eTZMY4aGH8sLu6S534dC3nLQNkfetkRT%2Fn3Zy1r%2FUcBp1nMDI2cWYTnIoq50f39YHl90TYaaGg2g1%2FHQZoe43%2BML0EZeonog3uuHoZHFgLFR%2BTBvNxg24e6dnswF1tzg92PJYaCloXiss6eHqpVQWvDC%2BPma0oAHlFzt1jhmaS8HNG7FoIi9hGVQbIe1GgXhWxm5RFJVQS%2BDDv2PugxaX4KuHsuhaCA1h8p3VgVvmsySRalie1IQpsqVRRYg9SRRF%2ByCx5Lk#polycard_client=search-desktop&is_advertising=true&searchVariation=MLB51340616&backend_model=search-backend&search_layout=grid&position=4&type=pad&tracking_id=b8546d9a-c6d9-48c9-92a1-a2c22368eaac&wid=MLB5462013472&sid=search,1,1,1k-2k,19.95
Celular Samsung Galaxy A56 5g 256gb 8gb Ram Cinza,1998,3699.0,4.9,Samsung,Chegará grátis amanhã,46,https://www.mercadolivre.com.br/celular-samsung-galaxy-a56-5g-256gb-8gb-ram-cinza/p/MLB47114363#polycard_client=search-desktop&search_layout=grid&position=5&type=product&tracking_id=b8546d9a-c6d9-48c9-92a1-a2c22368eaac&wid=MLB5317821714&sid=search,1,1,1k-2k,26.25
Smartphone Samsung Galaxy A36 5g 128gb 6gb Ram Câmera Tripla De Até 50mp Selfie De 12mp Ip67 Super Amoled 6.7'' Nfc Recursos Ai Android E Segurança Snapdragon - Preto,1430,2815.0,4.9,Webfones,Chegará grátis amanhã,49,https://www.mercadolivre.com.br/smartphone-samsung-galaxy-a36-5g-128gb-6gb-ram-cmera-tripla-de-ate-50mp-selfie-de-12mp-ip67-super-amoled-67-nfc-recursos-ai-android-e-seguranca-snapdragon-preto/p/MLB47115842#polycard_client=search-desktop&search_layout=grid&position=6&type=product&tracking_id=b8546d9a-c6d9-48c9-92a1-a2c22368eaac&wid=MLB6410679768&sid=search,1,1,1k-2k,27.15
Xiaomi Redmi 14c 4G 256 GB 8 GB RAM dual sim cor preto,830,830.0,4.6,Desconhecida,Não informado,0,https://www.mercadolivre.com.br/xiaomi-redmi-14c-4g-256-gb-8-gb-ram-dual-sim-cor-preto/p/MLB41287578#polycard_client=search-desktop&search_layout=grid&position=7&type=product&tracking_id=b8546d9a-c6d9-48c9-92a1-a2c22368eaac&wid=MLB6628300600&sid=search,0,0,500-1k,2.3
Smartphone Motorola Moto G06 - 128gb 12gb (4gb Ram + 8gb Ram Boost) E Camera 50mp Com Ai Bateria De 5200 Mah Tela 6.9,661,999.0,4.9,Desconhecida,Chegará grátis amanhã,34,https://www.mercadolivre.com.br/smartphone-motorola-moto-g06-128gb-12gb-4gb-ram-8gb-ram-boost-e-camera-50mp-com-ai-bateria-de-5200-mah-tela-69/p/MLB61381499#polycard_client=search-desktop&search_layout=grid&position=8&type=product&tracking_id=b8546d9a-c6d9-48c9-92a1-a2c22368eaac&wid=MLB4515672567&sid=search,1,1,500-1k,22.65
"Celular Samsung Galaxy A07 128gb, 4gb, Câmera 50mp, Tela 6.7 , Proteção Ip54, Processador 6nm - Preto",599,899.0,4.9,Samsung,Chegará grátis amanhã,33,https://www.mercadolivre.com.br/celular-samsung-galaxy-a07-128gb-4gb-cmera-50mp-tela-67-proteco-ip54-processador-6nm-preto/p/MLB55034955#polycard_client=search-desktop&search_layout=grid&position=9&type=product&tracking_id=b8546d9a-c6d9-48c9-92a1-a2c22368eaac&wid=MLB5859349564&sid=search,1,1,500-1k,22.35
Samsung Galaxy A06 5g Dual Sim 128gb preto,719,989.0,4.8,Vikings,Chegará grátis amanhã,27,https://www.mercadolivre.com.br/samsung-galaxy-a06-5g-dual-sim-128gb-preto/p/MLB48946861#polycard_client=search-desktop&search_layout=grid&position=10&type=product&tracking_id=b8546d9a-c6d9-48c9-92a1-a2c22368eaac&wid=MLB6433836010&sid=search,1,1,500-1k,20.5
"Celular Samsung Galaxy A17 Com Ia, 256gb, 8gb Ram, Câm De 50mp, Tela De 6.7 , Nfc, Ip54 - Preto",1259,1399.0,4.9,Samsung,Chegará grátis amanhã,10,https://www.mercadolivre.com.br/celular-samsung-galaxy-a17-com-ia-256gb-8gb-ram-cm-de-50mp-tela-de-67-nfc-ip54-preto/p/MLB55254425#polycard_client=search-desktop&search_layout=grid&position=11&type=product&tracking_id=b8546d9a-c6d9-48c9-92a1-a2c22368eaac&wid=MLB4583723537&sid=search,1,1,1k-2k,15.45
"Celular Samsung Galaxy A07 256gb, 8gb, Câmera 50mp, Tela 6.7 , Proteção Ip54, Processador 6nm - Violeta",852,1399.0,4.9,123 Comprou,Chegará grátis amanhã,39,https://www.mercadolivre.com.br/celular-samsung-galaxy-a07-256gb-8gb-cmera-50mp-tela-67-proteco-ip54-processador-6nm-violeta/p/MLB54964804#polycard_client=search-desktop&search_layout=grid&position=12&type=product&tracking_id=b8546d9a-c6d9-48c9-92a1-a2c22368eaac&wid=MLB4277746349&sid=search,1,1,500-1k,24.15
Smartphone Motorola Edge 60 Neo 5G - 256GB 24GB (12GB RAM + 12GB Ram Boost) 50MP Sony Camera Moto AI e tela 1.5K Super HD - Latte,1799,3799.0,4.9,Motorola,Chegará grátis amanhã,53,https://click1.mercadolivre.com.br/mclics/clicks/external/MLB/count?a=yTm9hifMIdDigPiAR0IG1U6vW%2FWuPETO%2B7kt1iwmsxhlQ2M3ANLMX%2FpTPlQubVnmUcB6nDO75%2Fi5z03uv8cMUYvcbsOxSRi2Xh83f9OxZhQAnxr0%2Bmg41%2BfZ%2B2JyB05yjZqoXjYnkM11h3br7UpiK2ZX1%2B9zOutX%2FfPSqHcTGrr01gaePbnW%2BN1nKw2GKZ2k8Mvl12DZj5s0T%2B9LbCh5uDAmoeHFcJQonk6PQ%2BnGSK371KkbaZuEWx1gAIYefv9yn0S6Y7tnS2J8M2ZRiKVRAa7B2Jx6rKYGtsWi7st0RqoXJ9CUhlp1KQaD2FMmwFvdE%2BNCwhk4r41Ecph5prFHbWchA6jDehG8KKS%2FKCC8uDA1lUF1ZVGkTCcArWNqLpMBo9D6jd3wrBOPCu5HzK1K507VMyg5gYEG9U1FJAHCxxa8jffozVIuRXAtLYTpcXBg0CwF2K7GBUSDu3RUVlaLFUGTdLr5ObDMv0Z3dYep9kT80r5Quk%2FRjUQKUaNjPTj%2FAGlE0%2FoY5Gl%2FtL2QQxHrUYzwU8cHASabwBE7YNF70ncZtu69x9ymJij9CiQWSmPdOGZiTctOm3uyq23y4ON0wRz7%2F79vuvIjptDqoAUqFPsJ9YPpjINZc8TGb6bbyfBl30Ib8RgKZ1%2BQrLIGo7H57XIxkf4k%2F6XckrZxJSPmrph23Pptfe3nlUFUaNHBiiy6HcqX3fziGw2vUVzLJD3fvTYV%2BLQYupMN0tcQ4Xr9UnidApRCuXYQKpaNrHaAaeWyQKNmC7ghRpMLQVz8f9QT6WASZ%2B2QSPhEXoJCI83%2BRGaPGt%2F8RsBuZFuG9zzf3O1eOMt6ozjbKdYvTpNMNy4FAjxIRVzCHH9Kgni54J86rwuUnoDqVe6PWTde%2BK%2BFXl9xjITJnWUNhtGPkIHhqq6qEyB5SPurQ6BK0qcyj2pOxmYW%2Bk8npSRVLFTPZCSM37h04VO%2FLcLgU9Nk3SpPvocuPUPK%2BcC%2Ba%2BQ1DAX3w9et2l3O6KyHXlff3qn48%2Bh4onnkuf6SJi4lvjIRkL%2FUAw%3D%3D#polycard_client=search-desktop&is_advertising=true&searchVariation=MLB58684606&backend_model=search-backend&search_layout=grid&position=13&type=pad&tracking_id=b8546d9a-c6d9-48c9-92a1-a2c22368eaac&wid=MLB4265763257&sid=search,1,1,1k-2k,28.349999999999998
Smartphone Motorola Moto G05 256gb 4gb Ram Camera 50mp Vermelho,699,1199.0,4.9,Motorola,Chegará grátis amanhã,42,https://click1.mercadolivre.com.br/mclics/clicks/external/MLB/count?a=S4rPQhIotYqsLYF9HFzOJMUTx3eh4XS69x3i5xt6%2BDWckHFd1tE4Giaz7zLmv5SgASdJ2JJ4Ub%2Bw7YF1bbBcRVxMZEm7IZ2mhMnlfYUorHknjvHHccWVlv5fCFYR83tFZtbxCite3fsWShT6BCJaZZ21wc1Nchy2e8WsYzDans9W4vS8Zr6mtSoofZuHM4YLhfnV%2BBq5rYOS2GvEwXDfxPmj%2FzJamJ1JASzkJ5K9%2Fe6pYjzEwFyBIKut6TqimH5Xv676mUsB%2B%2B2zDcyrRNfpArpgxnhyiO0a50%2BpTzoEt4U98URIatUqkitZdUBlX3cy6XYBt20%2BBXVWgK1qiSsYRmXWJYwEIcjcSlXEVTUBzfC9hUnfs12jodqvk3i8MpYIQkuTS5elCDWEeMtkmb7%2BAx0XO9fw%2BJHIQi0AXHlczZ3yC7R8X3tbG6sapOdA5IOx3ZP1cpBGwacMBZQdIRthTmf4ktGtWBIa7%2FQAkZb%2F6JVmhI15thdIQN%2BcBqL6xrXnH7gIa8URCZfCoJbhm3iLb09vJSx3Ex6HveRuxbX0ozVEKf5%2F3nYAZjcDOtv9mXjUGlAKBZFRX3dl2pgAjh8qbR9%2BV67XGFyOvdvdzg%2F9cF22cDga7ctPgPSNhLim5IKFuZJWBIeL6TRQ8kJO2ocM7Tmd5sSbgrANIWHVr8HW%2FIfMzJSCpmIZvxhWzlZFlf%2FB5Fn4z8lFXKBtltIcWVu4Jg5VnGuYc8%2BWSlgacwqdXsPjkjNxk9wK4NHdBWkYsJZdRt8wdMUjQ4udzD%2BlzRuO2uI7s6o5UheoDGLDwptbCVfMJDFRQfBI6Z4DkT6hX%2F%2BEVTkPe5XvuBj%2B0mGAczvNV07xalAfPjN0MAap51CgCrsIXxs%2FQ6QEmC2Pw6taE%2FaUAHIppMiQWv%2FY7pqFtMCgU7agci04d7JXdpTNdAIRBpMWtH%2B%2BVRH4JtYqeXnCBn6NjOgNc2wlBA%3D%3D#polycard_client=search-desktop&is_advertising=true&searchVariation=MLB58493174&backend_model=search-backend&search_layout=grid&position=14&type=pad&tracking_id=b8546d9a-c6d9-48c9-92a1-a2c22368eaac&wid=MLB5774641722&sid=search,1,1,500-1k,25.05
Smartphone Motorola Moto G56 5g - 256gb 16gb (8gb Ram+8gb Ram Boost) Camera 50mp Sony Lytia 600 Ultrarresistencia Militar e Ip68 + Ip69 - Cinza,1598,1999.0,4.9,Motorola,Chegará grátis amanhã,20,https://click1.mercadolivre.com.br/mclics/clicks/external/MLB/count?a=EEkNdoPwsUSIkeLgvW%2Fx9iNMtxWfrKOsMvySlBo3cDyixLk5cg3gPJeSiVY5apuXTQC1uwxfc7LQUSfZi7KEnJ0ZKCXPyEMGzeEb5N3zTg%2Fq3SN%2BvRmpTbLooWomiJF0uK5IMy1UflqKWEdNc2uF6P1qr2cTb6vq4IkH5v8wMrr%2B8hCexx04a0Dgk6elj2SBj%2Fjatrlrdze3xI1BqImKtWxXPwOvjWuCYm6nFF2Eyau7Y9%2FyLR0k0eGD9W0uPWwo5Z0Awz%2Fe2mya%2F9WD6pRbvZrSGC5%2BDpHfL2W19%2BD7rjxYnQNkhpVYqLa%2FcGXwpMNtj8pjAYxHtOY3RJqDl8ctwQKgFozM9Pp39x6CQ2f81eRZQpTxFjmVr7PR3PWI%2FfCl%2FSrPoqjqSd8H4PrEEVY1Wd2tPlV%2F4a5dxZflJ1HUnzPW67gWvx3siKDzJ6IvDJWJfLWsLJrVDfJRa9Mr%2BNkM2tBIi1nI%2BbfHEYfrEsX4JKBPB6MzyKr5khU0%2FFVAm6%2FNmRGN5N0OPltttfu8Qni%2FYF4%2BtdDNNqKZkBWvHMWzURWrUZC2v56x8Fsdib4SLkrfvIRJLaMl59yflV%2Fw6DU3MbhlShPRRDrms1TJEq%2FPliyV6tYaFs8avHE40%2FmAB6no8EViv5VVRcF4aVgC6wp0rSfEwYlcrLeb3BSRcBlbrauI%2FpPI3q4Xx%2FgSdw2tmBI54ahEO7be3NTCzWgtLsBcEUxnnpWN2OBMaimWjd6vEUG671BB2DEnd%2FoZ7AFZrgT%2BlcQqwMEkNXbEQ3MiHsVeJujxAE6wlH%2FeZVBgp4TErafI2l%2B0hSbTsveyQrr%2FL4561YG%2FgTPb4v7iglBXrOklErN4hPI7qfQzb98hEJFnCL31%2F4OJIsu3G9a2WhgoLfp0CGlpmo%2BUFVqsQRSrrq0xK44ze8NFeZBvupKiq6fq3rJy%2BBNHh1Au8WKGNLYrKk4FeaQ0wUzZnyV37eCQs5sPEcWdi6IqpHiQ6zscaZKNpv2lkJiccj19eHDAiXDuUffzj8KosGqqAXS0pxCq%2BfVn7%2BhYmWtnJHSMSXWrG0c%3D#polycard_client=search-desktop&is_advertising=true&searchVariation=MLB50301060&backend_model=search-backend&search_layout=grid&position=15&type=pad&tracking_id=b8546d9a-c6d9-48c9-92a1-a2c22368eaac&wid=MLB5402372302&sid=search,1,1,1k-2k,18.45
"Smartphone Motorola Moto G67 5g - 128gb 12gb (4gb Ram + 8gb Ram Boost) Camera 50mp Sony Lytia 600, Tela 1.5k Extreme Amoled 120hz, Ultrarresistente - Chumbo",1529,1899.0,4.8,Motorola,Chegará grátis amanhã,19,https://click1.mercadolivre.com.br/mclics/clicks/external/MLB/count?a=t%2B8rHAbGkmvJLqYnb7dDoGncCbUgW5Uf%2F9l542fDQHRRU1PqAlj3xzMq6KQL0jwWonRJpGn108zwkawkZse4uOprxRMCCBYFk%2BNvezDVjiKyX3032j2HiQZk9CS2g6XySAGPeyx5N92N4Ls16lzNeps3amF0FrKBAdK8wo3q143FqMAckXj3vvF%2FuCRjRJO54xtoWkFdazNizOsRvJVmTFiLVBmGV%2BqRr%2FiYhkt5pDlCDlzLhD58ZZO1vE%2BQZIiCc8A07M8Di2G%2FOkLkJYNmu2XduChqBEWnJ%2BabXkRQpzxn0g3ZZL%2BtAP6%2BBRwVc%2F%2B3dOp83UNv4Hp0%2FfhB5RfJzF4lIkg7LJOfGjM7yPu5kLDubaZ1xTzfoXVwvJddxbHbtwngTDlwzWsE4MtBQrCSTpELoA3xd9FzRoyXLp69hT5zfzlyyEw9CAjIIt87LgxxHpSdddeWTq8PgJTcjD4Dy4s%2FupWU8P2RBfDr%2BgkTVznIHxadRWZtxWpKaxmgou%2FlZfh6XLMFb0eihUoXr2IhYXAQQn1y8l1AARzVJT%2FTGVtv4cGm5Q6CcqWlY%2F6AkUT9W97slDsnSnzlwvr0sDW5hGb5DLkTF95PMkDSOo27O9eijyn0mbe5Qf3L5NUSyoWcjKdFBSZVVxjv3WPzYhqvAORtXsRQm6WDQ5C6jXD6Gh5dfZP4%2BQGwp7voLMB%2F1cp9cvw6hQiChBzNczC%2BAW%2FoKI8%2FBB6zHL7Af%2Bq6Tb4zw2vCske9xtjuYYTP1w7cG0MmsWnOVEN1yp9h%2F2TFLdUo7xgMS%2FwUMNgbDRz%2FABjiP1lZ706UV8LwrRNq2r%2BhyL8ba%2BiQBE%2FsgrafNn1mmkwrWxFkldOtH35cMktddfR9bX%2FsWYNrGH8bC4uHXk8OMumPBh7RPtYOApbdyKVuNRcvmQuLZXi%2FUJLxY9Fx74ylv4Zk0dYw%2FEwSwv7PlckqASbmBOn2y%2F6QXOF0nMbMFE0%2F63%2Favv2KdJJGDFz22CPKddHTTetwTY2JGzLW%2B0imLiD8LyFbunWW%2Bi0bhPgihyipAmddAkkdzNhkiCo3BYsYNlkGqS89oIqenNg%3D#polycard_client=search-desktop&is_advertising=true&searchVariation=MLB65319818&backend_model=search-backend&search_layout=grid&position=16&type=pad&tracking_id=b8546d9a-c6d9-48c9-92a1-a2c22368eaac&wid=MLB6420538026&sid=search,1,1,1k-2k,18.1
Smartphone Motorola Moto G06 - 256gb 12gb (4gb Ram + 8gb Ram Boost) E Camera 50mp Com Ai Bateria De 5200 Mah Tela 6.9 - Bege,723,1349.0,4.9,Motorola,Chegará grátis amanhã,46,https://www.mercadolivre.com.br/smartphone-motorola-moto-g06-256gb-12gb-4gb-ram-8gb-ram-boost-e-camera-50mp-com-ai-bateria-de-5200-mah-tela-69-bege/p/MLB55762063#polycard_client=search-desktop&search_layout=grid&position=17&type=product&tracking_id=b8546d9a-c6d9-48c9-92a1-a2c22368eaac&wid=MLB5765125576&sid=search,1,1,500-1k,26.25
Smartphone Motorola Edge 60 Pro 5g - 256gb 24gb (12gb Ram+12gb Ram Boost) Tela Quad-curve Moto Ai 50mp Sony Camera Ultrarresistencia Militar Ip68 + Ip69 - Azul,2694,4499.0,4.9,Motorola,Chegará grátis amanhã,40,https://www.mercadolivre.com.br/smartphone-motorola-edge-60-pro-5g-256gb-24gb-12gb-ram12gb-ram-boost-tela-quad-curve-moto-ai-50mp-sony-camera-ultrarresistencia-militar-ip68-ip69-azul/p/MLB49085450#polycard_client=search-desktop&search_layout=grid&position=18&type=product&tracking_id=b8546d9a-c6d9-48c9-92a1-a2c22368eaac&wid=MLB5382324466&sid=search,1,1,2k-5k,24.45
Smartphone Samsung Galaxy A36 5G 256GB 8GB RAM,1521,3299.0,4.9,Samsung,Chegará grátis amanhã,54,https://www.mercadolivre.com.br/smartphone-samsung-galaxy-a36-5g-256gb-8gb-ram/p/MLB47111905#polycard_client=search-desktop&search_layout=grid&position=19&type=product&tracking_id=b8546d9a-c6d9-48c9-92a1-a2c22368eaac&wid=MLB5317478858&sid=search,1,1,1k-2k,28.65
"Celular Samsung Galaxy A17 5g Com Ia, 256gb, 8gb Ram, Câm De 50mp, Tela De 6.7 , Nfc, Ip54 - Preto",1576,1899.0,4.9,Samsung,Chegará grátis amanhã,17,https://www.mercadolivre.com.br/celular-samsung-galaxy-a17-5g-com-ia-256gb-8gb-ram-cm-de-50mp-tela-de-67-nfc-ip54-preto/p/MLB54961455#polycard_client=search-desktop&search_layout=grid&position=20&type=product&tracking_id=b8546d9a-c6d9-48c9-92a1-a2c22368eaac&wid=MLB6574985998&sid=search,1,1,1k-2k,17.55
Celular Smartphone Realme C73 256gb 8gb Ram Dual Sim 120hz 6000mAh Violeta,1149,1999.0,4.8,Webfones,Chegará grátis amanhã,43,https://www.mercadolivre.com.br/celular-smartphone-realme-c73-256gb-8gb-ram-dual-sim-120hz-6000mah-violeta/p/MLB62258511#polycard_client=search-desktop&search_layout=grid&position=21&type=product&tracking_id=b8546d9a-c6d9-48c9-92a1-a2c22368eaac&wid=MLB4334411855&sid=search,1,1,1k-2k,25.3
"Celular Samsung Galaxy A26 5g 256gb, 8gb Ram, Câmera De 50mp, Ip67, Tela Super Amoled 6.7 , Nfc - Preto",1405,2167.0,4.8,123 Comprou,Chegará grátis amanhã,35,https://www.mercadolivre.com.br/celular-samsung-galaxy-a26-5g-256gb-8gb-ram-cmera-de-50mp-ip67-tela-super-amoled-67-nfc-preto/p/MLB47424244#polycard_client=search-desktop&search_layout=grid&position=22&type=product&tracking_id=b8546d9a-c6d9-48c9-92a1-a2c22368eaac&wid=MLB5474927460&sid=search,1,1,1k-2k,22.9
"Celular Samsung Galaxy A17 Com Ia, 128gb, 4gb Ram, Câm De 50mp, Tela De 6.7 , Nfc, Ip54 - Preto",899,1499.0,4.9,Samsung,Chegará grátis amanhã,40,https://www.mercadolivre.com.br/celular-samsung-galaxy-a17-com-ia-128gb-4gb-ram-cm-de-50mp-tela-de-67-nfc-ip54-preto/p/MLB54987753#polycard_client=search-desktop&search_layout=grid&position=23&type=product&tracking_id=b8546d9a-c6d9-48c9-92a1-a2c22368eaac&wid=MLB4217306791&sid=search,1,1,500-1k,24.45
"Celular Samsung Galaxy S25 Fe 5g, 128gb, 8gb Ram, Câmera Tripla De 50+12+8, Tela Grande De 6.7 Jetblack",2868,4499.0,4.9,Samsung,Chegará grátis amanhã,36,https://www.mercadolivre.com.br/celular-samsung-galaxy-s25-fe-5g-128gb-8gb-ram-cmera-tripla-de-50128-tela-grande-de-67-jetblack/p/MLB61692896#polycard_client=search-desktop&search_layout=grid&position=24&type=product&tracking_id=b8546d9a-c6d9-48c9-92a1-a2c22368eaac&wid=MLB6087231690&sid=search,1,1,2k-5k,23.25
"Smartphone Motorola Moto G17 4g - 256gb 12gb (4gb Ram + 8gb Ram Boost) Camera 50mp Sony Lytia 600, Tela Fhd+ 60hz, Bateria 5200 Mah - Rosa",1078,1749.0,4.9,Motorola,Chegará grátis amanhã,38,https://click1.mercadolivre.com.br/mclics/clicks/external/MLB/count?a=DvS1C1M8u1s7hVOA8t9iQ3qtuVx%2F3OHC6Un6liTJeceRV8Ogh0mLwQQzCYMjSCViJpHIp%2F9Xhp4RBxOdCm%2BSaiy%2BC6vfN1%2FCX0GafsY2L129BTlEMVbzTPKyka7zXrRNaSYCpq4YBPkcQzdlMO2Lmj2kNTwFTLYJ0kUkKtqOqRu2vii7OK2PrriH4mEuVlt%2FixwCFLzJS9Jc1tlaBXqZrTtSgSp1dMDbL3EtaxZ3cb5M88MDQ2baHJyyHN0ZP4ycMLa21Ya8zb7V7i8uGIlncgqwinW2%2BSLFdsYfyix0orTeqzfdisiV0ywcEopxzR8flM1A90lUceKNf6JqYTxKjCFU%2BThfCAbZufFaKDd3fXUs6LbEiWELiyAHefTjmVVi43JaaN6ex0w%2BM4pfuWVr48crFg%2FD24oqTlajQAfOMY10jvr4AC8SvEWaYsB15BoDkNAtKFTj%2Fx2X%2FdnfR3SV%2FmFDIixxtG1vJSWNMIxawImW%2Fgz%2BnpMS4IID%2BpJupQPd%2BP7D07%2F4xWygkI7JsjFNhIK1xfT6ZjkP62JsmKVUx9QRQ9QlsQZJ6%2B%2F%2B5u9CC8JGBcTICB3rsHso6BaSI7O%2FotUCkhJMTwDU9y%2F5toeEjilRsKwpJwjgOmjAtsIulG0XcNPc6IRqyu%2FHfciPFAaGa9DcqWXzLpPjE1Zst%2B0XNkEG6%2BuEUQ6pUWbVpCj7uEEm6lZyEjLyJ6GEGqBCJhAE2PSI%2FCuvRD%2F1j04xWKcoBDMHtMXdL%2FjoDJpep8%2F76bDusyJWEZWO0XNQxRjY8za0YpBg2fhGbgasMvMoIKb1SnHlYBFSVkQNyLB9BqkZf7grearAgoKvb7XIT9VOB29s0umINeosJNgKkudo%2Bu1off%2FyEHZ73Q3PExNNV2eHSkhdwdc4v6qQPoNxQlPnFXDoQzv6WX1wQyjViW0H5h7FmjFmWdX%2BCgk4t%2Bx60FgM47ZGR6q6oIjmzKsVdszXb%2FQYezRj6vrwkzOHYy8Xxr0whYHM3NoNdqkYz51bBCcCoD2iLM27Er%2BDd3JrjqIuu1DeSu%2FY6b%2BFsw%3D%3D#polycard_client=search-desktop&is_advertising=true&searchVariation=MLB65041664&backend_model=search-backend&search_layout=grid&position=25&type=pad&tracking_id=b8546d9a-c6d9-48c9-92a1-a2c22368eaac&wid=MLB4510840013&sid=search,1,1,1k-2k,23.85
Moto G15 Dual Sim 4gb Ram 128gb Azul Marino,699,1099.0,4.8,Motorola,Frete grátis,36,https://click1.mercadolivre.com.br/mclics/clicks/external/MLB/count?a=kKQXTZep%2Fg0rrKHyApeCftedA9%2BM%2FKjM9mjEYQxKdIBlRMTCofQfujHMmu80BcqqtZ9W4hd3D1%2FnpfcHf0HF%2FudyPqeuuNoeorwwHf9otzrLeLz2it6JGpPUGHmsVW2jWWdWRi%2Fg5gg3vLHT%2BkicX22QHZ03c9%2B7IdiGw%2B4VpmsIJPrTa5PjlPqcKy9X%2BayH4isq%2BWQqFqc%2Bj%2BDTUtYf6hIFeCKXp1khSklRhfocMngxLHC2Ogsr7OZ7jQyPwaDC%2FyvWd4pN7Ay1cZUxyTF87ikVdC20Lf7u9UCZaUcsSOv0TdJ%2BQ32n3F%2FgdpKzlfaZLrbtH1gw5qBxMuA5YrSb%2FqrGmt%2FXVbY9WHDQVu%2FbMoT5SYmFCqGYgsiUak9P6W52HAC4zEY8Cv3kJ%2B3Q7oHlNPOcn23Q%2F51Cp1Gv4BeGA4a6jAE37mTM8xJWpefq11kzjnEfAlDlLb5s%2FxArTXjy11%2BD99JUWsI2FlP2dZGsi2SvB8JW6W11PrhLSs0p4c901%2FWvIerYPjXHsMy19x002EvjaQlOakbme5v8QKaGELCEh6pKISJmt98ciGUPTGoxJ7bBUQq%2B0oG9H0xmiA9delsIo5YKKN6Fm%2F5vmLG8HdDdWxqRvyMC%2FHzihITgVgVTItwKKnOpwwBhB8%2BZ4XaytL%2FtwKU4F3PGS5tQuCkpq8PUGKlj%2BSktxrTGACjHlgTpDNLpPl%2FpNHkAGz4hT1FKGIRj1MND0aCFeon4Vrqg04%2FEQ%2BgBesk%2FEqFx8dszJ0pqcWX5aC52MiIrt9RZvF%2FLNmBzq%2B2%2BsJ0tpo6vKV7duaEi2VRv8FgM%2FwR9ZoehyNDYwxWvtiZm1gt3cj7rpRXqHrkxv1pM9BGxa0PbXg8n%2FdII7%2BEcO86zRsA%2F8MRupr6uxljb2PmzELOymXlItl%2Bc96EgbolDTo8zKEBe0QhZnQc%3D#polycard_client=search-desktop&is_advertising=true&searchVariation=MLB46056608&backend_model=search-backend&search_layout=grid&position=26&type=pad&tracking_id=b8546d9a-c6d9-48c9-92a1-a2c22368eaac&wid=MLB3975530813&sid=search,1,1,500-1k,23.2
"Smartphone Motorola Signature 5g - 512gb 24gb (12gb Ram + 12gb Ram Boost), 3 Cameras 50mp Sony Lytia E Zoom 100x, Tela 1.5k Extreme Amoled 165hz - Preto",7649,8999.0,4.8,Motorola,Chegará grátis amanhã,15,https://click1.mercadolivre.com.br/mclics/clicks/external/MLB/count?a=NCD3axYUs4KhYHSdwz3CHWYCUwHKYWkvc%2F1kvBvPTMts0OlIDt1TNo7WN5MK9cnGmR9dHBN%2BQbjBT8Aq3j1Tz9BkyI1gpv%2BzAzVbDk9ezkoB2gaxbFnzGTMjeG2QmUBQg7jmU06yeXvRo1G5DdSgSPmNEqeW%2Bf%2BGLys3G5MvhN9p7lY2YP3n8tfSj5LZcaOHa7BNtlTm%2Bwk0GiHEekh%2F%2BQc8ATzW6RsLT4oDUxIfdyaxFklWCmGi64WFafezYBKSLLeFhrJliMOJ%2FNZ67mHZYyueUxuBBtdh0XdA9X8%2FavVvGysHf5WiXrbKl4fZShKEkpGR5NEBX7hsy8gPFeZ1ZVC7Jmq280XOWrnAYo%2BIX8rL8jMhkqxado9q%2FZ566ChbMIjgH%2FyCX7QsmxT%2F2CyUwuY13FDV2YTeC6JeIQSE0PmPfM529m9LHZomDWpgurRwXxuitSTVf7O7sSja6dOXOR9I0t9i%2BqNyzCf5LedCp0fkHZY8ScLALh2f3RDOP1uMGxkw4AB1FCuiibIKNmDRYxx1xudFNYhruxF9Kul7LVfYfHSQPPWfq2ayHPC28lhMKRvU0R7qtYeWHB0kEH8KjGpR6MtWOlcpZQEJWF%2BpBKVumEBiTo%2FtZnF%2BJ5DKVwdACUh7takG1L7gKDkI9BcJ%2B3zwMh7NXJVljakSbl3izYkeuJLzpgbw1InjDaM1YQVna8M1DD2Vnheg2TdC8jhW8dHAfh8Wrig%2Bzsk4eUqInVOqEthLn%2BvczxQfRVAxB8%2BwLoV19tlLIYwEv1jvbfaNdPyW8hdgbwuXUBxUV9ayN%2BNSDX81fzN8Zh5wvRPLOP4yrnem6WHw%2FIf7wDJ8CKwhSLl9EK%2BgSqPOJKvvC1eAJUSpHXp0GMHSJH4PASfxPOr9ToxlTlGBTTrsmIFdoou9bp610lEfOAz2VSjWCOj5BTC6CgU5D4hSOCmn3ScYN1X%2BooBAkHIf3Y6V6511Q8ahW91Gur64BRk8KWwgcPHCCbbV1wMs6gHm7qN12OG%2FEv9LMp2mT%2BYZi%2BiqkHyUtSkCSv9wvYYOXL4EeoiuLSgUGQXctSc%3D#polycard_client=search-desktop&is_advertising=true&searchVariation=MLB65938141&backend_model=search-backend&search_layout=grid&position=27&type=pad&tracking_id=b8546d9a-c6d9-48c9-92a1-a2c22368eaac&wid=MLB6373850588&sid=search,1,1,5k-10k,16.9
Smartphone Motorola Edge 60 Fusion 5g - 256gb 16gb (8gb Ram+8gb Ram Boost) 50mp Sony Ai Camera Ip68 Nfc - Rosa,1939,3299.0,4.9,Motorola,Chegará grátis amanhã,41,https://click1.mercadolivre.com.br/mclics/clicks/external/MLB/count?a=LxF0SThp8i7i1aMY%2FA%2F1sGDW7geHpZ%2F1yoien74ak08t4LMYE4Tw7L%2FnXNxvvNZq4OIFRVs496eGb0y3337ja9a%2FZmuQPSy4RHzTS%2BOTxfABjuVdrJNMt5Jy5SIz07GbmicNBEbesZvzF9UgRelUJjT5eeNLH3T%2BcJ1orzw7hhUKvujfA3QA%2FSESxd6BYzeXd%2BR7NRx1OZLORxbJC2AsQ2eBNeiGj%2BGohaoDqS696mpA6g1ic6qL5mATNrRzkhHj2NEe5trU9jNybeirovbtPHF0CkNwHJPJTosqcOC8pYSkedUaU%2BpFKEdMSUh5TffJ%2BmfZwEEAhNyV5DZmI0L8bhJmCQgPk28wvJPPtzyzjYK2wyxpiPhZcdhe25Hz6rSlzoynvZUkRMPVNjq7FPBnuQiEiHsHowRc3ShR6yeQHQ6Dt0rmZfcAFLedGt390EcC7vTJ1OIiRRk4GaPqJktURwMD37XjSIUBHPKpy9oQ7fC7GFhcZX7PXC7BiommrbFjQ2yAonk6fQP0u%2BL6Qhar3zR%2FBaqyqGeBwhmtxVmqRvKeeHayIZCqWIHQv%2FbDh0WUp7hgd3FNXlqJ0sVcpggYV%2BSXk9VCF6WFV%2F4wRXpJVx%2FpmziO%2BOqgK5mWReDeLZ65t135iX2Lpkmm7HJyog3fB9bZLsBaMzuZFYAEvPnIGN%2B5CizsZpTOvIZG1PB3jgvJbCYwLfPNC4EGwKAjH71U25h3cVWIKFovp3cPGRBoxI%2FKw8RQxmx77N2fH6haxo7kDm4o1CYA9NtrgnG0zrbCYxVmAqUGcl9bIshHze9dND9de%2FSHpgHc7K1lJkb7zCvD6rlIk9Y9ds4nPCtVa1kkQ0cUXzA9URBDiWQ2j5YSXP6gC24%2Bf3UnfpAeHClEdYVG%2FuQNdZeAO4GKmkOZPmVr66e%2Ft%2BxspkL%2BIFY3q67chpSI6VyfEhTtxmbYZgzttuLcN6ZpJAXYaZ8kdLiFo0LLmUjjB0TCGIwj62pINm7Sv%2BaM1yKsaIbxYMtjaqKYiw%3D%3D#polycard_client=search-desktop&is_advertising=true&searchVariation=MLB47251829&backend_model=search-backend&search_layout=grid&position=28&type=pad&tracking_id=b8546d9a-c6d9-48c9-92a1-a2c22368eaac&wid=MLB4027318137&sid=search,1,1,1k-2k,24.75
Smartphone Motorola Moto G05 256gb 4gb Ram Camera 50mp Vermelho,699,1199.0,4.9,Motorola,Chegará grátis amanhã,42,https://www.mercadolivre.com.br/smartphone-motorola-moto-g05-256gb-4gb-ram-camera-50mp-vermelho/p/MLB58493174#polycard_client=search-desktop&search_layout=grid&position=29&type=product&tracking_id=b8546d9a-c6d9-48c9-92a1-a2c22368eaac&wid=MLB5774641722&sid=search,1,1,500-1k,25.05
iPhone 16e (128 GB) - Preto - Distribuidor Autorizado,3699,5799.0,4.9,Apple,Chegará grátis amanhã,36,https://www.mercadolivre.com.br/iphone-16e-128-gb-preto-distribuidor-autorizado/p/MLB1046215784#polycard_client=search-desktop&search_layout=grid&position=30&type=product&tracking_id=b8546d9a-c6d9-48c9-92a1-a2c22368eaac&wid=MLB3986439067&sid=search,1,1,2k-5k,23.25
Smartphone Motorola Edge 60 Neo 5G - 256GB 24GB (12GB RAM + 12GB Ram Boost) 50MP Sony Camera Moto AI e tela 1.5K Super HD - Latte,1799,3799.0,4.9,Motorola,Chegará grátis amanhã,53,https://www.mercadolivre.com.br/smartphone-motorola-edge-60-neo-5g-256gb-24gb-12gb-ram-12gb-ram-boost-50mp-sony-camera-moto-ai-e-tela-15k-super-hd-latte/p/MLB58684606#polycard_client=search-desktop&search_layout=grid&position=31&type=product&tracking_id=b8546d9a-c6d9-48c9-92a1-a2c22368eaac&wid=MLB4265763257&sid=search,1,1,1k-2k,28.349999999999998
"Samsung Galaxy S25 5G, 256GB, 12GB, Câmera Tripla - Azul claro",3898,5999.0,4.9,Samsung,Chegará grátis amanhã,35,https://www.mercadolivre.com.br/samsung-galaxy-s25-5g-256gb-12gb-cmera-tripla-azul-claro/p/MLB45513356#polycard_client=search-desktop&search_layout=grid&position=32&type=product&tracking_id=b8546d9a-c6d9-48c9-92a1-a2c22368eaac&wid=MLB5264376996&sid=search,1,1,2k-5k,22.95
"Smartphone Motorola Moto G86 5g - 256gb 24gb (8gb Ram+16gb Ram Boost) Tela 1.5k Poled, 50mp Sony Camera Ois Moto Ai, Videos Em 4k, Ip68 + Ip69 - Vermelho",1792,2399.0,4.9,Motorola,Chegará grátis amanhã,25,https://www.mercadolivre.com.br/smartphone-motorola-moto-g86-5g-256gb-24gb-8gb-ram16gb-ram-boost-tela-15k-poled-50mp-sony-camera-ois-moto-ai-videos-em-4k-ip68-ip69-vermelho/p/MLB51340616#polycard_client=search-desktop&search_layout=grid&position=33&type=product&tracking_id=b8546d9a-c6d9-48c9-92a1-a2c22368eaac&wid=MLB5462013472&sid=search,1,1,1k-2k,19.95
"Smartphone Infinix Note 50X 5G 8GB RAM 256GB De Armazenamento Tela 6,78"" Polegadas HD+ 120HZ Câmera 50MP + Selfie 8MP Bateria 5200mah NFC, DTS Áudio - Cor Cinza",1349,2267.0,4.8,123 Comprou,Chegará grátis amanhã,40,https://www.mercadolivre.com.br/smartphone-infinix-note-50x-5g-8gb-ram-256gb-de-armazenamento-tela-678-polegadas-hd-120hz-cmera-50mp-selfie-8mp-bateria-5200mah-nfc-dts-audio-cor-cinza/p/MLB61656785#polycard_client=search-desktop&search_layout=grid&position=34&type=product&tracking_id=b8546d9a-c6d9-48c9-92a1-a2c22368eaac&wid=MLB5957442486&sid=search,1,1,1k-2k,24.4
Smartphone Motorola Edge 60 5g - 512gb 24gb (12gb Ram+12gb Ram Boost) Tela Quad-curve Moto Ai 50mp Sony Camera Ultrarresistencia Militar Ip68 + Ip69 - Azul Marinho,2099,2799.0,4.9,Motorola,Não informado,25,https://www.mercadolivre.com.br/smartphone-motorola-edge-60-5g-512gb-24gb-12gb-ram12gb-ram-boost-tela-quad-curve-moto-ai-50mp-sony-camera-ultrarresistencia-militar-ip68-ip69-azul-marinho/p/MLB48930800#polycard_client=search-desktop&search_layout=grid&position=35&type=product&tracking_id=b8546d9a-c6d9-48c9-92a1-a2c22368eaac&wid=MLB5363845340&sid=search,1,0,2k-5k,9.95
Smartphone Motorola Moto G35 5g 256gb 12gb Ram Boost Coral,945,2000.0,4.8,Desconhecida,Não informado,53,https://www.mercadolivre.com.br/smartphone-motorola-moto-g35-5g-256gb-12gb-ram-boost-coral/p/MLB63092926#polycard_client=search-desktop&search_layout=grid&position=36&type=product&tracking_id=b8546d9a-c6d9-48c9-92a1-a2c22368eaac&wid=MLB6228408744&sid=search,1,0,500-1k,18.299999999999997
Smartphone Motorola Moto G56 5g - 256gb 16gb (8gb Ram+8gb Ram Boost) Camera 50mp Sony Lytia 600 Ultrarresistencia Militar e Ip68 + Ip69 - Cinza,1598,1999.0,4.9,Motorola,Chegará grátis amanhã,20,https://www.mercadolivre.com.br/smartphone-motorola-moto-g56-5g-256gb-16gb-8gb-ram8gb-ram-boost-camera-50mp-sony-lytia-600-ultrarresistencia-militar-e-ip68-ip69-cinza/p/MLB50301060#polycard_client=search-desktop&search_layout=grid&position=37&type=product&tracking_id=b8546d9a-c6d9-48c9-92a1-a2c22368eaac&wid=MLB5402372302&sid=search,1,1,1k-2k,18.45
Apple iPhone 16 (256 GB) - Preto - Distribuidor Autorizado,5205,9538.0,4.9,Apple,Chegará grátis amanhã,45,https://www.mercadolivre.com.br/apple-iphone-16-256-gb-preto-distribuidor-autorizado/p/MLB1040287796#polycard_client=search-desktop&search_layout=grid&position=38&type=product&tracking_id=b8546d9a-c6d9-48c9-92a1-a2c22368eaac&wid=MLB3931272075&sid=search,1,1,5k-10k,25.95
"Smartphone OPPO A6t 128gb, 12gb Ram (4gb + 8gb Virtual Ram), Bateria Gigante de 6500mAh, Processador Snapdragon, Tela 120Hz, AI Câmera, IP64 - Violeta",899,1299.0,4.9,Oppo,Chegará grátis amanhã,31,https://www.mercadolivre.com.br/smartphone-oppo-a6t-128gb-12gb-ram-4gb-8gb-virtual-ram-bateria-gigante-de-6500mah-processador-snapdragon-tela-120hz-ai-cmera-ip64-violeta/p/MLB66130734#polycard_client=search-desktop&search_layout=grid&position=39&type=product&tracking_id=b8546d9a-c6d9-48c9-92a1-a2c22368eaac&wid=MLB4573343865&sid=search,1,1,500-1k,21.75
"Smartphone Xiaomi Redmi 15 8gb 256gb Tela 6,9 144hz, Bateria 7.000 Mah, 50 Mp Preto",1390,1390.0,4.8,Desconhecida,Chegará grátis amanhã,0,https://www.mercadolivre.com.br/smartphone-xiaomi-redmi-15-8gb-256gb-tela-69-144hz-bateria-7000-mah-50-mp-preto/p/MLB61511995#polycard_client=search-desktop&search_layout=grid&position=40&type=product&tracking_id=b8546d9a-c6d9-48c9-92a1-a2c22368eaac&wid=MLB4390450235&sid=search,0,1,1k-2k,12.4
Celular Samsung Galaxy A56 5g 128gb 8gb Ram Rosa,1998,3299.0,4.9,Samsung,Chegará grátis amanhã,39,https://www.mercadolivre.com.br/celular-samsung-galaxy-a56-5g-128gb-8gb-ram-rosa/p/MLB47106876#polycard_client=search-desktop&search_layout=grid&position=41&type=product&tracking_id=b8546d9a-c6d9-48c9-92a1-a2c22368eaac&wid=MLB4561879339&sid=search,1,1,1k-2k,24.15
Apple iPhone 15 (128 GB) - Azul - Distribuidor Autorizado,4499,7209.0,4.9,Apple,Chegará grátis amanhã,38,https://www.mercadolivre.com.br/apple-iphone-15-128-gb-azul-distribuidor-autorizado/p/MLB1027172667#polycard_client=search-desktop&search_layout=grid&position=42&type=product&tracking_id=b8546d9a-c6d9-48c9-92a1-a2c22368eaac&wid=MLB4408547152&sid=search,1,1,2k-5k,23.85
iPhone 17 Pro 256GB - Azul-profundo - Distribuidor Autorizado,9899,11499.0,4.9,Apple,Chegará grátis amanhã,14,https://www.mercadolivre.com.br/iphone-17-pro-256gb-azul-profundo-distribuidor-autorizado/p/MLB1055308781#polycard_client=search-desktop&search_layout=grid&position=43&type=product&tracking_id=b8546d9a-c6d9-48c9-92a1-a2c22368eaac&wid=MLB5687335472&sid=search,1,1,5k-10k,16.65
iPhone 17 256 GB - Sálvia - Distribuidor Autorizado,6297,7999.0,4.9,Apple,Chegará grátis amanhã,21,https://www.mercadolivre.com.br/iphone-17-256gb-salvia-distribuidor-autorizado/p/MLB1055308843#polycard_client=search-desktop&search_layout=grid&position=44&type=product&tracking_id=b8546d9a-c6d9-48c9-92a1-a2c22368eaac&wid=MLB6545162768&sid=search,1,1,5k-10k,18.75
Apple iPhone 16 (128 GB) - Preto - Distribuidor Autorizado,4986,7799.0,4.9,Apple,Chegará grátis amanhã,36,https://www.mercadolivre.com.br/apple-iphone-16-128-gb-preto-distribuidor-autorizado/p/MLB1040287808#polycard_client=search-desktop&search_layout=grid&position=45&type=product&tracking_id=b8546d9a-c6d9-48c9-92a1-a2c22368eaac&wid=MLB5120546360&sid=search,1,1,2k-5k,23.25
Smartphone Motorola Edge 60 Pro 5g - 512gb 24gb (12gb Ram+12gb Ram Boost) Tela Quad-curve Moto Ai 50mp Sony Camera Ultrarresistencia Militar Ip68 + Ip69 - Cinza,3059,5499.0,4.9,Motorola,Chegará grátis amanhã,44,https://www.mercadolivre.com.br/smartphone-motorola-edge-60-pro-5g-512gb-24gb-12gb-ram12gb-ram-boost-tela-quad-curve-moto-ai-50mp-sony-camera-ultrarresistencia-militar-ip68-ip69-cinza/p/MLB48998798#polycard_client=search-desktop&search_layout=grid&position=46&type=product&tracking_id=b8546d9a-c6d9-48c9-92a1-a2c22368eaac&wid=MLB5389690592&sid=search,1,1,2k-5k,25.65
"Tcl Smartphone 605 4g, Octa Core, 128gb 12gb Ram (4+8), 6.7 Hd+ 90hz, Nfc, Dual Sim, 50mp",649,799.0,4.7,Mercado Livre,Chegará grátis amanhã,19,https://www.mercadolivre.com.br/tcl-smartphone-605-4g-octa-core-128gb-12gb-ram-48-67-hd-90hz-nfc-dual-sim-50mp/p/MLB53155051#polycard_client=search-desktop&search_layout=grid&position=47&type=product&tracking_id=b8546d9a-c6d9-48c9-92a1-a2c22368eaac&wid=MLB6161225994&sid=search,1,1,500-1k,18.05
Apple iPhone 15 (256 GB) - Preto - Distribuidor Autorizado,4751,8095.0,4.9,Apple,Chegará grátis amanhã,41,https://www.mercadolivre.com.br/apple-iphone-15-256-gb-preto-distribuidor-autorizado/p/MLB1027172669#polycard_client=search-desktop&search_layout=grid&position=48&type=product&tracking_id=b8546d9a-c6d9-48c9-92a1-a2c22368eaac&wid=MLB3621184765&sid=search,1,1,2k-5k,24.75
Smartphone Motorola Edge 60 Fusion 5g - 256gb 16gb (8gb Ram+8gb Ram Boost) 50mp Sony Ai Camera Ip68 Nfc - Rosa,1939,3299.0,4.9,Motorola,Chegará grátis amanhã,41,https://www.mercadolivre.com.br/smartphone-motorola-edge-60-fusion-5g-256gb-16gb-8gb-ram8gb-ram-boost-50mp-sony-ai-camera-ip68-nfc-rosa/p/MLB47251829#polycard_client=search-desktop&search_layout=grid&position=49&type=product&tracking_id=b8546d9a-c6d9-48c9-92a1-a2c22368eaac&wid=MLB4027318137&sid=search,1,1,1k-2k,24.75
Smartphone Motorola Moto G15 256gb 12gb 4GB RAM 8GB RAM Boost Camera 50mp Verde,899,1499.0,4.8,Motorola,Chegará grátis amanhã,40,https://www.mercadolivre.com.br/smartphone-motorola-moto-g15-256gb-12gb-4gb-ram-8gb-ram-boost-camera-50mp-verde/p/MLB44665542#polycard_client=search-desktop&search_layout=grid&position=50&type=product&tracking_id=b8546d9a-c6d9-48c9-92a1-a2c22368eaac&wid=MLB5237351728&sid=search,1,1,500-1k,24.4
iPhone 17 Pro 512GB - Azul-profundo - Distribuidor Autorizado,11699,12999.0,4.9,Apple,Chegará grátis amanhã,10,https://www.mercadolivre.com.br/iphone-17-pro-512gb-azul-profundo-distribuidor-autorizado/p/MLB1055308802#polycard_client=search-desktop&search_layout=grid&position=51&type=product&tracking_id=b8546d9a-c6d9-48c9-92a1-a2c22368eaac&wid=MLB4200188179&sid=search,1,1,10k+,15.45
"Smartphone Motorola Signature 5g - 512gb 24gb (12gb Ram + 12gb Ram Boost), 3 Cameras 50mp Sony Lytia E Zoom 100x, Tela 1.5k Extreme Amoled 165hz - Preto",7649,8999.0,4.8,Motorola,Chegará grátis amanhã,15,https://www.mercadolivre.com.br/smartphone-motorola-signature-5g-512gb-24gb-12gb-ram-12gb-ram-boost-3-cameras-50mp-sony-lytia-e-zoom-100x-tela-15k-extreme-amoled-165hz-preto/p/MLB65938141#polycard_client=search-desktop&search_layout=grid&position=52&type=product&tracking_id=b8546d9a-c6d9-48c9-92a1-a2c22368eaac&wid=MLB6373850588&sid=search,1,1,5k-10k,16.9
"Smartphone Motorola Moto G17 4g - 256gb 12gb (4gb Ram + 8gb Ram Boost) Camera 50mp Sony Lytia 600, Tela Fhd+ 60hz, Bateria 5200 Mah - Rosa",1078,1749.0,4.9,Motorola,Chegará grátis amanhã,38,https://www.mercadolivre.com.br/smartphone-motorola-moto-g17-4g-256gb-12gb-4gb-ram-8gb-ram-boost-camera-50mp-sony-lytia-600-tela-fhd-60hz-bateria-5200-mah-rosa/p/MLB65041664#polycard_client=search-desktop&search_layout=grid&position=53&type=product&tracking_id=b8546d9a-c6d9-48c9-92a1-a2c22368eaac&wid=MLB4510840013&sid=search,1,1,1k-2k,23.85
Smartphone Oppo A6 Pro 256gb 8gb Ram 5g Ip69 Azul Espacial,2999,3199.0,4.9,Oppo,Chegará grátis amanhã,6,https://www.mercadolivre.com.br/smartphone-oppo-a6-pro-256gb-8gb-ram-5g-ip69-azul-espacial/p/MLB66177449#polycard_client=search-desktop&search_layout=grid&position=54&type=product&tracking_id=b8546d9a-c6d9-48c9-92a1-a2c22368eaac&wid=MLB4536941689&sid=search,1,1,2k-5k,14.25
iPhone 17e 256GB Preto - Distribuidor Autorizado,5219,5799.0,4.9,Apple,Chegará grátis amanhã,10,https://www.mercadolivre.com.br/iphone-17e-256gb-preto-distribuidor-autorizado/p/MLB1066130044#polycard_client=search-desktop&search_layout=grid&position=55&type=product&tracking_id=b8546d9a-c6d9-48c9-92a1-a2c22368eaac&wid=MLB6402322328&sid=search,1,1,5k-10k,15.45
Smartphone Samsung Galaxy A56 5g 6.7 Pol Octa-core 256gb 8gb,1998,3699.0,4.9,Samsung,Chegará grátis amanhã,46,https://www.mercadolivre.com.br/smartphone-samsung-galaxy-a56-5g-67-pol-octa-core-256gb-8gb/p/MLB65302568#polycard_client=search-desktop&search_layout=grid&position=56&type=product&tracking_id=b8546d9a-c6d9-48c9-92a1-a2c22368eaac&wid=MLB4609819131&sid=search,1,1,1k-2k,26.25
"Smartphone Motorola Moto G17 4g - 128gb 12gb (4gb Ram + 8gb Ram Boost) Camera 50mp Sony Lytia 600, Tela Fhd+ 60hz, Bateria 5200 Mah - Azul",899,1299.0,4.9,Motorola,Chegará grátis amanhã,31,https://www.mercadolivre.com.br/smartphone-motorola-moto-g17-4g-128gb-12gb-4gb-ram-8gb-ram-boost-camera-50mp-sony-lytia-600-tela-fhd-60hz-bateria-5200-mah-azul/p/MLB65041642#polycard_client=search-desktop&search_layout=grid&position=57&type=product&tracking_id=b8546d9a-c6d9-48c9-92a1-a2c22368eaac&wid=MLB6420215012&sid=search,1,1,500-1k,21.75
"Smartphone Infinix Smart 10 4GB RAM 256GB SSD Câmera 8MP + IA, Tela 6.67 HD+ 120Hz, Bateria 5000mAh, Processador T7250, Android 15 Go, Dual Chip - Preto",670,1458.0,4.8,123 Comprou,Chegará grátis amanhã,54,https://www.mercadolivre.com.br/smartphone-infinix-smart-10-4gb-ram-256gb-ssd-cmera-8mp-ia-tela-667-hd-120hz-bateria-5000mah-processador-t7250-android-15-go-dual-chip-preto/p/MLB56327005#polycard_client=search-desktop&search_layout=grid&position=58&type=product&tracking_id=b8546d9a-c6d9-48c9-92a1-a2c22368eaac&wid=MLB5751262142&sid=search,1,1,500-1k,28.599999999999998
Kit Samsung: Celular Galaxy A17 256gb 8gb Ram 50mp 6.7 Nfc Ip54 Preto + Galaxy Buds Core Branco,1431,1698.0,4.9,Samsung,Frete grátis,16,https://www.mercadolivre.com.br/kit-samsung-celular-galaxy-a17-256gb-8gb-ram-50mp-67-nfc-ip54-preto--galaxy-buds-core-branco/up/MLBU3605578150#polycard_client=search-desktop&search_layout=grid&position=59&type=product&tracking_id=b8546d9a-c6d9-48c9-92a1-a2c22368eaac&wid=MLB5957929002&sid=search,1,1,1k-2k,17.25
Smartphone OPPO A5 256GB 6GB RAM Branco,1169,1499.0,4.8,Oppo,Chegará grátis amanhã,22,https://www.mercadolivre.com.br/smartphone-oppo-a5-256gb-6gb-ram-branco/p/MLB51680761#polycard_client=search-desktop&search_layout=grid&position=60&type=product&tracking_id=b8546d9a-c6d9-48c9-92a1-a2c22368eaac&wid=MLB5745515116&sid=search,1,1,1k-2k,19.0
Smartphone Motorola Moto G15 256gb 12gb 4GB RAM 8GB RAM Boost Camera 50mp Verde,899,1499.0,4.8,Motorola,Chegará grátis amanhã,40,https://click1.mercadolivre.com.br/mclics/clicks/external/MLB/count?a=E8zsaATj%2BKbcCNrCQsqU8EajghPYFNSweMTHK%2F35xvUvE5%2Bvd4RXxLK7W1RZsPbXpZXhzwXYxswgmg2SBPNI4YuJQ7%2B%2FMe9oXPvxyksz2mVHlreVvXTcDlBQYjtca0L3xnZtthgrih3rdsVuMvQetTmyRx53ugWvVRablthWglcGSJdXGPp5%2FO%2FudM%2BUapgNwdiZqsi5cy17NqScANlf8FBGSz04GbZ2hW45c26pBKQPCzMql5lWJuLy0B%2BRE7ZpOAgu0mU6suBT7y3ytZx2happZz5bIY6wIr5T6KdzNK3fOcC4Mu9EFzLiDmExKJIy2zkovaOqCbqVRAllrc0sCXQSV8OQj4CaH0gzLeO71P8ZTQcqN1ehPGkZL3HcVkZjjjnTDt0zqWwnIJdRO9sDVd93g3F3k3%2B%2B3RDEYC1w0uID7hIlUoWXTRKTNMldXJNoBcaE55XwGwnm8ggDcSY9QnCOuhCusFCxkzBwMroMYO4wnJWbjpfysptuccwtOKIIjecWCn1FHOSXbOH6SW2CHzRIF49Iv6wsPBzY1AMsoEQmOwKL%2FFqlVayhXLAgaznLiIwGx%2FxYfS0X7QY9OEFCTHqq3xYMs16KYhrJrbwuncYcQo9UlQ3imH59M7qOk3MW4rg4BAU2dLXgRWtBMRZmRagEqT7Wggv%2B2v0xH6BcMrr3sX9Md2QE%2FPvDes8IfetytjMO1UvWx%2BVxsUoS5tfrnKynYaghDh3n%2B4QfKwsKFdVu2K1%2FI9vQvM2Fe61uWGe0JzC3%2B7%2B6RpDutLHL3dwf9maxnIigf3WH%2FVTT%2F2Fe1Us3UuElLFijPSwgHDbbsyEDyD8UC%2B0tQV2xyDPQ00yFBSwviGb8Y4WEEIdCNdnic3Y3GjQnpugF4urgxiTQHr4oekpuFN8BgZb%2FTfXTYsR3hBfDfWIcJ26z8gfAtXiu1MYeoyp8mT4k3AAXeGtz3oNqJELKnAxPupBwvCUwZranvX7Q0m4%3D#polycard_client=search-desktop&is_advertising=true&searchVariation=MLB44665542&backend_model=search-backend&search_layout=grid&position=1&type=pad&tracking_id=22548c94-20ea-4155-83aa-2a29dc678d8c&wid=MLB5237351728&sid=search,1,1,500-1k,24.4
"Smartphone Motorola Moto G17 4g - 128gb 12gb (4gb Ram + 8gb Ram Boost) Camera 50mp Sony Lytia 600, Tela Fhd+ 60hz, Bateria 5200 Mah - Azul",899,1299.0,4.9,Motorola,Chegará grátis amanhã,31,https://click1.mercadolivre.com.br/mclics/clicks/external/MLB/count?a=sA3XPT6E3d9%2F8JNA5V%2FnhSYewW%2BgIHKUts85bqYANL0NrsT5PMBxQNgl2rKtey5SV1xYYzw6jaPpYw2YzV2P53ShZCTpBTe1FTyz2v19PkK8mRhvH70eghmLozjz6Bkltqdvuo911dFD1hEjdv1vN3J5KY5fF0n44IbgiwhnR36j7BlFqvRoVzrSuEeKEHmRy7%2BenaZQPPIvsomHNjqqjPeecX6jnj2sPwYSU8zARtjHLQ84BemB5HmlUN4CJ1fdGSXv%2FsLJh1oHJkdjfiJMqkSRsLvaQJR0iyZ68Z2%2Fhg7NjeCLP18QaKfC0q1KGTzJoHdC7xBvKp9LKr3yu95Ld0qNVX6sa0ZpUKrdA3dS%2FKoD0RKXZzr%2FnnacDgfyqKcrquftYkkC8o4o7%2FUQuYLNBWYYAD3vbQgIrgKg1Q08CfaqARAdjaHDUNGzC8q9WH6KOxks7v8IXzzNpsQgRFGdU5O61leCezv5GlTYyLhQgiNyGAuQhXh%2BR9hsj%2F%2B2nwjcjYipWrWCKNH3Hp4VAf7eSOE4OeHiameV6QY956dYRN4Y3Hjb%2Be0qCQSFN4IZHFksV%2Bm5ponBAhC8Zmxgnz4p8BWT%2BpiJV9Cx3TU4haPWWSJ4K6AM3Tj%2Bh1nniNSp1yPxjFviLltW2Wx6rcz1D3I6PsSHH6pimKiTfeaQtOlBs3pMr5qGOh%2B3Hwb2DGBDqjGxRWMUXPNt0j%2B2eNpKby2kMiVQg62u3QUFg4u%2BlQdUcqzTXP7uma8mp2MHZ62yT5blbs2kllnMhsOBCaZbFifMX%2BZETlNLSO8fsLSy0byIgs8Bpr8keBWGPODTzcdcwIZpLqBiGJWLaHYieBzEu8ZFnL5avRjFvV3z679Ks0ueQ2tBp4Ilde1b7BWvPrUgA2wJtPVX9o3kliqzvRzQbAP2jQf%2B614bUIpMjcs597R9m9P0Iz55eKhzOIeHQMl05WvoGECdmQQWGsZp1KKTmEhyleZEeFX5F8Q%2B00OoZzDT3sExFh7Sua22pugFZF7g4xxLK8LdbiSzTVb063wG8dgqsGV7PXbL#polycard_client=search-desktop&is_advertising=true&searchVariation=MLB65041642&backend_model=search-backend&search_layout=grid&position=2&type=pad&tracking_id=22548c94-20ea-4155-83aa-2a29dc678d8c&wid=MLB6420215012&sid=search,1,1,500-1k,21.75
Smartphone Motorola Moto G06 - 256gb 12gb (4gb Ram + 8gb Ram Boost) E Camera 50mp Com Ai Bateria De 5200 Mah Tela 6.9 - Bege,723,1349.0,4.9,Motorola,Chegará grátis amanhã,46,https://click1.mercadolivre.com.br/mclics/clicks/external/MLB/count?a=MQdh76Yn8BLIOFi0fZJiEH%2BSaNLC42gxLyZc43oxgOB3P5QBjNyyt%2FFI5HkYzA1z%2BEAySZyHojgXvhRv54izP7aEW3tIFrMrtgwTlW21s4T6jlj6n9e27BTVWKfMeR9zcNgwf3wmTQ8iw7lhJte2n47GmI3DUcsZKOqoYj38UsG8mLLgAk5Pa7fCfoFSYpPn4TrrpxBMmt%2FZnLJz6CpIZLPAAz9Qh41OmFRHzsw%2Btl03sq4z5y8cFClJElnvt5gVHGmJ3hNkJFerL0Zq3lMNVZmGJY32cwZbOIIEd6odCQtyQk58HEPpr11IbsX2jQHCHCeH0ViNFsAEQrdZqTIzMjr3ymCiM88LYcwCJvbjWmAfa4N%2Bu6rkYyQHE%2BvKbwd1VNXxSRnqE6%2B%2BW3AJheC6ZygiWUrhPq%2FFcs90hQWBhO3c8Z6CZTR%2FHRjVqYzwMaq8X%2B37FEBnT%2F0xBGAQoI8Z4Ey0BITXkAFzshKdta4535JkQU9byfow%2BlkAkWSyjMumi6rESTw9Gi3f5UYWs51aPDnSINsECAeZdKm88OjDcnZLiwFgJSgkOED4MyudKb%2FcKaQwcOf3FXR%2FtE9X5vBWXj%2BwbVDE2i3QSvuriUR9%2Fawu4XIfJxF7zlL9dx2zdZRb5GOJvUJcubKk5R1rLATlObue%2B9hlAVBL8gcQt3kSyBvXbm5H37A05HpN8IMEfWTpQF9QNvvkc%2BLitd1xEAAbKg%2BO1k7gBi0FmdYCSi525cEE0MKOEKyu6WHwqHY2mY38EWQPLeBiXWlT8Qv7gEFidAQFv4nLpluyozVUsNFX%2FZT%2F9xqdYT3uU4lnTPW5ahKqyD6QvsCuJ4i%2FQsDRqbCrIu%2BPCGlEYTvH9w%2FlCZr6wAq1qnJ8cr%2Bs31m39g9GYeoR94eyNUNrX130jTDIOWzK4lboF%2FyIdhqIjVk84QGy811S7CNxFKRcigwMdGACWlD4ALZoG03KtCUOViykxVdPyNBaiLASYNNtC4hfUT9uyfWzbkrged7yDbMLu7DSF8hUBwzz%2FWWqC%2FD7#polycard_client=search-desktop&is_advertising=true&searchVariation=MLB55762063&backend_model=search-backend&search_layout=grid&position=3&type=pad&tracking_id=22548c94-20ea-4155-83aa-2a29dc678d8c&wid=MLB5765125576&sid=search,1,1,500-1k,26.25
"Smartphone Motorola Moto G86 5g - 256gb 24gb (8gb Ram+16gb Ram Boost) Tela 1.5k Poled, 50mp Sony Camera Ois Moto Ai, Videos Em 4k, Ip68 + Ip69 - Vermelho",1792,2399.0,4.9,Motorola,Chegará grátis amanhã,25,https://click1.mercadolivre.com.br/mclics/clicks/external/MLB/count?a=1pY86bYCs%2FJg0LPvpefmd5if90eUXhOFr3HbYlWZRj0%2FPq0d2vdOaPQ%2F%2FUJAdsSg5%2BILExjTPtOAtDB785TDiNuSSDH4RxQXQvTFLPcCRqWuinXV6qN0CgUqCKvf%2FQAaQ2kjR4KEYr0ATAvknaHLL35zTTaWaE0%2Fji4oC5g4U%2FaKnMrwH6nLXgQYaG9AnEDZ4spN9XT11LFl%2FcsNyTqQaGysHs7N5dP45UtLqNImE0Ud8RrYpeBgSQ9uyXXT05HNYnWfp2DOsd%2BMvPSd%2Fh2iXeqAb%2FGyN09QnHz98Z7VklmJp3315BYt6S2nCNF4nJ6o%2BrHjJMrRB%2BaM9pSSkgo09WfmwkdW%2BNDjyT2kMRJXA3lqVWFzypTznUlZFFcmlpv5FyMK%2FCUAN9x7CnPCRMp0oblLmTI1Og59Dx2gbkCGlXOZqZpTDUsBiNMfYAckOH3wgwRBNlN0qNOT8pJId1SWbkuPuAM%2Bgd4c990hkDrT%2Bfike%2BgfHs23Clym9AVanR3l8x7GipnJM206zX1KlT3nWdhWmWjs352oldh%2FrDEFDudf%2FFHjvJ89wme70XuqJvldKuu8rE5VwRcAUxfR6fsYwLRVIMt6AkJPy0uYG6BdPJFkgsdU2PKazsj8QunVvayUINFqdMEl9L0BisaBg%2B3F1iTfcXDlXpUZb0Qdha7ei8WkhEaXFoNZvCFZtVSKvWimftEanJn0I9h5zf87D0NYZf2%2FN4ETpoQ0lBDh7IyO5j%2FS6AkU8Cb7UYbGM9ki%2FFqPt9zFx2sS1kkU9RtsH%2B9OnGtXYbm6JqCpdgvMyBx32Bn3q28FtilgSRatC6SXzbCkQkJvIOUQB%2F5i3EanKxC8pFq5lZUEiXiPBKTGGlZNO8BM8WidU%2Bz4rq2kdwFwhqiFubqV17%2BD%2BaE15I251r6q6TqRDFiO8H4VxhWUqEBkwsRl%2B9Dj1mYGVl6rcXLd%2BZ8GFc4F1GSqQ%2BfcZBek2TzF5Gi2%2BGw2%2B9OLdW8X7azXeB3ZohUfCVIQU8v3zBNiY156DFKNq%2BruWL2QnJi0ZhaML1mz2dwjEHmMM1vkdaPQoJPpXA%3D%3D#polycard_client=search-desktop&is_advertising=true&searchVariation=MLB51340616&backend_model=search-backend&search_layout=grid&position=4&type=pad&tracking_id=22548c94-20ea-4155-83aa-2a29dc678d8c&wid=MLB5462013472&sid=search,1,1,1k-2k,19.95
Celular Samsung Galaxy A56 5g 256gb 8gb Ram Cinza,1998,3699.0,4.9,Samsung,Chegará grátis amanhã,46,https://www.mercadolivre.com.br/celular-samsung-galaxy-a56-5g-256gb-8gb-ram-cinza/p/MLB47114363#polycard_client=search-desktop&search_layout=grid&position=5&type=product&tracking_id=22548c94-20ea-4155-83aa-2a29dc678d8c&wid=MLB5317821714&sid=search,1,1,1k-2k,26.25
Smartphone Samsung Galaxy A36 5g 128gb 6gb Ram Câmera Tripla De Até 50mp Selfie De 12mp Ip67 Super Amoled 6.7'' Nfc Recursos Ai Android E Segurança Snapdragon - Preto,1430,2815.0,4.9,Webfones,Chegará grátis amanhã,49,https://www.mercadolivre.com.br/smartphone-samsung-galaxy-a36-5g-128gb-6gb-ram-cmera-tripla-de-ate-50mp-selfie-de-12mp-ip67-super-amoled-67-nfc-recursos-ai-android-e-seguranca-snapdragon-preto/p/MLB47115842#polycard_client=search-desktop&search_layout=grid&position=6&type=product&tracking_id=22548c94-20ea-4155-83aa-2a29dc678d8c&wid=MLB6410679768&sid=search,1,1,1k-2k,27.15
Xiaomi Redmi 14c 4G 256 GB 8 GB RAM dual sim cor preto,830,830.0,4.6,Desconhecida,Não informado,0,https://www.mercadolivre.com.br/xiaomi-redmi-14c-4g-256-gb-8-gb-ram-dual-sim-cor-preto/p/MLB41287578#polycard_client=search-desktop&search_layout=grid&position=7&type=product&tracking_id=22548c94-20ea-4155-83aa-2a29dc678d8c&wid=MLB6628300600&sid=search,0,0,500-1k,2.3
Smartphone Motorola Moto G06 - 128gb 12gb (4gb Ram + 8gb Ram Boost) E Camera 50mp Com Ai Bateria De 5200 Mah Tela 6.9,661,999.0,4.9,Desconhecida,Chegará grátis amanhã,34,https://www.mercadolivre.com.br/smartphone-motorola-moto-g06-128gb-12gb-4gb-ram-8gb-ram-boost-e-camera-50mp-com-ai-bateria-de-5200-mah-tela-69/p/MLB61381499#polycard_client=search-desktop&search_layout=grid&position=8&type=product&tracking_id=22548c94-20ea-4155-83aa-2a29dc678d8c&wid=MLB4515672567&sid=search,1,1,500-1k,22.65
"Celular Samsung Galaxy A07 128gb, 4gb, Câmera 50mp, Tela 6.7 , Proteção Ip54, Processador 6nm - Preto",599,899.0,4.9,Samsung,Chegará grátis amanhã,33,https://www.mercadolivre.com.br/celular-samsung-galaxy-a07-128gb-4gb-cmera-50mp-tela-67-proteco-ip54-processador-6nm-preto/p/MLB55034955#polycard_client=search-desktop&search_layout=grid&position=9&type=product&tracking_id=22548c94-20ea-4155-83aa-2a29dc678d8c&wid=MLB5859349564&sid=search,1,1,500-1k,22.35
Samsung Galaxy A06 5g Dual Sim 128gb preto,719,989.0,4.8,Vikings,Chegará grátis amanhã,27,https://www.mercadolivre.com.br/samsung-galaxy-a06-5g-dual-sim-128gb-preto/p/MLB48946861#polycard_client=search-desktop&search_layout=grid&position=10&type=product&tracking_id=22548c94-20ea-4155-83aa-2a29dc678d8c&wid=MLB6433836010&sid=search,1,1,500-1k,20.5
"Celular Samsung Galaxy A17 Com Ia, 256gb, 8gb Ram, Câm De 50mp, Tela De 6.7 , Nfc, Ip54 - Preto",1259,1399.0,4.9,Samsung,Chegará grátis amanhã,10,https://www.mercadolivre.com.br/celular-samsung-galaxy-a17-com-ia-256gb-8gb-ram-cm-de-50mp-tela-de-67-nfc-ip54-preto/p/MLB55254425#polycard_client=search-desktop&search_layout=grid&position=11&type=product&tracking_id=22548c94-20ea-4155-83aa-2a29dc678d8c&wid=MLB4583723537&sid=search,1,1,1k-2k,15.45
"Celular Samsung Galaxy A07 256gb, 8gb, Câmera 50mp, Tela 6.7 , Proteção Ip54, Processador 6nm - Violeta",852,1399.0,4.9,123 Comprou,Chegará grátis amanhã,39,https://www.mercadolivre.com.br/celular-samsung-galaxy-a07-256gb-8gb-cmera-50mp-tela-67-proteco-ip54-processador-6nm-violeta/p/MLB54964804#polycard_client=search-desktop&search_layout=grid&position=12&type=product&tracking_id=22548c94-20ea-4155-83aa-2a29dc678d8c&wid=MLB4277746349&sid=search,1,1,500-1k,24.15
Smartphone Motorola Edge 60 Neo 5G - 256GB 24GB (12GB RAM + 12GB Ram Boost) 50MP Sony Camera Moto AI e tela 1.5K Super HD - Latte,1799,3799.0,4.9,Motorola,Chegará grátis amanhã,53,https://click1.mercadolivre.com.br/mclics/clicks/external/MLB/count?a=9ctS6thpGUrAJ4dg8flgDecxHOFIJpmKTejSYErDvQWiJ1sYjoB08ZggPMf64kqatZSnXUlF1fjv0hkXK%2FHEppQ9B4Zs96%2FJBdgs9TQczr%2Favr6pM5y8yTSRtvNXyPOgxsbnbT0k3gn38Qa48j7W%2FFnyeu8lVtn%2FtQ20gTorfipPcoyZK5auF1tittAaEynWG%2BQkI7r3LnoFuCQrKY5vxUt%2BXGOq1yxBWKNQVxlMoKKtz4waAB7z%2Fyod0p9mnMGkymnJTuSfFxim2U9fC9kGJprHOSEhfcqHFb4ZpMCXc1qhleJtm5GdnwZKufHqTCwLHwB0kNJ3jwLCS5C4gXPJx%2FrJyoEdvhxizOq3CblQLxoQOflJwSRABGtPqM49eFITz6UN%2BMTkIXvjGIUsLlLN%2Fkx8agfPnJ3O5EXpC3PLppqzJeGRl66xqOLOICrLxGMOnz7La7I4WhT7A4Ln4ZX4ONQ7g6n76wkTL1uSYcO2pSyl5vzBrqR5DVdSqdUdZ%2Fgor6wTkulfAA2kJLbuObuFPLk3%2BaJqDaCK74dZvRsjQ9V%2FZxseE9HO1oAKPLgKoYnKqz5esx6GMyjJsYCeECsr3dhLSVviG%2BQV%2Fihwr4eNAX1PCT2B5yzksGbl4YG32xdMgbGji8J4HjayGDcbx6nT4ELevls0FmXk1CToXm1N3UhnNKNXr%2FJ5yi1Q%2F%2FTdccGos1BMj62%2BxbwTHkm%2BA5p%2FqmcFXsw19O7NMo6QOLu4qaEMjojmQN02IHoDGdiAv2%2BllPSAxlrKOu0LOHmnJ3O8x6KmnEtafYbRs1dwc6Q16joLVkrvADH1jrhneJTwMHwUVEuFtn75X1HUhtHO%2BtIWM3FeUeb4iIosStqNGoCdtGp7DaTqKMdnbDqvRBrhr1xyn7WZVaeKdFiYfX%2FKmOPg9m26NIIj0z%2BeOP4AnX7gP1Yyds8omf18CyvsFkNVecXnfieRL%2BZYPJHH83w9y0FOUGQ7oi8c3RLHM3jfOlX2EGKvZVMtBEhufbp0%2F83YhARCmJRCBK%2F7dcbKmGoXyUkW#polycard_client=search-desktop&is_advertising=true&searchVariation=MLB58684606&backend_model=search-backend&search_layout=grid&position=13&type=pad&tracking_id=22548c94-20ea-4155-83aa-2a29dc678d8c&wid=MLB4265763257&sid=search,1,1,1k-2k,28.349999999999998
Smartphone Motorola Moto G05 256gb 4gb Ram Camera 50mp Vermelho,699,1199.0,4.9,Motorola,Chegará grátis amanhã,42,https://click1.mercadolivre.com.br/mclics/clicks/external/MLB/count?a=xh2TKclwqip9BuVy6e29QvnXToCtFRTAtfCj5a5CR8w29RmO3uox4EfCEgk7x6pcEtCvE92z13XhDARX6ADxE%2BkpV2Egr%2FaIPgqCvnihkMNLAIgAuFED1eZsq78h7q09XzNWlBBbnVIQFk8K3FaV7V3jQA3htp%2FRyv9fmFaOXDp6HKk%2BeTCgAqxWHFBdIZFaionNeCiLeSjhCtDvb6fHt4gZkLtgS46cHE%2FvmpZf%2BPrv7O4Ms0u7l25x16rDuj%2BXMiqvXof5iNpTR6V3IiKUQ8QJer0XPLytDUVG48nJdFRjspAmUaUBZL%2Bg1JCXJJlMZYIg1adRXFVmFZGxv%2FW18GtDRQXxHUcEIOlq4RRolD4hcDhuNA9MLYm6O9Nx1cThXkGbiR39PMaen5O233dCB8ectbmiO8Gmkm5j2LkQSQ%2BQnvjUiamdOlpOwo1eGbzOIZkcR8OEXr1v3eihgtdyAmUuBS9pzFopGjkE5cBfRBzfE9hZwY2SQHo85ec3liv%2BQCf%2F1UGPXwsD1xbDublfh%2FbCtKkX9AVejzC3N%2FEp%2FnFPY2bvcwOCguAOh3V%2F1riNxtA%2BH%2Bsz9uyKTAdK6%2BveyEflg2cmeMl5UQC920%2BYo7H9q0fPqH2SntfMyiMtyI56Eq%2BR1bsRc8S16xZuw4QYd2s2jfgFeeAZrDPM9HpoL9ouN0BaqxFHFY8%2FfgyaId4TlTP3M4ewUr18MOSaNCSTBiWWAI0cvYdIQHxZGsbyAvKBAvuXHtSz6W5dDh6Tq20L9DnG0ysDPiv2vGtgSGsHAFGSlWDtXMu5225zAPgo7kAXvQS0cRipJ2PXsVz1G0dx2ZRUMp3W6EZSsCPb9z%2FWlAGKyTQp3Sd9xzaOYvbvgE2A8eWfxwNZFk09zzGv%2FWGs8N0b4CJS58ciLywpxUtwKcgZhnUl%2BCPD0MRgPMJW%2BH5bLiZmu2utu9NFXPrIqLJPErHGQaGU#polycard_client=search-desktop&is_advertising=true&searchVariation=MLB58493174&backend_model=search-backend&search_layout=grid&position=14&type=pad&tracking_id=22548c94-20ea-4155-83aa-2a29dc678d8c&wid=MLB5774641722&sid=search,1,1,500-1k,25.05
Smartphone Motorola Moto G56 5g - 256gb 16gb (8gb Ram+8gb Ram Boost) Camera 50mp Sony Lytia 600 Ultrarresistencia Militar e Ip68 + Ip69 - Cinza,1598,1999.0,4.9,Motorola,Chegará grátis amanhã,20,https://click1.mercadolivre.com.br/mclics/clicks/external/MLB/count?a=2wctZRrUlaqOfLyf6X7DKOYgLK%2FE9S8cb8V1Ky3koOaUcA2Y1KybXihg387DinisjxvHGDaByC5hXc9P1pWZX2KqKQ1Tym96kNByexf4L0914dJ1bny14QOqc6RD0AniQKYjeUVKwd3GW%2FeOvb6NmHgDg9ZOAXeCHsPMCmA5W%2FEUMOAGzjxhsdSROFFs52omDm1VI8KuoYPX4X5cQznM%2FvQjpeyXm6Xbq4aPlwZLSTWqPJG6zD6%2F652ykwdiLrpx5aKngMiyFR3gqBHpNVV5ydo7o1uARuyjNxEP9P2BQo98duuvWVjXloJD%2Flz7zI5Hs4yz7hi7hCM9VYpYdtjjsYFHjPyZ5AJU9YV1ANpji9dVDaBCRgx8xE6JPeSOiOcMyHDT1AvldO605g423YXCRBjO%2BzMtUViEcLk1nPnrPb2%2BtmjEDIsPtOcyJFpHp06yjjayjtpMbz0sLbQ2f%2BoK9qacnaXtni0YCx%2BvloarbnCKpqsSRe5BedmzWhmYRmy6HmWKv%2FSgqcZc5ZanWYI0BLrjtKW4JzEvs4wWM01oHanBldxIMuSMOAz%2FO7wpVoh7DhOUtC6TP34TntEzp%2FRqtOGSBQu6%2BWnP%2BYDjXCdgUIUegvcQWze%2FMzFvW0zdUQHnFqxF4VdUznFTungCk2JaHhNSpphIyrmiPXoiOL2HWFAOp89Rsy6dfkTRiYBFssQ0aNPBMa%2BL8KqEopSdEnu8zUgp4TcNgBLxsulz7eDm8dEaK6We3aTSdwpuCIKmDzJaaqqSLDrY3XCyVUGS9Asm8GL76C7c7rFG2NU%2BEHccdHrXw9h7WxgHt9NbYOI%2FL90Yx8zI14No8wnrfzuPkHCOayj%2FfdFDJ%2F57%2B9fYlsACrsas9j8YWSQBRq4X0RXU%2B7NMY5OE5%2BMBkDd2JpaoPToe1N5quid2L5nUw9ONFKftkj5KYJe1TNteImGiuyQIwmv3LKuP0gLnsmNBVXiEtiB3e9Am4z9W6mJzkO85NNO083lYdhFResVS2xaJynTRZdseKJxyURlZX0O5VveofBwrnjOm6%2B10VFoDfyFdd58%3D#polycard_client=search-desktop&is_advertising=true&searchVariation=MLB50301060&backend_model=search-backend&search_layout=grid&position=15&type=pad&tracking_id=22548c94-20ea-4155-83aa-2a29dc678d8c&wid=MLB5402372302&sid=search,1,1,1k-2k,18.45
"Smartphone Motorola Moto G67 5g - 128gb 12gb (4gb Ram + 8gb Ram Boost) Camera 50mp Sony Lytia 600, Tela 1.5k Extreme Amoled 120hz, Ultrarresistente - Chumbo",1529,1899.0,4.8,Motorola,Chegará grátis amanhã,19,https://click1.mercadolivre.com.br/mclics/clicks/external/MLB/count?a=OTuqukEw2IvwdUaVbVldxfMq%2B12FmS3y5puBhte0rJlu%2B1kW8bCGN4I%2FF2VvIlJRk%2FGFPUDI4IJIMleRwWl03IAKQIrjetSDKJeZex%2BsbF%2BcM4%2FKDJmnyBwan7vBXXn%2FUqlkB6r0C%2FX3z2UWhrqFgZ2mPwHOgklb%2Fc3PegStzYAJ7yoGa1Ggv%2BeupvMCweJW3ME2j1s4VUzkRxcH%2F9QB%2FtLMmYWafamrdyka%2BWKlxgXp%2BiaEz9ynGQN2Vba06i5BPxMv7kH0VEdFE%2FLlFO7HEFECqD5quGVMR7lEBoayDQ9uHgBbCjTjhiD5lgmrDKNPcKTtePpVny6UuKhuQeFyCYV0yTPlAcG8KOgluWYvnGwsOJLvBc3s7FTCpPDf4UGSZxIlI%2FMrV2CX2VSGM8v5r7w03Lp8AvoN%2Bx0CCBZH1uXi3b%2BGnlMg3%2FvIaHKFnX1QdWFsj8q45KUH%2FNUXhvrQKaPDj4Ed6uaDeBELiAMwXw69RuhSb9DH2qx%2FZVlSv6%2BHUdZgBp4zC4XLdwwR9orlZ%2BuyNhx2PqZQdZyMulRutzaKfSnM2PUMrhnqb7K9UhY0983wSoufvue3f1eG6h2B4Ex8OsnEdvJv4AKKOAQH%2Btea3lYXLkEIq4IRoh8R3k9le2lk2pg%2FB6Y6UlxMZRtQ4%2B8mEVJCqrIRflFRBj%2BVJeprU6tTbJKyBrggLUKZVqcl9WOrfeZYcZEBkJINBYs%2FiS4%2BRwsiywPoceiRQFPVm7CxyfKSsyGJsctiQI1iX23InaBN9zWXibzJ1jTY00R30yyPwV2xakuXxHqEMnA0gRNTpYZr4oBaJXVdbMRUcluAyUE1GP2BVumgic077TpLKBk8a7Old8NhUfDv3M4QohJwJp4gUKJsdu6%2BIAVYN8Xw1YP86QDcnhg6Bf14%2FtN%2FsPfryt3Hjmv7mMUrP0PL0merQow0Aq92CzicH81nSY9xYpAMSyTXMJ%2FJ6j98zl%2FNWKrBSoTkI2BLQ8iIfi9BGuiiNoxEXMYgLwX%2Fq8zwdna9lJ%2FLmAzYOcwHeDBDvskJCc8sICtYy67bbEj1XUB6UaUraBTwNTFK#polycard_client=search-desktop&is_advertising=true&searchVariation=MLB65319818&backend_model=search-backend&search_layout=grid&position=16&type=pad&tracking_id=22548c94-20ea-4155-83aa-2a29dc678d8c&wid=MLB6420538026&sid=search,1,1,1k-2k,18.1
Smartphone Motorola Moto G06 - 256gb 12gb (4gb Ram + 8gb Ram Boost) E Camera 50mp Com Ai Bateria De 5200 Mah Tela 6.9 - Bege,723,1349.0,4.9,Motorola,Chegará grátis amanhã,46,https://www.mercadolivre.com.br/smartphone-motorola-moto-g06-256gb-12gb-4gb-ram-8gb-ram-boost-e-camera-50mp-com-ai-bateria-de-5200-mah-tela-69-bege/p/MLB55762063#polycard_client=search-desktop&search_layout=grid&position=17&type=product&tracking_id=22548c94-20ea-4155-83aa-2a29dc678d8c&wid=MLB5765125576&sid=search,1,1,500-1k,26.25
Smartphone Motorola Edge 60 Pro 5g - 256gb 24gb (12gb Ram+12gb Ram Boost) Tela Quad-curve Moto Ai 50mp Sony Camera Ultrarresistencia Militar Ip68 + Ip69 - Azul,2694,4499.0,4.9,Motorola,Chegará grátis amanhã,40,https://www.mercadolivre.com.br/smartphone-motorola-edge-60-pro-5g-256gb-24gb-12gb-ram12gb-ram-boost-tela-quad-curve-moto-ai-50mp-sony-camera-ultrarresistencia-militar-ip68-ip69-azul/p/MLB49085450#polycard_client=search-desktop&search_layout=grid&position=18&type=product&tracking_id=22548c94-20ea-4155-83aa-2a29dc678d8c&wid=MLB5382324466&sid=search,1,1,2k-5k,24.45
Smartphone Samsung Galaxy A36 5G 256GB 8GB RAM,1521,3299.0,4.9,Samsung,Chegará grátis amanhã,54,https://www.mercadolivre.com.br/smartphone-samsung-galaxy-a36-5g-256gb-8gb-ram/p/MLB47111905#polycard_client=search-desktop&search_layout=grid&position=19&type=product&tracking_id=22548c94-20ea-4155-83aa-2a29dc678d8c&wid=MLB5317478858&sid=search,1,1,1k-2k,28.65
"Celular Samsung Galaxy A17 5g Com Ia, 256gb, 8gb Ram, Câm De 50mp, Tela De 6.7 , Nfc, Ip54 - Preto",1576,1899.0,4.9,Samsung,Chegará grátis amanhã,17,https://www.mercadolivre.com.br/celular-samsung-galaxy-a17-5g-com-ia-256gb-8gb-ram-cm-de-50mp-tela-de-67-nfc-ip54-preto/p/MLB54961455#polycard_client=search-desktop&search_layout=grid&position=20&type=product&tracking_id=22548c94-20ea-4155-83aa-2a29dc678d8c&wid=MLB6574985998&sid=search,1,1,1k-2k,17.55
Celular Smartphone Realme C73 256gb 8gb Ram Dual Sim 120hz 6000mAh Violeta,1149,1999.0,4.8,Webfones,Chegará grátis amanhã,43,https://www.mercadolivre.com.br/celular-smartphone-realme-c73-256gb-8gb-ram-dual-sim-120hz-6000mah-violeta/p/MLB62258511#polycard_client=search-desktop&search_layout=grid&position=21&type=product&tracking_id=22548c94-20ea-4155-83aa-2a29dc678d8c&wid=MLB4334411855&sid=search,1,1,1k-2k,25.3
"Celular Samsung Galaxy A26 5g 256gb, 8gb Ram, Câmera De 50mp, Ip67, Tela Super Amoled 6.7 , Nfc - Preto",1405,2167.0,4.8,123 Comprou,Chegará grátis amanhã,35,https://www.mercadolivre.com.br/celular-samsung-galaxy-a26-5g-256gb-8gb-ram-cmera-de-50mp-ip67-tela-super-amoled-67-nfc-preto/p/MLB47424244#polycard_client=search-desktop&search_layout=grid&position=22&type=product&tracking_id=22548c94-20ea-4155-83aa-2a29dc678d8c&wid=MLB5474927460&sid=search,1,1,1k-2k,22.9
"Celular Samsung Galaxy A17 Com Ia, 128gb, 4gb Ram, Câm De 50mp, Tela De 6.7 , Nfc, Ip54 - Preto",899,1499.0,4.9,Samsung,Chegará grátis amanhã,40,https://www.mercadolivre.com.br/celular-samsung-galaxy-a17-com-ia-128gb-4gb-ram-cm-de-50mp-tela-de-67-nfc-ip54-preto/p/MLB54987753#polycard_client=search-desktop&search_layout=grid&position=23&type=product&tracking_id=22548c94-20ea-4155-83aa-2a29dc678d8c&wid=MLB4217306791&sid=search,1,1,500-1k,24.45
"Celular Samsung Galaxy S25 Fe 5g, 128gb, 8gb Ram, Câmera Tripla De 50+12+8, Tela Grande De 6.7 Jetblack",2868,4499.0,4.9,Samsung,Chegará grátis amanhã,36,https://www.mercadolivre.com.br/celular-samsung-galaxy-s25-fe-5g-128gb-8gb-ram-cmera-tripla-de-50128-tela-grande-de-67-jetblack/p/MLB61692896#polycard_client=search-desktop&search_layout=grid&position=24&type=product&tracking_id=22548c94-20ea-4155-83aa-2a29dc678d8c&wid=MLB6087231690&sid=search,1,1,2k-5k,23.25
"Smartphone Motorola Moto G17 4g - 256gb 12gb (4gb Ram + 8gb Ram Boost) Camera 50mp Sony Lytia 600, Tela Fhd+ 60hz, Bateria 5200 Mah - Rosa",1078,1749.0,4.9,Motorola,Chegará grátis amanhã,38,https://click1.mercadolivre.com.br/mclics/clicks/external/MLB/count?a=KT7E5aPiq4fDiGxiZj5LRhnuIZMdKMnCyg4FtYkh67%2FHpD7lQshFIejgEPKKqri2JCS2VNDH6Am3TAdP7hto1BcbnGwGgWGWeQnxXA9koiLLNc544Ci%2Bhak%2BA%2Fie71Njf2kGAz8HOXk49j%2FmMWmYW4M4O0i5rzpl0k7qR0Qb%2FE3g6mTwJPFSrDXmuW%2FK%2Bs1DVeFYO16Jy%2BI0Kw%2BZ56qIOd%2FcLtm%2FI0lg6PolqsaoV4i5Vx%2BjNIb%2Fl9zk6BizF68P4z%2F9S5vdeduOg1%2BDbNiJfuMuymyLF%2BvLUM7KYerYZEFObGEk2KPPGKRrfGLNOP%2BFhUi4LYEUSBiuWQRpdfWaKnQg72CcJxgmW0xstVaK%2F13eco6SGQRkxQbAyGZA5wAdR43XjtRQLKscOHfs%2BAB0xB3rdFW4wG%2FHYOgbEHGY76ifcJe17n%2BJbJZnM%2BuBqRIY4oul%2BBUtC34VRbd%2Bh%2BvSgshAGjVViX%2FdsIVSJ4EwQUV%2FYIt0Zf6Z%2Fai%2BXUpxjAmmzDUfXFyPGAkOwS5NaawN1niLWd0tHepNO%2BDb39wEmfgfrO4LEWhdRxAwCqm9fLOk%2BvxYWrBwFng0hk4YCjp6amRnh9p72Dc%2FN8VZwrfrtW8g6smlZN2U9igEEcw5EbkiyS5%2FNMubcoL%2BJTIBrhqfOvHLWJpRbPRUrKc6HT5L0oia8%2B66EokpBdH2M69yD3vO8jI9qhHO9xt0IRqxNZWW%2FLwZs0sUxk%2FB%2Bff3tF5zKBzbR1ERWuzmTDBZyDEaINmpL0pet3SrKx%2Bei3hkZEFSKOxA8eqGWDcmtM4hH56NcMWsG5QCQzy7BO1eOv%2Fn04xoMw7myS9GYbsXV%2Bclz2irkgw32%2BRTpRyRf3TH0K28f0n3f8SVNW5Gmks6da5ccPMw2oET6REEpX081FNm77WCTimTs8hWc0ilNxHx%2BctNZ3M16oT9Isetjo2uBaDG7SaECpYopvD%2BfC%2BuKwNKgYEbxIqUO%2FDtauQjxWIU9qcPsyGNx30Jx0atZeYb8eqoyUtDKU%2FjmYTfWPvlEZr0dRpWVNrFuahykA%3D%3D#polycard_client=search-desktop&is_advertising=true&searchVariation=MLB65041664&backend_model=search-backend&search_layout=grid&position=25&type=pad&tracking_id=22548c94-20ea-4155-83aa-2a29dc678d8c&wid=MLB4510840013&sid=search,1,1,1k-2k,23.85
Moto G15 Dual Sim 4gb Ram 128gb Azul Marino,699,1099.0,4.8,Motorola,Frete grátis,36,https://click1.mercadolivre.com.br/mclics/clicks/external/MLB/count?a=w%2FwX1PNw9eFlgcBLQa%2BWFxBgf5UUkFw%2Bl5wh7c7hlw%2FvS9byyKILA39M7YtoanHPF2hFhF9HmQO8L92Mbpj1oxGdxzrfuTcqMAC3rBE8BlbUMMMFCr4uc4SQip58osHo5bMVhLSRQzRg1vd0I2GyhhqTJChJqCIUuLtYfNFB93Gefz81WWOz6Trc4q1yZytPBUpEMTySm15cfz2T05mHbWs0t9lvtulgPA8xrOxIhiE%2BJkvXC0DONr8%2F8StFmaGRrTheHwknqIqcLVASU09VgUjOHolHkXfleAxM5Gdlf2OASL29Z6mCzaLEqbXVhqJhqTDSQ0z9ARi%2FYXXFjvfxYPCWAru2RHm37TzMfarpHjhUnO3J%2FV5ZEQp4wygmckubB3HEE8Z47FhswOO3GAWnKe4gWTNGj9SHXG0rl08eTNE66djO7v4h4%2FC8bEnPzIgDwY5ysBujdBs0d5FmBhncoGPojnLc7y4PtOZOGmYNUvj7DiwTktMk7EmqxTrUWp%2Fo9QiIxs5K65aPnY5Spf7J3igEMxrWVoGFgvYwluyZiGn2yM3SY9G6oc%2BBf6dlqvFD%2BXMdEPMCyDKQq5BxtQzD%2BTHNEDn2ejxa6t82mwwqCbrbWNnN3ayIS2PL%2BZP5wPD9x7Pb09KBsVr0xJH4hZ5auUm97xZq3SM93fUCXxKtF4WXas5BBDmzAIiTinN%2BlLh0IqR6XbzJg%2BorhW%2BtlUx9yMhGa3fQwu5tXEB0r%2BBpTC2IP9%2BtBSFeU7McjVT%2FLIVaihLdoe8GQ%2F3sp1S5%2FkB5ChZa4CIUtuEhl4VWZ0ZsUDAGIBzMSW9pbhaxjhIZ0kzydTa55MucOucKcS1tm4p05RCEq0RZyixdguSybWsj13%2B5ZzZAHMY5lJ8hjqWgfm6Xm%2F9X2Zf7rNe0S0RhhCvvgUmCaKHVu8uakjtiD701a%2BLFnw%3D%3D#polycard_client=search-desktop&is_advertising=true&searchVariation=MLB46056608&backend_model=search-backend&search_layout=grid&position=26&type=pad&tracking_id=22548c94-20ea-4155-83aa-2a29dc678d8c&wid=MLB3975530813&sid=search,1,1,500-1k,23.2
"Smartphone Motorola Signature 5g - 512gb 24gb (12gb Ram + 12gb Ram Boost), 3 Cameras 50mp Sony Lytia E Zoom 100x, Tela 1.5k Extreme Amoled 165hz - Preto",7649,8999.0,4.8,Motorola,Chegará grátis amanhã,15,https://click1.mercadolivre.com.br/mclics/clicks/external/MLB/count?a=QnpdHotRPO2M1lTSF6k90MY9opPm27G%2FLQ%2BdW3ogW57Tn2E2WUrc2AJHydWxJjZ3zrWxjWnFPIOQOo%2FubrFU0Wbk1jqYKhdwSBIfW9ie0A4ispWMstGKOgKs16kcU4RwrMHd2JH4mEO3jBrf2jHfRsLYPzQ9EDDugF0GppHUdYiBdFyPgZZS4np%2BzI%2F72lba7csXMaf%2Fz6pHiFtshD2g6uoNywtlHgs6ge3TpGy9fhvF9nvspZPn9TFw1Q%2Bu6CiHWOBoJCMuT76tCgu0zP9%2BSwiJR8LbRV8pDdZ%2BMKc9fVF170M6UQ8TZJzmAEr%2BlHb7%2FPOMIPTDCj4n31ucSTCp3nZgiJ2bKF7nrEn%2FEOnqSygz%2BzzqwNrtto7gNbFQ0NsD4stOAPqSH3vcbuZuhue8C0bI9hyMq8dhwp255LwMwuETVtG2bPLNRCh%2Fx1690KV8HnkFfRCUwlcWICLPBuBXXBdwZX7D3WMsTusRbv6LcVjMa8oygukvIvuheE%2BDXy5YsEb%2FUqYfvbsxh1j2a2WD9mM7IRCQS4M3R48kz4VPE%2BqCGA6u69YZFkZJGRVY9YztPqrP%2F%2FYpyu1yX8QNBAWKR4qR5Tsn7zYvukLgKt4trVbw14unQm1Bg%2FGBjOwQCSflwAimyGoIXlorTzTFsZGe1k5cmOgSWimc1KeuOpKDSa6ooYtmGNpUYstB0pmSS3XSYjprb9%2FTKmzQeUFsbWPVmUoCz91TYvy8y7opSKhXQ0aJvghjPKAzZDP1EXjRZY0lRM0FuRowP7TgFdIPYb068KLLTLvx6k86YhQoaczzhPI1zmkyCE2ln0b9%2Bkv%2F30eeXCg%2FAZolve9AGZLIgRmmHvAX5mnxQ%2Fknp2At0SnCGB4Q3rT08JwGbvOjz4%2F6gc20yGvnm1Ei1hiBIjjAvftFmKmTZwcj%2BL5H9GIZwU88PNAV5VzY7NYgqnSvr3A3zlZ7XrfoVJ1FTIz4xF%2F0e6WySlEvYp7kwmdRkkPNmVUA8DqCE2uigBY9ipOzslUty673JlzjswewN3%2BHYZpJovXnzIiWAfc0efjYTEnzE1wOAzsgKOlm1w%3D%3D#polycard_client=search-desktop&is_advertising=true&searchVariation=MLB65938141&backend_model=search-backend&search_layout=grid&position=27&type=pad&tracking_id=22548c94-20ea-4155-83aa-2a29dc678d8c&wid=MLB6373850588&sid=search,1,1,5k-10k,16.9
Smartphone Motorola Edge 60 Fusion 5g - 256gb 16gb (8gb Ram+8gb Ram Boost) 50mp Sony Ai Camera Ip68 Nfc - Rosa,1939,3299.0,4.9,Motorola,Chegará grátis amanhã,41,https://click1.mercadolivre.com.br/mclics/clicks/external/MLB/count?a=nXEOp2PM5yHe%2Bu085McqPj93rGvy9kRxbkWReJHbxOJgAPjotnAJMZgYMUFrmrCkptiDIkARi7Xn8Fwg4vTQ2ngwgtsCX%2BOeWFQ1gTyF%2BXVlDAVf4am9HGuaWbL5e6XnVLpU03IAHDtFBh1foB0au0u4jWOiE4ojUkUoElnL6Ejl2mAfMXHgN3Qcab9TLqlVVFJmC6lvGSiUxqKwvk0J1hYus3u%2BjC9DpGtC2jAcqRxoT5VkU23%2Bgg614Gy4S5%2B%2Fyg323YpytZNxynODBHcYSubKqJUPg1zP9Rebym5WIvEmPB8umvGKUKTLH4Ud%2F3S%2BW172Cd7pq3i%2BVBP3h5XVKl0MoP2eqiGLn4qANgTGwLV2n1A0L0b6qrVsnGI1FZhMYNh8AJTQ64460YokXXoT2o%2Br8mPM3ghvxa7Ss1vYQ0k12kUArT0nW0KMoOb7K3AGP81LXICLN7Y0Xs%2F7lhBVrqtqnZIMDY%2BsDd9hZl%2BXJQnksGnbCad9RbOh3QBWJ8KbtZMmHWgTe%2FOkh%2BRwY4TjkbyS5pV2FYFsoAjGRGbvCvXB2mD%2Fep7eayLU%2FfcJan%2FtXMkEhx5j6aqyhd1bw%2FPCG%2FGiK%2F7rMgd5Joi4B78NSDtMV3BE8TCaeG3x4A8RUO7eVBDgNj1fYSPq%2Fxhe08bnaCCr9fPxUlFAVjp59yJGYeZCFqDuyDbsiyA1uQgMRhq0EUE2sbLGxl%2FZdqVXiQ%2FYI%2B2%2BpoJGH%2Bg4o1j7WfsJGR2pkWLxtbqo4tzlgfbIGZ8%2B0SPFwV0J0DCCcGzyTEqGvGY99Br7YRnSU%2BHyjzFXDZ1KbO%2FJ7PMbGqpixxrq2qix%2BqKbiuJKxjO1HwCXj%2FBrUlaY24ixUmj7ERcavPoXmuTZDG09TdZN%2Fxxnf6u79Hh0S8FdFFin8BLE1Go%2Bev66vEwsIM0DM7UHVjPASzqWPxd1Jir0SqvrGHn%2B7sLdyjEF57LmaHv9Y7xQYShX1%2F7Q5G16l7vaJOrwPE3mrbcDyw2xt1XvhoTQsfbNbjSa#polycard_client=search-desktop&is_advertising=true&searchVariation=MLB47251829&backend_model=search-backend&search_layout=grid&position=28&type=pad&tracking_id=22548c94-20ea-4155-83aa-2a29dc678d8c&wid=MLB4027318137&sid=search,1,1,1k-2k,24.75
Smartphone Motorola Moto G05 256gb 4gb Ram Camera 50mp Vermelho,699,1199.0,4.9,Motorola,Chegará grátis amanhã,42,https://www.mercadolivre.com.br/smartphone-motorola-moto-g05-256gb-4gb-ram-camera-50mp-vermelho/p/MLB58493174#polycard_client=search-desktop&search_layout=grid&position=29&type=product&tracking_id=22548c94-20ea-4155-83aa-2a29dc678d8c&wid=MLB5774641722&sid=search,1,1,500-1k,25.05
iPhone 16e (128 GB) - Preto - Distribuidor Autorizado,3699,5799.0,4.9,Apple,Chegará grátis amanhã,36,https://www.mercadolivre.com.br/iphone-16e-128-gb-preto-distribuidor-autorizado/p/MLB1046215784#polycard_client=search-desktop&search_layout=grid&position=30&type=product&tracking_id=22548c94-20ea-4155-83aa-2a29dc678d8c&wid=MLB3986439067&sid=search,1,1,2k-5k,23.25
Smartphone Motorola Edge 60 Neo 5G - 256GB 24GB (12GB RAM + 12GB Ram Boost) 50MP Sony Camera Moto AI e tela 1.5K Super HD - Latte,1799,3799.0,4.9,Motorola,Chegará grátis amanhã,53,https://www.mercadolivre.com.br/smartphone-motorola-edge-60-neo-5g-256gb-24gb-12gb-ram-12gb-ram-boost-50mp-sony-camera-moto-ai-e-tela-15k-super-hd-latte/p/MLB58684606#polycard_client=search-desktop&search_layout=grid&position=31&type=product&tracking_id=22548c94-20ea-4155-83aa-2a29dc678d8c&wid=MLB4265763257&sid=search,1,1,1k-2k,28.349999999999998
"Samsung Galaxy S25 5G, 256GB, 12GB, Câmera Tripla - Azul claro",3898,5999.0,4.9,Samsung,Chegará grátis amanhã,35,https://www.mercadolivre.com.br/samsung-galaxy-s25-5g-256gb-12gb-cmera-tripla-azul-claro/p/MLB45513356#polycard_client=search-desktop&search_layout=grid&position=32&type=product&tracking_id=22548c94-20ea-4155-83aa-2a29dc678d8c&wid=MLB5264376996&sid=search,1,1,2k-5k,22.95
"Smartphone Motorola Moto G86 5g - 256gb 24gb (8gb Ram+16gb Ram Boost) Tela 1.5k Poled, 50mp Sony Camera Ois Moto Ai, Videos Em 4k, Ip68 + Ip69 - Vermelho",1792,2399.0,4.9,Motorola,Chegará grátis amanhã,25,https://www.mercadolivre.com.br/smartphone-motorola-moto-g86-5g-256gb-24gb-8gb-ram16gb-ram-boost-tela-15k-poled-50mp-sony-camera-ois-moto-ai-videos-em-4k-ip68-ip69-vermelho/p/MLB51340616#polycard_client=search-desktop&search_layout=grid&position=33&type=product&tracking_id=22548c94-20ea-4155-83aa-2a29dc678d8c&wid=MLB5462013472&sid=search,1,1,1k-2k,19.95
"Smartphone Infinix Note 50X 5G 8GB RAM 256GB De Armazenamento Tela 6,78"" Polegadas HD+ 120HZ Câmera 50MP + Selfie 8MP Bateria 5200mah NFC, DTS Áudio - Cor Cinza",1349,2267.0,4.8,123 Comprou,Chegará grátis amanhã,40,https://www.mercadolivre.com.br/smartphone-infinix-note-50x-5g-8gb-ram-256gb-de-armazenamento-tela-678-polegadas-hd-120hz-cmera-50mp-selfie-8mp-bateria-5200mah-nfc-dts-audio-cor-cinza/p/MLB61656785#polycard_client=search-desktop&search_layout=grid&position=34&type=product&tracking_id=22548c94-20ea-4155-83aa-2a29dc678d8c&wid=MLB5957442486&sid=search,1,1,1k-2k,24.4
Smartphone Motorola Edge 60 5g - 512gb 24gb (12gb Ram+12gb Ram Boost) Tela Quad-curve Moto Ai 50mp Sony Camera Ultrarresistencia Militar Ip68 + Ip69 - Azul Marinho,2099,2799.0,4.9,Motorola,Não informado,25,https://www.mercadolivre.com.br/smartphone-motorola-edge-60-5g-512gb-24gb-12gb-ram12gb-ram-boost-tela-quad-curve-moto-ai-50mp-sony-camera-ultrarresistencia-militar-ip68-ip69-azul-marinho/p/MLB48930800#polycard_client=search-desktop&search_layout=grid&position=35&type=product&tracking_id=22548c94-20ea-4155-83aa-2a29dc678d8c&wid=MLB5363845340&sid=search,1,0,2k-5k,9.95
Smartphone Motorola Moto G35 5g 256gb 12gb Ram Boost Coral,945,2000.0,4.8,Desconhecida,Não informado,53,https://www.mercadolivre.com.br/smartphone-motorola-moto-g35-5g-256gb-12gb-ram-boost-coral/p/MLB63092926#polycard_client=search-desktop&search_layout=grid&position=36&type=product&tracking_id=22548c94-20ea-4155-83aa-2a29dc678d8c&wid=MLB6228408744&sid=search,1,0,500-1k,18.299999999999997
Smartphone Motorola Moto G56 5g - 256gb 16gb (8gb Ram+8gb Ram Boost) Camera 50mp Sony Lytia 600 Ultrarresistencia Militar e Ip68 + Ip69 - Cinza,1598,1999.0,4.9,Motorola,Chegará grátis amanhã,20,https://www.mercadolivre.com.br/smartphone-motorola-moto-g56-5g-256gb-16gb-8gb-ram8gb-ram-boost-camera-50mp-sony-lytia-600-ultrarresistencia-militar-e-ip68-ip69-cinza/p/MLB50301060#polycard_client=search-desktop&search_layout=grid&position=37&type=product&tracking_id=22548c94-20ea-4155-83aa-2a29dc678d8c&wid=MLB5402372302&sid=search,1,1,1k-2k,18.45
Apple iPhone 16 (256 GB) - Preto - Distribuidor Autorizado,5205,9538.0,4.9,Apple,Chegará grátis amanhã,45,https://www.mercadolivre.com.br/apple-iphone-16-256-gb-preto-distribuidor-autorizado/p/MLB1040287796#polycard_client=search-desktop&search_layout=grid&position=38&type=product&tracking_id=22548c94-20ea-4155-83aa-2a29dc678d8c&wid=MLB3931272075&sid=search,1,1,5k-10k,25.95
"Smartphone OPPO A6t 128gb, 12gb Ram (4gb + 8gb Virtual Ram), Bateria Gigante de 6500mAh, Processador Snapdragon, Tela 120Hz, AI Câmera, IP64 - Violeta",899,1299.0,4.9,Oppo,Chegará grátis amanhã,31,https://www.mercadolivre.com.br/smartphone-oppo-a6t-128gb-12gb-ram-4gb-8gb-virtual-ram-bateria-gigante-de-6500mah-processador-snapdragon-tela-120hz-ai-cmera-ip64-violeta/p/MLB66130734#polycard_client=search-desktop&search_layout=grid&position=39&type=product&tracking_id=22548c94-20ea-4155-83aa-2a29dc678d8c&wid=MLB4573343865&sid=search,1,1,500-1k,21.75
"Smartphone Xiaomi Redmi 15 8gb 256gb Tela 6,9 144hz, Bateria 7.000 Mah, 50 Mp Preto",1390,1390.0,4.8,Desconhecida,Chegará grátis amanhã,0,https://www.mercadolivre.com.br/smartphone-xiaomi-redmi-15-8gb-256gb-tela-69-144hz-bateria-7000-mah-50-mp-preto/p/MLB61511995#polycard_client=search-desktop&search_layout=grid&position=40&type=product&tracking_id=22548c94-20ea-4155-83aa-2a29dc678d8c&wid=MLB4390450235&sid=search,0,1,1k-2k,12.4
Celular Samsung Galaxy A56 5g 128gb 8gb Ram Rosa,1998,3299.0,4.9,Samsung,Chegará grátis amanhã,39,https://www.mercadolivre.com.br/celular-samsung-galaxy-a56-5g-128gb-8gb-ram-rosa/p/MLB47106876#polycard_client=search-desktop&search_layout=grid&position=41&type=product&tracking_id=22548c94-20ea-4155-83aa-2a29dc678d8c&wid=MLB4561879339&sid=search,1,1,1k-2k,24.15
Apple iPhone 15 (128 GB) - Azul - Distribuidor Autorizado,4499,7209.0,4.9,Apple,Chegará grátis amanhã,38,https://www.mercadolivre.com.br/apple-iphone-15-128-gb-azul-distribuidor-autorizado/p/MLB1027172667#polycard_client=search-desktop&search_layout=grid&position=42&type=product&tracking_id=22548c94-20ea-4155-83aa-2a29dc678d8c&wid=MLB4408547152&sid=search,1,1,2k-5k,23.85
iPhone 17 Pro 256GB - Azul-profundo - Distribuidor Autorizado,9899,11499.0,4.9,Apple,Chegará grátis amanhã,14,https://www.mercadolivre.com.br/iphone-17-pro-256gb-azul-profundo-distribuidor-autorizado/p/MLB1055308781#polycard_client=search-desktop&search_layout=grid&position=43&type=product&tracking_id=22548c94-20ea-4155-83aa-2a29dc678d8c&wid=MLB5687335472&sid=search,1,1,5k-10k,16.65
"Tcl Smartphone 605 4g, Octa Core, 128gb 12gb Ram (4+8), 6.7 Hd+ 90hz, Nfc, Dual Sim, 50mp",649,799.0,4.7,Mercado Livre,Chegará grátis amanhã,19,https://www.mercadolivre.com.br/tcl-smartphone-605-4g-octa-core-128gb-12gb-ram-48-67-hd-90hz-nfc-dual-sim-50mp/p/MLB53155051#polycard_client=search-desktop&search_layout=grid&position=44&type=product&tracking_id=22548c94-20ea-4155-83aa-2a29dc678d8c&wid=MLB6161225994&sid=search,1,1,500-1k,18.05
iPhone 17 256 GB - Sálvia - Distribuidor Autorizado,6297,7999.0,4.9,Apple,Chegará grátis amanhã,21,https://www.mercadolivre.com.br/iphone-17-256gb-salvia-distribuidor-autorizado/p/MLB1055308843#polycard_client=search-desktop&search_layout=grid&position=45&type=product&tracking_id=22548c94-20ea-4155-83aa-2a29dc678d8c&wid=MLB6545162768&sid=search,1,1,5k-10k,18.75
Apple iPhone 16 (128 GB) - Preto - Distribuidor Autorizado,4986,7799.0,4.9,Apple,Chegará grátis amanhã,36,https://www.mercadolivre.com.br/apple-iphone-16-128-gb-preto-distribuidor-autorizado/p/MLB1040287808#polycard_client=search-desktop&search_layout=grid&position=46&type=product&tracking_id=22548c94-20ea-4155-83aa-2a29dc678d8c&wid=MLB5120546360&sid=search,1,1,2k-5k,23.25
Smartphone Motorola Edge 60 Pro 5g - 512gb 24gb (12gb Ram+12gb Ram Boost) Tela Quad-curve Moto Ai 50mp Sony Camera Ultrarresistencia Militar Ip68 + Ip69 - Cinza,3059,5499.0,4.9,Motorola,Chegará grátis amanhã,44,https://www.mercadolivre.com.br/smartphone-motorola-edge-60-pro-5g-512gb-24gb-12gb-ram12gb-ram-boost-tela-quad-curve-moto-ai-50mp-sony-camera-ultrarresistencia-militar-ip68-ip69-cinza/p/MLB48998798#polycard_client=search-desktop&search_layout=grid&position=47&type=product&tracking_id=22548c94-20ea-4155-83aa-2a29dc678d8c&wid=MLB5389690592&sid=search,1,1,2k-5k,25.65
Apple iPhone 15 (256 GB) - Preto - Distribuidor Autorizado,4751,8095.0,4.9,Apple,Chegará grátis amanhã,41,https://www.mercadolivre.com.br/apple-iphone-15-256-gb-preto-distribuidor-autorizado/p/MLB1027172669#polycard_client=search-desktop&search_layout=grid&position=48&type=product&tracking_id=22548c94-20ea-4155-83aa-2a29dc678d8c&wid=MLB3621184765&sid=search,1,1,2k-5k,24.75
Smartphone Motorola Edge 60 Fusion 5g - 256gb 16gb (8gb Ram+8gb Ram Boost) 50mp Sony Ai Camera Ip68 Nfc - Rosa,1939,3299.0,4.9,Motorola,Chegará grátis amanhã,41,https://www.mercadolivre.com.br/smartphone-motorola-edge-60-fusion-5g-256gb-16gb-8gb-ram8gb-ram-boost-50mp-sony-ai-camera-ip68-nfc-rosa/p/MLB47251829#polycard_client=search-desktop&search_layout=grid&position=49&type=product&tracking_id=22548c94-20ea-4155-83aa-2a29dc678d8c&wid=MLB4027318137&sid=search,1,1,1k-2k,24.75
Smartphone Motorola Moto G15 256gb 12gb 4GB RAM 8GB RAM Boost Camera 50mp Verde,899,1499.0,4.8,Motorola,Chegará grátis amanhã,40,https://www.mercadolivre.com.br/smartphone-motorola-moto-g15-256gb-12gb-4gb-ram-8gb-ram-boost-camera-50mp-verde/p/MLB44665542#polycard_client=search-desktop&search_layout=grid&position=50&type=product&tracking_id=22548c94-20ea-4155-83aa-2a29dc678d8c&wid=MLB5237351728&sid=search,1,1,500-1k,24.4
iPhone 17 Pro 512GB - Azul-profundo - Distribuidor Autorizado,11699,12999.0,4.9,Apple,Chegará grátis amanhã,10,https://www.mercadolivre.com.br/iphone-17-pro-512gb-azul-profundo-distribuidor-autorizado/p/MLB1055308802#polycard_client=search-desktop&search_layout=grid&position=51&type=product&tracking_id=22548c94-20ea-4155-83aa-2a29dc678d8c&wid=MLB4200188179&sid=search,1,1,10k+,15.45
"Smartphone Motorola Signature 5g - 512gb 24gb (12gb Ram + 12gb Ram Boost), 3 Cameras 50mp Sony Lytia E Zoom 100x, Tela 1.5k Extreme Amoled 165hz - Preto",7649,8999.0,4.8,Motorola,Chegará grátis amanhã,15,https://www.mercadolivre.com.br/smartphone-motorola-signature-5g-512gb-24gb-12gb-ram-12gb-ram-boost-3-cameras-50mp-sony-lytia-e-zoom-100x-tela-15k-extreme-amoled-165hz-preto/p/MLB65938141#polycard_client=search-desktop&search_layout=grid&position=52&type=product&tracking_id=22548c94-20ea-4155-83aa-2a29dc678d8c&wid=MLB6373850588&sid=search,1,1,5k-10k,16.9
"Smartphone Motorola Moto G17 4g - 256gb 12gb (4gb Ram + 8gb Ram Boost) Camera 50mp Sony Lytia 600, Tela Fhd+ 60hz, Bateria 5200 Mah - Rosa",1078,1749.0,4.9,Motorola,Chegará grátis amanhã,38,https://www.mercadolivre.com.br/smartphone-motorola-moto-g17-4g-256gb-12gb-4gb-ram-8gb-ram-boost-camera-50mp-sony-lytia-600-tela-fhd-60hz-bateria-5200-mah-rosa/p/MLB65041664#polycard_client=search-desktop&search_layout=grid&position=53&type=product&tracking_id=22548c94-20ea-4155-83aa-2a29dc678d8c&wid=MLB4510840013&sid=search,1,1,1k-2k,23.85
Smartphone Oppo A6 Pro 256gb 8gb Ram 5g Ip69 Azul Espacial,2999,3199.0,4.9,Oppo,Chegará grátis amanhã,6,https://www.mercadolivre.com.br/smartphone-oppo-a6-pro-256gb-8gb-ram-5g-ip69-azul-espacial/p/MLB66177449#polycard_client=search-desktop&search_layout=grid&position=54&type=product&tracking_id=22548c94-20ea-4155-83aa-2a29dc678d8c&wid=MLB4536941689&sid=search,1,1,2k-5k,14.25
iPhone 17e 256GB Preto - Distribuidor Autorizado,5219,5799.0,4.9,Apple,Chegará grátis amanhã,10,https://www.mercadolivre.com.br/iphone-17e-256gb-preto-distribuidor-autorizado/p/MLB1066130044#polycard_client=search-desktop&search_layout=grid&position=55&type=product&tracking_id=22548c94-20ea-4155-83aa-2a29dc678d8c&wid=MLB6402322328&sid=search,1,1,5k-10k,15.45
Smartphone Samsung Galaxy A56 5g 6.7 Pol Octa-core 256gb 8gb,1998,3699.0,4.9,Samsung,Chegará grátis amanhã,46,https://www.mercadolivre.com.br/smartphone-samsung-galaxy-a56-5g-67-pol-octa-core-256gb-8gb/p/MLB65302568#polycard_client=search-desktop&search_layout=grid&position=56&type=product&tracking_id=22548c94-20ea-4155-83aa-2a29dc678d8c&wid=MLB4609819131&sid=search,1,1,1k-2k,26.25
"Smartphone Motorola Moto G17 4g - 128gb 12gb (4gb Ram + 8gb Ram Boost) Camera 50mp Sony Lytia 600, Tela Fhd+ 60hz, Bateria 5200 Mah - Azul",899,1299.0,4.9,Motorola,Chegará grátis amanhã,31,https://www.mercadolivre.com.br/smartphone-motorola-moto-g17-4g-128gb-12gb-4gb-ram-8gb-ram-boost-camera-50mp-sony-lytia-600-tela-fhd-60hz-bateria-5200-mah-azul/p/MLB65041642#polycard_client=search-desktop&search_layout=grid&position=57&type=product&tracking_id=22548c94-20ea-4155-83aa-2a29dc678d8c&wid=MLB6420215012&sid=search,1,1,500-1k,21.75
"Smartphone Infinix Smart 10 4GB RAM 256GB SSD Câmera 8MP + IA, Tela 6.67 HD+ 120Hz, Bateria 5000mAh, Processador T7250, Android 15 Go, Dual Chip - Preto",670,1458.0,4.8,123 Comprou,Chegará grátis amanhã,54,https://www.mercadolivre.com.br/smartphone-infinix-smart-10-4gb-ram-256gb-ssd-cmera-8mp-ia-tela-667-hd-120hz-bateria-5000mah-processador-t7250-android-15-go-dual-chip-preto/p/MLB56327005#polycard_client=search-desktop&search_layout=grid&position=58&type=product&tracking_id=22548c94-20ea-4155-83aa-2a29dc678d8c&wid=MLB5751262142&sid=search,1,1,500-1k,28.599999999999998
Kit Samsung: Celular Galaxy A17 256gb 8gb Ram 50mp 6.7 Nfc Ip54 Preto + Galaxy Buds Core Branco,1431,1698.0,4.9,Samsung,Frete grátis,16,https://www.mercadolivre.com.br/kit-samsung-celular-galaxy-a17-256gb-8gb-ram-50mp-67-nfc-ip54-preto--galaxy-buds-core-branco/up/MLBU3605578150#polycard_client=search-desktop&search_layout=grid&position=59&type=product&tracking_id=22548c94-20ea-4155-83aa-2a29dc678d8c&wid=MLB5957929002&sid=search,1,1,1k-2k,17.25
Smartphone OPPO A5 256GB 6GB RAM Branco,1169,1499.0,4.8,Oppo,Chegará grátis amanhã,22,https://www.mercadolivre.com.br/smartphone-oppo-a5-256gb-6gb-ram-branco/p/MLB51680761#polycard_client=search-desktop&search_layout=grid&position=60&type=product&tracking_id=22548c94-20ea-4155-83aa-2a29dc678d8c&wid=MLB5745515116&sid=search,1,1,1k-2k,19.0
Smartphone Motorola Moto G15 256gb 12gb 4GB RAM 8GB RAM Boost Camera 50mp Verde,899,1499.0,4.8,Motorola,Chegará grátis amanhã,40,https://click1.mercadolivre.com.br/mclics/clicks/external/MLB/count?a=2qgVoBTqHzh%2FjtcCdqVuuq76iwGqAI%2BQ8uR1FQwWZ%2F6kpRLwvsPeUnC5aTK89tvip976oBdVnpCxnwmUU1kNS6UVeeCd5UlcpGt9wgPB6wSdYmcud1YcwoGV7MNG2rhHj07un%2B9tCIdWF6TIkbX8C3tQT5EGtYsOnT6Crwal3cpjm1kTQRO%2FmlOR6nVywJpZUerfhEssLQ7sLyMoC2MsIUvuhXygELQuGSBbexgFxvxq3R6El7SOFEp3ZvvpgcyPqPi7wkLrHdYrplNYAwxoSTIDwP5NZtuSPFt7vilaroNwzh1dx%2FE6lORXkfwEBGSfg1mI1khxGy%2FUcqOjIFIvfVleUfU2kDlCRNV9WQKaRL3DoHvowXaoYCl0utYLPg4TjaRBhhV6GK%2FM6gbF0gA9npLJrmih63zKG1%2B54lDKv5IIG37IqY7JLdxpQ3fURc0ZfwA8v4%2FgDgarUr36SrNIDP9FK7H4zVN%2BykDjXM56y%2BzPjCC017zYdhwkAGDSUSv3WbMnavVvaBh4IdEPRGvjrj%2FYZm3v7fh7Nn4cQcQBcjz5Rxj743jdP1GDhmzs%2Bktx283PzbXMKWFF7%2B7OFGtWco3AGaKkaZl2szZjhtAS3LIWTXjRY2%2FM6k88qsG%2FMk2%2BPobQsFobmLqSbJHHfnEzAbdwCgn3lCvXDG%2Fp6s8mQCoFIbGWTEewU706R4XHTG8UibAy3OnBJ%2Bg9JvHJDGrOSN0HN7CLTi4BwoHRBuPpilXTy%2FZ6zRrEU6Bf8bI6M%2Bo%2B%2BbRUeZqPvCv17i8tIlf6C4juQ90%2Bupt16YzjpZ2NVqtoFLu8mffS%2F1lWlvg2hs%2F78iISrFmL1lk84FuyfkPD157r8OcVVM8ZsWfrF%2Fn8tAYuI1oQlDTix9%2FLNjEz%2Bpe3DSQH04bG8T51u%2FTUm00MVVGXgp1m9FTocAvpNpFid2%2B5t0%2FbIBiOLcMk55VtdwwvX7EDc0O61AnAOtjLwIxgmBb%2B1A%3D%3D#polycard_client=search-desktop&is_advertising=true&searchVariation=MLB44665542&backend_model=search-backend&search_layout=grid&position=1&type=pad&tracking_id=fc207d52-50a1-4efe-824b-43ba0e2acfef&wid=MLB5237351728&sid=search,1,1,500-1k,24.4
"Smartphone Motorola Moto G17 4g - 128gb 12gb (4gb Ram + 8gb Ram Boost) Camera 50mp Sony Lytia 600, Tela Fhd+ 60hz, Bateria 5200 Mah - Azul",899,1299.0,4.9,Motorola,Chegará grátis amanhã,31,https://click1.mercadolivre.com.br/mclics/clicks/external/MLB/count?a=YRSKjVi%2FYNqr%2F1VNhOLncyoOJCQpLRwFCdh5Pjq3WI4DBGkciX7rMV2mpD5PfbYFuY1U9zYKbPesDnehLBJI%2Bft1Tlqn5sdMP9kGXGMH8NLMBrIXJxURTIA%2FuMpM97KgOHUV7eYFYTQdk4DzgJT3FaW1fUxMnvsD5yEoKLM4F1vPY2czDIGSRA3RzOnhM0qmie1va0YRKQj27k18uM%2BGiS1JPYT1n9BexkCAhumGkkALdyElMH4aKK4r1HwB8cVGCuZbOf6%2BCwUUqZAIuNYri73TWs%2FHR%2FlXY%2BD3Pe5LVdVPABgUg92T5FlbM4l0NRcrWd%2FAzqy3oaR0LLD6XspnarZYK8ny1t6oy%2BvUgDJheVfF9rDQFGXIKBLPajMEyTBr8fIlh92ObzqvcRJzV045jiS8aK%2BSKS5Cve5EAWMF5Br0eyNpqS1cORCWaPdRmDqitykFpv3GIaTJVeQOmdDsIdOAe%2FFYQVyou1D7BYzVhKDRmB0xN%2Fjqkj%2BcIIDWUw%2BQ5PvHdlNf35WS2mZ5Hb1UQtqXU4m30IkSx66CkYwD6AncCg8rCmtz8psw2tcoEtTKh3r4W2D0h5b0HCzNR3dGrdaIM%2FLtq0C332Jr3%2BOoe5X%2FwXEErG9V89gXnsAfQsX9Elolk%2F%2Ffwf5gV%2F5nj6Xwm4wFU1sQIMdr0U8FWyY%2F3092BjjjARaimZiUWMH1T%2Bi%2B75VCuxVA91PKiEo6NegO%2B1PcbvLF2obHQJThuAHZH5kEKe8ghnDc%2Fc9FTl7CKnRklls1PmIhc8i1Hhd97HiK%2Bm8JS%2BNIdd%2FYT7mPETRojgvc5w8Mk%2FtoITWKwPoIjjCyXmC0ILFLlji7qdMEDBFv92EsJPNlBU3jJaaC06PaSyLwo9QXXjVe2pHmcQ9%2BgGp7OAqpJsitPMs1pPJRVK5veJE3vePekD%2BfCn4zgGqSRqZ57zeghz629t9QvRLO2wxgJywiJHNfAQhmCNnltYKasC4neq23vxqrjRB2GJfkhqdewi85ex%2FhlJPEinZxL66ieN1jCl7PqnuhslHtNQbT%2F8MJlA%3D%3D#polycard_client=search-desktop&is_advertising=true&searchVariation=MLB65041642&backend_model=search-backend&search_layout=grid&position=2&type=pad&tracking_id=fc207d52-50a1-4efe-824b-43ba0e2acfef&wid=MLB6420215012&sid=search,1,1,500-1k,21.75
Smartphone Motorola Moto G06 - 256gb 12gb (4gb Ram + 8gb Ram Boost) E Camera 50mp Com Ai Bateria De 5200 Mah Tela 6.9 - Bege,723,1349.0,4.9,Motorola,Chegará grátis amanhã,46,https://click1.mercadolivre.com.br/mclics/clicks/external/MLB/count?a=6fP%2FCYSmx2ChWv40y5uSdYsvmFQnFH2MQhUkcqVnm1ireLqfvcDtZZxyQU4D1ASC9Q2vLht9KdPtEFwj4a90LXVjqq7Qgm8MI1VcYj4pmMHx%2FJ4KPf7uTLaQnuqsmKkj6HdBgI0QfFehierHrvEh9zcNF6gkNNmDGti7bwiBc%2B%2FYkr7voFmtltXaGPk9Jz9MmWeIwM862p3QaPWzp6naY3IgpmKD8l8%2Ft4f7FR3xvUZ%2BKh5GbXaQDH4QoBGXgomQZ5dISZ5w9RHI6kZcd9SwoN7fSaGpiMLFfyEcJxro9X%2FHeDouR2t4gkBrKOTWYIvEiqCSJLoT%2FcnoBfk5abrOQqtbww688FFkA6fw0Zx7Sd4yQvmrecYImZnmMIV9RmawIEiIBBQ61Rk31JyUVmmuru5NTPuN1K4mqwIgPB%2Fw%2FkBoNCSqfgmTDdy%2Bs5R8b%2Fm%2FI1eMSpbTZdiV3%2Fq0saCzMatemH09dqRNSetW5fLdmQaNmK4XYi7Jdis1yExm8JciNfN14Zl%2FWq7l8skuSTfS5iJ5phBEns6S1fhXRDh2Bt2G73ehLiGHIaK2fzJMRH%2B1k9U3sCXCmietrESqP3qRCgidRvWUdtRylLTpcxfc7sSzie4sXIINdW0jeVLJVwrGrrBQ7w3y3DRNe6j4yXr48sVjlkv16DIIg9nqF99srKGcA7VM%2FBHegf4WQaByqE1iIjgOPUJSED5j9xOgTEbDEyhsnDwcVBMzqTzfJzcksf9RGED0Nr00EfLLW0rccCcuPMhmQDFI8FdfjMzlT8iymxZnOHn9E1zc2OcUT6PNxJiO3MtjQXh7tNK98oE5DOZubuXIRtUY91GNvaZoSWzLG%2Bl4woCjolZga0wfVCd51Cge4v8fLoK6lpDCD%2B5TyV5Mef3THMOTtJuk1%2FWTrkA7nGmwQlaAsWF7WB8snwpdbW2mIlXeLiq64CuW9DK3VND%2BW5ghb9RfdxnzwLdbxlyVNR7uzC9dSLCik%2F%2FDrbLjoZG2zA9jKW588XwCIsYNwf7s5Cz9TCz0cuDH#polycard_client=search-desktop&is_advertising=true&searchVariation=MLB55762063&backend_model=search-backend&search_layout=grid&position=3&type=pad&tracking_id=fc207d52-50a1-4efe-824b-43ba0e2acfef&wid=MLB5765125576&sid=search,1,1,500-1k,26.25
Smartphone Motorola Edge 60 Neo 5G - 256GB 24GB (12GB RAM + 12GB Ram Boost) 50MP Sony Camera Moto AI e tela 1.5K Super HD - Latte,1799,3799.0,4.9,Motorola,Chegará grátis amanhã,53,https://click1.mercadolivre.com.br/mclics/clicks/external/MLB/count?a=%2F8zzeje03F%2BlxRzM87%2FY4jzVEZQFnsksbCY8TVZSvtK2wE7KUMpHhvI%2F8bQUhUlHVSW%2BCHAFGr%2FUyXlsrdsdGR%2FKLv31np%2Fv1lemtGjJnP3MOPZsfEb%2Fc2ODnlLyC1v9nVPcC65qtQ6mpsxv2M4Rxjjdp4YHmKhB5GBVS5KOd38EYo57CS9czkvqqaWWbFisRSSKC0OLgnQri13z2CVwwjpARJqXPCeEmjcGech1OGsAPU6oTmXXuCJoSf92UoP7k33ZQOOnhaiwlUvWuP3nzo7gq%2BcXo7FnVA%2FhUMlFNOIgq14B%2B0knwblPzOf589vUe5SEiN63G6uP2obVSAcmX6Jui9G5gTqs128bibAdOC6WKHVF%2BeJKOjEzBOTjVG6%2B%2Bz54LLGMM%2FYkCGbHvEE7Z%2FuQJa3FLHEO4zK9Mdp5WyC16eoLdJOHJU5bPb1gGfxS3zSTFWB62fqubPyLHxUyhtr5LCAdFjBDuUiByU7bEGXRYypOF%2FgcKy3oBlLBEazMX%2BB1w1%2FlMaUteKfZp9kiiE%2ByGoQZ9%2FKfA29LE8KESCPfgmJ%2BmxYd%2BWBzeMcoHUTCE4qEc%2BYtLLvFJ%2BqzgjxzeYHAqralUgxzOyHaYtmhCyJ6s%2FVxS4kwovjqD3EvadsibLRszuyT8oXPoT6vGIFi3EWE5aCAthrOPLTNZ2fSYU%2BVseP2jwxPHG7ylj7YpZ27zuazAE6zlBGfjseHylcMKWgV2%2BPpPdHVHECIlbTwRi%2BWisxws%2BFZc2r8ERk4bjIRgbepbk%2BskU8WgjSxCNiUbzA%2FtMaigFIvxIIfjBUiYWp9kLI%2F9u1QwZACjfpqq13dOqkPkLspjgieJL7vW5qzw%2FXKIW0A9ZWgw1jlpkABjOVFJrGFLFfV89d4CoKdLVrKnrKs3NAw7h0reVqt%2Ff58DxV9qH02je978o8PnHMXo4MMgU2i%2FuvcYM1TVbcvNRKmm%2F7sonQ4q776GACRUZRD4G%2F53dCJepHlaAPGWawstyniEZxnBKCWsAQuq2sXWrC2II4jfhnLitT6HP4W#polycard_client=search-desktop&is_advertising=true&searchVariation=MLB58684606&backend_model=search-backend&search_layout=grid&position=4&type=pad&tracking_id=fc207d52-50a1-4efe-824b-43ba0e2acfef&wid=MLB4265763257&sid=search,1,1,1k-2k,28.349999999999998
Celular Samsung Galaxy A56 5g 256gb 8gb Ram Cinza,1998,3699.0,4.9,Samsung,Chegará grátis amanhã,46,https://www.mercadolivre.com.br/celular-samsung-galaxy-a56-5g-256gb-8gb-ram-cinza/p/MLB47114363#polycard_client=search-desktop&search_layout=grid&position=5&type=product&tracking_id=fc207d52-50a1-4efe-824b-43ba0e2acfef&wid=MLB5317821714&sid=search,1,1,1k-2k,26.25
Smartphone Samsung Galaxy A36 5g 128gb 6gb Ram Câmera Tripla De Até 50mp Selfie De 12mp Ip67 Super Amoled 6.7'' Nfc Recursos Ai Android E Segurança Snapdragon - Preto,1430,2815.0,4.9,Webfones,Chegará grátis amanhã,49,https://www.mercadolivre.com.br/smartphone-samsung-galaxy-a36-5g-128gb-6gb-ram-cmera-tripla-de-ate-50mp-selfie-de-12mp-ip67-super-amoled-67-nfc-recursos-ai-android-e-seguranca-snapdragon-preto/p/MLB47115842#polycard_client=search-desktop&search_layout=grid&position=6&type=product&tracking_id=fc207d52-50a1-4efe-824b-43ba0e2acfef&wid=MLB6410679768&sid=search,1,1,1k-2k,27.15
Xiaomi Redmi 14c 4G 256 GB 8 GB RAM dual sim cor preto,830,830.0,4.6,Desconhecida,Não informado,0,https://www.mercadolivre.com.br/xiaomi-redmi-14c-4g-256-gb-8-gb-ram-dual-sim-cor-preto/p/MLB41287578#polycard_client=search-desktop&search_layout=grid&position=7&type=product&tracking_id=fc207d52-50a1-4efe-824b-43ba0e2acfef&wid=MLB6628300600&sid=search,0,0,500-1k,2.3
Smartphone Motorola Moto G06 - 128gb 12gb (4gb Ram + 8gb Ram Boost) E Camera 50mp Com Ai Bateria De 5200 Mah Tela 6.9,661,999.0,4.9,Desconhecida,Chegará grátis amanhã,34,https://www.mercadolivre.com.br/smartphone-motorola-moto-g06-128gb-12gb-4gb-ram-8gb-ram-boost-e-camera-50mp-com-ai-bateria-de-5200-mah-tela-69/p/MLB61381499#polycard_client=search-desktop&search_layout=grid&position=8&type=product&tracking_id=fc207d52-50a1-4efe-824b-43ba0e2acfef&wid=MLB4515672567&sid=search,1,1,500-1k,22.65
"Celular Samsung Galaxy A07 128gb, 4gb, Câmera 50mp, Tela 6.7 , Proteção Ip54, Processador 6nm - Preto",599,899.0,4.9,Samsung,Chegará grátis amanhã,33,https://www.mercadolivre.com.br/celular-samsung-galaxy-a07-128gb-4gb-cmera-50mp-tela-67-proteco-ip54-processador-6nm-preto/p/MLB55034955#polycard_client=search-desktop&search_layout=grid&position=9&type=product&tracking_id=fc207d52-50a1-4efe-824b-43ba0e2acfef&wid=MLB5859349564&sid=search,1,1,500-1k,22.35
Samsung Galaxy A06 5g Dual Sim 128gb preto,719,989.0,4.8,Vikings,Chegará grátis amanhã,27,https://www.mercadolivre.com.br/samsung-galaxy-a06-5g-dual-sim-128gb-preto/p/MLB48946861#polycard_client=search-desktop&search_layout=grid&position=10&type=product&tracking_id=fc207d52-50a1-4efe-824b-43ba0e2acfef&wid=MLB6433836010&sid=search,1,1,500-1k,20.5
"Celular Samsung Galaxy A17 Com Ia, 256gb, 8gb Ram, Câm De 50mp, Tela De 6.7 , Nfc, Ip54 - Preto",1259,1399.0,4.9,Samsung,Chegará grátis amanhã,10,https://www.mercadolivre.com.br/celular-samsung-galaxy-a17-com-ia-256gb-8gb-ram-cm-de-50mp-tela-de-67-nfc-ip54-preto/p/MLB55254425#polycard_client=search-desktop&search_layout=grid&position=11&type=product&tracking_id=fc207d52-50a1-4efe-824b-43ba0e2acfef&wid=MLB4583723537&sid=search,1,1,1k-2k,15.45
"Celular Samsung Galaxy A07 256gb, 8gb, Câmera 50mp, Tela 6.7 , Proteção Ip54, Processador 6nm - Violeta",852,1399.0,4.9,123 Comprou,Chegará grátis amanhã,39,https://www.mercadolivre.com.br/celular-samsung-galaxy-a07-256gb-8gb-cmera-50mp-tela-67-proteco-ip54-processador-6nm-violeta/p/MLB54964804#polycard_client=search-desktop&search_layout=grid&position=12&type=product&tracking_id=fc207d52-50a1-4efe-824b-43ba0e2acfef&wid=MLB4277746349&sid=search,1,1,500-1k,24.15
"Smartphone Motorola Moto G86 5g - 256gb 24gb (8gb Ram+16gb Ram Boost) Tela 1.5k Poled, 50mp Sony Camera Ois Moto Ai, Videos Em 4k, Ip68 + Ip69 - Vermelho",1792,2399.0,4.9,Motorola,Chegará grátis amanhã,25,https://click1.mercadolivre.com.br/mclics/clicks/external/MLB/count?a=YZjx5RDHUFdaOv%2Fmaa3ynaOfbpxkt5qcM44aJ6Uz1oW3BrUCLpqO1vtJNWZxtPfUHqqYkWG%2FS7hh7uTek8dXFycAzsVm720XbyO9Q5s2bLzVbM%2BwBINeOIQTiW0pEjaTNJJ0zygPZyQtuRk5rujgaXME1drlJGxCSIsIrBx6BUAEchjXL1VAGRR3f2poXXyb40FElu0AiE2A5lJsUCX1Etp9x1v71g2DBPqfQu7nDCVsHEap0B84IEzrv8OqWGKR0cK2YZvjzipjJIPvJfN6hZs%2F54qhtlUj4CBR2DG3v85GarQDScJVD6ZNaaRP%2Ff8c781kDO6uTwcMGzPWusyLYZlYpBj8f1c%2FPimSgchD6O0gHrV1p39rqVc3l2WqDMMZt2HkA8XQrGvHEKuM3q1kSdDzhVYDx7ZwYzGCX7GK8qu5O7vQxaOyDbbNNpGR9TZa3hCRMX%2FYmCjLgHoB8WFfpMZlfI6FXJOYbvtcnsy89ogQCB8zunRQoEoD4g%2B4yI%2FwJ%2FLJjwc391lJZsybADnMDZr15dcwx6nRKrB4uxDj3GH4ukWwhTtmQrteD1e%2F%2FuU9SaopUR54gxZKTvm9a0%2F%2F0Y%2BwbsqiEN3ZOlk907mmFJhyX4LIcvqzuW%2F9Wz2JLrGuCqr%2FGsKG%2BO6WILxnAGuPlDvUITwx4GEOs39iwRk%2Boq3DZFhwaxKLhwGOx4BItP0ExqWUCmG2fuEVZG5EIMknxWoWlnRcfsWwmNhzgDfflfNYRs30LJ4a%2BtCi6D0HwwHWgzDjFg32cZE%2BjLFTOegQuY1Wy4qxOpsw8mh60Apxkq5fMjb68Mptl04mV9fQOeBMgWUWk539DxWCeIMAIwGiS2lfgyE3XOUk3J9Lf6PDbFbyCLg9NUwn%2FocrzFk%2Br2SQosijsf0CVGRndh5ToUsF2ZguYzQGE3BL0aVJ8Bj0hwBa%2FjNidtCIyylHU6CDbF3EUS%2Bs5tbsn1UuJwawnDG9WTbPp%2BQrBcQKCBgjhL%2Bmi2VIWpCq27hvFYsIxsHQo%2Bk%2BZSEDLaW9KfYF9JaBJ569Djg37vvOSHfTMICNYcUv4XY3VZiK#polycard_client=search-desktop&is_advertising=true&searchVariation=MLB51340616&backend_model=search-backend&search_layout=grid&position=13&type=pad&tracking_id=fc207d52-50a1-4efe-824b-43ba0e2acfef&wid=MLB5462013472&sid=search,1,1,1k-2k,19.95
Smartphone Motorola Moto G05 256gb 4gb Ram Camera 50mp Vermelho,699,1199.0,4.9,Motorola,Chegará grátis amanhã,42,https://click1.mercadolivre.com.br/mclics/clicks/external/MLB/count?a=NZz980Jldrf4AE%2B0UMa0zHAYLyZ%2FLEemaaGDJMiMrOR9s%2Fnlm3cujhfFgvZ%2F2ABUgpJeFtTJYXHbOzHIDHvJ%2BV8X7TBjKHpO%2FzSbwZCKWsSQgXS1eyjgIeiIZjgXEanKDuuS9W8zaPZkAony0%2Ba96Rg4gouT%2FiPKT5HmFo6ZNw7Fz1ZIo6JA9loqDOmgi8lxOWI%2BOTKubn%2B2KUIsmS04L4Z2uqWYqx7Swd0lwZ7IwhZdTO8a0dBJ%2B9AwW9GjNRgzSnoJVm9zSXEmggjKKucoI%2FKklbJxCCTPsXK99pUl2SKFCsxMdycbqH0akqCeOUEfg2gmYFMks8o3rpN6e3bjOabd2HDLWJlXTNx6xte4FnF4kW2tYCFQ1Zh%2Fua6huWmTx08bj86giR6Gkg1mSGPZVb9VyN7IiAgFqDPeLk1EDCu8hNw17j64xeX%2BnNsRppnzptQeXhD%2FWqyOkQ0w1Wjn%2BA%2BvWZy6l%2FtVFaEhhLvb6cXj%2FF9yQK3njvuD59a1aPrWqJ8%2F51RtzQnte802H8JRbJDOqIO6bn2%2B9AyEfQ8oCAvVjMYlxxk3ocHOnvfD%2BsybIwgk8bqFE1vgqqmqcz1QucJjfk5WlUXV%2Fu95V0B2REr%2BPTDS8%2FLXBm8ckZlYMy6L2YABu7fS5toTaB%2B1pbH4fBNRR%2FdpNVL5Jd%2FrwqxhxTtCCu09V46fetoa%2F%2Be56hutxn6HP1vdh4jss2kW0tysHSxMjxKYkGCo1oteUdgoWjcPTkVftW4lji29yDin0sJAlCVZsn0ns%2B6AbmalxpyZ12rKbk8TGv0JGyIH%2Fp304VTrMn0Cv1s8%2Bx%2FgX6xJr9KXuSO9%2BdPIqhieTMZ4Sv3mQiGHNTzYLaJThfq4TK9EuOJMh6ceTuGLERL7VlcB4Qf%2FB6sLaPuayCkrH1ekSrOv2FPJnn7CjdfRIzSNMx%2FTJkpMYq9LBD8Tx3IyIKBDsV5gzJ0xuI1%2F#polycard_client=search-desktop&is_advertising=true&searchVariation=MLB58493174&backend_model=search-backend&search_layout=grid&position=14&type=pad&tracking_id=fc207d52-50a1-4efe-824b-43ba0e2acfef&wid=MLB5774641722&sid=search,1,1,500-1k,25.05
Smartphone Motorola Moto G56 5g - 256gb 16gb (8gb Ram+8gb Ram Boost) Camera 50mp Sony Lytia 600 Ultrarresistencia Militar e Ip68 + Ip69 - Cinza,1598,1999.0,4.9,Motorola,Chegará grátis amanhã,20,https://click1.mercadolivre.com.br/mclics/clicks/external/MLB/count?a=0xIvZm8sDwxYDLWWKPE7iG%2FLzQIQqbWogvMNptuC%2Bh0K0WykKrCBamRWuPceEIm6aO9XvJcCO1X3hPsLmaulaS5ok%2F7lOJ1s8QS%2FdkO%2B52sAxvwSYc4C1q6RkjcosVeAEFMk0N4B1SuMKwj7BeHz%2BFX6I23F0hQTUQK7eqQumxdF5iSTkvR4oxyMyWOSnDztSj7UGQlEZ7SPwdUQ7T4UcSL8MjXK5pQurmpRIOc8XMWauO%2BlikVvSGau3McobD9ocuFc2t5GCh3TsFVrn2yJeBU71lyBYTXpEuY6I6gXJ4LMKZmaFVThd2AtCj7BYgf6Npl%2Fd34f1UpaEwimYMjn6h5n%2BpMgXEgMyEWqucJ6w07AsxFz2cZlXEPxlRMj8L1FBqyGjVZhoh9isf1epzcVlM66To4aDcAFA7%2F6%2FBzQF0Ag8uygRCi0khUoFicnCe1445CdF6IOuOpc1n25GGYd5U%2FZE9%2FGNaIT99GVvoah2LKNoxHhVBbH8sX8XkLAjT712jOcS0Wyz%2BGLCPWDi%2Bj93OVO%2B15FrJx4y%2BrixrVqDlaRGcl60N7tqrjD%2B54gJeRgJrG38OyUNE6W1srNxMLygAATB0VRc43Gw5hqeDWmSFT28E5Gg%2B%2FkzIX5sC%2BdWOMftjOJK%2BF41r6wrntiJrvM1elD2qwrBphEnhBFTEkVWD9Fsksvqa0jqUOPdaHdZDB7FbPVxvPRfTfl%2BP%2BRuJhU6rXYYB0m3w%2BKtLwiAkwKSy9xVuFxKaJ96YMDcp88EfnxNcFuyzUGYYPMUQnZzl2SGT85Ca5o%2BLF9Rz5S1haxe1rKx8IJzqMcAxhtmzkphZ9aeAkUqhq26XuAN4PQdd7SKrZ47fodMogDs80nr9rmXS4%2FiiwfEjAAgICeTpf3JwV7CWClnqcHH6wWwVGs8Z6zpCU3LREoUhmrV75a3Lj0uAmpjkXLpi5%2FPTwkrAL1L8xYVvU2Fgoj%2FRISQHvN4fkKW1be7i%2FHnPanCibeT7B94xmqzOIKOCQ9mJ8FVYH3vZfiNmrns0%2FuJ%2B3lsLtBB1zXmRzHTc0JLLznKA1gUQc%3D#polycard_client=search-desktop&is_advertising=true&searchVariation=MLB50301060&backend_model=search-backend&search_layout=grid&position=15&type=pad&tracking_id=fc207d52-50a1-4efe-824b-43ba0e2acfef&wid=MLB5402372302&sid=search,1,1,1k-2k,18.45
"Smartphone Motorola Moto G67 5g - 128gb 12gb (4gb Ram + 8gb Ram Boost) Camera 50mp Sony Lytia 600, Tela 1.5k Extreme Amoled 120hz, Ultrarresistente - Chumbo",1529,1899.0,4.8,Motorola,Chegará grátis amanhã,19,https://click1.mercadolivre.com.br/mclics/clicks/external/MLB/count?a=sZy7RKrRlz9L1J%2Fhn7LHhGrjsp8neJNxgLIjvKBOcPDstMqysperqzBS%2Bq2uhaztA0tsY4%2FjIIg65x7qoAgXVvT%2BuYtR7CnXwnC4vVbWuGN8jEEdpIPmJjBytLpQf2PSM7QwrwoluW3IC7Z4haP7RLLLfgcp%2BpRO4t0Vy%2FJ2irLhrrau8N%2FDHsd571D8tLu%2B6pYy%2F%2Bhdts0HDeKclfuNqNL%2FYTrmnOtYVEgMGCoKNH1CJbCv%2Bx5Zlnmdc%2BXOG6CBV5PH%2BcD0Ow8%2FJ6uAGnkEXKquqS9WZAQjGJNstUiXZAwP5lZKA5F06vHGZ6cYhffyM%2FIG2FcH3ok8Spy%2FwYbfEo1ymdxfhCLm1%2FieiWEtyenGNE37vXDSoIhzv0%2FiZuSPMUZpuZDOlB6J%2FN6pHf0xQucqRpz%2F9Wo%2F7yoAnFBo5FVTesX5f23kN%2FKQJcPshMoXwsQJdpYQtPqmj%2BPg2aBF7K2y2VdUdH1c9tgzIPKh0jQ47spCT2yKyl6HnZ9nIxzr8qATjI6CKFxLcOUXs23iFerKm0Lxrjy8ftokgXlMyhCGTl8OllPD82wndEE4Kv9CgHc6Il78JkALyg5qiCsBZ6tuIRPrvlU9oe3BVj8kI%2FNG3SSx6QnLZdNQbqTqL%2FEJKDHsd2mfwd%2FrkyKA%2BHbyxukPC8NnapXwY2LVth%2FoXDmw1WR3RL1kNAijyJOviWMEH1vHJW6xdU2vVTcsAfVT%2BYxbYcoghRO1C05Ypol1%2BALKVhG8xOTuEKgScWsD28bfrgo5NFXftbMGoO8J9o7F%2FlPhF9bemL0PNglDj2MvEA%2BPxI58%2F7LpUtA%2Ffex80Ot42zZL4%2BHlD9%2FIASEwo43US%2B6dN4ef%2BoZHwF8XgaPXwmtC1k%2FyPfiiR%2FyQJ0JtiI%2BXoS%2FPt0V1j6CVuKmkUarrGiqS7soq7kU%2BTg4Jwx998sNwmjQkNsCdGRXwybKcjcKOTzE8mdvJAiSDSyFHysKj88CM4C9cHWekHvKb8nkCXtF7hmbLLV2pbSBEa16O2B1fWxbg6MgyxIHRb1M6dYxCWgKdObxO50Utai0Somb8lwlKFAoq%2B9DCOJA%3D#polycard_client=search-desktop&is_advertising=true&searchVariation=MLB65319818&backend_model=search-backend&search_layout=grid&position=16&type=pad&tracking_id=fc207d52-50a1-4efe-824b-43ba0e2acfef&wid=MLB6420538026&sid=search,1,1,1k-2k,18.1
Smartphone Motorola Moto G06 - 256gb 12gb (4gb Ram + 8gb Ram Boost) E Camera 50mp Com Ai Bateria De 5200 Mah Tela 6.9 - Bege,723,1349.0,4.9,Motorola,Chegará grátis amanhã,46,https://www.mercadolivre.com.br/smartphone-motorola-moto-g06-256gb-12gb-4gb-ram-8gb-ram-boost-e-camera-50mp-com-ai-bateria-de-5200-mah-tela-69-bege/p/MLB55762063#polycard_client=search-desktop&search_layout=grid&position=17&type=product&tracking_id=fc207d52-50a1-4efe-824b-43ba0e2acfef&wid=MLB5765125576&sid=search,1,1,500-1k,26.25
Smartphone Motorola Edge 60 Pro 5g - 256gb 24gb (12gb Ram+12gb Ram Boost) Tela Quad-curve Moto Ai 50mp Sony Camera Ultrarresistencia Militar Ip68 + Ip69 - Azul,2694,4499.0,4.9,Motorola,Chegará grátis amanhã,40,https://www.mercadolivre.com.br/smartphone-motorola-edge-60-pro-5g-256gb-24gb-12gb-ram12gb-ram-boost-tela-quad-curve-moto-ai-50mp-sony-camera-ultrarresistencia-militar-ip68-ip69-azul/p/MLB49085450#polycard_client=search-desktop&search_layout=grid&position=18&type=product&tracking_id=fc207d52-50a1-4efe-824b-43ba0e2acfef&wid=MLB5382324466&sid=search,1,1,2k-5k,24.45
Smartphone Samsung Galaxy A36 5G 256GB 8GB RAM,1521,3299.0,4.9,Samsung,Chegará grátis amanhã,54,https://www.mercadolivre.com.br/smartphone-samsung-galaxy-a36-5g-256gb-8gb-ram/p/MLB47111905#polycard_client=search-desktop&search_layout=grid&position=19&type=product&tracking_id=fc207d52-50a1-4efe-824b-43ba0e2acfef&wid=MLB5317478858&sid=search,1,1,1k-2k,28.65
"Celular Samsung Galaxy A17 5g Com Ia, 256gb, 8gb Ram, Câm De 50mp, Tela De 6.7 , Nfc, Ip54 - Preto",1576,1899.0,4.9,Samsung,Chegará grátis amanhã,17,https://www.mercadolivre.com.br/celular-samsung-galaxy-a17-5g-com-ia-256gb-8gb-ram-cm-de-50mp-tela-de-67-nfc-ip54-preto/p/MLB54961455#polycard_client=search-desktop&search_layout=grid&position=20&type=product&tracking_id=fc207d52-50a1-4efe-824b-43ba0e2acfef&wid=MLB6574985998&sid=search,1,1,1k-2k,17.55
Celular Smartphone Realme C73 256gb 8gb Ram Dual Sim 120hz 6000mAh Violeta,1149,1999.0,4.8,Webfones,Chegará grátis amanhã,43,https://www.mercadolivre.com.br/celular-smartphone-realme-c73-256gb-8gb-ram-dual-sim-120hz-6000mah-violeta/p/MLB62258511#polycard_client=search-desktop&search_layout=grid&position=21&type=product&tracking_id=fc207d52-50a1-4efe-824b-43ba0e2acfef&wid=MLB4334411855&sid=search,1,1,1k-2k,25.3
"Celular Samsung Galaxy A26 5g 256gb, 8gb Ram, Câmera De 50mp, Ip67, Tela Super Amoled 6.7 , Nfc - Preto",1405,2167.0,4.8,123 Comprou,Chegará grátis amanhã,35,https://www.mercadolivre.com.br/celular-samsung-galaxy-a26-5g-256gb-8gb-ram-cmera-de-50mp-ip67-tela-super-amoled-67-nfc-preto/p/MLB47424244#polycard_client=search-desktop&search_layout=grid&position=22&type=product&tracking_id=fc207d52-50a1-4efe-824b-43ba0e2acfef&wid=MLB5474927460&sid=search,1,1,1k-2k,22.9
"Celular Samsung Galaxy A17 Com Ia, 128gb, 4gb Ram, Câm De 50mp, Tela De 6.7 , Nfc, Ip54 - Preto",899,1499.0,4.9,Samsung,Chegará grátis amanhã,40,https://www.mercadolivre.com.br/celular-samsung-galaxy-a17-com-ia-128gb-4gb-ram-cm-de-50mp-tela-de-67-nfc-ip54-preto/p/MLB54987753#polycard_client=search-desktop&search_layout=grid&position=23&type=product&tracking_id=fc207d52-50a1-4efe-824b-43ba0e2acfef&wid=MLB4217306791&sid=search,1,1,500-1k,24.45
"Celular Samsung Galaxy S25 Fe 5g, 128gb, 8gb Ram, Câmera Tripla De 50+12+8, Tela Grande De 6.7 Jetblack",2868,4499.0,4.9,Samsung,Chegará grátis amanhã,36,https://www.mercadolivre.com.br/celular-samsung-galaxy-s25-fe-5g-128gb-8gb-ram-cmera-tripla-de-50128-tela-grande-de-67-jetblack/p/MLB61692896#polycard_client=search-desktop&search_layout=grid&position=24&type=product&tracking_id=fc207d52-50a1-4efe-824b-43ba0e2acfef&wid=MLB6087231690&sid=search,1,1,2k-5k,23.25
"Smartphone Motorola Moto G17 4g - 256gb 12gb (4gb Ram + 8gb Ram Boost) Camera 50mp Sony Lytia 600, Tela Fhd+ 60hz, Bateria 5200 Mah - Rosa",1078,1749.0,4.9,Motorola,Chegará grátis amanhã,38,https://click1.mercadolivre.com.br/mclics/clicks/external/MLB/count?a=EwpTodBMlTDypC4cIxNlM9ntAuUP6s%2BhS0biwC2a0eSDMtyg6lEIrKqq9gdKDm9yt0zYTJFDkGsJExqiN6%2FCTdZoWwo8L8avWIs5Pn3VoyuqTtGK5uqqTMGUjcRX2E5%2FYSYYDNazqOQvPbiq5HStneNzdHaLDZeKbvBeNG0cFgg28PePLanvMhJyg4RP5NlQHlbsjKFpn1zPWhhXH4pFSNFerQCJlh%2BEpjyDp%2FcETbjMKK0bNmRli%2Fioryr8203I5Ll9pQrSp%2FLzUTJsBVXgX6BU2G22HHJybtqFJ5j%2Fuqzz%2BFRQcEs53AGZ2D8%2BYaIvAnIYPxhJ76QYOLa4FmTMvTghP%2BQ8mF6ATjus6dT%2FyvXvBdi49LjRO1DdqSXKedAiBawImJoSBig%2FbR150QRhnOBcQKxr%2BAp2XESmDQM8c%2FZYut5DpknpI5PkJKlxr6KPtF%2FE6tmpE7sC3AZre24F9JmJAwZli7qM0HIn8CSZG1JA%2Fmy05BAy2B%2B9Z%2BeSrT9OPBaUWGFPIz2hAmh03%2Ba7At36gh0qYy88cOOQQpRF%2FNM%2FTx8OfMAkCp7%2BskN4A5NaofwCNYrr4S9KhK2u4OsHP7TtiuXaOsuKw0%2Fk6BhmPWwdhcMKeR4JnMuRBB6VRMzwMrbYEpTFqWI58K0o2oyuBLffDIgouLVS30gUdtaUVCrd17yBHfyOiFxjtQ6Lnu8CqvbVstiMIp%2FVhWprb0nURCOF6xI1KuQwzubdQrHkcIy6n73u0A2Q6WJMzEP%2B1tW1S7DF%2F9fEL9j4i3FSBE3jNwtGLnFV%2By9v9E4NiItDM0dATqnjE%2FnIRUllzqrebQletQwj2c6pB2FZOLCWueHSjCrEqLzbQx9Bx7ydyvC%2FTa5Xd9LQ8%2F5vunwyOSuWaB3f%2Fat9VOplZy85SPG2TCVsQXiQgiYQ1RX0pezy8Ds9huOIBacgpmVdhvR3Bx9wQK0MqBNHdmFnkHngKE38AtlL%2Bnxt0AGsIHb67YyLRb2ytdWqFM4eXTqOufE6MPEjOPn54T4ceva2lxHtJA081uoTHYAt%2F56H#polycard_client=search-desktop&is_advertising=true&searchVariation=MLB65041664&backend_model=search-backend&search_layout=grid&position=25&type=pad&tracking_id=fc207d52-50a1-4efe-824b-43ba0e2acfef&wid=MLB4510840013&sid=search,1,1,1k-2k,23.85
Moto G15 Dual Sim 4gb Ram 128gb Azul Marino,699,1099.0,4.8,Motorola,Frete grátis,36,https://click1.mercadolivre.com.br/mclics/clicks/external/MLB/count?a=RrRMyRkdsvFGKAIEADMknvLiL7BxTMzfEN5LcL7dlziB5ffTx%2FKbx1deDdWJzz%2FGS5zSnMBiJYCosyPuFpjjwEzGZYBt%2FteaQzOVYh4PEC9KtkG9Rz6d4%2FrVWAAYboCk9bpRJ3KmLuOR4Zpb0oTyqlAIqX5tc%2BO9%2FVMqP0iHOdSMV6X%2BxDQSZZzXcVvQz2IfuALdXiVSyeHcThxpWWzSSNKwh5MGup%2F0oGN2exN9tauSKelYEEfvi%2Bg53xysy4sT3I%2FlGHhg2xH61SgDUm5Lxi47bKCEQDElva85EkxZvLxjyMWFdz6slDXbJcdh68riSPB9Bp9PM3nmIoqpjjaDrOwx3tx49awLt7YYfROVvcJzEac2yWzi2ndbnLp4HWHh0CaF0OJ6x5PkDaxl2MsTxNx2jMxV6mDiFIYhnTTw8a2BGOKMOV%2FaMYT3oLvwgBUr2kao%2FD%2FIJu6QQ7epCoqaDi5xNdSSUtqZ%2Ba2Su99BOfpW9T2m0GEuIEgZuUmHTik2y5Euok0Q3Rk%2BVDB6X8KUSy6i2%2FqI6Cgl42gNgD%2BQMF%2BsR6R69fLjR85bI8v0LGOTLVkZxeMuWjwzW8B6WUxk0AJUHfq%2B2VeEZwucR2r8gQikPeIV5%2BfsDTgF0PZmvL4uUNcz%2FM50fUJfNQgFyGY6hXx6IeKs4%2BfW55Qq5jpDHaOySnS2FnUk3PBIRrLMWthKx%2FVmu%2FilENGqNQevjsD%2BHeMZXN3sK%2BvCywz0QFaIYmB3t8C6hHnI2nYOAgHm1OveQQuYwDawRjSB5GoVHcmbbVN58rMavwDGvQ6iYkcETgulU4Nb9yUfT%2Bh%2BnfB4s%2FgafCWN139Zj4CNUnkgvB0BFpGLowSRo04R%2B%2FxK%2FC4RuBHjvYmE%2BEgErzkaDPSLKixnoKWdC8EfTl9XiBAInMkS4CcDdzBf3e6EwCRwX%2F1RnojN2Q%3D%3D#polycard_client=search-desktop&is_advertising=true&searchVariation=MLB46056608&backend_model=search-backend&search_layout=grid&position=26&type=pad&tracking_id=fc207d52-50a1-4efe-824b-43ba0e2acfef&wid=MLB3975530813&sid=search,1,1,500-1k,23.2
"Smartphone Motorola Signature 5g - 512gb 24gb (12gb Ram + 12gb Ram Boost), 3 Cameras 50mp Sony Lytia E Zoom 100x, Tela 1.5k Extreme Amoled 165hz - Preto",7649,8999.0,4.8,Motorola,Chegará grátis amanhã,15,https://click1.mercadolivre.com.br/mclics/clicks/external/MLB/count?a=zaUh4lN45Hll32LaTCjyzHoLUtc0dE42MNNI0E1%2BHDJAN1wnvkPB6RuT82WgaNlActOkRVZ6fiD2l6Pqx%2F38UGocyT5Xi0gHblYHgWRT%2FgrA%2F3hfcA1M78%2F%2BWmP2bP9sIgEfjG13bMO%2FqFUB6P22JbFLdYMGzV02KZmB4dtzTZTTO2yha7oJZ5CgxwRDV49d87RwL%2BpxveBWGw%2BTxxZsPF1ag7tfoOudFOQP1M%2FmtQ6q1VwHl5BjKe9xoBdEPUfvwJlG6A3FnwLAfsHk3oKkd4yCpqo%2BCuvlBY2JykcFRp17E4vmb04Jmrt3OrQIpZYSixGVwOSld8uk4kJoqUDF7GJEpp5yAvIH8lz0wi9xUfz74UnApPbYizZ2G1lioDGAbwMBucozHmDzZhwH523jtqb3HBmLSmxF3%2FgvYUuXGFFQCuqBVc2tyEUH7%2FnprQ%2Bil2KfChwp03Ia0XnuOeEi5kQKY%2BCYuwpLlryZXcQ2yiyzuUJF7RMFbIsuTNZwqb6vCS24LZ%2BFexB%2BKKwyzhSpjqXdwIERc4SGo9tgZN8NkpUVaqK95xN6dzDRLo96lrWm3c4tgr9oD9Gmf421sR%2Bg5fGcGViEPfwZIVq5e8GXTbu%2FkVK6D%2B9gZfm0UINUNVdGf%2B2GkRAreHBfAuch9s8AD2sghNsSckzpC6ls71amJgKuzv10vsZqXN0Pnn%2FqlMMTVkItdy%2FWOLoLfu3jchxK9HT7e9i7NUV5S8SFXFc9MFXfc00C4sT09LmtkRRCEEvi0qX4lPAbLCB6G5Ravb1lfUwnd1TtzVHFWT8S1rXooeUqy8nmbZdqYg1uZ1PgC95NjSWs4YhOYb%2BJ0Jf68MeuwspOVB2KYM%2BHNMtQIVaFp9Rm24u%2BK%2F%2BruY3gQxduVMM5wVTmix1HwxhtG2GCabtXNIF6Y4FE6OTmJIUsWo4ffunVfDdL1gZI6IIEEnwuP1abPcFzeJVgCrQfltpe2UXZ2CPItxWzefTb%2BEIQA6Z35GGi%2BwQCHi5WvMNBlI27TS9OWNVxFH13MbSDLckyFblKrdMTjQw37lrnIHhDHoHiFcPVhdK3#polycard_client=search-desktop&is_advertising=true&searchVariation=MLB65938141&backend_model=search-backend&search_layout=grid&position=27&type=pad&tracking_id=fc207d52-50a1-4efe-824b-43ba0e2acfef&wid=MLB6373850588&sid=search,1,1,5k-10k,16.9
Smartphone Motorola Edge 60 Fusion 5g - 256gb 16gb (8gb Ram+8gb Ram Boost) 50mp Sony Ai Camera Ip68 Nfc - Rosa,1939,3299.0,4.9,Motorola,Chegará grátis amanhã,41,https://click1.mercadolivre.com.br/mclics/clicks/external/MLB/count?a=GZ6%2FcI9LlO2HvdduCVlZHgFwipYYTrqbbxcO5815SQQCYTC7wEAgOeMBslrygm9NYXadkYXaN8RCq3dartRaCxK5vfuMbw3UVoYS6m7or3lvJeiy4L2Slq3BycLZzn04fdL02di3p4oNW1hJd%2BxzmAK%2BTkkLHLD%2BDrY3zy1fFP5Lt5kin5dgRnnWI%2B%2FJ1rwhIxYbrcJavgf%2FIHKFKClUXOLNE2Uvka27P%2FjVBPJaAy3eOnYHQhwWc43uELViMtmqXorP5Ylz5YjKsN7COPzyzpTJ2NzEvmrMMyxw5jOPAgQPofbhWFc6m1zKOo5IHWS5Wv76a9WXgcHdf4dzXJlGaDQaYB3J6vqLMwm9z96YE%2F1X6G77GFSf1G3D61YSiXYHTKa5c3fV1ulQ%2FzvAhdmkrv%2BYHDPkvMgsZ5TAhV12f36kiserWMStz8JZLRwCyp1iIa84%2Bx2inVmeM0wj6CopG3m51ZvIMzdnL%2FUFIwDeBtNCwwpv0823FZgPElHAOSvHaIwru%2FBJvEk6cAqOmclwJqXVftZ8UwQBYH0tI09X4v0P8tT607UM8rXzuAFJXHBbA8p71cCDmYCRR5gMPbkWjubdnFZN4%2FKOx6%2BAp7kyCEadjD2K3iVLDQPFPmICytBAGN9tsLSXGORv70kWFfxQa6hIREHhWVnwvuUiAuf3GTr9rsQ%2FCsbCqlm6syEVVQbB8nGN1bFaCVxJHa049Vx0l6EGBGgrGu4elkJzosv4xxeibBVrdqoJVz0eBMdOGfCYFMUosf9ft9ARGDTBjMQLMDpzSR%2FjOf3LEMn4NvbQAsxUB3lK3TPJiUrX2qJfVNv%2FCKaF3vo%2FqBsR7dww5WQ8zq3sX7Y252CC7nv9CYrvi36yUPE8kMOyccyKk71UCp2nHKJkqXmA83fFV3g8784QjaQI6v%2Fp9Ys3ZCBleM57qT%2BUZhn1pHM7yANRNkv6Ff5bouvSr52rh0knD5TNFg8385Ztl9cjVsQfox3Nywx%2BJEZ6gfH9M4FAJScco93PaCc%3D#polycard_client=search-desktop&is_advertising=true&searchVariation=MLB47251829&backend_model=search-backend&search_layout=grid&position=28&type=pad&tracking_id=fc207d52-50a1-4efe-824b-43ba0e2acfef&wid=MLB4027318137&sid=search,1,1,1k-2k,24.75
Smartphone Motorola Moto G05 256gb 4gb Ram Camera 50mp Vermelho,699,1199.0,4.9,Motorola,Chegará grátis amanhã,42,https://www.mercadolivre.com.br/smartphone-motorola-moto-g05-256gb-4gb-ram-camera-50mp-vermelho/p/MLB58493174#polycard_client=search-desktop&search_layout=grid&position=29&type=product&tracking_id=fc207d52-50a1-4efe-824b-43ba0e2acfef&wid=MLB5774641722&sid=search,1,1,500-1k,25.05
iPhone 16e (128 GB) - Preto - Distribuidor Autorizado,3699,5799.0,4.9,Apple,Chegará grátis amanhã,36,https://www.mercadolivre.com.br/iphone-16e-128-gb-preto-distribuidor-autorizado/p/MLB1046215784#polycard_client=search-desktop&search_layout=grid&position=30&type=product&tracking_id=fc207d52-50a1-4efe-824b-43ba0e2acfef&wid=MLB3986439067&sid=search,1,1,2k-5k,23.25
Smartphone Motorola Edge 60 Neo 5G - 256GB 24GB (12GB RAM + 12GB Ram Boost) 50MP Sony Camera Moto AI e tela 1.5K Super HD - Latte,1799,3799.0,4.9,Motorola,Chegará grátis amanhã,53,https://www.mercadolivre.com.br/smartphone-motorola-edge-60-neo-5g-256gb-24gb-12gb-ram-12gb-ram-boost-50mp-sony-camera-moto-ai-e-tela-15k-super-hd-latte/p/MLB58684606#polycard_client=search-desktop&search_layout=grid&position=31&type=product&tracking_id=fc207d52-50a1-4efe-824b-43ba0e2acfef&wid=MLB4265763257&sid=search,1,1,1k-2k,28.349999999999998
"Samsung Galaxy S25 5G, 256GB, 12GB, Câmera Tripla - Azul claro",3898,5999.0,4.9,Samsung,Chegará grátis amanhã,35,https://www.mercadolivre.com.br/samsung-galaxy-s25-5g-256gb-12gb-cmera-tripla-azul-claro/p/MLB45513356#polycard_client=search-desktop&search_layout=grid&position=32&type=product&tracking_id=fc207d52-50a1-4efe-824b-43ba0e2acfef&wid=MLB5264376996&sid=search,1,1,2k-5k,22.95
"Smartphone Motorola Moto G86 5g - 256gb 24gb (8gb Ram+16gb Ram Boost) Tela 1.5k Poled, 50mp Sony Camera Ois Moto Ai, Videos Em 4k, Ip68 + Ip69 - Vermelho",1792,2399.0,4.9,Motorola,Chegará grátis amanhã,25,https://www.mercadolivre.com.br/smartphone-motorola-moto-g86-5g-256gb-24gb-8gb-ram16gb-ram-boost-tela-15k-poled-50mp-sony-camera-ois-moto-ai-videos-em-4k-ip68-ip69-vermelho/p/MLB51340616#polycard_client=search-desktop&search_layout=grid&position=33&type=product&tracking_id=fc207d52-50a1-4efe-824b-43ba0e2acfef&wid=MLB5462013472&sid=search,1,1,1k-2k,19.95
"Smartphone Infinix Note 50X 5G 8GB RAM 256GB De Armazenamento Tela 6,78"" Polegadas HD+ 120HZ Câmera 50MP + Selfie 8MP Bateria 5200mah NFC, DTS Áudio - Cor Cinza",1349,2267.0,4.8,123 Comprou,Chegará grátis amanhã,40,https://www.mercadolivre.com.br/smartphone-infinix-note-50x-5g-8gb-ram-256gb-de-armazenamento-tela-678-polegadas-hd-120hz-cmera-50mp-selfie-8mp-bateria-5200mah-nfc-dts-audio-cor-cinza/p/MLB61656785#polycard_client=search-desktop&search_layout=grid&position=34&type=product&tracking_id=fc207d52-50a1-4efe-824b-43ba0e2acfef&wid=MLB5957442486&sid=search,1,1,1k-2k,24.4
Smartphone Motorola Edge 60 5g - 512gb 24gb (12gb Ram+12gb Ram Boost) Tela Quad-curve Moto Ai 50mp Sony Camera Ultrarresistencia Militar Ip68 + Ip69 - Azul Marinho,2099,2799.0,4.9,Motorola,Não informado,25,https://www.mercadolivre.com.br/smartphone-motorola-edge-60-5g-512gb-24gb-12gb-ram12gb-ram-boost-tela-quad-curve-moto-ai-50mp-sony-camera-ultrarresistencia-militar-ip68-ip69-azul-marinho/p/MLB48930800#polycard_client=search-desktop&search_layout=grid&position=35&type=product&tracking_id=fc207d52-50a1-4efe-824b-43ba0e2acfef&wid=MLB5363845340&sid=search,1,0,2k-5k,9.95
Smartphone Motorola Moto G35 5g 256gb 12gb Ram Boost Coral,945,2000.0,4.8,Desconhecida,Não informado,53,https://www.mercadolivre.com.br/smartphone-motorola-moto-g35-5g-256gb-12gb-ram-boost-coral/p/MLB63092926#polycard_client=search-desktop&search_layout=grid&position=36&type=product&tracking_id=fc207d52-50a1-4efe-824b-43ba0e2acfef&wid=MLB6228408744&sid=search,1,0,500-1k,18.299999999999997
Smartphone Motorola Moto G56 5g - 256gb 16gb (8gb Ram+8gb Ram Boost) Camera 50mp Sony Lytia 600 Ultrarresistencia Militar e Ip68 + Ip69 - Cinza,1598,1999.0,4.9,Motorola,Chegará grátis amanhã,20,https://www.mercadolivre.com.br/smartphone-motorola-moto-g56-5g-256gb-16gb-8gb-ram8gb-ram-boost-camera-50mp-sony-lytia-600-ultrarresistencia-militar-e-ip68-ip69-cinza/p/MLB50301060#polycard_client=search-desktop&search_layout=grid&position=37&type=product&tracking_id=fc207d52-50a1-4efe-824b-43ba0e2acfef&wid=MLB5402372302&sid=search,1,1,1k-2k,18.45
Apple iPhone 16 (256 GB) - Preto - Distribuidor Autorizado,5205,9538.0,4.9,Apple,Chegará grátis amanhã,45,https://www.mercadolivre.com.br/apple-iphone-16-256-gb-preto-distribuidor-autorizado/p/MLB1040287796#polycard_client=search-desktop&search_layout=grid&position=38&type=product&tracking_id=fc207d52-50a1-4efe-824b-43ba0e2acfef&wid=MLB3931272075&sid=search,1,1,5k-10k,25.95
"Smartphone OPPO A6t 128gb, 12gb Ram (4gb + 8gb Virtual Ram), Bateria Gigante de 6500mAh, Processador Snapdragon, Tela 120Hz, AI Câmera, IP64 - Violeta",899,1299.0,4.9,Oppo,Chegará grátis amanhã,31,https://www.mercadolivre.com.br/smartphone-oppo-a6t-128gb-12gb-ram-4gb-8gb-virtual-ram-bateria-gigante-de-6500mah-processador-snapdragon-tela-120hz-ai-cmera-ip64-violeta/p/MLB66130734#polycard_client=search-desktop&search_layout=grid&position=39&type=product&tracking_id=fc207d52-50a1-4efe-824b-43ba0e2acfef&wid=MLB4573343865&sid=search,1,1,500-1k,21.75
"Smartphone Xiaomi Redmi 15 8gb 256gb Tela 6,9 144hz, Bateria 7.000 Mah, 50 Mp Preto",1390,1390.0,4.8,Desconhecida,Chegará grátis amanhã,0,https://www.mercadolivre.com.br/smartphone-xiaomi-redmi-15-8gb-256gb-tela-69-144hz-bateria-7000-mah-50-mp-preto/p/MLB61511995#polycard_client=search-desktop&search_layout=grid&position=40&type=product&tracking_id=fc207d52-50a1-4efe-824b-43ba0e2acfef&wid=MLB4390450235&sid=search,0,1,1k-2k,12.4
Celular Samsung Galaxy A56 5g 128gb 8gb Ram Rosa,1998,3299.0,4.9,Samsung,Chegará grátis amanhã,39,https://www.mercadolivre.com.br/celular-samsung-galaxy-a56-5g-128gb-8gb-ram-rosa/p/MLB47106876#polycard_client=search-desktop&search_layout=grid&position=41&type=product&tracking_id=fc207d52-50a1-4efe-824b-43ba0e2acfef&wid=MLB4561879339&sid=search,1,1,1k-2k,24.15
Apple iPhone 15 (128 GB) - Azul - Distribuidor Autorizado,4499,7209.0,4.9,Apple,Chegará grátis amanhã,38,https://www.mercadolivre.com.br/apple-iphone-15-128-gb-azul-distribuidor-autorizado/p/MLB1027172667#polycard_client=search-desktop&search_layout=grid&position=42&type=product&tracking_id=fc207d52-50a1-4efe-824b-43ba0e2acfef&wid=MLB4408547152&sid=search,1,1,2k-5k,23.85
iPhone 17 Pro 256GB - Azul-profundo - Distribuidor Autorizado,9899,11499.0,4.9,Apple,Chegará grátis amanhã,14,https://www.mercadolivre.com.br/iphone-17-pro-256gb-azul-profundo-distribuidor-autorizado/p/MLB1055308781#polycard_client=search-desktop&search_layout=grid&position=43&type=product&tracking_id=fc207d52-50a1-4efe-824b-43ba0e2acfef&wid=MLB5687335472&sid=search,1,1,5k-10k,16.65
iPhone 17 256 GB - Sálvia - Distribuidor Autorizado,6297,7999.0,4.9,Apple,Chegará grátis amanhã,21,https://www.mercadolivre.com.br/iphone-17-256gb-salvia-distribuidor-autorizado/p/MLB1055308843#polycard_client=search-desktop&search_layout=grid&position=44&type=product&tracking_id=fc207d52-50a1-4efe-824b-43ba0e2acfef&wid=MLB6545162768&sid=search,1,1,5k-10k,18.75
Apple iPhone 16 (128 GB) - Preto - Distribuidor Autorizado,4986,7799.0,4.9,Apple,Chegará grátis amanhã,36,https://www.mercadolivre.com.br/apple-iphone-16-128-gb-preto-distribuidor-autorizado/p/MLB1040287808#polycard_client=search-desktop&search_layout=grid&position=45&type=product&tracking_id=fc207d52-50a1-4efe-824b-43ba0e2acfef&wid=MLB5120546360&sid=search,1,1,2k-5k,23.25
Smartphone Motorola Edge 60 Pro 5g - 512gb 24gb (12gb Ram+12gb Ram Boost) Tela Quad-curve Moto Ai 50mp Sony Camera Ultrarresistencia Militar Ip68 + Ip69 - Cinza,3059,5499.0,4.9,Motorola,Chegará grátis amanhã,44,https://www.mercadolivre.com.br/smartphone-motorola-edge-60-pro-5g-512gb-24gb-12gb-ram12gb-ram-boost-tela-quad-curve-moto-ai-50mp-sony-camera-ultrarresistencia-militar-ip68-ip69-cinza/p/MLB48998798#polycard_client=search-desktop&search_layout=grid&position=46&type=product&tracking_id=fc207d52-50a1-4efe-824b-43ba0e2acfef&wid=MLB5389690592&sid=search,1,1,2k-5k,25.65
"Tcl Smartphone 605 4g, Octa Core, 128gb 12gb Ram (4+8), 6.7 Hd+ 90hz, Nfc, Dual Sim, 50mp",649,799.0,4.7,Mercado Livre,Chegará grátis amanhã,19,https://www.mercadolivre.com.br/tcl-smartphone-605-4g-octa-core-128gb-12gb-ram-48-67-hd-90hz-nfc-dual-sim-50mp/p/MLB53155051#polycard_client=search-desktop&search_layout=grid&position=47&type=product&tracking_id=fc207d52-50a1-4efe-824b-43ba0e2acfef&wid=MLB6161225994&sid=search,1,1,500-1k,18.05
Apple iPhone 15 (256 GB) - Preto - Distribuidor Autorizado,4751,8095.0,4.9,Apple,Chegará grátis amanhã,41,https://www.mercadolivre.com.br/apple-iphone-15-256-gb-preto-distribuidor-autorizado/p/MLB1027172669#polycard_client=search-desktop&search_layout=grid&position=48&type=product&tracking_id=fc207d52-50a1-4efe-824b-43ba0e2acfef&wid=MLB3621184765&sid=search,1,1,2k-5k,24.75
Smartphone Motorola Edge 60 Fusion 5g - 256gb 16gb (8gb Ram+8gb Ram Boost) 50mp Sony Ai Camera Ip68 Nfc - Rosa,1939,3299.0,4.9,Motorola,Chegará grátis amanhã,41,https://www.mercadolivre.com.br/smartphone-motorola-edge-60-fusion-5g-256gb-16gb-8gb-ram8gb-ram-boost-50mp-sony-ai-camera-ip68-nfc-rosa/p/MLB47251829#polycard_client=search-desktop&search_layout=grid&position=49&type=product&tracking_id=fc207d52-50a1-4efe-824b-43ba0e2acfef&wid=MLB4027318137&sid=search,1,1,1k-2k,24.75
Smartphone Motorola Moto G15 256gb 12gb 4GB RAM 8GB RAM Boost Camera 50mp Verde,899,1499.0,4.8,Motorola,Chegará grátis amanhã,40,https://www.mercadolivre.com.br/smartphone-motorola-moto-g15-256gb-12gb-4gb-ram-8gb-ram-boost-camera-50mp-verde/p/MLB44665542#polycard_client=search-desktop&search_layout=grid&position=50&type=product&tracking_id=fc207d52-50a1-4efe-824b-43ba0e2acfef&wid=MLB5237351728&sid=search,1,1,500-1k,24.4
iPhone 17 Pro 512GB - Azul-profundo - Distribuidor Autorizado,11699,12999.0,4.9,Apple,Chegará grátis amanhã,10,https://www.mercadolivre.com.br/iphone-17-pro-512gb-azul-profundo-distribuidor-autorizado/p/MLB1055308802#polycard_client=search-desktop&search_layout=grid&position=51&type=product&tracking_id=fc207d52-50a1-4efe-824b-43ba0e2acfef&wid=MLB4200188179&sid=search,1,1,10k+,15.45
"Smartphone Motorola Signature 5g - 512gb 24gb (12gb Ram + 12gb Ram Boost), 3 Cameras 50mp Sony Lytia E Zoom 100x, Tela 1.5k Extreme Amoled 165hz - Preto",7649,8999.0,4.8,Motorola,Chegará grátis amanhã,15,https://www.mercadolivre.com.br/smartphone-motorola-signature-5g-512gb-24gb-12gb-ram-12gb-ram-boost-3-cameras-50mp-sony-lytia-e-zoom-100x-tela-15k-extreme-amoled-165hz-preto/p/MLB65938141#polycard_client=search-desktop&search_layout=grid&position=52&type=product&tracking_id=fc207d52-50a1-4efe-824b-43ba0e2acfef&wid=MLB6373850588&sid=search,1,1,5k-10k,16.9
"Smartphone Motorola Moto G17 4g - 256gb 12gb (4gb Ram + 8gb Ram Boost) Camera 50mp Sony Lytia 600, Tela Fhd+ 60hz, Bateria 5200 Mah - Rosa",1078,1749.0,4.9,Motorola,Chegará grátis amanhã,38,https://www.mercadolivre.com.br/smartphone-motorola-moto-g17-4g-256gb-12gb-4gb-ram-8gb-ram-boost-camera-50mp-sony-lytia-600-tela-fhd-60hz-bateria-5200-mah-rosa/p/MLB65041664#polycard_client=search-desktop&search_layout=grid&position=53&type=product&tracking_id=fc207d52-50a1-4efe-824b-43ba0e2acfef&wid=MLB4510840013&sid=search,1,1,1k-2k,23.85
Smartphone Oppo A6 Pro 256gb 8gb Ram 5g Ip69 Azul Espacial,2999,3199.0,4.9,Oppo,Chegará grátis amanhã,6,https://www.mercadolivre.com.br/smartphone-oppo-a6-pro-256gb-8gb-ram-5g-ip69-azul-espacial/p/MLB66177449#polycard_client=search-desktop&search_layout=grid&position=54&type=product&tracking_id=fc207d52-50a1-4efe-824b-43ba0e2acfef&wid=MLB4536941689&sid=search,1,1,2k-5k,14.25
iPhone 17e 256GB Preto - Distribuidor Autorizado,5219,5799.0,4.9,Apple,Chegará grátis amanhã,10,https://www.mercadolivre.com.br/iphone-17e-256gb-preto-distribuidor-autorizado/p/MLB1066130044#polycard_client=search-desktop&search_layout=grid&position=55&type=product&tracking_id=fc207d52-50a1-4efe-824b-43ba0e2acfef&wid=MLB6402322328&sid=search,1,1,5k-10k,15.45
Smartphone Samsung Galaxy A56 5g 6.7 Pol Octa-core 256gb 8gb,1998,3699.0,4.9,Samsung,Chegará grátis amanhã,46,https://www.mercadolivre.com.br/smartphone-samsung-galaxy-a56-5g-67-pol-octa-core-256gb-8gb/p/MLB65302568#polycard_client=search-desktop&search_layout=grid&position=56&type=product&tracking_id=fc207d52-50a1-4efe-824b-43ba0e2acfef&wid=MLB4609819131&sid=search,1,1,1k-2k,26.25
"Smartphone Motorola Moto G17 4g - 128gb 12gb (4gb Ram + 8gb Ram Boost) Camera 50mp Sony Lytia 600, Tela Fhd+ 60hz, Bateria 5200 Mah - Azul",899,1299.0,4.9,Motorola,Chegará grátis amanhã,31,https://www.mercadolivre.com.br/smartphone-motorola-moto-g17-4g-128gb-12gb-4gb-ram-8gb-ram-boost-camera-50mp-sony-lytia-600-tela-fhd-60hz-bateria-5200-mah-azul/p/MLB65041642#polycard_client=search-desktop&search_layout=grid&position=57&type=product&tracking_id=fc207d52-50a1-4efe-824b-43ba0e2acfef&wid=MLB6420215012&sid=search,1,1,500-1k,21.75
"Smartphone Infinix Smart 10 4GB RAM 256GB SSD Câmera 8MP + IA, Tela 6.67 HD+ 120Hz, Bateria 5000mAh, Processador T7250, Android 15 Go, Dual Chip - Preto",670,1458.0,4.8,123 Comprou,Chegará grátis amanhã,54,https://www.mercadolivre.com.br/smartphone-infinix-smart-10-4gb-ram-256gb-ssd-cmera-8mp-ia-tela-667-hd-120hz-bateria-5000mah-processador-t7250-android-15-go-dual-chip-preto/p/MLB56327005#polycard_client=search-desktop&search_layout=grid&position=58&type=product&tracking_id=fc207d52-50a1-4efe-824b-43ba0e2acfef&wid=MLB5751262142&sid=search,1,1,500-1k,28.599999999999998
Kit Samsung: Celular Galaxy A17 256gb 8gb Ram 50mp 6.7 Nfc Ip54 Preto + Galaxy Buds Core Branco,1431,1698.0,4.9,Samsung,Frete grátis,16,https://www.mercadolivre.com.br/kit-samsung-celular-galaxy-a17-256gb-8gb-ram-50mp-67-nfc-ip54-preto--galaxy-buds-core-branco/up/MLBU3605578150#polycard_client=search-desktop&search_layout=grid&position=59&type=product&tracking_id=fc207d52-50a1-4efe-824b-43ba0e2acfef&wid=MLB5957929002&sid=search,1,1,1k-2k,17.25
Smartphone OPPO A5 256GB 6GB RAM Branco,1169,1499.0,4.8,Oppo,Chegará grátis amanhã,22,https://www.mercadolivre.com.br/smartphone-oppo-a5-256gb-6gb-ram-branco/p/MLB51680761#polycard_client=search-desktop&search_layout=grid&position=60&type=product&tracking_id=fc207d52-50a1-4efe-824b-43ba0e2acfef&wid=MLB5745515116&sid=search,1,1,1k-2k,19.0
Smartphone Motorola Moto G15 256gb 12gb 4GB RAM 8GB RAM Boost Camera 50mp Verde,999,1499.0,4.8,Motorola,Chegará grátis amanhã,33,https://click1.mercadolivre.com.br/mclics/clicks/external/MLB/count?a=zckl2U9Y0voQthyQdycaalysHAzZs%2BpTtjG56yQH7RDgN8Fs69bxemonQ6VbaJ%2Bn0BwA%2B1QdDrjXVXV8AtzI5g%2FtQL%2BPRRrJ6eeO4qpbQIrrudHNBW8d91SBV01jSqjlY9V5aC%2Fm8knUCeDCdxjE7d2Lg%2FlsjYYvLZuVxHo1Vk5FDmY88%2F7N1rHNH%2BrxVB6f6rynGB4LQJWUKI5Yq0OK%2BzXNM3vmIR9CzFkFoOtFvTiS%2FMFJlYP41B9qhD1XiPFN8VhtrD9q45ockGOpMI0sddZkVfYP1av6DXnPq2DXsYDkYVRHuUV3yAXHkJ4vnF5t%2BW%2FbxWTEizO12dE0FydxJhfpVryT0BdzZjqZXb8gy6i%2FQMFtssP96PV2yZlYNdgy%2Bc%2BO2U5jW5HGzIf%2F4XvyyaeZY7DtW%2FVKug0aJY3bX3oSmt1F5gAG7tN1GV8aDHnyY1wchw%2Bc%2BNIBltmcoYGqRN4c4IvGlmkOdIaINc0ogv2JNdNAmWRUw%2FfDmgKySDwi385LMHmVJSttkSwBsQ2w14GgZ47UIiBptV4TXtQ3GMZFm4IeDvikQHGhXM4t7BEL52w%2BqRkrUltiotPdaWxQMi0Ji%2Blfvlpbz7O2x8RGdG9hwwWBv5NEq7KP7O7iAYK0t4pDow17BVaA8V59qNCh1oLpEC0rL3g8kQbb10UF%2FuCu0eFPLD0zRdPjdu7vw8dryZUDWMUosLtWM%2BKosGA2v5jSxLZxkNecw0AlYvRXV7HUFFMjuOqXHx3fPULQ10ZwwmfXP90ttQ9tMSlJbPdwL%2F69%2Bh%2FVFYE8QS7%2FLfkoEttIHTZCQsr%2FoJ1Fq4PCvVyOrqyChf%2BH8xMiZQREMV6AD4qNuzo%2FHV2oL9toHNjwneMkdRp%2BVtD%2ByMRa5XIff3i%2BxzcNdLAfro7wRYctf3A9CULUdX%2FsD7RCjLqj9Sm1Szp8Pb1UotnYFqeXwZLAO1RnvYeUEGzD1uPZQtSfBjYu0FDKlkn2#polycard_client=search-desktop&is_advertising=true&searchVariation=MLB44665542&backend_model=search-backend&search_layout=grid&position=1&type=pad&tracking_id=72168f13-403b-4ede-90fc-f89abb17eac3&wid=MLB5237351728&sid=search,1,1,500-1k,22.3
"Smartphone Motorola Moto G17 4g - 128gb 12gb (4gb Ram + 8gb Ram Boost) Camera 50mp Sony Lytia 600, Tela Fhd+ 60hz, Bateria 5200 Mah - Azul",999,1299.0,4.9,Motorola,Chegará grátis amanhã,23,https://click1.mercadolivre.com.br/mclics/clicks/external/MLB/count?a=0AbGbcHllX2E6w1f0Gys2Hb%2BA3qyFiTA8PXjknfW1RWXSixwDDKdp5L3VGgnapvWicvuNsKZ%2BjAYf5w9yo%2FFh4tIO7v5rL0eTT5ce3bhts8lr3OQrrlgZK903o9pcnWaY6Nzr0hSmUFJIIrF4a3xpeUzslLn20H2VxfgUQ9QnwUKYnREI3mZYq24QdNdXtO7k1bkxch%2BVVw6PnWV29jZvXKYQRAqcXJuSd84xn%2FSr4sHoEp%2FZv5vaF4uhErT3UzGCE%2B%2FgCw7oVczkeclNHAtl94kuuJA1fJtLkRraywbRThWy9mDG5zDvdi7Z5MQz3YJ6qvmVYbsuvI4CyKgCGgJHeAj2GutXvPrSEIcnXPy%2BvxYDlbhSmzS19yyXJD3vdr1bG7eDkKeRn35Hf4kPczTdUK8qyZmrbDMe6jwUXk2hBF5umd1BhklvdBm2PUwovZbkGXJUIxuw7tUNLOgs5oR3J%2BTh7U%2FFJpCCkrnOfawAnetAS47jPLTuswrVKm%2FfyEMFRFMPIWfX1x0pWsGXvt%2FmJvOAh7mp5LhH2Hl%2BfhZf8226gYZqRPmObI%2B566P8%2FvSn86d9M69RsHMVjO5JIYDR%2BWXbCQYU6E0doQ1plVdeQFHK%2BJhcyXiW6yS1CaF1h3R%2BC7nZSI%2BnTLSqNzcIEc9qKifmtNPQtgsj09hi6SH%2FP%2Bm4a0lq7%2BLz1xxMEfKkXuqUu556p7Z33v%2BdqNMysXazN%2Bks6HqWh5jw48HPZpJ%2BbQL7hw7NAcWaQl3jpGzQmh3jcxU1PEcRbHLNsMDOKdzvXBgvoaXsEiu1V4FMGRYeZpY5%2B1XSi6244gRw3BGscvV%2FfCwrUrLX4HCWZskwqbuhIdgMBFUvoB1HWuIPkRkzvGc%2FdBLT3YHqgoR4cscZD%2FGUjR2H2flFYFan0Xv%2FwvgHXPcfuB4HmMpACje6AN%2BXa8o3Bn8d5QMcU2NJyG7QnFeH%2FdclwYsWzAflZnATx%2BGN7trhnICUSNdxpDVpsrZah92Sa9TqtwUEHJ%2FdPmTbE3qUKYg0kNVNuASRXLkDd2l3eU46nc%3D#polycard_client=search-desktop&is_advertising=true&searchVariation=MLB65041642&backend_model=search-backend&search_layout=grid&position=2&type=pad&tracking_id=72168f13-403b-4ede-90fc-f89abb17eac3&wid=MLB6420215012&sid=search,1,1,500-1k,19.35
Smartphone Motorola Moto G06 - 256gb 12gb (4gb Ram + 8gb Ram Boost) E Camera 50mp Com Ai Bateria De 5200 Mah Tela 6.9 - Bege,803,1349.0,4.9,Motorola,Chegará grátis amanhã,40,https://click1.mercadolivre.com.br/mclics/clicks/external/MLB/count?a=i9iYQvgRC%2FY%2BdyGLthVqD2Wb1GGHYLmsLe%2FxJhAf%2B6pcvuWb9InRLfVJ2HA2kOhl0ulMhlk7xHvodr479gGEs%2BJXXXY%2BxqH3L%2B3FJUnRHhRdnCRb6tBQQAq%2BwGr%2Bg46btbJiBljollroZCe4xskb%2F8Z7KKzGnFbZns2On%2Bkg9liV%2FxA2V8WZE2sOkczkfAcy1l1Mc1G7MEUpr%2FjGQzeIj2Yw6uGlBb40njRBLIDWJE4v%2B8Nue2%2BYb0NtB00nUaU3OILxlQO47GKuIMpzJ3P7YTHoZCAejkbncfKe7ztF3vWRjI%2BB%2BYwG4A3GvITotfmrSMbXxoWp68sigzaG%2FAyQlnzjBfJJDuOcjqf%2FCPlg8rK5uN8xBoftGDsA5t6tpIOhTl5iVMjhVvJHwWFkHJ4aTSwnipMZSPTHEnyqn1khkl%2FG1ofMhRt81MyfiN2Tw%2B0bzhkAtkjYoKu17UJSm8%2Ba8OFjDf%2BVM0m%2FQ16z59JiI9BT4jBKnddzhv9xQjGX0g1lx9LNY4Xi9Jj%2BEwcGcWaT%2BVxgvTdyIBmOF%2B21UFQ22%2FSbP%2FRSpABlkdnUzqJ2Us%2BWvS7S%2FvtQUg0LBWytU7ssQBbhp91tdMnZdr%2BrN21o3gN0UGtEONDVXjGv1xl6VRpgsqpmrRLXEwaFGuZ7jsVNJb%2Bp2kHH1FzHKdQiNBv%2FMGdXW6GbfSa9sYRc7F9UPKcOdYQOpOkacAsb8IArufVWFC%2FR8pjXVboVkJdNW8LVSPr5pI50C1Fo3KufHqRqER4hDuHIakXHM7VYeskNildzk7sSjIEK5jMCCCrSDX5cFm%2FzSUV%2Fj%2FZh%2BklGEdL4jyxX0T1s67HNEsmsUHvkny%2B2YSNySbRxPCNyha5L4VuKLxq0A6CXNvbR2enGtgYgpVXTjhy8BlblvJqcIH%2Bx3zhJ1AKpki4b%2FOKVADeE3Rdv9YqqLkgQgbV02eHgeWIJAtYJCJEtshIturf5cIg08FbKQDQwtV8mow7Hv%2FYke5uB1XZ6Xcria%2B7gl74rVsknwHmcNQdF52rUwaaD#polycard_client=search-desktop&is_advertising=true&searchVariation=MLB55762063&backend_model=search-backend&search_layout=grid&position=3&type=pad&tracking_id=72168f13-403b-4ede-90fc-f89abb17eac3&wid=MLB5765125576&sid=search,1,1,500-1k,24.45
Smartphone Motorola Edge 60 Neo 5G - 256GB 24GB (12GB RAM + 12GB Ram Boost) 50MP Sony Camera Moto AI e tela 1.5K Super HD - Latte,1998,3799.0,4.9,Motorola,Chegará grátis amanhã,47,https://click1.mercadolivre.com.br/mclics/clicks/external/MLB/count?a=yAj0OmkAdvxGi1i%2FD1XoHVljQJyi21z2jlLvdyWkiO0aKAuNnd%2FgnEYbuER95pLRsk5Q15r894J1rESFzgsoFxwmo4gv2NLRumfMlmL00mcyCJMku4VZtKaQHO%2FzKc8RDNTwTzkpC5Q%2FfFL0NR%2BexK8l6Y9t%2FPIzUSsJS8%2F4uyaeOnnwFHCf39iDzJRGGWb4WAnzqQT509T3U7AWKCdF1JNGJfoSGbRq8dI0cqedQYSg1vx1ZTLWtTMsnP8AQVxaeHYWXq5dGmILMh6AN%2BJ4thY%2FhlFOPD%2FNe5WwUuLmg4l7RYJEEcIW0UcHny0W%2Faagu4rJVM4bumMAZah6Fl41czGDajO1XL7%2BSXLV8IZ36NixWvAcH0l5Djfw%2FmhicTeklXu9j1kcQNwEwKlcohXknOhl29nyN1Km1AV6PR6zJyxwbePL6jcjP7qpB%2FClWXOQwNY23j6nvmVPu9t3Z4nrr7aT4Ldqh%2Fy2u8w%2BjZb%2F7r%2FuFfVqAEwEkZUDV5TtCRowfu2c%2F%2BIqiF%2BDZJPxndmaw8SHDU%2FUFdxDXwHgyaBygxV9hERGs3CIaKNbZfiTGXvo65eNkwS766965KlUsColIz6LILq1xZA%2Fyh7qFHjA3h1OJmZtoz5Us%2FiTHG91uTqAUY3jB2Qfz%2FMDkSVePbVpQl5C0%2FjKD2WGzYuJc6C2RA3rTGoLLPVA4wlw4LVWvNIy3XT7HtgRaIyfyqyFu9jg%2BDR2xzBOYGPUl5ih%2FpuL3XDoO4lo%2F0LijEZbHbkgG%2B9rUsocnNrjGENH0LBxjx%2BERJrRLvrKoCszGg5t360FdzbLz6Z7x9PXmjO9wnT2Ge3ez8cA9J%2Bwo0W5H40KHa17SrUaarEm09WEmQfTvFeZUJThAf9SU%2BqgJDbFZXfMF888APihnk8HvakolM8Q%2BUOtm0QWcesyn2sl4I8u3NNd2bWHl2Hw0Jlx%2BMmwSBZ02vinprHU88xgQXBHw0cG6ULoYdbSnGR9mxIfCpTb172Nvk012uxJlWjoMsB0Q6vrUz8bgBs0vqxSqU88DlJL#polycard_client=search-desktop&is_advertising=true&searchVariation=MLB58684606&backend_model=search-backend&search_layout=grid&position=4&type=pad&tracking_id=72168f13-403b-4ede-90fc-f89abb17eac3&wid=MLB4265763257&sid=search,1,1,1k-2k,26.55
Celular Samsung Galaxy A56 5g 256gb 8gb Ram Cinza,1998,3699.0,4.9,Samsung,Chegará grátis amanhã,46,https://www.mercadolivre.com.br/celular-samsung-galaxy-a56-5g-256gb-8gb-ram-cinza/p/MLB47114363#polycard_client=search-desktop&search_layout=grid&position=5&type=product&tracking_id=72168f13-403b-4ede-90fc-f89abb17eac3&wid=MLB5317821714&sid=search,1,1,1k-2k,26.25
Smartphone Samsung Galaxy A36 5g 128gb 6gb Ram Câmera Tripla De Até 50mp Selfie De 12mp Ip67 Super Amoled 6.7'' Nfc Recursos Ai Android E Segurança Snapdragon - Preto,1430,2815.0,4.9,Webfones,Chegará grátis amanhã,49,https://www.mercadolivre.com.br/smartphone-samsung-galaxy-a36-5g-128gb-6gb-ram-cmera-tripla-de-ate-50mp-selfie-de-12mp-ip67-super-amoled-67-nfc-recursos-ai-android-e-seguranca-snapdragon-preto/p/MLB47115842#polycard_client=search-desktop&search_layout=grid&position=6&type=product&tracking_id=72168f13-403b-4ede-90fc-f89abb17eac3&wid=MLB6410679768&sid=search,1,1,1k-2k,27.15
Xiaomi Redmi 14c 4G 256 GB 8 GB RAM dual sim cor preto,830,830.0,4.6,Desconhecida,Não informado,0,https://www.mercadolivre.com.br/xiaomi-redmi-14c-4g-256-gb-8-gb-ram-dual-sim-cor-preto/p/MLB41287578#polycard_client=search-desktop&search_layout=grid&position=7&type=product&tracking_id=72168f13-403b-4ede-90fc-f89abb17eac3&wid=MLB6628300600&sid=search,0,0,500-1k,2.3
Smartphone Motorola Moto G06 - 128gb 12gb (4gb Ram + 8gb Ram Boost) E Camera 50mp Com Ai Bateria De 5200 Mah Tela 6.9,661,999.0,4.9,Desconhecida,Chegará grátis amanhã,34,https://www.mercadolivre.com.br/smartphone-motorola-moto-g06-128gb-12gb-4gb-ram-8gb-ram-boost-e-camera-50mp-com-ai-bateria-de-5200-mah-tela-69/p/MLB61381499#polycard_client=search-desktop&search_layout=grid&position=8&type=product&tracking_id=72168f13-403b-4ede-90fc-f89abb17eac3&wid=MLB4515672567&sid=search,1,1,500-1k,22.65
"Celular Samsung Galaxy A07 128gb, 4gb, Câmera 50mp, Tela 6.7 , Proteção Ip54, Processador 6nm - Preto",599,899.0,4.9,Samsung,Chegará grátis amanhã,33,https://www.mercadolivre.com.br/celular-samsung-galaxy-a07-128gb-4gb-cmera-50mp-tela-67-proteco-ip54-processador-6nm-preto/p/MLB55034955#polycard_client=search-desktop&search_layout=grid&position=9&type=product&tracking_id=72168f13-403b-4ede-90fc-f89abb17eac3&wid=MLB5859349564&sid=search,1,1,500-1k,22.35
Samsung Galaxy A06 5g Dual Sim 128gb preto,719,989.0,4.8,Vikings,Chegará grátis amanhã,27,https://www.mercadolivre.com.br/samsung-galaxy-a06-5g-dual-sim-128gb-preto/p/MLB48946861#polycard_client=search-desktop&search_layout=grid&position=10&type=product&tracking_id=72168f13-403b-4ede-90fc-f89abb17eac3&wid=MLB6433836010&sid=search,1,1,500-1k,20.5
"Celular Samsung Galaxy A17 Com Ia, 256gb, 8gb Ram, Câm De 50mp, Tela De 6.7 , Nfc, Ip54 - Preto",1259,1399.0,4.9,Samsung,Chegará grátis amanhã,10,https://www.mercadolivre.com.br/celular-samsung-galaxy-a17-com-ia-256gb-8gb-ram-cm-de-50mp-tela-de-67-nfc-ip54-preto/p/MLB55254425#polycard_client=search-desktop&search_layout=grid&position=11&type=product&tracking_id=72168f13-403b-4ede-90fc-f89abb17eac3&wid=MLB4583723537&sid=search,1,1,1k-2k,15.45
"Celular Samsung Galaxy A07 256gb, 8gb, Câmera 50mp, Tela 6.7 , Proteção Ip54, Processador 6nm - Violeta",852,1399.0,4.9,123 Comprou,Chegará grátis amanhã,39,https://www.mercadolivre.com.br/celular-samsung-galaxy-a07-256gb-8gb-cmera-50mp-tela-67-proteco-ip54-processador-6nm-violeta/p/MLB54964804#polycard_client=search-desktop&search_layout=grid&position=12&type=product&tracking_id=72168f13-403b-4ede-90fc-f89abb17eac3&wid=MLB4277746349&sid=search,1,1,500-1k,24.15
"Smartphone Motorola Moto G86 5g - 256gb 24gb (8gb Ram+16gb Ram Boost) Tela 1.5k Poled, 50mp Sony Camera Ois Moto Ai, Videos Em 4k, Ip68 + Ip69 - Vermelho",1992,2399.0,4.9,Motorola,Chegará grátis amanhã,17,https://click1.mercadolivre.com.br/mclics/clicks/external/MLB/count?a=W2Dkjv1p%2BAjqCbQOj%2Feo%2Buf8sXrlUTgYBf93aIU07SjZqDD9%2F8lR1mcbb2FSAo0W1Qv15EUUF3d2R40%2BuLJRJDJEnHlZZbA05snekfS7qrnjaDi7h1zSOduovxxn2Zqka0rbUkRqBMD9iVsxrldmEDZcycL4Amb82R5DlPHgukVoU6IcA7DdLArEG28DH97O2HZuKrtWxoikYQjvwh%2Fo3EVBwXcYI%2FoLCGNItOv%2BYvtwmVt8zUvME0soJ6CmcOXkPhwU7nxctB7pCYAnSv67b9FCASRNKbZeqBQ8%2BMlfwWEKZErGlFbliig6L6t8zKrLYP23lxi5TEOP1PsXeGZb2iPcDiSOvTfNklqXI2H5odieQPlRKYE00MFC9riEQZGwMpC%2BTqDC6kDSO%2FUSUxkKwCmCfRjjfMIxBohSVhEg0HFUGn2mMgEGIKsQmynw3iaPpHYnTZTwQCjQ29B63j7HIp0YdZw33Wjiv5hvDerDwTAAi7O2jWjv2X5YC9vyp6eqJo5i5LgUXx4r0nA1wB6cNeeBBdwuJdUPg06D99DZLkKIxNhMI8pKi%2BYbC5J4z6aFyjivvz5A6cTDYpMJbMI2%2Fw9ORgVxjxKWQcmPoyYe1sxPZav0C0Qc%2FfWd39%2F8yoPPyL%2B%2Fr4oYntTXqMp62E%2FFHNlZDwBVoiKH2V5nvhxalLOgAuWJ5NLiaJNoKuQ863QZ3aTPTchYZKlauIee7qto5vGSQxjo%2F%2BlWBqCa%2Bevi1kpPniAxGRoqXYLpXXsgG72SisH%2FC5bBEHzgQ98SXJ1BoGbFbCxsVIObtQoi%2Bds7x0tKCzb2iXtPOjEmtZo8JIWCriNJut%2BGEFJN01CoxVnZBYANOTsoVCp6c40bRGQ%2FvpaYPCKYbYZj4WleMK8CXhIzL87pon6iZE%2BqRMqbcjWUTd7ujNy%2FWClNJyQGyPHE%2Bx0gSsOr6lsJmIwMSB2AgAsEhnLBSlHIKYWXv0U3nL57rmG1O66TD87XzpJdf33wue9Ixvm1t%2B1KDVALcpOcfxLQX4Wic%2FqVCPT35uahV3%2BZoJu6juPfegx2xbUCUMQS60vjAngP#polycard_client=search-desktop&is_advertising=true&searchVariation=MLB51340616&backend_model=search-backend&search_layout=grid&position=13&type=pad&tracking_id=72168f13-403b-4ede-90fc-f89abb17eac3&wid=MLB5462013472&sid=search,1,1,1k-2k,17.55
Smartphone Motorola Moto G05 256gb 4gb Ram Camera 50mp Vermelho,776,1199.0,4.9,Motorola,Chegará grátis amanhã,35,https://click1.mercadolivre.com.br/mclics/clicks/external/MLB/count?a=%2B%2Bx5qDuGzR%2FzlabTI%2FSu2wrt5tKhE9z1wEEx9WEwmxTsoJsI5SlKKkNdoRz8JyQdBI%2Bf5Uu%2BmGhvl4%2B1ygQKtZWQ4wY79nTeQ6yn3J4LXPyByU63EDBdFCkinPrPXN7Mm%2BNcHhdkAlAMx%2BqzcFREBmNoBh1gVHR%2FBuZuo%2BPL%2F3a0rUFzmBK5NTlHJ%2BBFjm2MJJ%2B%2FqJ0pmwLXuD03rZile%2Fr44BkwP60%2BDfAijLWcE4KXvgZcP1JZzVJlxTPgwQfR33nB4t0BRcYkcKswjAg0c2oY1F1RxpdN%2BhQb2WOa84xEFhhj%2BcqyDQhxxODcsmU8IJdaQY0XWGDnIZd4Ysf3X2wcUv3aieGdLd7QmWptExAzc0Bi%2FB8IYZC1zVh4sRWvnhWpn7wKDj8%2FsyKPkz0kOUIvHnPXP0lCoL%2BdLS3Dr2r5WYMmyzIIVy4YDdiNffJs1P4rTHZf%2ByouYgbUzZwCJxd7DXw93%2BEUbnpvs8hxGSxWn0PSGbmq6POTXBfg7j03oUnQIyMa41I0UOiZNPdJn%2BfEiHGqxa1hIDys%2B1qJCNyoyDFIE9yOZKyvFhoGjZA7wBUKjy6BY%2BkJgoH3%2Be9vRdJ5t7%2FDmysHMr2sAijLeRnYAJzua0SXaJR9PRfEsIo%2BAcYusW6RQ6QA6VIP%2B0%2Fwt7DRfnY55rqvyAN9ebKh2CPladJBuGufI%2FcnDEW1v9%2Bb%2F188skPE4gu1nS9WQYRtUNiJuVoSo6Wi7vX8WGCIGGRgMhBeC%2Bgvp0dh0TLvbKLd56AJBfPp%2B44GkWTtHWGB7XCmPUcmLFfL10unF7%2FmKb8RAXqI9ncS4K9wffGgPDYDr8aqAAf6hMMD1L3zhSPENA72wi35G0RwS69ZiRr6v2%2B4479%2FyezLAueh4eTDbT7tECThoZR2RvYsI5SYgEDc0CLNlkxFuwKmzBLDoS5KQG3vdyB4%2Blzxjbz4B8qppcY7PhcBLgw%3D#polycard_client=search-desktop&is_advertising=true&searchVariation=MLB58493174&backend_model=search-backend&search_layout=grid&position=14&type=pad&tracking_id=72168f13-403b-4ede-90fc-f89abb17eac3&wid=MLB5774641722&sid=search,1,1,500-1k,22.95
Smartphone Motorola Moto G56 5g - 256gb 16gb (8gb Ram+8gb Ram Boost) Camera 50mp Sony Lytia 600 Ultrarresistencia Militar e Ip68 + Ip69 - Cinza,1775,1999.0,4.9,Motorola,Chegará grátis amanhã,11,https://click1.mercadolivre.com.br/mclics/clicks/external/MLB/count?a=WVQY7LJbcP1MW22uZH859dMGpR4Zdu2om%2BgI5f3NekU6AcJCVOWtTWMgL1z64saBSGBqLQWF%2Fpql32auGcVjDekmz8PygBmWN71K%2F0mknNg7GjnCVQH8vBgKHz0ftzj2zjQE8HHkiehtAcbPOglRaBUTqF3IunFWfMShXLk9sSAP1eH3V%2FShtbn3bAXjmiVZW4wqUHN0Vg04w6H81ogYITULjlmNsT2FO1OyblqwnD4xHP3gYkPwl%2Beh03WT7tllyilJbcetU%2BkSwA7KUlTDxmR%2FCuiPP0VL7HkSReMKkb73wj%2B88q%2FCcjdbwTXcjM0jUSG%2BUsaxUn0xo3H8htX%2B3cJ%2Fm1Dor4G5%2BcWiyrxQmy8IbHn70v5dyJNbAJdBTCUai%2BMhCj7TO14htbkxNexAH5N42QetUjDi3ipFlp6D8Nrwm9ogb%2FOwKMv2Z3kQsrjhO%2BlWaVqZ071TBGthgynUIB3kCbz1Ae%2FOOxSv4c3AJdswlOQSBXSzOnnF%2BlF1WSO%2FIKtOgEUaofB6idBfEsHDU7pSIdLXE5S%2B3lYxYLZ4e%2B5ivph6b1HR3RDEVogF7M7MKBgkCNFGJJ6ScT4r%2Fpeh1k4vEGu2EVceWei7J4lLbIArX7Z3fwNtxXNAS75TK3JTZR2A5uA0gUUyLPW5KSpj%2FAGIfn8ucs%2Fxxi7pHqBpF7ZKDm5%2FlTEGzOxCpYAH8bHoPJD%2FBOySTUhIKLfeKqCCPUNXoCOQ8FjuSTy4zupoH3F9P7UgE4AOC9D%2BIMsa%2FWM%2FXIICbYcIEeKJD764phh56g8pMUw%2F8bt4gYwSnUIhK4vYh7fhKyu882VvuRLA0LWNbCso8JIiVSyZ%2Bwu8x5a0lFd8t1jBMQyXtvD6n6ZMnCAzbwWtVfin2jfVgNfpqbaiNBPm75G5KlHfNzx0aQBmUpOajRiJEVwlrGPYIGYf23JG1KTCVyEsGt1Y5V1utVMpZqO1%2BaiKW%2FSAbtSHhWBBo6yAJSKnTPZuYrpjimU9SnaGzI4aCHVngcwYQ5XKFI6nx3Jo1RmNX8mtv48f1kMNKpqmYW27W9WxAvPt#polycard_client=search-desktop&is_advertising=true&searchVariation=MLB50301060&backend_model=search-backend&search_layout=grid&position=15&type=pad&tracking_id=72168f13-403b-4ede-90fc-f89abb17eac3&wid=MLB5402372302&sid=search,1,1,1k-2k,15.75
"Smartphone Motorola Moto G67 5g - 128gb 12gb (4gb Ram + 8gb Ram Boost) Camera 50mp Sony Lytia 600, Tela 1.5k Extreme Amoled 120hz, Ultrarresistente - Chumbo",1699,1899.0,4.8,Motorola,Chegará grátis amanhã,11,https://click1.mercadolivre.com.br/mclics/clicks/external/MLB/count?a=nhl0AWkEFahfn5i5lv%2FGhyPfY1HGX6lcjih7RHihLVdh%2BeKxgpS9U1ycHcanp3t0ElQqXbyu5o4kdW9C7kzBs948lmyGGeYoAGl%2BJOSNFaIj3QHkkItBhjvODzOFiAG39s1neKg71WMPdKZfjJfUKvO7Vecrargd2hyjtxDZZbSc7pz6YupCq5UZLjvUr2%2BnvhKRAswwVhLCs5dXHJZE9mwe%2Blo1ftykh7az%2FZRHgdpobZvT2Ih8pdUoraN72xfOo88b2WUROqVa98Q6zv3E8HTNayhd109%2BFbZUMtAPcyPMPl0aECSZKrRAsn3kFv1kvDl51Pc8fB83SVJAJobMH6%2BtBiG5JFvqvG%2BMN%2BmbRFchGdL3%2Bug3m8vYvNAH4yOerKV8WefpnuD%2BL%2FBD4g%2FjiDXmowbugCSY5%2F5iKc0CgxfVYAxXxM9jCkf8sx1A7BYRnRDJJrSdmwh%2B%2FVpND5GGAf2Nh5nE7YB5T9C0dV%2FbJcU8W4a63TJqkCQTqObB6kIg8wUL2BHs8byVx%2BRcXpITrDEGuMTG81eII4Vb3C3HS10ExhLbcXzqEXXi71CdBQjRmiBqPj7BrWxkLgIKQCW%2Bo%2FQ%2FZNdfAZkI49V%2FpGhmKXzDpShFmPdAoRucGpYB%2FwX1z%2B19Ir%2B0nokmTHoizxfNJplAtj8Aq4PLm%2BE4Li6IF8F28blutMqzcP%2FVpUB%2BUM92sEs8aFNuflCRGG1wybFw1dM1jwIiYBkcZD3WGbaC2YAsjfIp8C5To3JCZkv2he3bscfhftlmBUrpfj8PVuculc9v8kALwpir3ekqXugK50t1Fv1d%2BokVErAzPTgY%2F3%2BI2bRCLqHzGNlLPXrhcsdIb5q1BYT47CdsRF%2B%2BTWumgOC%2FvRrGcG%2BFAkn6lzZmevjMGQvNgfHJ3UFU6cC6TOKHJqyW06m6vlO8X6ZoncDQHWfPZtFg2LTYRnaDNOGiaTth0qIg29e0K19z073fO8Dq%2FXvA5PAQKoyemjTRElXcfH4efD4rS8tcWYODzHI0%2BcZ46vuQ%2B475MEbmaevXjBRWbgDTmwBEfMY7fZ8N16u%2F0Vak2XiE9Wxx#polycard_client=search-desktop&is_advertising=true&searchVariation=MLB65319818&backend_model=search-backend&search_layout=grid&position=16&type=pad&tracking_id=72168f13-403b-4ede-90fc-f89abb17eac3&wid=MLB6420538026&sid=search,1,1,1k-2k,15.7
Smartphone Motorola Moto G06 - 256gb 12gb (4gb Ram + 8gb Ram Boost) E Camera 50mp Com Ai Bateria De 5200 Mah Tela 6.9 - Bege,723,1349.0,4.9,Motorola,Chegará grátis amanhã,46,https://www.mercadolivre.com.br/smartphone-motorola-moto-g06-256gb-12gb-4gb-ram-8gb-ram-boost-e-camera-50mp-com-ai-bateria-de-5200-mah-tela-69-bege/p/MLB55762063#polycard_client=search-desktop&search_layout=grid&position=17&type=product&tracking_id=72168f13-403b-4ede-90fc-f89abb17eac3&wid=MLB5765125576&sid=search,1,1,500-1k,26.25
Smartphone Motorola Edge 60 Pro 5g - 256gb 24gb (12gb Ram+12gb Ram Boost) Tela Quad-curve Moto Ai 50mp Sony Camera Ultrarresistencia Militar Ip68 + Ip69 - Azul,2694,4499.0,4.9,Motorola,Chegará grátis amanhã,40,https://www.mercadolivre.com.br/smartphone-motorola-edge-60-pro-5g-256gb-24gb-12gb-ram12gb-ram-boost-tela-quad-curve-moto-ai-50mp-sony-camera-ultrarresistencia-militar-ip68-ip69-azul/p/MLB49085450#polycard_client=search-desktop&search_layout=grid&position=18&type=product&tracking_id=72168f13-403b-4ede-90fc-f89abb17eac3&wid=MLB5382324466&sid=search,1,1,2k-5k,24.45
Smartphone Samsung Galaxy A36 5G 256GB 8GB RAM,1521,3299.0,4.9,Samsung,Chegará grátis amanhã,54,https://www.mercadolivre.com.br/smartphone-samsung-galaxy-a36-5g-256gb-8gb-ram/p/MLB47111905#polycard_client=search-desktop&search_layout=grid&position=19&type=product&tracking_id=72168f13-403b-4ede-90fc-f89abb17eac3&wid=MLB5317478858&sid=search,1,1,1k-2k,28.65
"Celular Samsung Galaxy A17 5g Com Ia, 256gb, 8gb Ram, Câm De 50mp, Tela De 6.7 , Nfc, Ip54 - Preto",1576,1899.0,4.9,Samsung,Chegará grátis amanhã,17,https://www.mercadolivre.com.br/celular-samsung-galaxy-a17-5g-com-ia-256gb-8gb-ram-cm-de-50mp-tela-de-67-nfc-ip54-preto/p/MLB54961455#polycard_client=search-desktop&search_layout=grid&position=20&type=product&tracking_id=72168f13-403b-4ede-90fc-f89abb17eac3&wid=MLB6574985998&sid=search,1,1,1k-2k,17.55
Celular Smartphone Realme C73 256gb 8gb Ram Dual Sim 120hz 6000mAh Violeta,1149,1999.0,4.8,Webfones,Chegará grátis amanhã,43,https://www.mercadolivre.com.br/celular-smartphone-realme-c73-256gb-8gb-ram-dual-sim-120hz-6000mah-violeta/p/MLB62258511#polycard_client=search-desktop&search_layout=grid&position=21&type=product&tracking_id=72168f13-403b-4ede-90fc-f89abb17eac3&wid=MLB4334411855&sid=search,1,1,1k-2k,25.3
"Celular Samsung Galaxy A26 5g 256gb, 8gb Ram, Câmera De 50mp, Ip67, Tela Super Amoled 6.7 , Nfc - Preto",1405,2167.0,4.8,123 Comprou,Chegará grátis amanhã,35,https://www.mercadolivre.com.br/celular-samsung-galaxy-a26-5g-256gb-8gb-ram-cmera-de-50mp-ip67-tela-super-amoled-67-nfc-preto/p/MLB47424244#polycard_client=search-desktop&search_layout=grid&position=22&type=product&tracking_id=72168f13-403b-4ede-90fc-f89abb17eac3&wid=MLB5474927460&sid=search,1,1,1k-2k,22.9
"Celular Samsung Galaxy A17 Com Ia, 128gb, 4gb Ram, Câm De 50mp, Tela De 6.7 , Nfc, Ip54 - Preto",899,1499.0,4.9,Samsung,Chegará grátis amanhã,40,https://www.mercadolivre.com.br/celular-samsung-galaxy-a17-com-ia-128gb-4gb-ram-cm-de-50mp-tela-de-67-nfc-ip54-preto/p/MLB54987753#polycard_client=search-desktop&search_layout=grid&position=23&type=product&tracking_id=72168f13-403b-4ede-90fc-f89abb17eac3&wid=MLB4217306791&sid=search,1,1,500-1k,24.45
"Celular Samsung Galaxy S25 Fe 5g, 128gb, 8gb Ram, Câmera Tripla De 50+12+8, Tela Grande De 6.7 Jetblack",2868,4499.0,4.9,Samsung,Chegará grátis amanhã,36,https://www.mercadolivre.com.br/celular-samsung-galaxy-s25-fe-5g-128gb-8gb-ram-cmera-tripla-de-50128-tela-grande-de-67-jetblack/p/MLB61692896#polycard_client=search-desktop&search_layout=grid&position=24&type=product&tracking_id=72168f13-403b-4ede-90fc-f89abb17eac3&wid=MLB6087231690&sid=search,1,1,2k-5k,23.25
"Smartphone Motorola Moto G17 4g - 256gb 12gb (4gb Ram + 8gb Ram Boost) Camera 50mp Sony Lytia 600, Tela Fhd+ 60hz, Bateria 5200 Mah - Rosa",1198,1749.0,4.9,Motorola,Chegará grátis amanhã,32,https://click1.mercadolivre.com.br/mclics/clicks/external/MLB/count?a=CKu9oXZMtVUZa6gGV4zLLwEDmFIDQneqcfkmHpN%2Bt27NJQxDMVQ4flV%2BQWhkYnLZuIMbjLHhea%2F1jEr%2F0o%2B8n4IcBkE4PMDc0KgmI7Nkd1R1LN0N0XjBHvpkkG%2Bc5W9OfH50oI3pJchVnKSjRSb%2B98YjapIF2ijdpYOyd%2BUk%2B2UteOqxWj%2B6aYEpZqhlaloH5m1EU%2BW3cigCbx9smNMPEoU45Ah9NrEUpk7sRbhy355SDbbC8X72phGf71M0Fs9bgkkmaEVbwRIV4ndIS%2FN2S%2BCp%2FOTy%2Bxrb7Zc8%2FsvYbUemvyUvVTdloFjccz7MmJMUqndQNKC7dpoKFQ7MbDJpx1jwJHqTTj6HbNOqeAQ3aUq7KG5YoCXvA8%2F8NuvG5aJ2vLx6qytYs9uyrU5wky6vVjQZr%2FfXhbGQ%2FnCqdBaRRRpOSRLBrduDp41kvsE2Z2BN%2F6ALEKKCBhuXUAQ0cmy2aYFEgxDY9bI%2B%2BMSo0IXEDLzuQ8KO3uVdJ0beWt9pXJYdZpdSizqWU0dTWVhQzxxcvtVS%2BCTJ909Akg2TsX3fqIAomLYbpCdsFvi89W2e3MxBxyyIBvkhX8Fs3xoi1ccjlYkScQitDgtBwcu7byNwdcOyuDLwlJDnS%2F%2FC9vfqhW8BVhBYMu9XVUHzI8HL%2BG8WL85HmeXmSdUyTUllh2SNaTn2QQmyXZPp1sx9aWXUsVU4GVP%2FMqNZwVrDUO7XvlG0%2FGxu5BXDdFzLlBcqOnuKEuodz2hKYqaMn8E2rmXCSQVILbZi%2FNspQjcf5HvB3P4MZXy3rizdy3ZYRXY1iFQxurMSximeDwlRUzirDmSA%2BnwLzFhVwQV9SOJVK7lOseGokLWehsNt5EgflmLtt3QMqzWHv5q3dTT4M4vaR%2BV1qhel1Fns09rLFohABzjvLD8AiSeBEecowVLB%2BWC5PgkQHvh2cXANWihEw5Z3Q9uqbFCY8I5JJGcQtFX815ESLWKifwGzlwKBVE5020PwxcejIlZFLz6xvHFOKzZSJ1pOrCKYfiy3m05%2FmclwyxJ0UOn610AC5SOynw%3D%3D#polycard_client=search-desktop&is_advertising=true&searchVariation=MLB65041664&backend_model=search-backend&search_layout=grid&position=25&type=pad&tracking_id=72168f13-403b-4ede-90fc-f89abb17eac3&wid=MLB4510840013&sid=search,1,1,1k-2k,22.05
Moto G15 Dual Sim 4gb Ram 128gb Azul Marino,776,1099.0,4.8,Motorola,Frete grátis,29,https://click1.mercadolivre.com.br/mclics/clicks/external/MLB/count?a=3TFGG5M%2F65dDEzRFDY1g0%2BIEstQEmRaqlbThZGNqM0XKtBqDqysTAP9UOE88C8vZsRu01BV6t9CMToI6KVqIvdElK4Nx6dLLTaztJ3H%2B5Hq9JKX%2FrHOZ8nzNQX0cPNyWxj%2Biuy%2Bo%2BfBdgUkJvUjzXFP%2BZe11ejwybQnCrokeKvkKUWv17R95by7dj00qfFmRIxbXNzK6JZq3tH6%2BzTKaka5sctWsJYRgUG0eWv6zvkN5EwPc0YQklFd%2Be3fRwm9JALtPwE831Dy5T5sbBMWOLNORqCfRSt1P8f0yl88unj8Plm8MjZK1FqLOkTiM%2BGzP1Wc8RDODhSTiWSkipmk8uV32GOLWjjkfE9820kOccvnvj8RFUYLpmjJZ%2FC1Itjq9i4jRMHYj%2BZVqt1oucHxgoKQcOMzs3dBbf%2FyjTO4Ssndntsux5NnhVo6Wo0hJgT9758T9G1qk5QTXRCHP3LJUv9LzkWw%2B2Jfl3o8AlqO5L6oYYRmGvR0CQxMBkvcW3vBPy25VmWJoMoqA5XiTrp%2FbK%2F1VYYwpPzDKOuq5%2FjnJu1BEHvIALhgYqLrkER7T3aMvZrtXuZ1FQIHs%2Bo2w7P4dtmNkWDdl0DZ3ffDWoBh5pwl8yD8pXqogGrKIF%2FMLdPlEzgqo8pkZLh6qwWVmLrGNueVmXYK%2B3Q2tbZf%2FbaeYmothO1E%2BsW8wkQfXANgnRPRvZtQCxhMiuOJ%2Fiae8yZhE1hHnpqB9C6NHvefbhQkrotOiVQIeTAximRYYU95KEYtUEKcErUN69hdXUuoppOF8JU8%2FQUl2l3iKU%2FhBh1VGkuHfVeAaH0DJ1Ll5XB4PiZnHW%2BtDw0R6KHpgmYDJmGfm29hLdxyuQVjKaOWiX6oA6q4ncOzGNdGe1q7gxUiS7bS7zSbXYQuZrY%2BoPNHe6SMuOa0Km3rjhw6GAw0KIWiyekn9kg%3D%3D#polycard_client=search-desktop&is_advertising=true&searchVariation=MLB46056608&backend_model=search-backend&search_layout=grid&position=26&type=pad&tracking_id=72168f13-403b-4ede-90fc-f89abb17eac3&wid=MLB3975530813&sid=search,1,1,500-1k,21.1
"Smartphone Motorola Signature 5g - 512gb 24gb (12gb Ram + 12gb Ram Boost), 3 Cameras 50mp Sony Lytia E Zoom 100x, Tela 1.5k Extreme Amoled 165hz - Preto",8498,8999.0,4.8,Motorola,Chegará grátis amanhã,6,https://click1.mercadolivre.com.br/mclics/clicks/external/MLB/count?a=otZG9XdpJXmaMIvDNm7%2Bt6wS9c7BH6EX%2B3AST%2BfLJhmTuOe1iAShuDwX5niPpxmJ1OshG2Y%2B11UMMcPVo3si%2FPkMc%2Bq8c13sBF77WNg0cUbq5%2BXDC%2FA6%2F6rEmNT10T4N04Z%2B4itCCxWdMDiCitgHenfrGXYeqnD7okSGFTFovRhmFwzKw1HzUhOZk%2FMntjlIW8ZPwtoUACJHC79m4HU%2FFes2L4pRIPYP1xTTJ3BgRskobEpiGNhDuGQ2DnV%2FK%2BxlN9UqrfMAyueTgPk7cDjTrvuYd6FWqSWPVc2POHOKJGJkyTiMUPgEDSkPwi2E2EaHIJO3wnKRCB55xzTZOn%2BRHewUQfIvfMuldJMmmjAFZAnGmuWxZ4vyhtmiIEbCGSy0QhycOn2oooA3AXLJtWCj1UPWB6tzxuYxsNzt8%2FUxjcM%2FBHYw0YPVBlc7gkD5tKhv2fsYpLJSm6uQF3gQaT%2BDlmoSYHyBUJuoMvsakDdVBlDOjsSv18KS4AufoqGOcBeCwU6k1svM%2BQsk2JW28E30xCuUEtY2TTG%2BpBMO%2BTE3xxCkDxx66%2FK%2BhFeZsW78S9l8Urll8Mb6XUneGqz2RNVl77QAkj2cVIa3WJU%2BTuxufTtIatcT%2FHpHEeYM0fUcw8qPLMsaivEANsAQgJ%2FtX6I4WIjCSiS9nwPmHta%2Brcag5I9GFNqC%2BzrxTK5m0RZD%2B15KMQyWh9vLiphPH5XQyED%2F4e5180GzLfo1xumaLP6U7jeLMI7CBIqGDkgkt1AvltOfgEoa8Mnfn4iV2I27%2BYeP9DqTVzN%2Fcb61WOssaURQtl3FU7PCcRiyeabHdFnPij58hNwCgXV72AnsWlu5L6T3OwfK8dwwjSz33jTKykAKAY7rOLqENOsOpT0wr2ds4gflzZSgV%2BbKeBnUKpt%2B4jQmcTxn8YzCTJvJ54i7LTjdk2rHeLNLGPPXjVVNty7UGuw5u4KUPlEtr%2FCEbJJxDOjXp5Qp%2FlwhENcTBvIdHsh%2B4UKJTCD7UoaNZYX6YG%2FFD7tGoGXN85bmMWy7Wu8T1vni8jjFB4HR%2BBEXX9mFmZg7EOczVleg#polycard_client=search-desktop&is_advertising=true&searchVariation=MLB65938141&backend_model=search-backend&search_layout=grid&position=27&type=pad&tracking_id=72168f13-403b-4ede-90fc-f89abb17eac3&wid=MLB6373850588&sid=search,1,1,5k-10k,14.2
Smartphone Motorola Edge 60 Fusion 5g - 256gb 16gb (8gb Ram+8gb Ram Boost) 50mp Sony Ai Camera Ip68 Nfc - Rosa,2154,3299.0,4.9,Motorola,Chegará grátis amanhã,35,https://click1.mercadolivre.com.br/mclics/clicks/external/MLB/count?a=K3MUoehmmV6OX0fCm7LsUsxTahCI9hDv1TjnYETvCpKzKodQ8klZn%2F%2Bydjvu%2F6gbQ8F8zWatJdqx18WHgJnpO%2B3g9Xp4JLsWOyUf7hK8OcI6QLSIpmFTrspltjj6ScT3EaS9kfrUQfmIhHkrHSSPIHZja%2F6Sa%2FjjhshHDi9Nk0P%2BtvIOIyweTJCsOGQRd%2FKXtfGl2IYib%2BPPIU%2FLxbUBzLxxyRXNkRo4LqZLVJ35JAtq6q48wOa3Jqu02u1d9dfmdYeSsRqZBd%2F6Y2%2FlIl7yjJrGGyUCDSv1HuMvxilELQOMRaoka57%2FIArtOWkQ4H7Fj6w9FybKN%2FuW5Xt6pRmbQlhjeWYl7ZGg%2F78uP8vZA4PZ4DOlTbAKSX6G%2BMdMY%2BsXN%2FEx%2BsQOqYIPPzXcXb7DykXkGROHjrhCqGHXrBtJTXOafp16vDWmeSXk4Q7SM8ePsybLsJFYzrJRlrY4g31ZdWYFPeqKlWa3Q4%2BmWSt6ntcdgjlMDfd25OSIx2yaPcj8xnzWSMbIQ3Tp%2FLQc8YNeKYvgTu5P0f%2F4XnjusCxZed3PDphPfjYQBwu%2FRG35Y%2FNMnNvODFM7k3NtonSGMWMYSRgSP0Ns8t2a%2BaqxXaQ%2BKIgQNFVtGWBlCedRRvSO59hNHfcZOAMCofAOp6RJaLrH0OI9NStHYyt%2BarlXKcbmKvewgBBUddvvRK05mUvY3AqH40OYdjqBMKkH2ZDnIiL%2Fqre310iud3gR6YtII9coaGb4BxYUM2o1QWbbG%2BuD3%2F%2FjoR8efMOZygOrtLDVRqFlBstYh1rEQ0%2Fh2taA7YvSS5evQ9HAuBOeqSu8nlNt5HXUA3Gr5QNsA6thOJdbwG2mgPWmwO0dVpe7kzOl3oJ%2BYOgSAGgjqG9oPdpkqtU4wYyL7xdyp24H3NLx2%2BO7ZlOyAK1IkW0hPjMl%2BX7Ey2PuXk3kk0tfzile2bcBwBsrjw0oI6PEsET37AJrk5WwZ16Z%2FVD1Lq2xwpQ%2BvtmjrYb81hEGLoHvKiKfjuwft%2F4G7g%3D%3D#polycard_client=search-desktop&is_advertising=true&searchVariation=MLB47251829&backend_model=search-backend&search_layout=grid&position=28&type=pad&tracking_id=72168f13-403b-4ede-90fc-f89abb17eac3&wid=MLB4027318137&sid=search,1,1,2k-5k,22.95
Smartphone Motorola Moto G05 256gb 4gb Ram Camera 50mp Vermelho,699,1199.0,4.9,Motorola,Chegará grátis amanhã,42,https://www.mercadolivre.com.br/smartphone-motorola-moto-g05-256gb-4gb-ram-camera-50mp-vermelho/p/MLB58493174#polycard_client=search-desktop&search_layout=grid&position=29&type=product&tracking_id=72168f13-403b-4ede-90fc-f89abb17eac3&wid=MLB5774641722&sid=search,1,1,500-1k,25.05
iPhone 16e (128 GB) - Preto - Distribuidor Autorizado,3699,5799.0,4.9,Apple,Chegará grátis amanhã,36,https://www.mercadolivre.com.br/iphone-16e-128-gb-preto-distribuidor-autorizado/p/MLB1046215784#polycard_client=search-desktop&search_layout=grid&position=30&type=product&tracking_id=72168f13-403b-4ede-90fc-f89abb17eac3&wid=MLB3986439067&sid=search,1,1,2k-5k,23.25
Smartphone Motorola Edge 60 Neo 5G - 256GB 24GB (12GB RAM + 12GB Ram Boost) 50MP Sony Camera Moto AI e tela 1.5K Super HD - Latte,1799,3799.0,4.9,Motorola,Chegará grátis amanhã,53,https://www.mercadolivre.com.br/smartphone-motorola-edge-60-neo-5g-256gb-24gb-12gb-ram-12gb-ram-boost-50mp-sony-camera-moto-ai-e-tela-15k-super-hd-latte/p/MLB58684606#polycard_client=search-desktop&search_layout=grid&position=31&type=product&tracking_id=72168f13-403b-4ede-90fc-f89abb17eac3&wid=MLB4265763257&sid=search,1,1,1k-2k,28.349999999999998
"Samsung Galaxy S25 5G, 256GB, 12GB, Câmera Tripla - Azul claro",3898,5999.0,4.9,Samsung,Chegará grátis amanhã,35,https://www.mercadolivre.com.br/samsung-galaxy-s25-5g-256gb-12gb-cmera-tripla-azul-claro/p/MLB45513356#polycard_client=search-desktop&search_layout=grid&position=32&type=product&tracking_id=72168f13-403b-4ede-90fc-f89abb17eac3&wid=MLB5264376996&sid=search,1,1,2k-5k,22.95
"Smartphone Motorola Moto G86 5g - 256gb 24gb (8gb Ram+16gb Ram Boost) Tela 1.5k Poled, 50mp Sony Camera Ois Moto Ai, Videos Em 4k, Ip68 + Ip69 - Vermelho",1792,2399.0,4.9,Motorola,Chegará grátis amanhã,25,https://www.mercadolivre.com.br/smartphone-motorola-moto-g86-5g-256gb-24gb-8gb-ram16gb-ram-boost-tela-15k-poled-50mp-sony-camera-ois-moto-ai-videos-em-4k-ip68-ip69-vermelho/p/MLB51340616#polycard_client=search-desktop&search_layout=grid&position=33&type=product&tracking_id=72168f13-403b-4ede-90fc-f89abb17eac3&wid=MLB5462013472&sid=search,1,1,1k-2k,19.95
"Smartphone Infinix Note 50X 5G 8GB RAM 256GB De Armazenamento Tela 6,78"" Polegadas HD+ 120HZ Câmera 50MP + Selfie 8MP Bateria 5200mah NFC, DTS Áudio - Cor Cinza",1349,2267.0,4.8,123 Comprou,Chegará grátis amanhã,40,https://www.mercadolivre.com.br/smartphone-infinix-note-50x-5g-8gb-ram-256gb-de-armazenamento-tela-678-polegadas-hd-120hz-cmera-50mp-selfie-8mp-bateria-5200mah-nfc-dts-audio-cor-cinza/p/MLB61656785#polycard_client=search-desktop&search_layout=grid&position=34&type=product&tracking_id=72168f13-403b-4ede-90fc-f89abb17eac3&wid=MLB5957442486&sid=search,1,1,1k-2k,24.4
Smartphone Motorola Edge 60 5g - 512gb 24gb (12gb Ram+12gb Ram Boost) Tela Quad-curve Moto Ai 50mp Sony Camera Ultrarresistencia Militar Ip68 + Ip69 - Azul Marinho,2099,2799.0,4.9,Motorola,Não informado,25,https://www.mercadolivre.com.br/smartphone-motorola-edge-60-5g-512gb-24gb-12gb-ram12gb-ram-boost-tela-quad-curve-moto-ai-50mp-sony-camera-ultrarresistencia-militar-ip68-ip69-azul-marinho/p/MLB48930800#polycard_client=search-desktop&search_layout=grid&position=35&type=product&tracking_id=72168f13-403b-4ede-90fc-f89abb17eac3&wid=MLB5363845340&sid=search,1,0,2k-5k,9.95
Smartphone Motorola Moto G35 5g 256gb 12gb Ram Boost Coral,945,2000.0,4.8,Desconhecida,Não informado,53,https://www.mercadolivre.com.br/smartphone-motorola-moto-g35-5g-256gb-12gb-ram-boost-coral/p/MLB63092926#polycard_client=search-desktop&search_layout=grid&position=36&type=product&tracking_id=72168f13-403b-4ede-90fc-f89abb17eac3&wid=MLB6228408744&sid=search,1,0,500-1k,18.299999999999997
Smartphone Motorola Moto G56 5g - 256gb 16gb (8gb Ram+8gb Ram Boost) Camera 50mp Sony Lytia 600 Ultrarresistencia Militar e Ip68 + Ip69 - Cinza,1598,1999.0,4.9,Motorola,Chegará grátis amanhã,20,https://www.mercadolivre.com.br/smartphone-motorola-moto-g56-5g-256gb-16gb-8gb-ram8gb-ram-boost-camera-50mp-sony-lytia-600-ultrarresistencia-militar-e-ip68-ip69-cinza/p/MLB50301060#polycard_client=search-desktop&search_layout=grid&position=37&type=product&tracking_id=72168f13-403b-4ede-90fc-f89abb17eac3&wid=MLB5402372302&sid=search,1,1,1k-2k,18.45
Apple iPhone 16 (256 GB) - Preto - Distribuidor Autorizado,5205,9538.0,4.9,Apple,Chegará grátis amanhã,45,https://www.mercadolivre.com.br/apple-iphone-16-256-gb-preto-distribuidor-autorizado/p/MLB1040287796#polycard_client=search-desktop&search_layout=grid&position=38&type=product&tracking_id=72168f13-403b-4ede-90fc-f89abb17eac3&wid=MLB3931272075&sid=search,1,1,5k-10k,25.95
"Smartphone OPPO A6t 128gb, 12gb Ram (4gb + 8gb Virtual Ram), Bateria Gigante de 6500mAh, Processador Snapdragon, Tela 120Hz, AI Câmera, IP64 - Violeta",899,1299.0,4.9,Oppo,Chegará grátis amanhã,31,https://www.mercadolivre.com.br/smartphone-oppo-a6t-128gb-12gb-ram-4gb-8gb-virtual-ram-bateria-gigante-de-6500mah-processador-snapdragon-tela-120hz-ai-cmera-ip64-violeta/p/MLB66130734#polycard_client=search-desktop&search_layout=grid&position=39&type=product&tracking_id=72168f13-403b-4ede-90fc-f89abb17eac3&wid=MLB4573343865&sid=search,1,1,500-1k,21.75
"Smartphone Xiaomi Redmi 15 8gb 256gb Tela 6,9 144hz, Bateria 7.000 Mah, 50 Mp Preto",1390,1390.0,4.8,Desconhecida,Chegará grátis amanhã,0,https://www.mercadolivre.com.br/smartphone-xiaomi-redmi-15-8gb-256gb-tela-69-144hz-bateria-7000-mah-50-mp-preto/p/MLB61511995#polycard_client=search-desktop&search_layout=grid&position=40&type=product&tracking_id=72168f13-403b-4ede-90fc-f89abb17eac3&wid=MLB4390450235&sid=search,0,1,1k-2k,12.4
Celular Samsung Galaxy A56 5g 128gb 8gb Ram Rosa,1998,3299.0,4.9,Samsung,Chegará grátis amanhã,39,https://www.mercadolivre.com.br/celular-samsung-galaxy-a56-5g-128gb-8gb-ram-rosa/p/MLB47106876#polycard_client=search-desktop&search_layout=grid&position=41&type=product&tracking_id=72168f13-403b-4ede-90fc-f89abb17eac3&wid=MLB4561879339&sid=search,1,1,1k-2k,24.15
Apple iPhone 15 (128 GB) - Azul - Distribuidor Autorizado,4499,7209.0,4.9,Apple,Chegará grátis amanhã,38,https://www.mercadolivre.com.br/apple-iphone-15-128-gb-azul-distribuidor-autorizado/p/MLB1027172667#polycard_client=search-desktop&search_layout=grid&position=42&type=product&tracking_id=72168f13-403b-4ede-90fc-f89abb17eac3&wid=MLB4408547152&sid=search,1,1,2k-5k,23.85
iPhone 17 Pro 256GB - Azul-profundo - Distribuidor Autorizado,9899,11499.0,4.9,Apple,Chegará grátis amanhã,14,https://www.mercadolivre.com.br/iphone-17-pro-256gb-azul-profundo-distribuidor-autorizado/p/MLB1055308781#polycard_client=search-desktop&search_layout=grid&position=43&type=product&tracking_id=72168f13-403b-4ede-90fc-f89abb17eac3&wid=MLB5687335472&sid=search,1,1,5k-10k,16.65
iPhone 17 256 GB - Sálvia - Distribuidor Autorizado,6297,7999.0,4.9,Apple,Chegará grátis amanhã,21,https://www.mercadolivre.com.br/iphone-17-256gb-salvia-distribuidor-autorizado/p/MLB1055308843#polycard_client=search-desktop&search_layout=grid&position=44&type=product&tracking_id=72168f13-403b-4ede-90fc-f89abb17eac3&wid=MLB6545162768&sid=search,1,1,5k-10k,18.75
Apple iPhone 16 (128 GB) - Preto - Distribuidor Autorizado,4986,7799.0,4.9,Apple,Chegará grátis amanhã,36,https://www.mercadolivre.com.br/apple-iphone-16-128-gb-preto-distribuidor-autorizado/p/MLB1040287808#polycard_client=search-desktop&search_layout=grid&position=45&type=product&tracking_id=72168f13-403b-4ede-90fc-f89abb17eac3&wid=MLB5120546360&sid=search,1,1,2k-5k,23.25
Smartphone Motorola Edge 60 Pro 5g - 512gb 24gb (12gb Ram+12gb Ram Boost) Tela Quad-curve Moto Ai 50mp Sony Camera Ultrarresistencia Militar Ip68 + Ip69 - Cinza,3059,5499.0,4.9,Motorola,Chegará grátis amanhã,44,https://www.mercadolivre.com.br/smartphone-motorola-edge-60-pro-5g-512gb-24gb-12gb-ram12gb-ram-boost-tela-quad-curve-moto-ai-50mp-sony-camera-ultrarresistencia-militar-ip68-ip69-cinza/p/MLB48998798#polycard_client=search-desktop&search_layout=grid&position=46&type=product&tracking_id=72168f13-403b-4ede-90fc-f89abb17eac3&wid=MLB5389690592&sid=search,1,1,2k-5k,25.65
"Tcl Smartphone 605 4g, Octa Core, 128gb 12gb Ram (4+8), 6.7 Hd+ 90hz, Nfc, Dual Sim, 50mp",649,799.0,4.7,Mercado Livre,Chegará grátis amanhã,19,https://www.mercadolivre.com.br/tcl-smartphone-605-4g-octa-core-128gb-12gb-ram-48-67-hd-90hz-nfc-dual-sim-50mp/p/MLB53155051#polycard_client=search-desktop&search_layout=grid&position=47&type=product&tracking_id=72168f13-403b-4ede-90fc-f89abb17eac3&wid=MLB6161225994&sid=search,1,1,500-1k,18.05
Apple iPhone 15 (256 GB) - Preto - Distribuidor Autorizado,4751,8095.0,4.9,Apple,Chegará grátis amanhã,41,https://www.mercadolivre.com.br/apple-iphone-15-256-gb-preto-distribuidor-autorizado/p/MLB1027172669#polycard_client=search-desktop&search_layout=grid&position=48&type=product&tracking_id=72168f13-403b-4ede-90fc-f89abb17eac3&wid=MLB3621184765&sid=search,1,1,2k-5k,24.75
Smartphone Motorola Edge 60 Fusion 5g - 256gb 16gb (8gb Ram+8gb Ram Boost) 50mp Sony Ai Camera Ip68 Nfc - Rosa,1939,3299.0,4.9,Motorola,Chegará grátis amanhã,41,https://www.mercadolivre.com.br/smartphone-motorola-edge-60-fusion-5g-256gb-16gb-8gb-ram8gb-ram-boost-50mp-sony-ai-camera-ip68-nfc-rosa/p/MLB47251829#polycard_client=search-desktop&search_layout=grid&position=49&type=product&tracking_id=72168f13-403b-4ede-90fc-f89abb17eac3&wid=MLB4027318137&sid=search,1,1,1k-2k,24.75
Smartphone Motorola Moto G15 256gb 12gb 4GB RAM 8GB RAM Boost Camera 50mp Verde,899,1499.0,4.8,Motorola,Chegará grátis amanhã,40,https://www.mercadolivre.com.br/smartphone-motorola-moto-g15-256gb-12gb-4gb-ram-8gb-ram-boost-camera-50mp-verde/p/MLB44665542#polycard_client=search-desktop&search_layout=grid&position=50&type=product&tracking_id=72168f13-403b-4ede-90fc-f89abb17eac3&wid=MLB5237351728&sid=search,1,1,500-1k,24.4
iPhone 17 Pro 512GB - Azul-profundo - Distribuidor Autorizado,11699,12999.0,4.9,Apple,Chegará grátis amanhã,10,https://www.mercadolivre.com.br/iphone-17-pro-512gb-azul-profundo-distribuidor-autorizado/p/MLB1055308802#polycard_client=search-desktop&search_layout=grid&position=51&type=product&tracking_id=72168f13-403b-4ede-90fc-f89abb17eac3&wid=MLB4200188179&sid=search,1,1,10k+,15.45
"Smartphone Motorola Signature 5g - 512gb 24gb (12gb Ram + 12gb Ram Boost), 3 Cameras 50mp Sony Lytia E Zoom 100x, Tela 1.5k Extreme Amoled 165hz - Preto",7649,8999.0,4.8,Motorola,Chegará grátis amanhã,15,https://www.mercadolivre.com.br/smartphone-motorola-signature-5g-512gb-24gb-12gb-ram-12gb-ram-boost-3-cameras-50mp-sony-lytia-e-zoom-100x-tela-15k-extreme-amoled-165hz-preto/p/MLB65938141#polycard_client=search-desktop&search_layout=grid&position=52&type=product&tracking_id=72168f13-403b-4ede-90fc-f89abb17eac3&wid=MLB6373850588&sid=search,1,1,5k-10k,16.9
"Smartphone Motorola Moto G17 4g - 256gb 12gb (4gb Ram + 8gb Ram Boost) Camera 50mp Sony Lytia 600, Tela Fhd+ 60hz, Bateria 5200 Mah - Rosa",1078,1749.0,4.9,Motorola,Chegará grátis amanhã,38,https://www.mercadolivre.com.br/smartphone-motorola-moto-g17-4g-256gb-12gb-4gb-ram-8gb-ram-boost-camera-50mp-sony-lytia-600-tela-fhd-60hz-bateria-5200-mah-rosa/p/MLB65041664#polycard_client=search-desktop&search_layout=grid&position=53&type=product&tracking_id=72168f13-403b-4ede-90fc-f89abb17eac3&wid=MLB4510840013&sid=search,1,1,1k-2k,23.85
Smartphone Oppo A6 Pro 256gb 8gb Ram 5g Ip69 Azul Espacial,2999,3199.0,4.9,Oppo,Chegará grátis amanhã,6,https://www.mercadolivre.com.br/smartphone-oppo-a6-pro-256gb-8gb-ram-5g-ip69-azul-espacial/p/MLB66177449#polycard_client=search-desktop&search_layout=grid&position=54&type=product&tracking_id=72168f13-403b-4ede-90fc-f89abb17eac3&wid=MLB4536941689&sid=search,1,1,2k-5k,14.25
iPhone 17e 256GB Preto - Distribuidor Autorizado,5219,5799.0,4.9,Apple,Chegará grátis amanhã,10,https://www.mercadolivre.com.br/iphone-17e-256gb-preto-distribuidor-autorizado/p/MLB1066130044#polycard_client=search-desktop&search_layout=grid&position=55&type=product&tracking_id=72168f13-403b-4ede-90fc-f89abb17eac3&wid=MLB6402322328&sid=search,1,1,5k-10k,15.45
Smartphone Samsung Galaxy A56 5g 6.7 Pol Octa-core 256gb 8gb,1998,3699.0,4.9,Samsung,Chegará grátis amanhã,46,https://www.mercadolivre.com.br/smartphone-samsung-galaxy-a56-5g-67-pol-octa-core-256gb-8gb/p/MLB65302568#polycard_client=search-desktop&search_layout=grid&position=56&type=product&tracking_id=72168f13-403b-4ede-90fc-f89abb17eac3&wid=MLB4609819131&sid=search,1,1,1k-2k,26.25
"Smartphone Motorola Moto G17 4g - 128gb 12gb (4gb Ram + 8gb Ram Boost) Camera 50mp Sony Lytia 600, Tela Fhd+ 60hz, Bateria 5200 Mah - Azul",899,1299.0,4.9,Motorola,Chegará grátis amanhã,31,https://www.mercadolivre.com.br/smartphone-motorola-moto-g17-4g-128gb-12gb-4gb-ram-8gb-ram-boost-camera-50mp-sony-lytia-600-tela-fhd-60hz-bateria-5200-mah-azul/p/MLB65041642#polycard_client=search-desktop&search_layout=grid&position=57&type=product&tracking_id=72168f13-403b-4ede-90fc-f89abb17eac3&wid=MLB6420215012&sid=search,1,1,500-1k,21.75
"Smartphone Infinix Smart 10 4GB RAM 256GB SSD Câmera 8MP + IA, Tela 6.67 HD+ 120Hz, Bateria 5000mAh, Processador T7250, Android 15 Go, Dual Chip - Preto",670,1458.0,4.8,123 Comprou,Chegará grátis amanhã,54,https://www.mercadolivre.com.br/smartphone-infinix-smart-10-4gb-ram-256gb-ssd-cmera-8mp-ia-tela-667-hd-120hz-bateria-5000mah-processador-t7250-android-15-go-dual-chip-preto/p/MLB56327005#polycard_client=search-desktop&search_layout=grid&position=58&type=product&tracking_id=72168f13-403b-4ede-90fc-f89abb17eac3&wid=MLB5751262142&sid=search,1,1,500-1k,28.599999999999998
Kit Samsung: Celular Galaxy A17 256gb 8gb Ram 50mp 6.7 Nfc Ip54 Preto + Galaxy Buds Core Branco,1431,1698.0,4.9,Samsung,Frete grátis,16,https://www.mercadolivre.com.br/kit-samsung-celular-galaxy-a17-256gb-8gb-ram-50mp-67-nfc-ip54-preto--galaxy-buds-core-branco/up/MLBU3605578150#polycard_client=search-desktop&search_layout=grid&position=59&type=product&tracking_id=72168f13-403b-4ede-90fc-f89abb17eac3&wid=MLB5957929002&sid=search,1,1,1k-2k,17.25
Smartphone OPPO A5 256GB 6GB RAM Branco,1169,1499.0,4.8,Oppo,Chegará grátis amanhã,22,https://www.mercadolivre.com.br/smartphone-oppo-a5-256gb-6gb-ram-branco/p/MLB51680761#polycard_client=search-desktop&search_layout=grid&position=60&type=product&tracking_id=72168f13-403b-4ede-90fc-f89abb17eac3&wid=MLB5745515116&sid=search,1,1,1k-2k,19.0
"Smartphone Motorola Moto G17 4g - 256gb 12gb (4gb Ram + 8gb Ram Boost) Camera 50mp Sony Lytia 600, Tela Fhd+ 60hz, Bateria 5200 Mah - Rosa",1078,1749.0,4.9,Motorola,Chegará grátis amanhã,38,https://click1.mercadolivre.com.br/mclics/clicks/external/MLB/count?a=KPavC%2BW%2Fuic6WyBnns3xkkf4TnHjmCPLid3SCw6BYOP20yzoys355kNVdblaDY5PzKjKu1jch5Rev4a1e1AOe9HSQH4yJA1NYRmFHZ9AE2XtEC9sZ5D1CXIdp24X6Efau%2ByN6MWsIhuIDuZ0H%2BexJmdP7OCtA%2FG1yLHR6UYwCVObxu6KOvck4tV3ccrZ%2F%2F%2B5cvwswUFyNPAkQSvfG%2FAuPMKOLnfu1CGOjxlSBbblfoJD8CFm3QQDRlDcfgev7VEuzvHLZhRpGwa%2FspaOZXr20pm680DqptxbWD9UsH%2Flnck11QWGfmoO5DxFZdOJE%2BUDgBWo5dGpvcheCtffV53BjyzjmfLEXGZnyjAMAyrK7uPIUrrsoSKAaLxXeiNEQ9chQqQ2tXzc0h7MwLIYAnVnrXuSRnXiZxcZP%2FeivquXIjj78%2F4V%2FsdbgoPi%2BnNPsiEYEu4gGn63rpJDlW%2FEXuCE4z5bwDYk%2B4Sg0TMUSByuajejnmYHUeFtpWousrpQ4fZWXXOUV57%2Fra8ZuzsuqkX8XB1bymdG0HzhCMk3ykabUBuZvQSjpig63YG82c8SmVHFnTGlL%2FOgzM08QlfYfiCYeLVSoIqDApTxTT3xkxcLFGgVCD3O9qB%2BgMq7mzTQ0hAoRs78ynFDHEV%2BY2hHftqi1Vf1WBYmv%2Fk9EZ%2F1L07jOSMR7x0TY6gilBpS0YaIZHsBE7Dj0D5v0XviukOVqV5TlyshEbVXpWYyydCbbp78vZnxGsApfHOvnbF6BbGDDaOpleN7FM0sO4Cz5SDBGb6sbMWn9bRCEbQWMlTvCTT%2FkqYqm%2BY2RU7F1rtaUdZqC%2FfsBVkHwMTrXiuPp7eIkSE3MMbumr%2F5ibhznDqMInBPpjAddZlrxtY1GcbVIMLUWz2c7zKcqaIh1r%2FZyHGrnCnqjwGnJ6I%2Bun25Rqz0M%2BnHTJbCxdoygThOus5tc0Jxq09yfoo74Lku4ei7QVhTn%2BT1%2FQw%2FJSFItCvIpJh0%2FY0jUPPF2ph8Xg2QUrHREFkBMIjP9AQhN1Nj6NoUwzXp3rSoSO9elg%3D%3D#polycard_client=search-desktop&is_advertising=true&searchVariation=MLB65041664&backend_model=search-backend&search_layout=grid&position=1&type=pad&tracking_id=7c8f33e7-2233-422e-a3f7-156ae55698f3&wid=MLB4510840013&sid=search,1,1,1k-2k,23.85
Smartphone Motorola Moto G06 - 256gb 12gb (4gb Ram + 8gb Ram Boost) E Camera 50mp Com Ai Bateria De 5200 Mah Tela 6.9 - Bege,723,1349.0,4.9,Motorola,Chegará grátis amanhã,46,https://click1.mercadolivre.com.br/mclics/clicks/external/MLB/count?a=O7E6ZMgSIhjUw7tYP9YEMPSp0UUIXyixpadC9uUUwHwHTYHJWFYROiRgZwGHlfoSpYc0deTzd%2FSiZG9zVdltCKeXX%2FtbxAz3VVOeahTU5o9h5yi6vc0X66SkvIFkp2IkN2YOG%2FrFMcFh%2BIZ8XrBnBK5OPApPKl7PiteaAQ967%2BmtU9Q4sbL7oFvEQ2y%2Fi%2BlXfxoG6rcmWRoB%2F8tzohD51fDnNTCS3RvBI6KlsqqXqM2iepTwrVNXLM9%2FYTzTIHEx9qCdc5HhIYk%2BoJwt3YVfiIYoxROmStDy3EWKkdfp4g8n%2BrHvps3NSm6fSGB6Q%2BweLkSL77n%2Fgar8CcYotWf7ELj4IOn0T9eMIED7czNnWXbypvBTeZLYP0GFNyDtXzsodVW1e6r763iP4qNZQrbx2dPBrvD0FnjEm6MVRFtW18S%2FQ1znjJaNc942BxOve2%2Bz8atS8qzmllCaFWFoes5rZmdMFfw1POYaTXF3QQOTFKoZKEmLK7yQtAa02boAqY3A2Vl%2B%2FCh3RCGR2gQ3MR6XdjCR4eE3YXkbKZihYHnjyosVEr8mjIa2sfgPgfckTUv8jrO9M9RPmGxWoXdgAozDWnYwXo%2B8w4RXFbjYW8pOOHF62%2B0E%2BDU0esWAhK0xs5V295C5fi7nesxo36KcmpfuaxjJeOzxqBMpd5tr1yRwMrqX%2BAyd8GlZZHAnfsdkgFk7HnmrCHkAGIvwwL1W9VAfCMGsgFxp0QD6TZ0OHnvV2v1ZpPQ1dZaeIIfAprGsCcEM799s6AWTF2QH3Z0mSOpJMqbNk5kfzYwFA7t1w8u%2Bau0WpDqumU0KqIQRa%2B1TVPaFhV4W3e1RXgCINJsDmMDt8OHt2ttw6DLfBpDSkvdkaxQ6YFbj1FRx%2B5w4NPYAZI48uNEZ3A9tz77dXDqILhPtfh6dJwbgXRScBqh%2FvoihfeaDFutXo7SvA2Pmea4%2FMV1F1j1pwGDibnEFpoOklH3OKS%2FfSMgxg%2Bey2Wb2mcIwnCMwHlW4yKfLAqLpS5ehB5NxwVebFQlYyA%3D%3D#polycard_client=search-desktop&is_advertising=true&searchVariation=MLB55762063&backend_model=search-backend&search_layout=grid&position=2&type=pad&tracking_id=7c8f33e7-2233-422e-a3f7-156ae55698f3&wid=MLB5765125576&sid=search,1,1,500-1k,26.25
Smartphone Motorola Moto G15 256gb 12gb 4GB RAM 8GB RAM Boost Camera 50mp Verde,899,1499.0,4.8,Motorola,Chegará grátis amanhã,40,https://click1.mercadolivre.com.br/mclics/clicks/external/MLB/count?a=1z5akVP6x0561RrT%2By72wOj%2BUeNB%2BTgQ19awyhF%2BO24CBRDLulDwQyknUMp63REY7UsXD%2F7ojLgcVr7KgG3jKfcX3jd9NyneYaUVLHEFtl%2BTR%2F6gpNJYKa5ivBq3SrP0It6K9MgWdfVtQY63JrcrlKdy2oppMZXnv%2BPo2o6u%2BL77WxaPUkyuxaCk331ElEadKhFpSEU4AKFxP47p4m1dkB47r878w3RQubj2bkZvYa5SzMHxb3sfchbyTVt%2BmlPZfn6alY3%2FiR1KYzt3qysq2nm%2F%2BA0E8nP1STs5PVlJ2EGtcI01wQOpbnWedgf5TG%2BEtz8kI%2BSO4qYxvT%2FbRAgvqGo24C5Esjo%2Fs82CSbpnb2hzZdvHGhjWbB8fz8%2BTsXSbFjQxFrWr2op5AhkeHC2FFBI%2B8bD3%2BNm34THeUcbFJquunQJ5oYk1MRtZGTi1NqLsoOmnRQd9DP1sE33ZiB8Z%2BpPxwqEpiK5L8%2FUrDhJDArbz5Q2Dg8ACmkCvaY71%2FL3bXHFtDphhG9xk6KjhJlAZk%2B%2BASLOwp4%2F3ZPsEqHP7Yfmy12N19BbW8frF0ioO7IIQZRxXAbRlOJrTqMROcAu7DspD03dUsOdSpOB6np%2BWUGxLtkeO0dtcPiJlWsvYW6SlnEcfoitokXX5hysYDGb3oJ1URKTEokwSOTKojVWjbZTq2TLWXO3mRqdjUmN6lRHXiV9N4i2Bb1cCqyNC4VWs8NiJAvGhvXEiNLfaZ9i2A7N5D2Ct7dE5JgBxgrxF%2FYN%2FLAFNMNBlB4%2FZGpX4jDeCG0fWyY5cGmprDViFZXhH8FXhiEii933Ra5mMl3crq3k23wWsf0VlzHyMcwGTupxdZiqHK86a%2BO0qc34SDanE9qLlLo%2Fv%2FGzpZqDEWDMM%2B8xSs8CspwVriTkBm%2FhLTym3qAmJg7i0Zq0IWVLJvhUGLo0w%2FBfk9czOgVHci0FcEdumc8V9jIW5AjHVfx3x1ZC0OEKRPh8t#polycard_client=search-desktop&is_advertising=true&searchVariation=MLB44665542&backend_model=search-backend&search_layout=grid&position=3&type=pad&tracking_id=7c8f33e7-2233-422e-a3f7-156ae55698f3&wid=MLB5237351728&sid=search,1,1,500-1k,24.4
"Smartphone Motorola Moto G86 5g - 256gb 24gb (8gb Ram+16gb Ram Boost) Tela 1.5k Poled, 50mp Sony Camera Ois Moto Ai, Videos Em 4k, Ip68 + Ip69 - Vermelho",1792,2399.0,4.9,Motorola,Chegará grátis amanhã,25,https://click1.mercadolivre.com.br/mclics/clicks/external/MLB/count?a=r%2FoVmrEw1mPK%2B97ZWxC%2FFagn8Nuq36e8QCrLmRrqHB%2FoZ1%2Fl4UKwXKtptW%2FlvuyjYYpnVkSA227EuqWNHzF9rao%2Bh5kTTzOapRHMG98c5UTOabVdWHjVLDliEyrvqH9Ha24Xp%2Bm446R%2FTp0VwKBAr%2FMMy%2BMrwqqYbv6iva%2Bduhxam4GDU64ysXK1F33qVQztCrb3xqzTu7sS8Gu1PlHWvmSIp3RpridrGC59gjzJJBHLs1cK00NFozZgKnof%2Bh2Kbr0e154X7mnbUs3x04Cw6p5fU839%2B%2BYpYgmYLCJkbIvd3%2FImeXFC9UT%2FGRkctjh3Y2tXkK6BUCT3vbw4yuoE%2BuoMGALtiOXqtnoYXp8t2bxNb6k8gLrui1I%2B%2FqSklFt%2F6VTBiaV2WkIa2u3%2Fk0YX03T12SeCNpSn6l%2FBlxSCT%2BPMJaHG6j7VRuPhYXw5tw0Sp6u3XhOgfEZ4OHQuDxyeclsFdi2dyjQSJj9OC2xvZ%2B7okV9CcbgwyFlAxT6K6%2B2%2FqQLTSAKeZGOC%2BcKgSGwvFpKGnxy1BdioFt%2FO5APNvyELHvuRoqKOTUcfQyIE96RDVfLppwO1%2BvqOVZ%2FtTceesSHECKp4LirR6JYqRkFH0pCRePElnMrF%2FcyfZZt7wsFBT%2FadZZH5M087CKm%2FoUbD5%2FnjcANtpHSQZEuMOY8bYUg1kHw8%2B0aXh5eRrX2K8jQZZPP8u2BqiHD%2F%2FSCfEvXXQ52292pDAyS6koJ6B9idoToQLu3%2FmetWQwN3fktSdSVRdHc08KM9%2FCnVarcWux42M4mxG2%2Bl%2BBCif8y8emR6E0rF19P3TNJY0%2B%2F4L99nq0slMqtvChG%2B0QJ%2BBz18V84rqKEmPYCTiCu5x%2FPFi%2FQDBWtDB3TczKFvp6TV4v2TMF%2BLAWYaYuNXi5sL7MbrCaCzhNnKM%2FJZsUZuCwl%2BFmjvILVz437MwDM7VWWlE2NHzYfW1tJnhQ5RaFmvfHzTBHKR9yGYnaHdx%2FhUXfJ2%2FYtdL21bexSNrcRbttAM5XkI%2BrraKBk9hCaSJQkwMBCmgQQOi8GSwiafDnuGmjJhny2Irl7E#polycard_client=search-desktop&is_advertising=true&searchVariation=MLB51340616&backend_model=search-backend&search_layout=grid&position=4&type=pad&tracking_id=7c8f33e7-2233-422e-a3f7-156ae55698f3&wid=MLB5462013472&sid=search,1,1,1k-2k,19.95
Celular Samsung Galaxy A56 5g 256gb 8gb Ram Cinza,1998,3699.0,4.9,Samsung,Chegará grátis amanhã,46,https://www.mercadolivre.com.br/celular-samsung-galaxy-a56-5g-256gb-8gb-ram-cinza/p/MLB47114363#polycard_client=search-desktop&search_layout=grid&position=5&type=product&tracking_id=7c8f33e7-2233-422e-a3f7-156ae55698f3&wid=MLB5317821714&sid=search,1,1,1k-2k,26.25
Smartphone Samsung Galaxy A36 5g 128gb 6gb Ram Câmera Tripla De Até 50mp Selfie De 12mp Ip67 Super Amoled 6.7'' Nfc Recursos Ai Android E Segurança Snapdragon - Preto,1430,2815.0,4.9,Webfones,Chegará grátis amanhã,49,https://www.mercadolivre.com.br/smartphone-samsung-galaxy-a36-5g-128gb-6gb-ram-cmera-tripla-de-ate-50mp-selfie-de-12mp-ip67-super-amoled-67-nfc-recursos-ai-android-e-seguranca-snapdragon-preto/p/MLB47115842#polycard_client=search-desktop&search_layout=grid&position=6&type=product&tracking_id=7c8f33e7-2233-422e-a3f7-156ae55698f3&wid=MLB6410679768&sid=search,1,1,1k-2k,27.15
Xiaomi Redmi 14c 4G 256 GB 8 GB RAM dual sim cor preto,830,830.0,4.6,Desconhecida,Não informado,0,https://www.mercadolivre.com.br/xiaomi-redmi-14c-4g-256-gb-8-gb-ram-dual-sim-cor-preto/p/MLB41287578#polycard_client=search-desktop&search_layout=grid&position=7&type=product&tracking_id=7c8f33e7-2233-422e-a3f7-156ae55698f3&wid=MLB6628300600&sid=search,0,0,500-1k,2.3
Smartphone Motorola Moto G06 - 128gb 12gb (4gb Ram + 8gb Ram Boost) E Camera 50mp Com Ai Bateria De 5200 Mah Tela 6.9,661,999.0,4.9,Desconhecida,Chegará grátis amanhã,34,https://www.mercadolivre.com.br/smartphone-motorola-moto-g06-128gb-12gb-4gb-ram-8gb-ram-boost-e-camera-50mp-com-ai-bateria-de-5200-mah-tela-69/p/MLB61381499#polycard_client=search-desktop&search_layout=grid&position=8&type=product&tracking_id=7c8f33e7-2233-422e-a3f7-156ae55698f3&wid=MLB4515672567&sid=search,1,1,500-1k,22.65
"Celular Samsung Galaxy A07 128gb, 4gb, Câmera 50mp, Tela 6.7 , Proteção Ip54, Processador 6nm - Preto",599,899.0,4.9,Samsung,Chegará grátis amanhã,33,https://www.mercadolivre.com.br/celular-samsung-galaxy-a07-128gb-4gb-cmera-50mp-tela-67-proteco-ip54-processador-6nm-preto/p/MLB55034955#polycard_client=search-desktop&search_layout=grid&position=9&type=product&tracking_id=7c8f33e7-2233-422e-a3f7-156ae55698f3&wid=MLB5859349564&sid=search,1,1,500-1k,22.35
Samsung Galaxy A06 5g Dual Sim 128gb preto,719,989.0,4.8,Vikings,Chegará grátis amanhã,27,https://www.mercadolivre.com.br/samsung-galaxy-a06-5g-dual-sim-128gb-preto/p/MLB48946861#polycard_client=search-desktop&search_layout=grid&position=10&type=product&tracking_id=7c8f33e7-2233-422e-a3f7-156ae55698f3&wid=MLB6433836010&sid=search,1,1,500-1k,20.5
"Celular Samsung Galaxy A17 Com Ia, 256gb, 8gb Ram, Câm De 50mp, Tela De 6.7 , Nfc, Ip54 - Preto",1259,1399.0,4.9,Samsung,Chegará grátis amanhã,10,https://www.mercadolivre.com.br/celular-samsung-galaxy-a17-com-ia-256gb-8gb-ram-cm-de-50mp-tela-de-67-nfc-ip54-preto/p/MLB55254425#polycard_client=search-desktop&search_layout=grid&position=11&type=product&tracking_id=7c8f33e7-2233-422e-a3f7-156ae55698f3&wid=MLB4583723537&sid=search,1,1,1k-2k,15.45
"Celular Samsung Galaxy A07 256gb, 8gb, Câmera 50mp, Tela 6.7 , Proteção Ip54, Processador 6nm - Violeta",852,1399.0,4.9,123 Comprou,Chegará grátis amanhã,39,https://www.mercadolivre.com.br/celular-samsung-galaxy-a07-256gb-8gb-cmera-50mp-tela-67-proteco-ip54-processador-6nm-violeta/p/MLB54964804#polycard_client=search-desktop&search_layout=grid&position=12&type=product&tracking_id=7c8f33e7-2233-422e-a3f7-156ae55698f3&wid=MLB4277746349&sid=search,1,1,500-1k,24.15
Smartphone Motorola Moto G05 256gb 4gb Ram Camera 50mp Vermelho,699,1199.0,4.9,Motorola,Chegará grátis amanhã,42,https://click1.mercadolivre.com.br/mclics/clicks/external/MLB/count?a=%2B4Xh%2Fbgj4iEXpAO0fbeSvaA%2F18HlSqkKRohhNPbnPsl4t%2BxZBD4uvozzptGgk9iHDy%2BYiYOeuSLkx42ieiafT3ISaVyoyZ%2B942o9cgR85Jz%2F7vFDof%2F1i6DNd%2BCNQ6QEvXzlhUCiUomLUEa3rRyHnJetctXUeiKC6WC1uQZHiIX%2FPKCLxVMsQVHW%2Fx6a2aywY1v%2BJ6dVO5Rt45CcKUuI3hCdKYYZgiAA4cF8gx%2BkkHTKCFeEn2KXsfyyl6KXlb50Fgoe7ipqkpquR1peO7fUsdW4aldHir065ijwykSixeCwzky8UWxeDMhIX8MWN4%2FddAz0dtsxxgUJ%2BOjd4SgHEA4njKk8ARC%2BB%2FbkOSBzrnrq9POKGFo8WX4dnu7xayGrsUVx%2Fhp479BknU%2F%2BHwvD844Dqlx6DVM1J30odLZldlH%2Bho1bQAk2qHIRzf8Hs9E2D%2B%2FR8LZ%2FX%2BM00IgdoFQZHBLK6A3BRWv%2F0s3wIw5z6BnWSbxoQgJVB6t6HpG7bwv1rZQ5bRF7H6Hm8yJ7nFtJUD9xH46ta7zCJuBfzNgjqzJan%2Fr06AxgfCLAPaOiA%2F4bvkQc3BQcmMVvjXb3pjjoaZruTTbUO4SUlwcxcOwzUmVh1oP3sHnL8Cy%2FL%2BJxoE39E%2B1Mnfjqkt3MxVQ%2B438hpSbeGMtaVpTxLOGhtR4%2Bd%2FOYp8LiDp38XzXM3lVo2LD0E%2FAuGDBhITOVtXpPHJqYr5O%2BWrk84O8m8XAm9eMzDh3SsHIPRT8WRRxtgEoqSKTuhbIH8oHl4KfoPK0Pb05XVfcTw5uMlVBW03evSI%2FPyuhARIBaH0fl88BpV26gorcDNvhRUXG2J8966XqnH4en0Xx3s2Kbwsh7zWj%2BXBeos9rM6PAg4T5iVHIfrTikoMFJttfcfvrf55jpRq55FZnJS8Cmp6agT05ZpVhKiif%2BrMNb48aOFu32UPvkly48wRKZkVm3IhaH9Q%3D%3D#polycard_client=search-desktop&is_advertising=true&searchVariation=MLB58493174&backend_model=search-backend&search_layout=grid&position=13&type=pad&tracking_id=7c8f33e7-2233-422e-a3f7-156ae55698f3&wid=MLB5774641722&sid=search,1,1,500-1k,25.05
Smartphone Motorola Moto G56 5g - 256gb 16gb (8gb Ram+8gb Ram Boost) Camera 50mp Sony Lytia 600 Ultrarresistencia Militar e Ip68 + Ip69 - Cinza,1598,1999.0,4.9,Motorola,Chegará grátis amanhã,20,https://click1.mercadolivre.com.br/mclics/clicks/external/MLB/count?a=SvDkAM2tGn0k1BNY%2FPh5A%2BPG9CNgRYxRZxkBjX8avmNJIfLseHUUOiZ1tq9J7otEtjykzMNmhrJqySQVXT11NYKVcXo3aRqI2MMMI3KyWvuqdhP67Egq6BrWA0jXBu%2F51Gyl%2BTZYYdLOTJriSauAnRLzz8SA9NvEj%2FUH%2FcJrHH3JfkbvxiCZfl101JwcXjkIcWc7ZIkzbOe79stiGfbtrdBRmuPwVruwc%2BdRQA4Np3j9L0sfDvWEuCbgMbfel9hxmhzxoiCydrUmt4X5bon3aQjeXhiKG6lY4ldBYb7gmCY2TEkzHqNYuaOlytiGXTu0S6w2gWO8mfvu%2FPYmY41VA%2FzdpVIWFyZLXQTUPY9nXNB095CCjBZ519qtaqXyHkhDKTIB7jih7%2Ftia0BNuUoCENtDuBN1Q%2B5tjReRHuRR%2FSaWhZIJTsXMPIMtwRNujK5UtMun38%2F174S8qwZsUGSkwdt02l%2BIly9SzzxI%2BULc1hhHW9gyF%2F2DCXGvPi%2Bq%2BB972XbK7Aik0e%2F2Fe2mFaumLOFr7csb90a%2BongZBoR4d6Jn%2FiuTHEmJ3S8dKcaKCOBXvzYD4srtiNR44bzAjzxqR5MyDuewBH6oHTXBizX5st8JfkGKqhnQk4F%2FX8gDeSY8aGilltUbn5r6luiicuAM0BFGkU5JFkVldIz8dti2Qz1T0VZdJdwY0Y2BY7qHKnSJdhdvoz%2FBcgZM2hCIrNGCQI%2BQl6EST%2B9o7F6g89vWrt3X7ffQXgGcx5iNn84QYgB5BlYS2%2FJwNnfjUoQSG1%2FvcLZ4dg1QbCf6tDDkTTTd43BoZYOhIpeR6aq4uL%2FCcr6GOjtMqOUOSTUaXRcP6X%2B19AZP9uKpivE10BHFUB%2BZcCumQTaMFpPxvRwiKEryvhbCvJKuYEvMA%2BeaL0h8XgRwrVBHRvq7MGQFUuA03FNyoa2H3ob%2FDrdkNPTgRpxNlQ8qQMW1B1jhQvBuFC1bBIVwfPWsyZfYnJwAXeUmJXEphESV3HTJ16QB9pUXGcmcF9SiN3Liukdy4xrTtSKhEarOCg0X3V62Cnjc52jDeZw%3D#polycard_client=search-desktop&is_advertising=true&searchVariation=MLB50301060&backend_model=search-backend&search_layout=grid&position=14&type=pad&tracking_id=7c8f33e7-2233-422e-a3f7-156ae55698f3&wid=MLB5402372302&sid=search,1,1,1k-2k,18.45
"Smartphone Motorola Moto G67 5g - 128gb 12gb (4gb Ram + 8gb Ram Boost) Camera 50mp Sony Lytia 600, Tela 1.5k Extreme Amoled 120hz, Ultrarresistente - Chumbo",1529,1899.0,4.8,Motorola,Chegará grátis amanhã,19,https://click1.mercadolivre.com.br/mclics/clicks/external/MLB/count?a=U3CLlojPAxKmK%2Fpxorp8zmexOa%2BA1NuSnhlp2Yecqrs0hWr5s5rhZYN0JFFwOUhyxRo1OBJQoviVD6GCfYjteZtDJcIixuODVTLWNpet0aEYTEJMwJ5Cg8Ld45qzVvIF7WVRXKo4NkD%2B4v6T%2BWy0okwQDaT2LqlnAlwM%2FAvQaFQDQJLq77OIjFoFpD6O%2BOpOdtOPCz%2BTESsugzPHBnnNZCZ0wub38vFd4sjg3dd9rjX0vGUKAep2Innz3mv%2BrD5Zi7CVdoGuXHXaUH93ytbHuNNFeCVgn96rR2SxC0bPchhuiIdmcu15psKJ%2BQeVZ33rIhU3bqqZ3n4X%2FG2Vor5uKzoEU3S9rttpEOgGXNPCaOFwzlXURS6Ud3P8hoj9RxIPINymXfeHwSRVaN%2BW6s4xZWzqnJJTatfZYH%2FFh6XvLie1dF3kA4awu%2BvvpJy9YV6%2FM8g9Yd6mpi2PKVOSp%2BUYyFPEvJlmSpMDBhuE%2Ff4r9oxMAl3P7qyRx5d798jkUfYJYj%2FjgYGrhKIvAEiv93Gu56TsTgkmvdlFRLtfUEogag%2BMaIjJe1knwA55nbxOmkGm1niYg7F6wrwyGiN%2F5M19VU%2FV0ot3sDF89Rwtc%2FYMn5P%2FHzbsU9M4C4P87Cyxy1KaHfyvfiY9MzjXTnDl8Ifj%2F%2BMjJrF3Cc73adx9YE1854IvCBblhf2%2FV7cH0iQg00mqIn%2Bccbz9HzXb%2BX20%2FC%2FUY7ElPSTPA0Gb2DptS0QK5iHElKKFbSpITi3WwDqS05%2FBsNf6PPF25ab9gnTCYRCmxGGIx%2BygHxGZBnAqen590aSEPVZO7Pu%2Fsh34XGDw6h5u9aky%2FnNZ%2FAh%2FOOqv2qBbtKH62EhCzIODMEcAOCPsqCLsP%2FvTizFPQH7t2qwoFtUqGld2fFP3U8Brm6xmzRC%2BZvyCpwyxlurXmf4H2T9jC6nzhRM291XroMa9FCHoe0kCKIs1lgvb%2B5Lm9VQ0x%2FqY89tiSstv8cVWxVt7qarkn2a9Xwan8lvRViJJdU0SnrPb%2F03uwsUSpPl8Mek76WglM%2F429u80hdogrc1DdK%2BkucBLicGfgW6b#polycard_client=search-desktop&is_advertising=true&searchVariation=MLB65319818&backend_model=search-backend&search_layout=grid&position=15&type=pad&tracking_id=7c8f33e7-2233-422e-a3f7-156ae55698f3&wid=MLB6420538026&sid=search,1,1,1k-2k,18.1
"Smartphone Motorola Signature 5g - 512gb 24gb (12gb Ram + 12gb Ram Boost), 3 Cameras 50mp Sony Lytia E Zoom 100x, Tela 1.5k Extreme Amoled 165hz - Preto",7649,8999.0,4.8,Motorola,Chegará grátis amanhã,15,https://click1.mercadolivre.com.br/mclics/clicks/external/MLB/count?a=4%2BaHusp6M3eVkwpuC7yjQkq5ppCVRFk%2Fxtye6L7tPUQ7EAU2c9ihr%2FwiYrgxZtuEkWvs7ql1cLAJcUJswEsSxaXXrIrJYXMXu50JfvuVnkqaXxY4MrwEF%2FHVB%2FAFJ5smjkZzlHZvA7H%2BPUKLhWJKlvhOlTmjOqeoMFVAmtYqQhb%2BffUM75oRmkt4Sos7CoJf84pxeUAEkSBLr5vL2%2BBIQ0G%2BsOglmrr5p5SyDMhgV0eCykW5%2BWLfW2sdStIsja15JUVLT7Samt9kRR%2FvrCTMLly23ckPf%2Fue4F2jJEwEDioybVjzt2qMSObWsHRP%2B6TX8%2BeLgqD79DdwuvymYUVeU1TqPQhEWMvWytwDXQ3s52zj6NnLQ6vcQe%2FYRdQOyqq9VTPfvS0xvQ49vEZJC%2Fgy7TZWTpb3DcIgyQNcaJi0pzq9VBaOT2EpRfZmd%2F8KDcJDkz1QoPqoepgUgTBP68uAE0eDySVo3oKL0y4gIKaLClOP6jEzCEL5NRbYI2feZLZ7leoR5u515%2FQmqQUOUshERbTUZFbDgfm4tl0KyIpiXdYIX7d63MM4EjufN9tqFpUx6evzw6K0E4p4Pptrct5hypgFu8%2FB5nkFPzP%2BO%2Fqm54MNsq025ffByeUnPDTAbyNjFfYPkrWQVSbHIWQ4tOsz%2FDXS44lvH4%2BQwiKS%2FslHTvN7N1vw8IlgwcI82oxq6xTbyz2vz65MXD3djgEfV75vfSqyQW9poK4yk7Tfx1UF25d8KCwVRf4mDcTLvCzSZG%2F1QGDCDfayWeZb%2BFdbvZm4brC5Le0SOHbgqoSna%2F4vm7mHzNwirOG6fYQBp4Jozz9ihh3qicMiSfwzTRI4%2BxcOpItXd9gdvjkylBrFQ06IZdZt%2FMdIni9x3AV%2Bb%2FH9UVZHth9CmeuaqOcjB1GC5CPUQfXJaLnD8tlqC8D0BF%2BZMzNCb%2Bl3DJ3l%2FPLNOxf7bJgrpTfwD%2BViLOG03Di2uzQgVJRGkPUJMm42yPdwCEwZ4hFjIyi8eeIllGAXkWrmeFOyYBu3ww980gan3oJe4wQ5oihAhPATwN1eFWidCb6qQSJZwes%3D#polycard_client=search-desktop&is_advertising=true&searchVariation=MLB65938141&backend_model=search-backend&search_layout=grid&position=16&type=pad&tracking_id=7c8f33e7-2233-422e-a3f7-156ae55698f3&wid=MLB6373850588&sid=search,1,1,5k-10k,16.9
Smartphone Motorola Moto G06 - 256gb 12gb (4gb Ram + 8gb Ram Boost) E Camera 50mp Com Ai Bateria De 5200 Mah Tela 6.9 - Bege,723,1349.0,4.9,Motorola,Chegará grátis amanhã,46,https://www.mercadolivre.com.br/smartphone-motorola-moto-g06-256gb-12gb-4gb-ram-8gb-ram-boost-e-camera-50mp-com-ai-bateria-de-5200-mah-tela-69-bege/p/MLB55762063#polycard_client=search-desktop&search_layout=grid&position=17&type=product&tracking_id=7c8f33e7-2233-422e-a3f7-156ae55698f3&wid=MLB5765125576&sid=search,1,1,500-1k,26.25
Smartphone Motorola Edge 60 Pro 5g - 256gb 24gb (12gb Ram+12gb Ram Boost) Tela Quad-curve Moto Ai 50mp Sony Camera Ultrarresistencia Militar Ip68 + Ip69 - Azul,2694,4499.0,4.9,Motorola,Chegará grátis amanhã,40,https://www.mercadolivre.com.br/smartphone-motorola-edge-60-pro-5g-256gb-24gb-12gb-ram12gb-ram-boost-tela-quad-curve-moto-ai-50mp-sony-camera-ultrarresistencia-militar-ip68-ip69-azul/p/MLB49085450#polycard_client=search-desktop&search_layout=grid&position=18&type=product&tracking_id=7c8f33e7-2233-422e-a3f7-156ae55698f3&wid=MLB5382324466&sid=search,1,1,2k-5k,24.45
Smartphone Samsung Galaxy A36 5G 256GB 8GB RAM,1521,3299.0,4.9,Samsung,Chegará grátis amanhã,54,https://www.mercadolivre.com.br/smartphone-samsung-galaxy-a36-5g-256gb-8gb-ram/p/MLB47111905#polycard_client=search-desktop&search_layout=grid&position=19&type=product&tracking_id=7c8f33e7-2233-422e-a3f7-156ae55698f3&wid=MLB5317478858&sid=search,1,1,1k-2k,28.65
"Celular Samsung Galaxy A17 5g Com Ia, 256gb, 8gb Ram, Câm De 50mp, Tela De 6.7 , Nfc, Ip54 - Preto",1576,1899.0,4.9,Samsung,Chegará grátis amanhã,17,https://www.mercadolivre.com.br/celular-samsung-galaxy-a17-5g-com-ia-256gb-8gb-ram-cm-de-50mp-tela-de-67-nfc-ip54-preto/p/MLB54961455#polycard_client=search-desktop&search_layout=grid&position=20&type=product&tracking_id=7c8f33e7-2233-422e-a3f7-156ae55698f3&wid=MLB6574985998&sid=search,1,1,1k-2k,17.55
Celular Smartphone Realme C73 256gb 8gb Ram Dual Sim 120hz 6000mAh Violeta,1149,1999.0,4.8,Webfones,Chegará grátis amanhã,43,https://www.mercadolivre.com.br/celular-smartphone-realme-c73-256gb-8gb-ram-dual-sim-120hz-6000mah-violeta/p/MLB62258511#polycard_client=search-desktop&search_layout=grid&position=21&type=product&tracking_id=7c8f33e7-2233-422e-a3f7-156ae55698f3&wid=MLB4334411855&sid=search,1,1,1k-2k,25.3
"Celular Samsung Galaxy A26 5g 256gb, 8gb Ram, Câmera De 50mp, Ip67, Tela Super Amoled 6.7 , Nfc - Preto",1405,2167.0,4.8,123 Comprou,Chegará grátis amanhã,35,https://www.mercadolivre.com.br/celular-samsung-galaxy-a26-5g-256gb-8gb-ram-cmera-de-50mp-ip67-tela-super-amoled-67-nfc-preto/p/MLB47424244#polycard_client=search-desktop&search_layout=grid&position=22&type=product&tracking_id=7c8f33e7-2233-422e-a3f7-156ae55698f3&wid=MLB5474927460&sid=search,1,1,1k-2k,22.9
"Celular Samsung Galaxy A17 Com Ia, 128gb, 4gb Ram, Câm De 50mp, Tela De 6.7 , Nfc, Ip54 - Preto",899,1499.0,4.9,Samsung,Chegará grátis amanhã,40,https://www.mercadolivre.com.br/celular-samsung-galaxy-a17-com-ia-128gb-4gb-ram-cm-de-50mp-tela-de-67-nfc-ip54-preto/p/MLB54987753#polycard_client=search-desktop&search_layout=grid&position=23&type=product&tracking_id=7c8f33e7-2233-422e-a3f7-156ae55698f3&wid=MLB4217306791&sid=search,1,1,500-1k,24.45
"Celular Samsung Galaxy S25 Fe 5g, 128gb, 8gb Ram, Câmera Tripla De 50+12+8, Tela Grande De 6.7 Jetblack",2868,4499.0,4.9,Samsung,Chegará grátis amanhã,36,https://www.mercadolivre.com.br/celular-samsung-galaxy-s25-fe-5g-128gb-8gb-ram-cmera-tripla-de-50128-tela-grande-de-67-jetblack/p/MLB61692896#polycard_client=search-desktop&search_layout=grid&position=24&type=product&tracking_id=7c8f33e7-2233-422e-a3f7-156ae55698f3&wid=MLB6087231690&sid=search,1,1,2k-5k,23.25
Moto G15 Dual Sim 4gb Ram 128gb Azul Marino,699,1099.0,4.8,Motorola,Frete grátis,36,https://click1.mercadolivre.com.br/mclics/clicks/external/MLB/count?a=MlNbZBCKP4X2dL%2FNmuaIpYG%2BGtVg7GXMOWnIX9VcFY8AqY7I1xecRS30Z1swalzrgJYo8JtamupPzvGOx%2BPpjXFOOtpLgcdA4odTzUjf9go0oGnAyz44MQIdgQEm7SQ7nw7fmCVp%2BqqWRo3aTgXfPawa0%2FrGQIMFPxXy4mBVIFdkRaV8agw9f3FqnaZyKmfTdTpoRRnezwJo%2FzqZmRFndIxEKPZC%2FV7qCk2PJrPIhzu2B125pbFLA7tQl82El65DGARd523Ix1jecA9L%2FACflkc9C7IsaDMuMoBgNp6Cj9PRnMegRxrDAWO2St6HA9ICg4%2FOFcxA%2F6ekeOo8OvnL207GICkQeVVuTmlRGmwrbaICy3N0V5%2FPfbBT1NaTpZof83tyLLaZP%2FhwpeT%2BXZB9aRTk3E2XVteo9teyFuCIKepLiHMS8Oy4v4GStO%2BCkzaz%2BNjrFodmOIZz3CBhzigx1yz%2Ftl3hk0e5KPCnmtrbfaRj81UxA4DXm52L7CwF2Ukt4xDu3gyTRd6ENe9Xz4SCT6TGBNeFDZ%2FEmX55IA80fWWMzmCAqtukhXmDlbGz21bkLdS2jpSpYUOLwqcwv1v4FGPj%2FIwlBuW6f7OeqKOw3ogpb4IwdtyUP0puppkqWynhjiJ5DhwD%2FTfFUIbp%2BKMq8w3xOSiqTe6VyIE4excgNUuyGAhQ2%2BovWFJ4vimGx4N017YomHmbquuda7z68NvapdePh0ZyKTRGNukE9beM4PSuiKeBHRvRqUU1ssQxn95nvWABmb5cwcYsBzdemEwuCED9itP2B8swDuY2%2BJx7wF8L%2Fr1zk%2B1fUBBRlHjOF2QiqjX0JoJNA%2FoiH446J5py7v5n3XOPJYHBatMxQoVrcDT0PPIQxGDb22gOneX8RoSzEdOtpT4%2FqOFXp0JOOz8Y8Z1%2FEcHHt1jLrORG%2B%2Be20K1HwQ%3D%3D#polycard_client=search-desktop&is_advertising=true&searchVariation=MLB46056608&backend_model=search-backend&search_layout=grid&position=25&type=pad&tracking_id=7c8f33e7-2233-422e-a3f7-156ae55698f3&wid=MLB3975530813&sid=search,1,1,500-1k,23.2
"Smartphone Motorola Moto G17 4g - 128gb 12gb (4gb Ram + 8gb Ram Boost) Camera 50mp Sony Lytia 600, Tela Fhd+ 60hz, Bateria 5200 Mah - Azul",899,1299.0,4.9,Motorola,Chegará grátis amanhã,31,https://click1.mercadolivre.com.br/mclics/clicks/external/MLB/count?a=wAkjgkY8KGkukQHW6VU4TqMua%2BjKMploOTiR4WFZHJVz%2BMz5dWqqvwj9jPLk7fLEPaJxGdk5txJqOZChwBQ6%2Bk50PPXXLj6AEK5qex8JPdDmAk0sgNPumXcH5it73%2BxaY4o%2Bd2FR0feF4MIw4Xt3SfI9ssGXTc6PuFmDFdMhl5eUoHaViJ%2Bn3j4ztshzfMHCpSPJ7vFGqL%2Bc6vUpHZVrwpklt5YBZlPZrlFJhoLSsZiqqa83%2Fe5fBd8GW3Xz9UWv27EtDzBlLVDAPf8UMnTzcU3hSQdTOhHZeKVd2gKPSZtEZaieek7wkYrgZlrcgASBWtxDR4yTa61ntj2hXZCmw7cG5QsK7bEkRBqBa0uMtcSe55sg2Z5tR44Bkg09Bv2tJSngmh%2BnV8OIc7F0dYbhxazNAM9yVTgVCcbJcRRnb2knu1v%2FVcyybvelTg6JpKrEhqHonBxFTtaCQoSbHE3%2FE%2F%2FA0A%2BDKF3BQdv5AE5Bi2HYRttsXMPyDBlHSRSGMi95XYabKqboK%2BFu3Zvetp7%2Fne0%2F5ZsDJ708UiYBz1sixjKxVUU4AsJx2Pxp%2FeJL1Psyo2WeTgJH50ku2Uf6QE6GjQVHjPxotdJRXB3vJ5vDYg99Ft0X6Xzo5IYzPBRzJLuj1HQMF9DN0pKLobgIyY4l8cnjPxh6DmipnGYyZFh3MyeA10et5Jrxr3vQOYyRNZQuaDEa695jIymcy%2Fa8GfVHvGHFvbnJU8PpXRMhMIM%2BHeeHWBakZHlwDhru%2B6GgV3U94gI8nXYiPXQL8Mk4KzJG34fbGUVPKmIwz8yjnYfAiJoMYMreU1ZMnB1%2Fp5aDAfdwwoSBmuExgGWsZMFzFNPykj2MhiIHX%2FWnKjrP1fQ59BXGkY1CT1Z4pd1N4aOQQ3ZXkDwVKixaU4J8sasgYY54XN3eJCth9WCofHRlIba4TOBbIRrlA0Fv29E5qmml7LyAPtVxWi%2BrzxypeZ4e1sthtzXkUn1Hs3ALusF45GzxHqr9ULEJeufvi7d%2BjhZUy9OmjnGH8t6rtJu4zeXB%2BqoCbAN92xcT#polycard_client=search-desktop&is_advertising=true&searchVariation=MLB65041642&backend_model=search-backend&search_layout=grid&position=26&type=pad&tracking_id=7c8f33e7-2233-422e-a3f7-156ae55698f3&wid=MLB6420215012&sid=search,1,1,500-1k,21.75
"Smartphone Motorola Moto g86 5G - 512GB 24GB (12GB RAM+12GB Ram Boost) Tela 1.5K pOLED, 50MP Sony camera OIS Moto AI, videos em 4K, IP68 + IP69",2069,3099.0,4.9,Motorola,Chegará grátis amanhã,33,https://click1.mercadolivre.com.br/mclics/clicks/external/MLB/count?a=9299jHmAnmL3ne30%2F9H4Iv1aujM4m3tsLzA032tpHoM%2F26a32vgIMkYhtKYQqZY7aN0W18l%2B6rZuTeLuZ9RsXLFm%2BXvHBWvg8%2FRQp0wZsw15VYsr9PUlOmd%2BSBAmTAqyEV2uAIvq8cwdzx5Pyg4jAiG9ELkGBDyW0oDZFUxeuHTmmJo0SC8vY3%2FleZgLzZ%2FabrMbDBDG8jixTTz4hTcQiSXWQZMQUElKATqEQQgTx5Cu8Eq%2FEfK2BuF0UknVh6fQvsqsYvSGTs9FSnvA6XPSy7uoCVxBhwnPVzI6kg38%2F0M3PLQeB87m%2FqzxjsCmC933ris2tF0SCcatWY%2Fr9KNVo9JTh897%2Fg3PNQEcgZEjZZoEVmYyX%2F9qO6PxHSVNjXGW5tGOHv26Jf%2FOBdrLnUSI%2FaZcg4IYmN8PuqwfQiOWB5Os7mhH7pm0AA8suJnGwkfGO2p2eSa6eIwhp%2Fqic5mBX3ZLXokxRpijqet61bNxy5H6FawUBoHFO5otVrej%2FOzhZJ%2Bl%2FyAOGClDTFORTk9%2F%2BgUlilfoDCGEwrTixGIXJL6%2BZseRTtVmh4axZ1LtgiTIWHWMtD3BaHXzWUuVnz0rwXZMCnwbbFtno0gAd42T6oagSCoETDtz4keSQWqwW7RSQVTQmO1kGvy9nkgXDLt%2BtuYJWwDjfUbPlvrwcuuTX7%2BRZCpC6IjxhS6%2BwwpSOOLxr%2F%2BMuYEFTmBztmRFsBlWnEK4lofLg5O4htJnjU4H1LO6%2FStXDdu3Z4e%2BzcFOJfX893WmKTjvw6avp3yhubknPSSa17EiVCyL5XKeW9iADIS5YT%2BfG0QFAZCsM7vnCd4%2FP0azDQV2wNjXLPvhDA6wHYX3RMqE50DwG6nZWpiN0jK204dzixPdW5MY9H2fYtInQ2mvm%2BWv62V%2BYxFYskAPeh6X%2FMlaJ3Xb3R%2BnnqLn%2FvQvCjwb1fhvmgv6KnM%2B9ec7rmRY0K04%2FVIYgrW2J1iPpnf%2FwDOhE1%2Fyvf9HZGVijLBCUljAZ2yl3XsqSt2YVHkQqkfqVMupi3O%2BiM%2FFzSVuPRjtiYjqOOf0yKA%3D#polycard_client=search-desktop&is_advertising=true&searchVariation=MLB62124802&backend_model=search-backend&search_layout=grid&position=27&type=pad&tracking_id=7c8f33e7-2233-422e-a3f7-156ae55698f3&wid=MLB6152645844&sid=search,1,1,2k-5k,22.35
"Smartphone Motorola Moto G77 5g - 256gb 24gb (8gb Ram + 16gb Ram Boost) Camera 108mp Ultra-pixel, Tela 1.5k Extreme Amoled 120hz, Ultrarresistente - Verde-escuro",2069,2499.0,4.9,Motorola,Chegará grátis amanhã,17,https://click1.mercadolivre.com.br/mclics/clicks/external/MLB/count?a=PRQPESdTcBkzibaD2vsMtLDjpicD8OTslcH%2BmlrCDQh6i%2F4IWzm8OjZewLyXjFun1jq1EByYpripTvinC6vqrqIyNrUBGgjkFS%2FkY41s9a%2BvjxVjKtJA2QEDCxskXkNo1Kb0f9%2FDkcYP5HIf6HboFtT4jilg2arYIogPgpWMM7sIoanWc%2BUY98%2FleFXPoJlEUgDY0vS%2Fj56h9WG%2FVkIqC91utvxBN3dLi7sJDUhbLrW51s8uHIXe4LPFRW32K21eoolHP38CaRso6wpgAXUwFSHHX2GIX11e4T79GeeHt%2FNwss2IbwiGSMnHZfjzNWDdAju3Mekw%2FX1o3ryLWUBJSmTZUPJl8MqizMQvzK2faKU1EFmtssda3GpphcLNaPdCy64gj6boUW59rHgo5odPgE4nzwUbqdxSVcgodSM8NLeXEcOWXwlPVDdwDJ5lmDFSLGYGv%2B6cD6yp4YVxgQsrpZoE1PRdqAov8cC7sMnE8fSDFe6HY1LSiciQgXT3l7SDCyWP7uaOm4ZCnwL6LtHNMQLYxsG0GPOmEYZeMVh6jatVPedJrUUYC0XSGyOvnMVS0C%2Bq3J32NipO%2BD1Aq%2BGWLMmz5aswvFzbOemXB654PXJKdSMWjp6UsaaCM%2BDAx%2FZ9woDG5yzoMyK3vlcFA44VaFDMYdqxpqVmoMidhV9bZaXcku9RusVn8iVECDrV4JuwcCdhsd5VDWI9x6Z5pYUU0qHzfljJcxWQ3q3QT%2BnxAJUrIN7gAqs%2BMlDu8Q24CFiyMjEUa2QOMxtFvUB88JCqRLpPPzxMpRK2WjSLGbmP644%2FgdRYX9%2FyomltDLB7k9jnZ49sM%2FCdG4iiWnyGX8R38uerC1rsUGd%2F9Gq%2FZEUhn6boLeBl4Ty3IJN5hLcZKA5rIcrQqTbU0BBksjfvZgat13ydhGHZVo2DuGOTkv7QzSQpLDARtYIvueebHCNib9%2BiKzD0KGOteKZkFsCb9G8FpAakGge%2Bru2BVsZFDVBRZErKZyElmJ9OK25FYCsjQ2vZcoyDS%2BxRYwPrHTUcfcxq3Ah3JsdLtNrTGQON2Hx06zQRT%2FBItSRvSChVPYq7#polycard_client=search-desktop&is_advertising=true&searchVariation=MLB65305142&backend_model=search-backend&search_layout=grid&position=28&type=pad&tracking_id=7c8f33e7-2233-422e-a3f7-156ae55698f3&wid=MLB6420050194&sid=search,1,1,2k-5k,17.55
Smartphone Motorola Moto G05 256gb 4gb Ram Camera 50mp Vermelho,699,1199.0,4.9,Motorola,Chegará grátis amanhã,42,https://www.mercadolivre.com.br/smartphone-motorola-moto-g05-256gb-4gb-ram-camera-50mp-vermelho/p/MLB58493174#polycard_client=search-desktop&search_layout=grid&position=29&type=product&tracking_id=7c8f33e7-2233-422e-a3f7-156ae55698f3&wid=MLB5774641722&sid=search,1,1,500-1k,25.05
iPhone 16e (128 GB) - Preto - Distribuidor Autorizado,3699,5799.0,4.9,Apple,Chegará grátis amanhã,36,https://www.mercadolivre.com.br/iphone-16e-128-gb-preto-distribuidor-autorizado/p/MLB1046215784#polycard_client=search-desktop&search_layout=grid&position=30&type=product&tracking_id=7c8f33e7-2233-422e-a3f7-156ae55698f3&wid=MLB3986439067&sid=search,1,1,2k-5k,23.25
Smartphone Motorola Edge 60 Neo 5G - 256GB 24GB (12GB RAM + 12GB Ram Boost) 50MP Sony Camera Moto AI e tela 1.5K Super HD - Latte,1799,3799.0,4.9,Motorola,Chegará grátis amanhã,53,https://www.mercadolivre.com.br/smartphone-motorola-edge-60-neo-5g-256gb-24gb-12gb-ram-12gb-ram-boost-50mp-sony-camera-moto-ai-e-tela-15k-super-hd-latte/p/MLB58684606#polycard_client=search-desktop&search_layout=grid&position=31&type=product&tracking_id=7c8f33e7-2233-422e-a3f7-156ae55698f3&wid=MLB4265763257&sid=search,1,1,1k-2k,28.349999999999998
"Samsung Galaxy S25 5G, 256GB, 12GB, Câmera Tripla - Azul claro",3898,5999.0,4.9,Samsung,Chegará grátis amanhã,35,https://www.mercadolivre.com.br/samsung-galaxy-s25-5g-256gb-12gb-cmera-tripla-azul-claro/p/MLB45513356#polycard_client=search-desktop&search_layout=grid&position=32&type=product&tracking_id=7c8f33e7-2233-422e-a3f7-156ae55698f3&wid=MLB5264376996&sid=search,1,1,2k-5k,22.95
"Smartphone Motorola Moto G86 5g - 256gb 24gb (8gb Ram+16gb Ram Boost) Tela 1.5k Poled, 50mp Sony Camera Ois Moto Ai, Videos Em 4k, Ip68 + Ip69 - Vermelho",1792,2399.0,4.9,Motorola,Chegará grátis amanhã,25,https://www.mercadolivre.com.br/smartphone-motorola-moto-g86-5g-256gb-24gb-8gb-ram16gb-ram-boost-tela-15k-poled-50mp-sony-camera-ois-moto-ai-videos-em-4k-ip68-ip69-vermelho/p/MLB51340616#polycard_client=search-desktop&search_layout=grid&position=33&type=product&tracking_id=7c8f33e7-2233-422e-a3f7-156ae55698f3&wid=MLB5462013472&sid=search,1,1,1k-2k,19.95
"Smartphone Infinix Note 50X 5G 8GB RAM 256GB De Armazenamento Tela 6,78"" Polegadas HD+ 120HZ Câmera 50MP + Selfie 8MP Bateria 5200mah NFC, DTS Áudio - Cor Cinza",1349,2267.0,4.8,123 Comprou,Chegará grátis amanhã,40,https://www.mercadolivre.com.br/smartphone-infinix-note-50x-5g-8gb-ram-256gb-de-armazenamento-tela-678-polegadas-hd-120hz-cmera-50mp-selfie-8mp-bateria-5200mah-nfc-dts-audio-cor-cinza/p/MLB61656785#polycard_client=search-desktop&search_layout=grid&position=34&type=product&tracking_id=7c8f33e7-2233-422e-a3f7-156ae55698f3&wid=MLB5957442486&sid=search,1,1,1k-2k,24.4
Smartphone Motorola Edge 60 5g - 512gb 24gb (12gb Ram+12gb Ram Boost) Tela Quad-curve Moto Ai 50mp Sony Camera Ultrarresistencia Militar Ip68 + Ip69 - Azul Marinho,2099,2799.0,4.9,Motorola,Não informado,25,https://www.mercadolivre.com.br/smartphone-motorola-edge-60-5g-512gb-24gb-12gb-ram12gb-ram-boost-tela-quad-curve-moto-ai-50mp-sony-camera-ultrarresistencia-militar-ip68-ip69-azul-marinho/p/MLB48930800#polycard_client=search-desktop&search_layout=grid&position=35&type=product&tracking_id=7c8f33e7-2233-422e-a3f7-156ae55698f3&wid=MLB5363845340&sid=search,1,0,2k-5k,9.95
Smartphone Motorola Moto G35 5g 256gb 12gb Ram Boost Coral,945,2000.0,4.8,Desconhecida,Não informado,53,https://www.mercadolivre.com.br/smartphone-motorola-moto-g35-5g-256gb-12gb-ram-boost-coral/p/MLB63092926#polycard_client=search-desktop&search_layout=grid&position=36&type=product&tracking_id=7c8f33e7-2233-422e-a3f7-156ae55698f3&wid=MLB6228408744&sid=search,1,0,500-1k,18.299999999999997
Smartphone Motorola Moto G56 5g - 256gb 16gb (8gb Ram+8gb Ram Boost) Camera 50mp Sony Lytia 600 Ultrarresistencia Militar e Ip68 + Ip69 - Cinza,1598,1999.0,4.9,Motorola,Chegará grátis amanhã,20,https://www.mercadolivre.com.br/smartphone-motorola-moto-g56-5g-256gb-16gb-8gb-ram8gb-ram-boost-camera-50mp-sony-lytia-600-ultrarresistencia-militar-e-ip68-ip69-cinza/p/MLB50301060#polycard_client=search-desktop&search_layout=grid&position=37&type=product&tracking_id=7c8f33e7-2233-422e-a3f7-156ae55698f3&wid=MLB5402372302&sid=search,1,1,1k-2k,18.45
Apple iPhone 16 (256 GB) - Preto - Distribuidor Autorizado,5205,9538.0,4.9,Apple,Chegará grátis amanhã,45,https://www.mercadolivre.com.br/apple-iphone-16-256-gb-preto-distribuidor-autorizado/p/MLB1040287796#polycard_client=search-desktop&search_layout=grid&position=38&type=product&tracking_id=7c8f33e7-2233-422e-a3f7-156ae55698f3&wid=MLB3931272075&sid=search,1,1,5k-10k,25.95
"Smartphone OPPO A6t 128gb, 12gb Ram (4gb + 8gb Virtual Ram), Bateria Gigante de 6500mAh, Processador Snapdragon, Tela 120Hz, AI Câmera, IP64 - Violeta",899,1299.0,4.9,Oppo,Chegará grátis amanhã,31,https://www.mercadolivre.com.br/smartphone-oppo-a6t-128gb-12gb-ram-4gb-8gb-virtual-ram-bateria-gigante-de-6500mah-processador-snapdragon-tela-120hz-ai-cmera-ip64-violeta/p/MLB66130734#polycard_client=search-desktop&search_layout=grid&position=39&type=product&tracking_id=7c8f33e7-2233-422e-a3f7-156ae55698f3&wid=MLB4573343865&sid=search,1,1,500-1k,21.75
"Smartphone Xiaomi Redmi 15 8gb 256gb Tela 6,9 144hz, Bateria 7.000 Mah, 50 Mp Preto",1390,1390.0,4.8,Desconhecida,Chegará grátis amanhã,0,https://www.mercadolivre.com.br/smartphone-xiaomi-redmi-15-8gb-256gb-tela-69-144hz-bateria-7000-mah-50-mp-preto/p/MLB61511995#polycard_client=search-desktop&search_layout=grid&position=40&type=product&tracking_id=7c8f33e7-2233-422e-a3f7-156ae55698f3&wid=MLB4390450235&sid=search,0,1,1k-2k,12.4
Celular Samsung Galaxy A56 5g 128gb 8gb Ram Rosa,1998,3299.0,4.9,Samsung,Chegará grátis amanhã,39,https://www.mercadolivre.com.br/celular-samsung-galaxy-a56-5g-128gb-8gb-ram-rosa/p/MLB47106876#polycard_client=search-desktop&search_layout=grid&position=41&type=product&tracking_id=7c8f33e7-2233-422e-a3f7-156ae55698f3&wid=MLB4561879339&sid=search,1,1,1k-2k,24.15
Apple iPhone 15 (128 GB) - Azul - Distribuidor Autorizado,4499,7209.0,4.9,Apple,Chegará grátis amanhã,38,https://www.mercadolivre.com.br/apple-iphone-15-128-gb-azul-distribuidor-autorizado/p/MLB1027172667#polycard_client=search-desktop&search_layout=grid&position=42&type=product&tracking_id=7c8f33e7-2233-422e-a3f7-156ae55698f3&wid=MLB4408547152&sid=search,1,1,2k-5k,23.85
iPhone 17 Pro 256GB - Azul-profundo - Distribuidor Autorizado,9899,11499.0,4.9,Apple,Chegará grátis amanhã,14,https://www.mercadolivre.com.br/iphone-17-pro-256gb-azul-profundo-distribuidor-autorizado/p/MLB1055308781#polycard_client=search-desktop&search_layout=grid&position=43&type=product&tracking_id=7c8f33e7-2233-422e-a3f7-156ae55698f3&wid=MLB5687335472&sid=search,1,1,5k-10k,16.65
iPhone 17 256 GB - Sálvia - Distribuidor Autorizado,6297,7999.0,4.9,Apple,Chegará grátis amanhã,21,https://www.mercadolivre.com.br/iphone-17-256gb-salvia-distribuidor-autorizado/p/MLB1055308843#polycard_client=search-desktop&search_layout=grid&position=44&type=product&tracking_id=7c8f33e7-2233-422e-a3f7-156ae55698f3&wid=MLB6545162768&sid=search,1,1,5k-10k,18.75
Apple iPhone 16 (128 GB) - Preto - Distribuidor Autorizado,4986,7799.0,4.9,Apple,Chegará grátis amanhã,36,https://www.mercadolivre.com.br/apple-iphone-16-128-gb-preto-distribuidor-autorizado/p/MLB1040287808#polycard_client=search-desktop&search_layout=grid&position=45&type=product&tracking_id=7c8f33e7-2233-422e-a3f7-156ae55698f3&wid=MLB5120546360&sid=search,1,1,2k-5k,23.25
Smartphone Motorola Edge 60 Pro 5g - 512gb 24gb (12gb Ram+12gb Ram Boost) Tela Quad-curve Moto Ai 50mp Sony Camera Ultrarresistencia Militar Ip68 + Ip69 - Cinza,3059,5499.0,4.9,Motorola,Chegará grátis amanhã,44,https://www.mercadolivre.com.br/smartphone-motorola-edge-60-pro-5g-512gb-24gb-12gb-ram12gb-ram-boost-tela-quad-curve-moto-ai-50mp-sony-camera-ultrarresistencia-militar-ip68-ip69-cinza/p/MLB48998798#polycard_client=search-desktop&search_layout=grid&position=46&type=product&tracking_id=7c8f33e7-2233-422e-a3f7-156ae55698f3&wid=MLB5389690592&sid=search,1,1,2k-5k,25.65
"Tcl Smartphone 605 4g, Octa Core, 128gb 12gb Ram (4+8), 6.7 Hd+ 90hz, Nfc, Dual Sim, 50mp",649,799.0,4.7,Mercado Livre,Chegará grátis amanhã,19,https://www.mercadolivre.com.br/tcl-smartphone-605-4g-octa-core-128gb-12gb-ram-48-67-hd-90hz-nfc-dual-sim-50mp/p/MLB53155051#polycard_client=search-desktop&search_layout=grid&position=47&type=product&tracking_id=7c8f33e7-2233-422e-a3f7-156ae55698f3&wid=MLB6161225994&sid=search,1,1,500-1k,18.05
Apple iPhone 15 (256 GB) - Preto - Distribuidor Autorizado,4751,8095.0,4.9,Apple,Chegará grátis amanhã,41,https://www.mercadolivre.com.br/apple-iphone-15-256-gb-preto-distribuidor-autorizado/p/MLB1027172669#polycard_client=search-desktop&search_layout=grid&position=48&type=product&tracking_id=7c8f33e7-2233-422e-a3f7-156ae55698f3&wid=MLB3621184765&sid=search,1,1,2k-5k,24.75
Smartphone Motorola Edge 60 Fusion 5g - 256gb 16gb (8gb Ram+8gb Ram Boost) 50mp Sony Ai Camera Ip68 Nfc - Rosa,1939,3299.0,4.9,Motorola,Chegará grátis amanhã,41,https://www.mercadolivre.com.br/smartphone-motorola-edge-60-fusion-5g-256gb-16gb-8gb-ram8gb-ram-boost-50mp-sony-ai-camera-ip68-nfc-rosa/p/MLB47251829#polycard_client=search-desktop&search_layout=grid&position=49&type=product&tracking_id=7c8f33e7-2233-422e-a3f7-156ae55698f3&wid=MLB4027318137&sid=search,1,1,1k-2k,24.75
Smartphone Motorola Moto G15 256gb 12gb 4GB RAM 8GB RAM Boost Camera 50mp Verde,899,1499.0,4.8,Motorola,Chegará grátis amanhã,40,https://www.mercadolivre.com.br/smartphone-motorola-moto-g15-256gb-12gb-4gb-ram-8gb-ram-boost-camera-50mp-verde/p/MLB44665542#polycard_client=search-desktop&search_layout=grid&position=50&type=product&tracking_id=7c8f33e7-2233-422e-a3f7-156ae55698f3&wid=MLB5237351728&sid=search,1,1,500-1k,24.4
iPhone 17 Pro 512GB - Azul-profundo - Distribuidor Autorizado,11699,12999.0,4.9,Apple,Chegará grátis amanhã,10,https://www.mercadolivre.com.br/iphone-17-pro-512gb-azul-profundo-distribuidor-autorizado/p/MLB1055308802#polycard_client=search-desktop&search_layout=grid&position=51&type=product&tracking_id=7c8f33e7-2233-422e-a3f7-156ae55698f3&wid=MLB4200188179&sid=search,1,1,10k+,15.45
"Smartphone Motorola Signature 5g - 512gb 24gb (12gb Ram + 12gb Ram Boost), 3 Cameras 50mp Sony Lytia E Zoom 100x, Tela 1.5k Extreme Amoled 165hz - Preto",7649,8999.0,4.8,Motorola,Chegará grátis amanhã,15,https://www.mercadolivre.com.br/smartphone-motorola-signature-5g-512gb-24gb-12gb-ram-12gb-ram-boost-3-cameras-50mp-sony-lytia-e-zoom-100x-tela-15k-extreme-amoled-165hz-preto/p/MLB65938141#polycard_client=search-desktop&search_layout=grid&position=52&type=product&tracking_id=7c8f33e7-2233-422e-a3f7-156ae55698f3&wid=MLB6373850588&sid=search,1,1,5k-10k,16.9
"Smartphone Motorola Moto G17 4g - 256gb 12gb (4gb Ram + 8gb Ram Boost) Camera 50mp Sony Lytia 600, Tela Fhd+ 60hz, Bateria 5200 Mah - Rosa",1078,1749.0,4.9,Motorola,Chegará grátis amanhã,38,https://www.mercadolivre.com.br/smartphone-motorola-moto-g17-4g-256gb-12gb-4gb-ram-8gb-ram-boost-camera-50mp-sony-lytia-600-tela-fhd-60hz-bateria-5200-mah-rosa/p/MLB65041664#polycard_client=search-desktop&search_layout=grid&position=53&type=product&tracking_id=7c8f33e7-2233-422e-a3f7-156ae55698f3&wid=MLB4510840013&sid=search,1,1,1k-2k,23.85
Smartphone Oppo A6 Pro 256gb 8gb Ram 5g Ip69 Azul Espacial,2999,3199.0,4.9,Oppo,Chegará grátis amanhã,6,https://www.mercadolivre.com.br/smartphone-oppo-a6-pro-256gb-8gb-ram-5g-ip69-azul-espacial/p/MLB66177449#polycard_client=search-desktop&search_layout=grid&position=54&type=product&tracking_id=7c8f33e7-2233-422e-a3f7-156ae55698f3&wid=MLB4536941689&sid=search,1,1,2k-5k,14.25
iPhone 17e 256GB Preto - Distribuidor Autorizado,5219,5799.0,4.9,Apple,Chegará grátis amanhã,10,https://www.mercadolivre.com.br/iphone-17e-256gb-preto-distribuidor-autorizado/p/MLB1066130044#polycard_client=search-desktop&search_layout=grid&position=55&type=product&tracking_id=7c8f33e7-2233-422e-a3f7-156ae55698f3&wid=MLB6402322328&sid=search,1,1,5k-10k,15.45
Smartphone Samsung Galaxy A56 5g 6.7 Pol Octa-core 256gb 8gb,1998,3699.0,4.9,Samsung,Chegará grátis amanhã,46,https://www.mercadolivre.com.br/smartphone-samsung-galaxy-a56-5g-67-pol-octa-core-256gb-8gb/p/MLB65302568#polycard_client=search-desktop&search_layout=grid&position=56&type=product&tracking_id=7c8f33e7-2233-422e-a3f7-156ae55698f3&wid=MLB4609819131&sid=search,1,1,1k-2k,26.25
"Smartphone Motorola Moto G17 4g - 128gb 12gb (4gb Ram + 8gb Ram Boost) Camera 50mp Sony Lytia 600, Tela Fhd+ 60hz, Bateria 5200 Mah - Azul",899,1299.0,4.9,Motorola,Chegará grátis amanhã,31,https://www.mercadolivre.com.br/smartphone-motorola-moto-g17-4g-128gb-12gb-4gb-ram-8gb-ram-boost-camera-50mp-sony-lytia-600-tela-fhd-60hz-bateria-5200-mah-azul/p/MLB65041642#polycard_client=search-desktop&search_layout=grid&position=57&type=product&tracking_id=7c8f33e7-2233-422e-a3f7-156ae55698f3&wid=MLB6420215012&sid=search,1,1,500-1k,21.75
"Smartphone Infinix Smart 10 4GB RAM 256GB SSD Câmera 8MP + IA, Tela 6.67 HD+ 120Hz, Bateria 5000mAh, Processador T7250, Android 15 Go, Dual Chip - Preto",670,1458.0,4.8,123 Comprou,Chegará grátis amanhã,54,https://www.mercadolivre.com.br/smartphone-infinix-smart-10-4gb-ram-256gb-ssd-cmera-8mp-ia-tela-667-hd-120hz-bateria-5000mah-processador-t7250-android-15-go-dual-chip-preto/p/MLB56327005#polycard_client=search-desktop&search_layout=grid&position=58&type=product&tracking_id=7c8f33e7-2233-422e-a3f7-156ae55698f3&wid=MLB5751262142&sid=search,1,1,500-1k,28.599999999999998
Kit Samsung: Celular Galaxy A17 256gb 8gb Ram 50mp 6.7 Nfc Ip54 Preto + Galaxy Buds Core Branco,1431,1698.0,4.9,Samsung,Frete grátis,16,https://www.mercadolivre.com.br/kit-samsung-celular-galaxy-a17-256gb-8gb-ram-50mp-67-nfc-ip54-preto--galaxy-buds-core-branco/up/MLBU3605578150#polycard_client=search-desktop&search_layout=grid&position=59&type=product&tracking_id=7c8f33e7-2233-422e-a3f7-156ae55698f3&wid=MLB5957929002&sid=search,1,1,1k-2k,17.25
Smartphone OPPO A5 256GB 6GB RAM Branco,1169,1499.0,4.8,Oppo,Chegará grátis amanhã,22,https://www.mercadolivre.com.br/smartphone-oppo-a5-256gb-6gb-ram-branco/p/MLB51680761#polycard_client=search-desktop&search_layout=grid&position=60&type=product&tracking_id=7c8f33e7-2233-422e-a3f7-156ae55698f3&wid=MLB5745515116&sid=search,1,1,1k-2k,19.0
"Smartphone Motorola Moto G17 4g - 256gb 12gb (4gb Ram + 8gb Ram Boost) Camera 50mp Sony Lytia 600, Tela Fhd+ 60hz, Bateria 5200 Mah - Rosa",1078,1749.0,4.9,Motorola,Chegará grátis amanhã,38,https://click1.mercadolivre.com.br/mclics/clicks/external/MLB/count?a=ThTu5nGKl%2BZigA37V2GzRO6FcvjdNs27X1tp6rovfE3AP6cZBLUhFDHa%2BG64VwZCqtv6zc0iR%2Fcris4pa2nGJVceA9bXeZSRxJPEoCwBIWXzSw6GMN8Qeut9bdYDY4GWH7S9dqeUFfIYoiTo%2BVWz4ppiG%2BoiTnMN9646K1FSpTZsh0CHE%2BO10JZYDO22KYWcHgjxnSHGBEQLtIj850TDhrRQAt%2B1W4O70dQGNe61rFny9bEx0nyfH0mhnFLBebMfnWEK32UG0KjiUPEvPrfic14tOCl4VEWpT%2B9Od%2B20ZmuZU0isHUZpzGpCld8mGr9XkLKBSGkN65uWxepG4nVxktJgKhJUH3Voioi4Snnn1yMePrKDVvHChsoIcZ3FC7DYFYY3NuzQlMh8TuslcK9EauxlDHlafMyDfY7Lg7Y92mZdPvUWLnlyj%2FCGXdFSLpKPTQ5JKyUlx2AWucUNJCY2VvrblvHDiFq14n%2B0HCG%2F0lDZSPBI1RGa4YIFERMI6bC0dCjxXqj7NgNruWCLmKtdSoBqBSUXH070R5VR0Wgi6qnLqnAgreqLBn3a0O86NHqeOcGe5%2BxqPXVdqFdQhyfopkG%2BUDtKG3P2A38pqy9vCpt4J7d%2BNFT2yDHkbUOnvncaD%2FOdj76LY3EwhApYNrTRJyXLqFnT%2BVvOXCH%2FTsf9xqPdKQ6gf0kQkxf073z2nLmSECwhZbmGCMOgvVKrsiiAymaD6SI6LRsynEM3FM7fF8TlhOokhHeUeJs2WX8UmNoxabc1OHfOTh0Zmm9b1jk21b4RVEqzfR8kdba8QIH13qN4ULnRC5EodviaVvLc702yOcIhtTbylvLtqlJUowNdGYAg54uxwrtXV7EdQSGHcQuxgS59MJ4U4xfQM%2FruwgPKuR5O0yNNcslPJc7Rul8jkiABDMfR0%2FdmZQ3mb4oTfRclIGrs1lQrJfodMCmZ%2B%2B66bqylRvwlzPY6KhaOhUvlXJ6x%2FqEmlfFZErnwVqrFsGRAeBSD%2FOKGtVESokPcSqvjAjjZY1bvKb0vk5xba44tWgm1oA%3D%3D#polycard_client=search-desktop&is_advertising=true&searchVariation=MLB65041664&backend_model=search-backend&search_layout=grid&position=1&type=pad&tracking_id=189b095f-017b-4f7b-a5e7-8ff0a540fbf7&wid=MLB4510840013&sid=search,1,1,1k-2k,23.85
Smartphone Motorola Moto G06 - 256gb 12gb (4gb Ram + 8gb Ram Boost) E Camera 50mp Com Ai Bateria De 5200 Mah Tela 6.9 - Bege,723,1349.0,4.9,Motorola,Chegará grátis amanhã,46,https://click1.mercadolivre.com.br/mclics/clicks/external/MLB/count?a=ciusc%2B3KVik%2FGs2UTx%2F2MtLbvVdgeFc5obpxz2gGstedMnIYYhEUGIW%2BGsfN3DJe1H6I72WVod%2FqIlacX2r8z%2F7RwzBtn20IPEbiG93gsD%2BjnXT54iHOVD6elq60apcY3emm1CuFBsCjogO%2Bk%2B7Ly0WmStaUQWmDxy8Q9xN2ZfUJr191XUtQjW9pkcXjI4t702CUffPtsL2DYv12vSTEddOBwx04U9NceHVIqIrCAjtXw98XSFni7XcbXoUmS3SHzsGYj7vR5MTrxnDa5VanWMSDluBIRKG8i9loiRVcOexnQzxIxd%2F7L9suJw8yy2EW%2F5tnxcDot8J7n4%2FWDJaLjnLO178jaU7ReZa1Mv040X71rohkXohWZLnihDN2KsJKFmrrCW%2FeUMKnARtiRMOpPLUEuOzcza7Irol1p8Qqlcz%2FR2QEm6GPPNvZKiPX3SkmYe9OxJnl9sqcVpufLFUCWlRp4PWSAFlns1J%2BpYbTNtyNx4dYJeFISJ3acoZNKSaVe%2Bg9OrAjPFv3om5TiSuxqGIfQ3auzuxgmvilqQxgUl3jYFOCrpxCj%2Bj11a35FVYg0OxpyDOIdwjSj5cnGEF%2Bxm2DuIgv3hJ76QtyovekdrmMSnmu3KeEShQuTlGZAcQ%2BgjPuiYYu1uAqerHQcdD%2BEU868XVlpGKYj1LZu3gBHbxWtdRBsSX5vqF5OorJ1EtnwjWsjnCZRMvtOicrpRgTPotoYf3fVr2upJPVMWFUFlBA9ncu0KQ51TWIf3G9h3S88I0hpR9BV3gNpNRrZW0cuxOpxLOLUUFHKmnYgphG%2BuagKAQiSVm74xA2fZ8rJcqeFkUBw0tfM9Bjip07oJOmepG3tmhPb6xjy%2F3zrhWk3xLTli14C7e4XFGKgbHsdADywWYyLgztuy6raqUl8whw42P%2Fgj6iYXYy8SOlLGMB43sLdWODZng%2Bi7CVHVy%2B7s7tbx4nPIacvr04FPeA%2BHHBPpX572pTfXY21zMDm7%2FsK5%2BZkEDk9xKMCx977QrLSS71hRqXf3DEfQ%3D%3D#polycard_client=search-desktop&is_advertising=true&searchVariation=MLB55762063&backend_model=search-backend&search_layout=grid&position=2&type=pad&tracking_id=189b095f-017b-4f7b-a5e7-8ff0a540fbf7&wid=MLB5765125576&sid=search,1,1,500-1k,26.25
Smartphone Motorola Moto G15 256gb 12gb 4GB RAM 8GB RAM Boost Camera 50mp Verde,899,1499.0,4.8,Motorola,Chegará grátis amanhã,40,https://click1.mercadolivre.com.br/mclics/clicks/external/MLB/count?a=isJ95G4muTCWgOqoPXzVD4UPoxn8YjEt3UiOglyCpSh5AeS8NZdDpeM6UBPLqANx%2FPOZ8AcxYDvDgQl3NRNMlLt1%2FL10xdD9dabi%2B1QdU3lqJ2JZVtB3C1iRl3FezjuEI%2B2B1zm62%2BA%2BjUvWHJwg0Wm1K5s4rDf12XqTkd5YKNLtal%2FG6GbWxfMVeus%2FCU%2B3%2F86Pmoi0X6d8KK8zM6OMRzlUefh4YCdl%2FTgBPd5DK99uodkaxnW0kyrM0Cl4%2BdXfjSgnn8XoA3LF1YOjlmj%2F7WD9GMpyOexihtsTAghZnmQ5h4i7ErJnIg8Lt0VQ9nMJvMlkR9ewztw5HyBLn0Qf1TASwK0pfAfiRYNG6W%2FU7hVMM%2FhXBMod5Ay9pFhrNX4kSwam%2B176x9XD33SMhElDFAQFpwAU8oLkNATfA5l29DQvafqjejDjg%2BQ4vyCc1wXkFUifwkn0JD3DLWs4in2l2pyuwjcgx2hCxy2FOBZkmhSiRIuWpoKKOKh8DiE2Y5H3nyGwo%2B0aKgb51St6aYTuFL3nflMH%2BtFcinJUdNiTHzvKad%2FgJWwB9uIWKFbdfxm8pFcrwH2VyLtHRwmhlw55aeTMpaozVbdsos%2F9erhGDeLKkHpwtzG2FHB2V3e5Ta1mkM5O6V1qAHe367vPTe9y4gW3HQHLlnS6Ehzwj%2BWZ2dp%2FO65nb3CuAbh1TRi3%2B5FXCVBRB8HjRXoQLIgHRF%2FJjkLC80p%2BEBUPRwdX%2FxXoBvgqH%2FMnKWR5Awu%2B1D93qQA0%2FriQFvCJFtjiPWrNO%2BlnRfO3c7%2FJX%2F76VfNoEQXqGXWl0%2Fy7em%2FFXbkwfp6hhHwMIBi9kePLFXEL1NHehoLMZDJAYRxKTD%2F6Jo64cnjJonAPdVa8Taa4dyN1T77RY2T23gZ57ZbLNGUr25WmStyuev4niIab2AqV1OMKwhGWkRfaDKZnsIw2BQw%2FcLKK9E6CLmUfjH7Ucf7zZi%2BQ7XLN%2BPxvz3c%3D#polycard_client=search-desktop&is_advertising=true&searchVariation=MLB44665542&backend_model=search-backend&search_layout=grid&position=3&type=pad&tracking_id=189b095f-017b-4f7b-a5e7-8ff0a540fbf7&wid=MLB5237351728&sid=search,1,1,500-1k,24.4
"Smartphone Motorola Moto G86 5g - 256gb 24gb (8gb Ram+16gb Ram Boost) Tela 1.5k Poled, 50mp Sony Camera Ois Moto Ai, Videos Em 4k, Ip68 + Ip69 - Vermelho",1792,2399.0,4.9,Motorola,Chegará grátis amanhã,25,https://click1.mercadolivre.com.br/mclics/clicks/external/MLB/count?a=jeMyaOdcHIGnkysvJd%2BnpFOwrhDLSL3kMu9rMs0zuD9xASEiqGPPkhmsEY87UuAbsVY04aMdp%2BfKa0RgPL2rlIlPJVWVW8TIIPzk58Le6Or75OqqNm2uyvEDHWyptM%2BTM%2F9oCcHZB4ac4e4YY1Iar03l1VY5%2FQkubzYgMe5hnsjwc1G38irnLLOjyL59RGY%2Fgw9%2F0VtiYDTtWbBbLv%2BFHm%2Fx6r6Tqxsf5fPRb%2FAMT3qQj4D3YyD%2Bin4FMdVNrtKIj5ck%2FUy1RWKh8TtHXUivafVQj%2FSHRyuT%2F1Fkn%2BUzzLuznYUKiEq47mP465pSZRT2%2Bwq%2BaUVuWbYs8PhrpNGabUqzJdAyqiyv0N9Sltkq3%2FeTMUOOVspfOpMe4VQt4DQm8t2LvZdOtz9c3Mi35IZesQ8zK0p1bv1MGUCyZWjewmaOCsUK6olEDtoHNP6uj2vrl0%2FBeo7YxguWzP7Z%2Fv4FsRRY10T0a9cgyyCZ0qUfB0tJacZ%2BYI152o%2B3PchTqqo3mMH7vqWB6%2BpL8%2BYziT9cfwIHwmDGyL4nC47IsUqyU7inbAowslqs%2F%2BEG3z5jzRljPfXCzP5Gd3O3%2Fx1yFSDXMbXNQSeR3qSpX4e%2F7a%2FQqNJN%2BJTPu8GAWAmjogd534rnAbnIKeXEtjR0m%2FfzJGispRx9Lxa7vFSx7zx9Z4Iuf2zYGiuGwvZYltT9988LKtus%2F0nJxBX77E%2FK22lZdrjZMambYBWEkifc5cvr%2BFRBFIhMrfQXgU2BNQHdxiDvYfOxA97%2B3zJ0OCin9NkcMogLkFRN0LB8NG8Ed%2B1EX0lQCFDoivdGDqPKVlERR7%2F8WW2W9YZ6kkwrtAqCcDTtc92NGmgY9D62UTVLXi%2F2vbF7e5hj6JIkqVAiOT5ss3ObXtQXCHr%2Flh6YFRj%2BZBj6lzL%2FSVH0ngpOy9IDqM84A5r8PZydlKLrYIN8lWt%2FyfgeHKwLYjuzUtozjSwt5wKSx3ePyr5gvc1qbqKl1OYi27i%2BCoOXy4QSbwGSTedH5x15baBfwx6%2BiNID5KEOuRtU%2FrO%2BZ0pRABqZmzUjL0VK9Vi%2Flsticw%3D%3D#polycard_client=search-desktop&is_advertising=true&searchVariation=MLB51340616&backend_model=search-backend&search_layout=grid&position=4&type=pad&tracking_id=189b095f-017b-4f7b-a5e7-8ff0a540fbf7&wid=MLB5462013472&sid=search,1,1,1k-2k,19.95
Celular Samsung Galaxy A56 5g 256gb 8gb Ram Cinza,1998,3699.0,4.9,Samsung,Chegará grátis amanhã,46,https://www.mercadolivre.com.br/celular-samsung-galaxy-a56-5g-256gb-8gb-ram-cinza/p/MLB47114363#polycard_client=search-desktop&search_layout=grid&position=5&type=product&tracking_id=189b095f-017b-4f7b-a5e7-8ff0a540fbf7&wid=MLB5317821714&sid=search,1,1,1k-2k,26.25
Smartphone Samsung Galaxy A36 5g 128gb 6gb Ram Câmera Tripla De Até 50mp Selfie De 12mp Ip67 Super Amoled 6.7'' Nfc Recursos Ai Android E Segurança Snapdragon - Preto,1430,2815.0,4.9,Webfones,Chegará grátis amanhã,49,https://www.mercadolivre.com.br/smartphone-samsung-galaxy-a36-5g-128gb-6gb-ram-cmera-tripla-de-ate-50mp-selfie-de-12mp-ip67-super-amoled-67-nfc-recursos-ai-android-e-seguranca-snapdragon-preto/p/MLB47115842#polycard_client=search-desktop&search_layout=grid&position=6&type=product&tracking_id=189b095f-017b-4f7b-a5e7-8ff0a540fbf7&wid=MLB6410679768&sid=search,1,1,1k-2k,27.15
Xiaomi Redmi 14c 4G 256 GB 8 GB RAM dual sim cor preto,830,830.0,4.6,Desconhecida,Não informado,0,https://www.mercadolivre.com.br/xiaomi-redmi-14c-4g-256-gb-8-gb-ram-dual-sim-cor-preto/p/MLB41287578#polycard_client=search-desktop&search_layout=grid&position=7&type=product&tracking_id=189b095f-017b-4f7b-a5e7-8ff0a540fbf7&wid=MLB6628300600&sid=search,0,0,500-1k,2.3
Smartphone Motorola Moto G06 - 128gb 12gb (4gb Ram + 8gb Ram Boost) E Camera 50mp Com Ai Bateria De 5200 Mah Tela 6.9,661,999.0,4.9,Desconhecida,Chegará grátis amanhã,34,https://www.mercadolivre.com.br/smartphone-motorola-moto-g06-128gb-12gb-4gb-ram-8gb-ram-boost-e-camera-50mp-com-ai-bateria-de-5200-mah-tela-69/p/MLB61381499#polycard_client=search-desktop&search_layout=grid&position=8&type=product&tracking_id=189b095f-017b-4f7b-a5e7-8ff0a540fbf7&wid=MLB4515672567&sid=search,1,1,500-1k,22.65
"Celular Samsung Galaxy A07 128gb, 4gb, Câmera 50mp, Tela 6.7 , Proteção Ip54, Processador 6nm - Preto",599,899.0,4.9,Samsung,Chegará grátis amanhã,33,https://www.mercadolivre.com.br/celular-samsung-galaxy-a07-128gb-4gb-cmera-50mp-tela-67-proteco-ip54-processador-6nm-preto/p/MLB55034955#polycard_client=search-desktop&search_layout=grid&position=9&type=product&tracking_id=189b095f-017b-4f7b-a5e7-8ff0a540fbf7&wid=MLB5859349564&sid=search,1,1,500-1k,22.35
Samsung Galaxy A06 5g Dual Sim 128gb preto,719,989.0,4.8,Vikings,Chegará grátis amanhã,27,https://www.mercadolivre.com.br/samsung-galaxy-a06-5g-dual-sim-128gb-preto/p/MLB48946861#polycard_client=search-desktop&search_layout=grid&position=10&type=product&tracking_id=189b095f-017b-4f7b-a5e7-8ff0a540fbf7&wid=MLB6433836010&sid=search,1,1,500-1k,20.5
"Celular Samsung Galaxy A17 Com Ia, 256gb, 8gb Ram, Câm De 50mp, Tela De 6.7 , Nfc, Ip54 - Preto",1259,1399.0,4.9,Samsung,Chegará grátis amanhã,10,https://www.mercadolivre.com.br/celular-samsung-galaxy-a17-com-ia-256gb-8gb-ram-cm-de-50mp-tela-de-67-nfc-ip54-preto/p/MLB55254425#polycard_client=search-desktop&search_layout=grid&position=11&type=product&tracking_id=189b095f-017b-4f7b-a5e7-8ff0a540fbf7&wid=MLB4583723537&sid=search,1,1,1k-2k,15.45
"Celular Samsung Galaxy A07 256gb, 8gb, Câmera 50mp, Tela 6.7 , Proteção Ip54, Processador 6nm - Violeta",852,1399.0,4.9,123 Comprou,Chegará grátis amanhã,39,https://www.mercadolivre.com.br/celular-samsung-galaxy-a07-256gb-8gb-cmera-50mp-tela-67-proteco-ip54-processador-6nm-violeta/p/MLB54964804#polycard_client=search-desktop&search_layout=grid&position=12&type=product&tracking_id=189b095f-017b-4f7b-a5e7-8ff0a540fbf7&wid=MLB4277746349&sid=search,1,1,500-1k,24.15
Smartphone Motorola Moto G05 256gb 4gb Ram Camera 50mp Vermelho,699,1199.0,4.9,Motorola,Chegará grátis amanhã,42,https://click1.mercadolivre.com.br/mclics/clicks/external/MLB/count?a=4UpDDtXfwNWM%2BegSR52pPPuWGgGI3mjNDBc732xF%2B%2Fy18u%2BbBCsWhkkREosyJIcUwFVnfU15BopMIKpVEJ1u65DgdNgl4C75eMyMRkP%2FrliSpxcGPFnKdwIVi5orVakxgaCZumjko7uUwXhCccsZaQT6XSZJbIYU5yTO%2Bp8Sd3Om2HnwO4pky0PvptmWx1yfvwM01CCBFntSIAfseXkvPescxNmMmirkMJ2MOZmX26NyCdu4NQjMsXvCp54My2kmfvtDfGHmGL44EHQHXm3HzTFIS99nWEZ7DmRsoNuJEhg1DAgkgtyusObugmPV%2BjU%2F%2F3ztyfmuPiaGi9OTXSEJqFsQatOKKovAIV6oFCHEV71FnLRQOmK4K14DjWX5RNNi%2BW3FukJBEKGATV8zG%2Fdtw9r4cT%2F%2Fh2btfGxZbZBTWV%2F3eekXXZthA5TDphTsGXu6z5z9ByaI9mF3Mx0G9HSfX5GJLwfMoJ6Z7mc%2FtGfWTKpC0z7zNKz2XAeC4cQgKLJFL1z14ZELmH4xykNik2%2BuYPEmLMwBbbORrh02qb%2BlaW4LLvmcsXyy8Gfs63JXWgO5NpZqFTjCLqGxOLbNOOv6MX3FYCTaNia%2Bo7cZK%2B%2FtMeCIbsVkN1lV0PfkMXPdj6XiKPRO9169gnonHrYIk4Y5ZZynZfSG6BByOQxSvqi6Yl5%2Fd2L%2Fk0jf7bI1BVrkVXZjVSArp4vdUF69P01Pvh6jDLKBDecnIo1od5qqpNwYBjNrPMYHYDCaT3Rp2hDQTI1f7W6A5ATr2JGWAfT6l%2Fqhm7db%2BU4EEFKdX9p1d2LPfKpDwUsbSw8MImX%2Bgiy7MUfF0yMU5BYmceAQ2VMOPdw%2FruKMQe55wFHDTzoi%2Fs4UmFfxfQMhmZbuluDK4lhTIt%2FeTOUnw5Gyw%2FvaNLe2H8UNcuoGDT45yFJpjgwwNiFAM%2FDYGE8tjX2EddriygpEfmLtUNM0SMsw#polycard_client=search-desktop&is_advertising=true&searchVariation=MLB58493174&backend_model=search-backend&search_layout=grid&position=13&type=pad&tracking_id=189b095f-017b-4f7b-a5e7-8ff0a540fbf7&wid=MLB5774641722&sid=search,1,1,500-1k,25.05
Smartphone Motorola Moto G56 5g - 256gb 16gb (8gb Ram+8gb Ram Boost) Camera 50mp Sony Lytia 600 Ultrarresistencia Militar e Ip68 + Ip69 - Cinza,1598,1999.0,4.9,Motorola,Chegará grátis amanhã,20,https://click1.mercadolivre.com.br/mclics/clicks/external/MLB/count?a=49C6%2BK3B8y5cZHfmUpLBo2vstJwNGvoDK%2FNdyXyH5Nxi7StWaWfOjIVuBnQrCU2MDPdWG7JZNrkHRMFxObmBkuDn7NSa49GO75Nn4L3upfjVabn23J4vv4QCuKUiR8cWb0L%2Fiyw6SQuzr7HYoyM9LNwwKwkMjxy1W%2FWtRrydnHuEvPwyC2FAgmuC9dGQ1aT4Lt2I061LHl5%2F4axTluVR5oaTmQgsOfBlmY7sYNRX7GJqBmJPoNvR%2Fy4D6cpch4Ui3%2Flc3xYMyEhWApeQYlqVSxwjGzmywxO5bI6tiqdvqg4l7EzTWUsoxKYzxt%2BC8Bmyme4aH3R%2BmNRMeLwl9lSHbBAUN4Cx7DCiMNnwdob2y9ePhrGQM2M1dOHH%2F6GmCUsX%2BdbTPW5AQA9nuhTRHyJYSRhWoW18EifishJKN%2FGRjzpUGzTK5Ej8rPTVSavchNcjHaOH2xbTqJ0JuJlqZ5Vl9BFhTcgnSWibLsuSedNIpjYRucqEMZCut6A3aBCWPSCHKDJ3kYCC8R4UWcpBbWRG5hnybI2xMmYuWdzmXymt8Z5wL5f3LtFayOhY2Ie6Dtn%2BophWXn7IkP9Yvgv1juXAg6Q44yrPXZ7Fw1GQMoCqFxwDRf7PexgbpucdtvABC7vwa63xOerRmEcWYv5G%2BEB2PuES%2B%2F0Ps2OIU%2FwILcs3j5pUGHusO5v5ea6bVOkVc1NNFHLAXA5GoAr3ybbDs1OpvtP91rg%2FhtqO%2BeduWc2nUiV6aPyyJRo5%2F3MlvI1ssNfbVQLN57XlUEw19nul%2BAK8lKfD5mEZGAV3UUhCW1Ju2A1n6I%2F50229P4ah2UqZzOWqsWe8ifH%2BGXFooErlZbsKfgJevHj6oht9IL3%2BZsVeLXgbdhHU33bf0FCK%2FHQ%2BNs17UvGdgusd7AdX1MxEA99soewZnhY0qLSAcbryMF3g2MI73O5SKAGgygkJzN3phLXzlY7SNUZMBBvjRe5t25UodCvPo%2Buzllx3%2Bwh2nBFy1bvdkx3%2B%2BdQ9m%2FtmZQAUD9f7%2F55OI89KDzUEvyuZQeBEQOMa%2B6drsBHuKj9XwA%3D%3D#polycard_client=search-desktop&is_advertising=true&searchVariation=MLB50301060&backend_model=search-backend&search_layout=grid&position=14&type=pad&tracking_id=189b095f-017b-4f7b-a5e7-8ff0a540fbf7&wid=MLB5402372302&sid=search,1,1,1k-2k,18.45
"Smartphone Motorola Moto G67 5g - 128gb 12gb (4gb Ram + 8gb Ram Boost) Camera 50mp Sony Lytia 600, Tela 1.5k Extreme Amoled 120hz, Ultrarresistente - Chumbo",1529,1899.0,4.8,Motorola,Chegará grátis amanhã,19,https://click1.mercadolivre.com.br/mclics/clicks/external/MLB/count?a=FEDYkhooT6QdVw6ywWTQpvPY4j%2FrzllIIuQOOLhXwRkO7QC0EU3ZsycGQdQLepYD%2FZ44I2BcR5xK5fhxB%2FdCpdly7Vl%2BECM%2FcVvNr9pQwQdURbQiEnLr%2B46ZTr2rAc9HA3Y%2FA9DdlblyYAH3bCPEAvz5j9pHoN8VAzZgDxG6XAuHTDkkBo%2BwldfMmJf9PGpFHNlfprnxVh72zZ8tPJkIO0J2V0075WhgH%2BzrtmMT3teOWYRwDYbRoz316uWC92q%2BcXEm%2FYj%2BU2pXEW2uxi5%2Bk0mHog9ESvEZSqKbZXwD3phk7Y7DNCLQ%2BXb37PBNoRZcrZeequBd%2F2gnu7duVvCIW2YFvAE5OheyXMj4fC%2BA8kmjPcmrLqMNBT3mOlWlvA9T9VSyFxtefgix6ja6Kl50%2Bw9mbO341HrAmIQmFoz%2FvHbtaXMSeC%2BK3KdjjYK6s6DtaI0XkV7w8c%2B%2BoLxbMwnUp7j3WfdGYHkoUyyxCKIVa%2FRPBPOpvRxEyXBIQVY7ueHot3zLD%2FuViA5EUHCDu3%2B%2F7rrbSBbxvCR3Qs%2BsBLpJu897TjkicMt7Tu07gIfOhaAGET7D4u%2BG7K7frgdLmMSgw1LfEN4iZmYWQ9zMVvC3%2FhrITmWd3R0XmipGPLlhlCITExsC2VckzgW%2FKuOZKmIb4QA72COCCwACQGY0ui%2BePIkSgUqk4fDZkj5LtKKo13C0IUekSOm%2BbLJ5CIOid0bwbMZtySka1Ik72tRO6wgGLXtLfyz9UxdQHS1lSI0YkIPXbWxNJwX62KrTOxmIvg90Q%2Fr%2BvihItXsiqPefkdQADPsLrm7gbeRLjc%2Bro3u0g13Abd1Jq2r3U4dUc0e0ujRADwjV1beNWrX0Vv%2FI3Oi0RnEB9C7yyzcK8q6BfcR%2BvIWg9OUunOoxxmXIU2X7Ihq25HG1ROOjr1x%2F5q8IpgIJSs9qPJq5vEtQlflpSA219GqjiH2PPNBK5nwfPP8v0GnFfdaSKGsvOYjsS7UJmM%2FcNDbOZ1Amb6f5OAmaAHztpCG8dgu88jxZARqU8C63DWU9pOunYbK5tn%2Bck5jN0Q%2Fgr3BiRU%2Fy1MwY6kY%3D#polycard_client=search-desktop&is_advertising=true&searchVariation=MLB65319818&backend_model=search-backend&search_layout=grid&position=15&type=pad&tracking_id=189b095f-017b-4f7b-a5e7-8ff0a540fbf7&wid=MLB6420538026&sid=search,1,1,1k-2k,18.1
"Smartphone Motorola Signature 5g - 512gb 24gb (12gb Ram + 12gb Ram Boost), 3 Cameras 50mp Sony Lytia E Zoom 100x, Tela 1.5k Extreme Amoled 165hz - Preto",7649,8999.0,4.8,Motorola,Chegará grátis amanhã,15,https://click1.mercadolivre.com.br/mclics/clicks/external/MLB/count?a=vImn1L40TYjuFGIoF%2FT7xXLm3eh9TAE6VBURqWOL6VRlACY2ILeZ2ZhqIACCasfpv9BbrlLOtFl%2FHye%2BZOFBvkDJ2HukUSBBfNd111vBeBCN09Zl1BQ1TRmPkuRD223%2B08SJa5tr2hZ0V%2FT7FXw%2BjWBRI43aCiYF1zBORqixwjvC1ckpE1neAnnajdkSvZXYFNuU1NMbIe7mQaAEgKyah8HESWN1vo08xu2i7E%2FsPSTWYDQe6H2s382g7xk2HQF988ubW2nFOB00X%2BS780M5SHXsy%2FndyOl2a%2Byx18V4RGQfdNowRF6ydfPv8Yepp0GuOpVb7axtMwjNZESH%2FmF74ryrd%2FGPgT6puhOVLxYL4e6M3ho7ju0wVljRM2TUXwNY9VuFOv7XGV9XLusIzlaJMHZ%2BBQa9%2Fuh3XWFDAadCBMyPP49%2FBNrp45cGh0kPGxMMvGkoBysGIZJA96%2FG6rDLxWZ2da9vo21kpwch2%2FEg%2FVOx%2ByiB5n9WeOVtYEpYPtGm%2B56WQxYaLoVcWIj1qD3%2F7aKGfAzKuw8z6yukweUL5DKL1BY%2B%2BCEjmRBE2L%2FytTA1cMCGqy%2Bm3Z%2FRxLEFmQEy2Us3dSKLQ7iz0YDaJV9pXC7sKf5ueOMJGqy%2B6bWZL6og6enmPZQQL%2Bdu0QPQSw4a3qTY%2FA7BUrYfCG9iiX6PIUj6ARViN%2FpRtjD3K%2Bsdl13QQrWPeiAnZEIdwwmjd3MKxfuv0FSxDO8Xw643cfHd70LWl%2BSvIhyz6Gce6CFNjmiBXNSzi60nS%2BmhkexvQsakgxTlGPuxl8icUncTqnAUCdrSu%2Fn3yOd8f0phrTHmr60wNc1cDkk7t%2BC3zS4siqKoHAcGtLBCGxNnHDM1iXGYUTs5ZYADCya3NKv9VKjESZUhnzfWhhEpIXWtSNtIr8G4Hri2P8HIY2XRu5fUJbYbkgcb53qfCGjVEDfhuYZckakVkRuWEd143hO6I5nPI%2BF2A2jETufe%2BF%2F8w8A1ixSxseJTC7hQjG4nCNMs%2BYVBuHL5S%2FdbHI82p89OoC2paDZirIcMk8eBUEKXisQ2XfKzvpKHF4c%3D#polycard_client=search-desktop&is_advertising=true&searchVariation=MLB65938141&backend_model=search-backend&search_layout=grid&position=16&type=pad&tracking_id=189b095f-017b-4f7b-a5e7-8ff0a540fbf7&wid=MLB6373850588&sid=search,1,1,5k-10k,16.9
Smartphone Motorola Moto G06 - 256gb 12gb (4gb Ram + 8gb Ram Boost) E Camera 50mp Com Ai Bateria De 5200 Mah Tela 6.9 - Bege,723,1349.0,4.9,Motorola,Chegará grátis amanhã,46,https://www.mercadolivre.com.br/smartphone-motorola-moto-g06-256gb-12gb-4gb-ram-8gb-ram-boost-e-camera-50mp-com-ai-bateria-de-5200-mah-tela-69-bege/p/MLB55762063#polycard_client=search-desktop&search_layout=grid&position=17&type=product&tracking_id=189b095f-017b-4f7b-a5e7-8ff0a540fbf7&wid=MLB5765125576&sid=search,1,1,500-1k,26.25
Smartphone Motorola Edge 60 Pro 5g - 256gb 24gb (12gb Ram+12gb Ram Boost) Tela Quad-curve Moto Ai 50mp Sony Camera Ultrarresistencia Militar Ip68 + Ip69 - Azul,2694,4499.0,4.9,Motorola,Chegará grátis amanhã,40,https://www.mercadolivre.com.br/smartphone-motorola-edge-60-pro-5g-256gb-24gb-12gb-ram12gb-ram-boost-tela-quad-curve-moto-ai-50mp-sony-camera-ultrarresistencia-militar-ip68-ip69-azul/p/MLB49085450#polycard_client=search-desktop&search_layout=grid&position=18&type=product&tracking_id=189b095f-017b-4f7b-a5e7-8ff0a540fbf7&wid=MLB5382324466&sid=search,1,1,2k-5k,24.45
Smartphone Samsung Galaxy A36 5G 256GB 8GB RAM,1521,3299.0,4.9,Samsung,Chegará grátis amanhã,54,https://www.mercadolivre.com.br/smartphone-samsung-galaxy-a36-5g-256gb-8gb-ram/p/MLB47111905#polycard_client=search-desktop&search_layout=grid&position=19&type=product&tracking_id=189b095f-017b-4f7b-a5e7-8ff0a540fbf7&wid=MLB5317478858&sid=search,1,1,1k-2k,28.65
"Celular Samsung Galaxy A17 5g Com Ia, 256gb, 8gb Ram, Câm De 50mp, Tela De 6.7 , Nfc, Ip54 - Preto",1576,1899.0,4.9,Samsung,Chegará grátis amanhã,17,https://www.mercadolivre.com.br/celular-samsung-galaxy-a17-5g-com-ia-256gb-8gb-ram-cm-de-50mp-tela-de-67-nfc-ip54-preto/p/MLB54961455#polycard_client=search-desktop&search_layout=grid&position=20&type=product&tracking_id=189b095f-017b-4f7b-a5e7-8ff0a540fbf7&wid=MLB6574985998&sid=search,1,1,1k-2k,17.55
Celular Smartphone Realme C73 256gb 8gb Ram Dual Sim 120hz 6000mAh Violeta,1149,1999.0,4.8,Webfones,Chegará grátis amanhã,43,https://www.mercadolivre.com.br/celular-smartphone-realme-c73-256gb-8gb-ram-dual-sim-120hz-6000mah-violeta/p/MLB62258511#polycard_client=search-desktop&search_layout=grid&position=21&type=product&tracking_id=189b095f-017b-4f7b-a5e7-8ff0a540fbf7&wid=MLB4334411855&sid=search,1,1,1k-2k,25.3
"Celular Samsung Galaxy A26 5g 256gb, 8gb Ram, Câmera De 50mp, Ip67, Tela Super Amoled 6.7 , Nfc - Preto",1405,2167.0,4.8,123 Comprou,Chegará grátis amanhã,35,https://www.mercadolivre.com.br/celular-samsung-galaxy-a26-5g-256gb-8gb-ram-cmera-de-50mp-ip67-tela-super-amoled-67-nfc-preto/p/MLB47424244#polycard_client=search-desktop&search_layout=grid&position=22&type=product&tracking_id=189b095f-017b-4f7b-a5e7-8ff0a540fbf7&wid=MLB5474927460&sid=search,1,1,1k-2k,22.9
"Celular Samsung Galaxy A17 Com Ia, 128gb, 4gb Ram, Câm De 50mp, Tela De 6.7 , Nfc, Ip54 - Preto",899,1499.0,4.9,Samsung,Chegará grátis amanhã,40,https://www.mercadolivre.com.br/celular-samsung-galaxy-a17-com-ia-128gb-4gb-ram-cm-de-50mp-tela-de-67-nfc-ip54-preto/p/MLB54987753#polycard_client=search-desktop&search_layout=grid&position=23&type=product&tracking_id=189b095f-017b-4f7b-a5e7-8ff0a540fbf7&wid=MLB4217306791&sid=search,1,1,500-1k,24.45
"Celular Samsung Galaxy S25 Fe 5g, 128gb, 8gb Ram, Câmera Tripla De 50+12+8, Tela Grande De 6.7 Jetblack",2868,4499.0,4.9,Samsung,Chegará grátis amanhã,36,https://www.mercadolivre.com.br/celular-samsung-galaxy-s25-fe-5g-128gb-8gb-ram-cmera-tripla-de-50128-tela-grande-de-67-jetblack/p/MLB61692896#polycard_client=search-desktop&search_layout=grid&position=24&type=product&tracking_id=189b095f-017b-4f7b-a5e7-8ff0a540fbf7&wid=MLB6087231690&sid=search,1,1,2k-5k,23.25
Moto G15 Dual Sim 4gb Ram 128gb Azul Marino,699,1099.0,4.8,Motorola,Frete grátis,36,https://click1.mercadolivre.com.br/mclics/clicks/external/MLB/count?a=rCqTeYswz5%2Bb1p6cCzb04yYyNHAjR8fDcy9JFLGImYrdH1ZozNS0scvKaAFz8GSIUZjSbwACjCFqkGmymNYlhPpNUET9EGzkJtZ3AQ5QVSK6t4PDG9s%2BLMoOVNuupPtIcU%2Bj7tsLfTJwlgrJLmKlcHHp%2BBXAu6BgweeVRjzdyqEt%2FovfvdwsPLty0iLVx5KjvY87gi8HcglcTQasA0TYFv1lSM0crcccaeiYqN6YyR4Muk2qlHhMhmXc%2Bu2FATy3doDjsFEVQ49ZoOJ9rOxzXl9JY0ASQkj0oDIQXQNdh4j8fEnVi33sEe9kfNYF%2FUBq%2FdNqgIJgUGDdm66WDD3ijuKYuIVWQUJY32smefO3kGiXu8q62Cr6txKTXpFQLk4XnFoyuPk7OdEZXymvCWMwhise4Ltm2IxlFiQF7qP91TjbAMGL9lAWSiSn7ABPtl812LED2GQV5omW07tJsTabnizj4IcJ7kSBdb7VSjOv%2FeZxlcOmK9WgyLmwHm0yyfg16nZTQmyIS6%2FSa%2F6BGlm96wXKXdJkl1okyVjGLR7usfWPr2ZIM3a13k2UjFwcHCqeZn%2BsMT4GG7TtR3MqntPTuGuo8eNxl1%2Fl1uExADEgsSvk0ZNIoStdiSNdtzsub2mGRW07DP0BDMCG3YzWruu8MvMqmuZEVveP3bjjY%2BXvEh4dJc8fdfovZFyfFSI0QfuxealiPhqaf0VdAAbW6i1IU69A7qVdw%2BbL9Wa8DEE3rQVcb%2FZ%2Bfe%2FX4eNuPmneXPDU6AMx6PW55t6NP5F9pRPX2lcc1FA7sibvaSDWXcnhd5Mgs%2FrbBm1%2Fgd4alMhPz12HLma9AHiqkQVxxu2BHc1o2e9%2FXRDEL0ZMgcBxJec5X5yXPC6Qg7L5NViFW9JfrxfnxZy3GM5PCi5ASS7zsP5NLXDsonbnoDin7DgHCJ8v1ww4BA%3D%3D#polycard_client=search-desktop&is_advertising=true&searchVariation=MLB46056608&backend_model=search-backend&search_layout=grid&position=25&type=pad&tracking_id=189b095f-017b-4f7b-a5e7-8ff0a540fbf7&wid=MLB3975530813&sid=search,1,1,500-1k,23.2
"Smartphone Motorola Moto G17 4g - 128gb 12gb (4gb Ram + 8gb Ram Boost) Camera 50mp Sony Lytia 600, Tela Fhd+ 60hz, Bateria 5200 Mah - Azul",899,1299.0,4.9,Motorola,Chegará grátis amanhã,31,https://click1.mercadolivre.com.br/mclics/clicks/external/MLB/count?a=itGyjJHMT2M2jTgKfEQWbapG2LQrHUTpTKLfP8naIqTtWfsSk%2BUfADQ4e%2Frcues63PEu0NG4R193xohzKr2wdOB3mynUnUQCFO3Gwt3jglUVwYCUC2zI%2FRR7RGqevCSBc6fdxlIDljJ6dLkvdRji3Fq9i5A9F3GjLzxOAqCJCkgRWQmctwwWe5SfzRwFUpYmyvcAoVC%2B%2F4Dg%2BmTh0D6KhfF2QeU%2Bzcv5T8F1IbVYMilGBZSp%2FgkS%2FLfdjHPA6he6IO4Ti0rHS%2FaWrcfjikLGX8ABmkRIuI7FHOtyC9Z6ZW%2Bl4388tKH5R0qIANgVkoq7SXqXHF%2BYy78kqwWDXdeFwyqPwPEGRWivRQ6fxl6oJsdfeTWci6XCngoP52N6SOb8pG8x0GiLEt0pVvW3fMF3WPoQRTvBTJ2iX3UGxE5Pu31tLM7OxEFQG7ZId1ugBezfhdyKvOyFtSmFQDBHR%2Bwbhl65XC1W%2B2G1MKQV%2BZiwviNup%2FQvP%2BLnqgGqHuaUatwikERaMiBRwRlAoSHy2KkuMMunYoVHAGOhU9DdF%2BIWYkkVvV%2FRlLMTldgxsEcqdBlX8H%2BCZa72zXRyg35NTSDeCSCjCJ%2Fhnx25%2BYsb6g%2FzwCutt76hSPy5OfAbm7e6%2FhOuBJ1H8xzvmr1Z5y%2BDExRJerWZdWi5yHaItd92RiePWUK8PKDKs7PU9AolkPWJ8A15bJQtQMirw%2FH%2FfqDPsCud5c5w%2FTOVk%2BBZBOtp1deBnmzI4JC%2FUiKLvd%2F7uxHIl3HBhWm16s2u7hx3McJmYh2AJs8m4TQUlmFSe206lBB5kiBynNmhuYWT19iaaHJeQYdhG2WJ65z7QE8bsPllXPvySdLxOBrWauTEex3Brf9UJ2lbB6NjU11DgRU8fibDdBU5S18AhP1k1xl5OviXIFJ%2FfWEWiXcQXV3qo4Hx1CCiauPtohNzF1ib%2Fp2oAbndxyEp%2B3szIy5UI74CyiAP20jGLYoICVm%2FJ92oHH7J%2F28MMDnnXdCQE8FUPb9jigBGvJnapazaYh2aRkZ0s4aXQsgSwxfJCb4M#polycard_client=search-desktop&is_advertising=true&searchVariation=MLB65041642&backend_model=search-backend&search_layout=grid&position=26&type=pad&tracking_id=189b095f-017b-4f7b-a5e7-8ff0a540fbf7&wid=MLB6420215012&sid=search,1,1,500-1k,21.75
"Smartphone Motorola Moto g86 5G - 512GB 24GB (12GB RAM+12GB Ram Boost) Tela 1.5K pOLED, 50MP Sony camera OIS Moto AI, videos em 4K, IP68 + IP69",2069,3099.0,4.9,Motorola,Chegará grátis amanhã,33,https://click1.mercadolivre.com.br/mclics/clicks/external/MLB/count?a=Mh6xiQNM3xlcojzpENhVhrQSoXDO6qkMsBnrkwoL4h8tCp1YDZ6e6crcfrjLbzvny1uwfJ1KzY8umCvyD%2BwkHrhK05UB93YuBi%2FeBIdedi7kLOXrjVHGwJYNP7i3SKin6RoqFnWUlgCgqbA33XZ0GljN%2BOyxQtp%2BGIJpRnw854NWKYsC%2FC3oNetTQHK56%2BW6HzK6%2Bz1%2B86LEDaan%2FfCnjtuO4BGi6wwH2AkGKgdjJM2lPJfClgk79kBlHuQvxTHh%2BnF49U6hsbykkme4vKmySKhwYiGCtuPWucKX3IGBySOZi8at%2FEQXcmw2ut7WIqC1wNpEbOBOm9jCP%2BnVh%2BVp1s%2BH2Uwq5Jk96gh%2FEPzp88dBZ7rzXJ5Tmp0FzopjEDqE11oxgT92LXyV2VCbg71QX1xn9b7Bv6q%2BC5yGr1IsFyhPzV3Ra%2BmZNav12mcqwU199fCMx2%2BLeCIjZDhYTRA%2B06HpawUy%2Bby0a8n859VV6GGObY7GRzLfviD0F9QBBSgqpLnT7CH9tmQaih5%2BnooIWoiAbXOvocYv5kaR02vqspzoWbpros%2FrlkMylPoQCJeoj8i4NwJwcoG6NFAUpqYIRZ5JceAm%2BfyOLchBABLnK6IaKtQeM4FNY9M8D7TZgFT%2Fy%2BIhOMY7NJjBsCC8eNixiDNRavIgkUGzruzUQ5qMp8wrZ7tByweyNkdBJjxARj0oSHR5Q4Ez625NMqzENXiIFt5sPXfiGuRAMor1cS8cMUXdZ6TJmYmI2gWA4t16SqTVj0VLYCzbT%2BIDk651kUgX%2FKdQGiuFuaRZKDIyIV7FzxeiCVF54YcgJsS1O1mWcuNRfdkB8sz5%2B%2B5wdmxJgdKU7cUMJt54wB%2FlGW0YnTLjYy2Pr6JynJ0ufZXlKqf9q3OwUiQJy%2BgwlPrpyb2K4OjaaNaTdH55fUujZYWyucweg2Xp2eIzyyPtZYbsm2JbbeD6LA%2BI5Eimu4QCIkHSR6FZCjEAW32RuohPZfqKpiTmZqINQnfSB9v5kY6By2IaL4UJ%2BKT8Jlr0pHcQ4Z705oYUgW%2Bf31R5zwZSQbI%3D#polycard_client=search-desktop&is_advertising=true&searchVariation=MLB62124802&backend_model=search-backend&search_layout=grid&position=27&type=pad&tracking_id=189b095f-017b-4f7b-a5e7-8ff0a540fbf7&wid=MLB6152645844&sid=search,1,1,2k-5k,22.35
"Smartphone Motorola Moto G77 5g - 256gb 24gb (8gb Ram + 16gb Ram Boost) Camera 108mp Ultra-pixel, Tela 1.5k Extreme Amoled 120hz, Ultrarresistente - Verde-escuro",2069,2499.0,4.9,Motorola,Chegará grátis amanhã,17,https://click1.mercadolivre.com.br/mclics/clicks/external/MLB/count?a=FL4LlaOiksqObfBduXCUMKWr%2FZrsdOp9uoyFNY7IuCyTJNElo243H69A1rucpz0Uv%2F4%2FvpYbRRBZsY6JB7vy6%2B%2FowOhimSj6kycRvhaHR5byH4pIOHzjLuYDHbfqHlGXZlec4bzBWWneT4AQaoLj7bVnS4JBfl2DqgYcYjgxVtFZZmZocV8bCM6p%2F8VG5pSr2LSKL%2F%2FiNlhJ0ul%2Fu53PXsnN7K5BX1LvR1t7r7fmHxZualY1h1PAXkYRWNsPWeVAeqbiBjhx6fraT5IwYOwSvmFgC8HtDCRh8kT60f9YiWb48iVv4EXSM8esVa%2B0WQ5c5UVsIZTnqIaHCXmcMY7A%2Bq6kqMyHMjU4Q8FHbd3J9dEeqReuwimhJ0m4nPf1HHnY2E0treUPTCKZEuHzd3p2ldcZ%2BTtKCUt%2BquPt7l8v3HqBMy39bBZrKB58i7fds2T8MIFFRY%2BZ%2BHoeoDvyjNtp%2B%2Bf1zd2IL2iZqUm%2BFd3Vy3OTLo0fvL8gou5XgTbiymCWrwlPXSeIt13G9yl%2FaXLQUJpyXUG%2FrhSnlP4yniinT4xkERbZWN7r451dgjyk5LwL31l5gUp4lB2vifhZQN32AzaNWMOr4RZhnhqWzTb82x88rLDPEoBx8MV8MjKb5xCi6OO5dc4NyJx%2B5agmQsKuInD%2F3ZKy2BrVJoD9Z3JxNEJo2%2BgsOFqTqhBjCg2VqR5XjIgvFoBECzFI27uJG995zFrpAhZIwBDj10CR1kyEAbbGguKlbC5P3Wg9ZSDzOeKmMDX4Ttm1etltOGD%2BNO1ZHraEvXyJyhGkMs0th%2FLegbTAaqTxFx2T9Kwi%2FKeakut4QWI57wAn3I7IMauhbLbah9Ne%2BG6bjMPDFeP3Xd8kH7jVQcC4lCPQWu4lqC85r6d0sJTLnB2zkRPnu6Bp6%2FK4sC8POWIo9H79qtD4L31Dqmv8dYRg%2FGCOCRE5FxlG4RSD3W1iTezHwMLv4CH0KzL4fDOfC0tXqUkRz4GOtequ9kLj8UemSquE%2BmWK%2FkIGeh%2FJsaNBBCrUhifPIH2qjBN7q5sRZKh0TE6Hxpa1UyZRsBhJCMnlKzGvnJYG2Xw9Vg%3D%3D#polycard_client=search-desktop&is_advertising=true&searchVariation=MLB65305142&backend_model=search-backend&search_layout=grid&position=28&type=pad&tracking_id=189b095f-017b-4f7b-a5e7-8ff0a540fbf7&wid=MLB6420050194&sid=search,1,1,2k-5k,17.55
Smartphone Motorola Moto G05 256gb 4gb Ram Camera 50mp Vermelho,699,1199.0,4.9,Motorola,Chegará grátis amanhã,42,https://www.mercadolivre.com.br/smartphone-motorola-moto-g05-256gb-4gb-ram-camera-50mp-vermelho/p/MLB58493174#polycard_client=search-desktop&search_layout=grid&position=29&type=product&tracking_id=189b095f-017b-4f7b-a5e7-8ff0a540fbf7&wid=MLB5774641722&sid=search,1,1,500-1k,25.05
iPhone 16e (128 GB) - Preto - Distribuidor Autorizado,3699,5799.0,4.9,Apple,Chegará grátis amanhã,36,https://www.mercadolivre.com.br/iphone-16e-128-gb-preto-distribuidor-autorizado/p/MLB1046215784#polycard_client=search-desktop&search_layout=grid&position=30&type=product&tracking_id=189b095f-017b-4f7b-a5e7-8ff0a540fbf7&wid=MLB3986439067&sid=search,1,1,2k-5k,23.25
Smartphone Motorola Edge 60 Neo 5G - 256GB 24GB (12GB RAM + 12GB Ram Boost) 50MP Sony Camera Moto AI e tela 1.5K Super HD - Latte,1799,3799.0,4.9,Motorola,Chegará grátis amanhã,53,https://www.mercadolivre.com.br/smartphone-motorola-edge-60-neo-5g-256gb-24gb-12gb-ram-12gb-ram-boost-50mp-sony-camera-moto-ai-e-tela-15k-super-hd-latte/p/MLB58684606#polycard_client=search-desktop&search_layout=grid&position=31&type=product&tracking_id=189b095f-017b-4f7b-a5e7-8ff0a540fbf7&wid=MLB4265763257&sid=search,1,1,1k-2k,28.349999999999998
"Samsung Galaxy S25 5G, 256GB, 12GB, Câmera Tripla - Azul claro",3898,5999.0,4.9,Samsung,Chegará grátis amanhã,35,https://www.mercadolivre.com.br/samsung-galaxy-s25-5g-256gb-12gb-cmera-tripla-azul-claro/p/MLB45513356#polycard_client=search-desktop&search_layout=grid&position=32&type=product&tracking_id=189b095f-017b-4f7b-a5e7-8ff0a540fbf7&wid=MLB5264376996&sid=search,1,1,2k-5k,22.95
"Smartphone Motorola Moto G86 5g - 256gb 24gb (8gb Ram+16gb Ram Boost) Tela 1.5k Poled, 50mp Sony Camera Ois Moto Ai, Videos Em 4k, Ip68 + Ip69 - Vermelho",1792,2399.0,4.9,Motorola,Chegará grátis amanhã,25,https://www.mercadolivre.com.br/smartphone-motorola-moto-g86-5g-256gb-24gb-8gb-ram16gb-ram-boost-tela-15k-poled-50mp-sony-camera-ois-moto-ai-videos-em-4k-ip68-ip69-vermelho/p/MLB51340616#polycard_client=search-desktop&search_layout=grid&position=33&type=product&tracking_id=189b095f-017b-4f7b-a5e7-8ff0a540fbf7&wid=MLB5462013472&sid=search,1,1,1k-2k,19.95
"Smartphone Infinix Note 50X 5G 8GB RAM 256GB De Armazenamento Tela 6,78"" Polegadas HD+ 120HZ Câmera 50MP + Selfie 8MP Bateria 5200mah NFC, DTS Áudio - Cor Cinza",1349,2267.0,4.8,123 Comprou,Chegará grátis amanhã,40,https://www.mercadolivre.com.br/smartphone-infinix-note-50x-5g-8gb-ram-256gb-de-armazenamento-tela-678-polegadas-hd-120hz-cmera-50mp-selfie-8mp-bateria-5200mah-nfc-dts-audio-cor-cinza/p/MLB61656785#polycard_client=search-desktop&search_layout=grid&position=34&type=product&tracking_id=189b095f-017b-4f7b-a5e7-8ff0a540fbf7&wid=MLB5957442486&sid=search,1,1,1k-2k,24.4
Smartphone Motorola Edge 60 5g - 512gb 24gb (12gb Ram+12gb Ram Boost) Tela Quad-curve Moto Ai 50mp Sony Camera Ultrarresistencia Militar Ip68 + Ip69 - Azul Marinho,2099,2799.0,4.9,Motorola,Não informado,25,https://www.mercadolivre.com.br/smartphone-motorola-edge-60-5g-512gb-24gb-12gb-ram12gb-ram-boost-tela-quad-curve-moto-ai-50mp-sony-camera-ultrarresistencia-militar-ip68-ip69-azul-marinho/p/MLB48930800#polycard_client=search-desktop&search_layout=grid&position=35&type=product&tracking_id=189b095f-017b-4f7b-a5e7-8ff0a540fbf7&wid=MLB5363845340&sid=search,1,0,2k-5k,9.95
Smartphone Motorola Moto G35 5g 256gb 12gb Ram Boost Coral,945,2000.0,4.8,Desconhecida,Não informado,53,https://www.mercadolivre.com.br/smartphone-motorola-moto-g35-5g-256gb-12gb-ram-boost-coral/p/MLB63092926#polycard_client=search-desktop&search_layout=grid&position=36&type=product&tracking_id=189b095f-017b-4f7b-a5e7-8ff0a540fbf7&wid=MLB6228408744&sid=search,1,0,500-1k,18.299999999999997
Smartphone Motorola Moto G56 5g - 256gb 16gb (8gb Ram+8gb Ram Boost) Camera 50mp Sony Lytia 600 Ultrarresistencia Militar e Ip68 + Ip69 - Cinza,1598,1999.0,4.9,Motorola,Chegará grátis amanhã,20,https://www.mercadolivre.com.br/smartphone-motorola-moto-g56-5g-256gb-16gb-8gb-ram8gb-ram-boost-camera-50mp-sony-lytia-600-ultrarresistencia-militar-e-ip68-ip69-cinza/p/MLB50301060#polycard_client=search-desktop&search_layout=grid&position=37&type=product&tracking_id=189b095f-017b-4f7b-a5e7-8ff0a540fbf7&wid=MLB5402372302&sid=search,1,1,1k-2k,18.45
Apple iPhone 16 (256 GB) - Preto - Distribuidor Autorizado,5205,9538.0,4.9,Apple,Chegará grátis amanhã,45,https://www.mercadolivre.com.br/apple-iphone-16-256-gb-preto-distribuidor-autorizado/p/MLB1040287796#polycard_client=search-desktop&search_layout=grid&position=38&type=product&tracking_id=189b095f-017b-4f7b-a5e7-8ff0a540fbf7&wid=MLB3931272075&sid=search,1,1,5k-10k,25.95
"Smartphone OPPO A6t 128gb, 12gb Ram (4gb + 8gb Virtual Ram), Bateria Gigante de 6500mAh, Processador Snapdragon, Tela 120Hz, AI Câmera, IP64 - Violeta",899,1299.0,4.9,Oppo,Chegará grátis amanhã,31,https://www.mercadolivre.com.br/smartphone-oppo-a6t-128gb-12gb-ram-4gb-8gb-virtual-ram-bateria-gigante-de-6500mah-processador-snapdragon-tela-120hz-ai-cmera-ip64-violeta/p/MLB66130734#polycard_client=search-desktop&search_layout=grid&position=39&type=product&tracking_id=189b095f-017b-4f7b-a5e7-8ff0a540fbf7&wid=MLB4573343865&sid=search,1,1,500-1k,21.75
"Smartphone Xiaomi Redmi 15 8gb 256gb Tela 6,9 144hz, Bateria 7.000 Mah, 50 Mp Preto",1390,1390.0,4.8,Desconhecida,Chegará grátis amanhã,0,https://www.mercadolivre.com.br/smartphone-xiaomi-redmi-15-8gb-256gb-tela-69-144hz-bateria-7000-mah-50-mp-preto/p/MLB61511995#polycard_client=search-desktop&search_layout=grid&position=40&type=product&tracking_id=189b095f-017b-4f7b-a5e7-8ff0a540fbf7&wid=MLB4390450235&sid=search,0,1,1k-2k,12.4
Celular Samsung Galaxy A56 5g 128gb 8gb Ram Rosa,1998,3299.0,4.9,Samsung,Chegará grátis amanhã,39,https://www.mercadolivre.com.br/celular-samsung-galaxy-a56-5g-128gb-8gb-ram-rosa/p/MLB47106876#polycard_client=search-desktop&search_layout=grid&position=41&type=product&tracking_id=189b095f-017b-4f7b-a5e7-8ff0a540fbf7&wid=MLB4561879339&sid=search,1,1,1k-2k,24.15
Apple iPhone 15 (128 GB) - Azul - Distribuidor Autorizado,4499,7209.0,4.9,Apple,Chegará grátis amanhã,38,https://www.mercadolivre.com.br/apple-iphone-15-128-gb-azul-distribuidor-autorizado/p/MLB1027172667#polycard_client=search-desktop&search_layout=grid&position=42&type=product&tracking_id=189b095f-017b-4f7b-a5e7-8ff0a540fbf7&wid=MLB4408547152&sid=search,1,1,2k-5k,23.85
iPhone 17 Pro 256GB - Azul-profundo - Distribuidor Autorizado,9899,11499.0,4.9,Apple,Chegará grátis amanhã,14,https://www.mercadolivre.com.br/iphone-17-pro-256gb-azul-profundo-distribuidor-autorizado/p/MLB1055308781#polycard_client=search-desktop&search_layout=grid&position=43&type=product&tracking_id=189b095f-017b-4f7b-a5e7-8ff0a540fbf7&wid=MLB5687335472&sid=search,1,1,5k-10k,16.65
"Tcl Smartphone 605 4g, Octa Core, 128gb 12gb Ram (4+8), 6.7 Hd+ 90hz, Nfc, Dual Sim, 50mp",649,799.0,4.7,Mercado Livre,Chegará grátis amanhã,19,https://www.mercadolivre.com.br/tcl-smartphone-605-4g-octa-core-128gb-12gb-ram-48-67-hd-90hz-nfc-dual-sim-50mp/p/MLB53155051#polycard_client=search-desktop&search_layout=grid&position=44&type=product&tracking_id=189b095f-017b-4f7b-a5e7-8ff0a540fbf7&wid=MLB6161225994&sid=search,1,1,500-1k,18.05
iPhone 17 256 GB - Sálvia - Distribuidor Autorizado,6297,7999.0,4.9,Apple,Chegará grátis amanhã,21,https://www.mercadolivre.com.br/iphone-17-256gb-salvia-distribuidor-autorizado/p/MLB1055308843#polycard_client=search-desktop&search_layout=grid&position=45&type=product&tracking_id=189b095f-017b-4f7b-a5e7-8ff0a540fbf7&wid=MLB6545162768&sid=search,1,1,5k-10k,18.75
Apple iPhone 16 (128 GB) - Preto - Distribuidor Autorizado,4986,7799.0,4.9,Apple,Chegará grátis amanhã,36,https://www.mercadolivre.com.br/apple-iphone-16-128-gb-preto-distribuidor-autorizado/p/MLB1040287808#polycard_client=search-desktop&search_layout=grid&position=46&type=product&tracking_id=189b095f-017b-4f7b-a5e7-8ff0a540fbf7&wid=MLB5120546360&sid=search,1,1,2k-5k,23.25
Smartphone Motorola Edge 60 Pro 5g - 512gb 24gb (12gb Ram+12gb Ram Boost) Tela Quad-curve Moto Ai 50mp Sony Camera Ultrarresistencia Militar Ip68 + Ip69 - Cinza,3059,5499.0,4.9,Motorola,Chegará grátis amanhã,44,https://www.mercadolivre.com.br/smartphone-motorola-edge-60-pro-5g-512gb-24gb-12gb-ram12gb-ram-boost-tela-quad-curve-moto-ai-50mp-sony-camera-ultrarresistencia-militar-ip68-ip69-cinza/p/MLB48998798#polycard_client=search-desktop&search_layout=grid&position=47&type=product&tracking_id=189b095f-017b-4f7b-a5e7-8ff0a540fbf7&wid=MLB5389690592&sid=search,1,1,2k-5k,25.65
Apple iPhone 15 (256 GB) - Preto - Distribuidor Autorizado,4751,8095.0,4.9,Apple,Chegará grátis amanhã,41,https://www.mercadolivre.com.br/apple-iphone-15-256-gb-preto-distribuidor-autorizado/p/MLB1027172669#polycard_client=search-desktop&search_layout=grid&position=48&type=product&tracking_id=189b095f-017b-4f7b-a5e7-8ff0a540fbf7&wid=MLB3621184765&sid=search,1,1,2k-5k,24.75
Smartphone Motorola Edge 60 Fusion 5g - 256gb 16gb (8gb Ram+8gb Ram Boost) 50mp Sony Ai Camera Ip68 Nfc - Rosa,1939,3299.0,4.9,Motorola,Chegará grátis amanhã,41,https://www.mercadolivre.com.br/smartphone-motorola-edge-60-fusion-5g-256gb-16gb-8gb-ram8gb-ram-boost-50mp-sony-ai-camera-ip68-nfc-rosa/p/MLB47251829#polycard_client=search-desktop&search_layout=grid&position=49&type=product&tracking_id=189b095f-017b-4f7b-a5e7-8ff0a540fbf7&wid=MLB4027318137&sid=search,1,1,1k-2k,24.75
Smartphone Motorola Moto G15 256gb 12gb 4GB RAM 8GB RAM Boost Camera 50mp Verde,899,1499.0,4.8,Motorola,Chegará grátis amanhã,40,https://www.mercadolivre.com.br/smartphone-motorola-moto-g15-256gb-12gb-4gb-ram-8gb-ram-boost-camera-50mp-verde/p/MLB44665542#polycard_client=search-desktop&search_layout=grid&position=50&type=product&tracking_id=189b095f-017b-4f7b-a5e7-8ff0a540fbf7&wid=MLB5237351728&sid=search,1,1,500-1k,24.4
iPhone 17 Pro 512GB - Azul-profundo - Distribuidor Autorizado,11699,12999.0,4.9,Apple,Chegará grátis amanhã,10,https://www.mercadolivre.com.br/iphone-17-pro-512gb-azul-profundo-distribuidor-autorizado/p/MLB1055308802#polycard_client=search-desktop&search_layout=grid&position=51&type=product&tracking_id=189b095f-017b-4f7b-a5e7-8ff0a540fbf7&wid=MLB4200188179&sid=search,1,1,10k+,15.45
"Smartphone Motorola Signature 5g - 512gb 24gb (12gb Ram + 12gb Ram Boost), 3 Cameras 50mp Sony Lytia E Zoom 100x, Tela 1.5k Extreme Amoled 165hz - Preto",7649,8999.0,4.8,Motorola,Chegará grátis amanhã,15,https://www.mercadolivre.com.br/smartphone-motorola-signature-5g-512gb-24gb-12gb-ram-12gb-ram-boost-3-cameras-50mp-sony-lytia-e-zoom-100x-tela-15k-extreme-amoled-165hz-preto/p/MLB65938141#polycard_client=search-desktop&search_layout=grid&position=52&type=product&tracking_id=189b095f-017b-4f7b-a5e7-8ff0a540fbf7&wid=MLB6373850588&sid=search,1,1,5k-10k,16.9
"Smartphone Motorola Moto G17 4g - 256gb 12gb (4gb Ram + 8gb Ram Boost) Camera 50mp Sony Lytia 600, Tela Fhd+ 60hz, Bateria 5200 Mah - Rosa",1078,1749.0,4.9,Motorola,Chegará grátis amanhã,38,https://www.mercadolivre.com.br/smartphone-motorola-moto-g17-4g-256gb-12gb-4gb-ram-8gb-ram-boost-camera-50mp-sony-lytia-600-tela-fhd-60hz-bateria-5200-mah-rosa/p/MLB65041664#polycard_client=search-desktop&search_layout=grid&position=53&type=product&tracking_id=189b095f-017b-4f7b-a5e7-8ff0a540fbf7&wid=MLB4510840013&sid=search,1,1,1k-2k,23.85
Smartphone Oppo A6 Pro 256gb 8gb Ram 5g Ip69 Azul Espacial,2999,3199.0,4.9,Oppo,Chegará grátis amanhã,6,https://www.mercadolivre.com.br/smartphone-oppo-a6-pro-256gb-8gb-ram-5g-ip69-azul-espacial/p/MLB66177449#polycard_client=search-desktop&search_layout=grid&position=54&type=product&tracking_id=189b095f-017b-4f7b-a5e7-8ff0a540fbf7&wid=MLB4536941689&sid=search,1,1,2k-5k,14.25
iPhone 17e 256GB Preto - Distribuidor Autorizado,5219,5799.0,4.9,Apple,Chegará grátis amanhã,10,https://www.mercadolivre.com.br/iphone-17e-256gb-preto-distribuidor-autorizado/p/MLB1066130044#polycard_client=search-desktop&search_layout=grid&position=55&type=product&tracking_id=189b095f-017b-4f7b-a5e7-8ff0a540fbf7&wid=MLB6402322328&sid=search,1,1,5k-10k,15.45
Smartphone Samsung Galaxy A56 5g 6.7 Pol Octa-core 256gb 8gb,1998,3699.0,4.9,Samsung,Chegará grátis amanhã,46,https://www.mercadolivre.com.br/smartphone-samsung-galaxy-a56-5g-67-pol-octa-core-256gb-8gb/p/MLB65302568#polycard_client=search-desktop&search_layout=grid&position=56&type=product&tracking_id=189b095f-017b-4f7b-a5e7-8ff0a540fbf7&wid=MLB4609819131&sid=search,1,1,1k-2k,26.25
"Smartphone Motorola Moto G17 4g - 128gb 12gb (4gb Ram + 8gb Ram Boost) Camera 50mp Sony Lytia 600, Tela Fhd+ 60hz, Bateria 5200 Mah - Azul",899,1299.0,4.9,Motorola,Chegará grátis amanhã,31,https://www.mercadolivre.com.br/smartphone-motorola-moto-g17-4g-128gb-12gb-4gb-ram-8gb-ram-boost-camera-50mp-sony-lytia-600-tela-fhd-60hz-bateria-5200-mah-azul/p/MLB65041642#polycard_client=search-desktop&search_layout=grid&position=57&type=product&tracking_id=189b095f-017b-4f7b-a5e7-8ff0a540fbf7&wid=MLB6420215012&sid=search,1,1,500-1k,21.75
"Smartphone Infinix Smart 10 4GB RAM 256GB SSD Câmera 8MP + IA, Tela 6.67 HD+ 120Hz, Bateria 5000mAh, Processador T7250, Android 15 Go, Dual Chip - Preto",670,1458.0,4.8,123 Comprou,Chegará grátis amanhã,54,https://www.mercadolivre.com.br/smartphone-infinix-smart-10-4gb-ram-256gb-ssd-cmera-8mp-ia-tela-667-hd-120hz-bateria-5000mah-processador-t7250-android-15-go-dual-chip-preto/p/MLB56327005#polycard_client=search-desktop&search_layout=grid&position=58&type=product&tracking_id=189b095f-017b-4f7b-a5e7-8ff0a540fbf7&wid=MLB5751262142&sid=search,1,1,500-1k,28.599999999999998
Kit Samsung: Celular Galaxy A17 256gb 8gb Ram 50mp 6.7 Nfc Ip54 Preto + Galaxy Buds Core Branco,1431,1698.0,4.9,Samsung,Frete grátis,16,https://www.mercadolivre.com.br/kit-samsung-celular-galaxy-a17-256gb-8gb-ram-50mp-67-nfc-ip54-preto--galaxy-buds-core-branco/up/MLBU3605578150#polycard_client=search-desktop&search_layout=grid&position=59&type=product&tracking_id=189b095f-017b-4f7b-a5e7-8ff0a540fbf7&wid=MLB5957929002&sid=search,1,1,1k-2k,17.25
Smartphone OPPO A5 256GB 6GB RAM Branco,1169,1499.0,4.8,Oppo,Chegará grátis amanhã,22,https://www.mercadolivre.com.br/smartphone-oppo-a5-256gb-6gb-ram-branco/p/MLB51680761#polycard_client=search-desktop&search_layout=grid&position=60&type=product&tracking_id=189b095f-017b-4f7b-a5e7-8ff0a540fbf7&wid=MLB5745515116&sid=search,1,1,1k-2k,19.0
Smartphone Motorola Moto G15 256gb 12gb 4GB RAM 8GB RAM Boost Camera 50mp Verde,899,1499.0,4.8,Motorola,Chegará grátis amanhã,40,https://click1.mercadolivre.com.br/mclics/clicks/external/MLB/count?a=8VNG9KRgXnxGJbcZYLNgMFMp46mORuquXSua3%2FxLMqqCiFmBnMY1JP6oLq88VvFzkxPzfU58JX13Pafqs326I65P6TQAkBkYVcjfdNKXqcEzMHS6SM0NgGJ9t8QrTev0lQO9HKg2zm31PiOEhq6XQvOW8srrDMTf0994MLSEcXBr0bH5JSwyVkYNYUIPRaZc4klt4zKT8XFAe13OY4ix02BNNowfwSJ8Qn9djWAXlRLQOo1kmaK3XXiNmW98%2F%2FfYInGyDgvm9cUXw4Kjs8YU5e1BBjf89pG45Ua8es0Xk0b7OKzD%2BC1LIPspLr5VEiAMGyjg02dMR%2Bo%2BLkaWwZDjqozzBYw5zBpNVQodUijSWZn8G67xHmiA3%2ByMzEPGFCo67qhqXRhaFu50NNo9F0vtRNN8RtQChNz8ATpnkezZj%2BbKxqwG3%2B%2B83TJwFPQb3WbtCkCBTTRKOR6cbPPmHXrRyr61Wf7mzZSALc6840gY3QudxflJTpO3L3T%2BDXow5TxYtjhJCdcHS4AxSKOT%2BYbBCWdpUKlxOwuO82Rr2h%2FcYS8r4lQ1N4EyX4GQXbnNKhe%2B9h3dSWMnzvFGcCUmNv%2FhUTJGq05rchs4hn3LZ9hpeAGLg07vjWXKfmS0fM1bz9P2iCKx%2F%2BLxxWURCXsW2oDwp9ieFZ%2BFk5WtzOhMlSHWmKf23YZLXj5tHecOV2tf3JEqL5QOf2THRxCatVv9MZPD36gzPw8KvA2EL68Qk2cAbS2A%2FMBSstGpdr1BngwA39plSZUW%2BH2%2FT%2BTvkoshBKAfmh6gpQ3TOUPzD1wIyog5z4TK1Nn%2FTA0kosalpw5siaMw2SRN8BxwIilDVYqgOGsObjemDj7TuJQAnuCV5NxdayUiAtE81ED5%2B28KM3EqgI%2F%2FAJp7haKmoo6BxGy0yGRagzcvvaYPNRLZ0veQF4lgHcGZWI8mp4I%2FIuXW4whe%2FXU6%2BODZreshsewuk%2B%2BYwKgvzmEn0A%3D%3D#polycard_client=search-desktop&is_advertising=true&searchVariation=MLB44665542&backend_model=search-backend&search_layout=grid&position=1&type=pad&tracking_id=e6b76584-87c4-4de9-bf84-74d944dc1422&wid=MLB5237351728&sid=search,1,1,500-1k,24.4
"Smartphone Motorola Moto G17 4g - 128gb 12gb (4gb Ram + 8gb Ram Boost) Camera 50mp Sony Lytia 600, Tela Fhd+ 60hz, Bateria 5200 Mah - Azul",899,1299.0,4.9,Motorola,Chegará grátis amanhã,31,https://click1.mercadolivre.com.br/mclics/clicks/external/MLB/count?a=5C5Cf6nZ3MqWJDWPoq4di1JsahOO3%2B%2F71IbvJipI3D%2B4sVaZcDDuC8qEvsCuilo2%2B8LsiPREBCRJSI3d6j0IfSkNyxzyNhDlWNRxbgE6pSP0SyBXw2RGc3%2B375dti4tXm686vj2ap22CwH3LrDbpXzDq5%2F1qgamPAFA31dm2UHjFRMmJGZu1hIQzEgUeCAmaEM9P7ahWEOgtmXbZ3jPEzRMArgXxhvjy0zjEUhO4%2FDH7UJJKiRGnlwrEIORmopUIk2NMvXi%2FbEJBGxRseuGYkQPk%2BFKCS%2BmhSZjTt%2BzNsOWgAAhc1YsmkY7Tfy5n6g7hM2c5%2Fsfclay9JX%2B2V0NlJJ0w6IZupNnFjytrzBsS%2Baklt1ig%2FZemcwN2qvuO905w38LREJX4LWPn5CZtI792jRpxguaCTdTVDeAXl4z%2BJrub3qsGSYB%2Fm%2FpBxwPI9cPZjZQh4dN2y64V9lgQYDv5oYQ3fUI6XAYIoVGlDX7OXGIxPvCjow%2F0jyf9NQNcdLXWTMpvcIkEnMsdzGt0%2Bs6TpUAdmDjytpFh6C47QfxAFHQL3BAt9XADVOe2Hhi3zHvx2AhUGXnixgSaCxDKgaQISFgBqe50xzpXnhoJ6nRtcS4kA3IX1Q4NCDJTAVGcHxsr8DPyN7E2nB%2FaRg1a3kvq3KCz3XL4TwJfJe490rA8XVJB7sx5ulhoTjRBRmZat1ZyEFWO9v5m8w07OeXHoho8isx4HLLTg45xn7H%2FNOM0pcjiHVIiIayM0WHI4n9sNywrE%2FbH45uVEL5i%2F6SoGPAbAuU2BaPUuwgPnO7QK31fII2fTLBQ8e2egVjOAV%2F8d%2Fvwv3RsiHiWiPH0oICcmiF9QQK3ioLnji0wVOuDX3O2oa6MlVxNqUnAiNSc%2BDwEMWVQ%2BKdT1q7tz3750gTOXWwQXh9ETCQxYmH9lhD6hGHKif7Nfqrfz%2ByQtZJMA4PWNmnU0IrwzGbGDW5r%2FJxoJ%2BtpAJVqQJziNJmry%2Fqy3JhDxcTy1iShslk2M1Cg6ZgsRRF0A41GV0F3vydg96FbSCCttBZmDw%3D%3D#polycard_client=search-desktop&is_advertising=true&searchVariation=MLB65041642&backend_model=search-backend&search_layout=grid&position=2&type=pad&tracking_id=e6b76584-87c4-4de9-bf84-74d944dc1422&wid=MLB6420215012&sid=search,1,1,500-1k,21.75
Smartphone Motorola Moto G06 - 256gb 12gb (4gb Ram + 8gb Ram Boost) E Camera 50mp Com Ai Bateria De 5200 Mah Tela 6.9 - Bege,723,1349.0,4.9,Motorola,Chegará grátis amanhã,46,https://click1.mercadolivre.com.br/mclics/clicks/external/MLB/count?a=2igd4CQjGwPAEqQV7DGpMOhWszRlWD0YU3JRkC1iY0kBQ84c%2FsrSSKW1K%2BVxpMTryUtTSMRT5iKzGSvT9Evm0uH3uNqfd9%2BXq99%2F5X5IT8Iyfp4QZjMqHgQNNaWyr9bcshTtz9bgwsJKitR0a41K%2BRj4O%2F%2B4WwcEMbfC3Us5ZuwGUvws2bVvYFHn6EUKeBwaERp53or3nuWuWoBMBd49AJVsBGRNBB89gEi%2BWgLu2vrOh9Tg5S7dXylB5vxdX1naN%2BquzLK0AjPo2MnMekgm9%2FU%2FvAp1Y2e630ccMUpp8Kr05%2FeO5a74pMj%2Bx5Gwo0t%2Bx7XGGxs03LkwJVjQPUcxgZMRHm4g44ffm6HdSisVBF1TfdAUcvU%2F0krusE%2BUCtFQxZPUyJ3FV0Qz4kXUWSqaRvpvRNauzJC7CpEJodgdVATWcbUyOaYKk7Sh568pW%2FoamOEPFv4tIO42KF%2FdMjrQets9qgs7DLs37hT70UR3gwU9OY6dm2yKmP3YWQmPob7xCZRb7%2Fxtu%2Fi938BPJ1%2BP5BIFKKXvqLxwHvmZlpzqCddKUtUvBTQ3MXTmuG19I7tUyB6qLaR385Q98Uxal4wJ15JT4i2kj190KVDDLqOd6uHNebYfbS%2BYH2OFxB3Vc7HpSBhC3d3y2mIRHrheLPhvhA31JPakOfpHER%2FXftn2ZBy4Vg9yjuepvbbo%2BRonEomXx86Icxs9CCwKTQSoFgLhcsTfKXbDDt8GKtN2pw3AUvTLi40h3TRbhpyVJ5LzfudQJEgNF4HJy%2BQ439kijnQPocXcESuRj%2FnQopNL2gqw0JzT2LJxTRQ7GEblM7kOVOH4AXKIPJw7joEB5VXRnVZ8v5jO5h2XDDiODp59vxvSz6yaNxMAzMlyiHZslcz4jysdaHs3m8lyN30JjxpkRUAHN1M5g69NEAxHkT%2FfdhOTkk5Xx6g3lVSOYvogQE7l7rKmsZjCYNyO1bZdcYlCzDLpv%2Bq03CtO%2B803P2YmEuq%2FEp8%2FgRAurVFydihtx6%2FItLfccMh2ZM46%2FTNt#polycard_client=search-desktop&is_advertising=true&searchVariation=MLB55762063&backend_model=search-backend&search_layout=grid&position=3&type=pad&tracking_id=e6b76584-87c4-4de9-bf84-74d944dc1422&wid=MLB5765125576&sid=search,1,1,500-1k,26.25
"Smartphone Motorola Moto G86 5g - 256gb 24gb (8gb Ram+16gb Ram Boost) Tela 1.5k Poled, 50mp Sony Camera Ois Moto Ai, Videos Em 4k, Ip68 + Ip69 - Vermelho",1792,2399.0,4.9,Motorola,Chegará grátis amanhã,25,https://click1.mercadolivre.com.br/mclics/clicks/external/MLB/count?a=jA2GS5td6IyI2QswSEBVgY1uyaQ%2BxcvB1D1QzW7LMuT4zHKX4EtjPvaMzruLcc88XDcyLr5ExqvzZrmJqHLFp5jJpA8%2FEvMi%2BzEaeIWw7eTLWWmjLoD4ZFwAk21nfkwSxu4AxJ2EpdN3hue32ZjkDzKj5Q2J%2Fr5%2B%2FOkmAM5yUhxuuOfFrVK3DT1K%2FVkfYcUK7WaRo0tUDH%2FYoDiOhiQ6uk827FRuV2WgsaekRH1eZKPMzv47B44AjjZLNG9CzxEBndchA5%2FSWkyNLa2QudxX4J1rJ%2FGGUkY%2BYMe8uMiFVD%2FtSb3wM6bVmkmGTkRp%2B5aKsiEvEMud7RTlEdEkHeU2X33UGawTaVmNSvrSwi74KA0AxjINylW8E8zkhmt%2FxVoBrs00Me9RIUoJarvk0bB4ycXNiF8ofnD61R08jNZZ3hc1Qqf4J0LUgWQOF1AFXW9oEASoD2iphEjCr7TjcoB5AwrM7YNx7xNPXiK2NPcRvY4%2BCDMckiwplCqpflO7DzbdPhNvGobvyYzYOjZBQdqq8HeDbVP0zH0PrObGaDGS7AQwEBoswc80rhsRyVpeLX7L9UI0Fp0pc7sYlWQjHCDUMI02VxzpG8RUJnz7iV9jI8igbsoxu2aCFf9raFLBdI%2BldOc8HrY3pxcyFqvW%2FAiZgNFmS5uJDo73EKDgjO5mNVN1Ih426LPp5waLgfN3%2FH5EpzBL%2F%2B9QuTYUgwmVRGJ7bKyWclgmYqjy8UrUxPM4FrnirIzlULu43JEEl0MZluIrFAjVesSUAwiNagtDb3WkgaNQQZQR81BfI93kjqOKt1B0iJWcqTum6q4rKWuYl43orR1pGv7dgqRE9dC98Wwrq3roQKqJlVISvaetyS3mSsw3OA6V5hi9Ml3y0HhkTYt5H0gIHJe7IfxJOM81soackzd%2B59NUqXmc9a6IiVmTOsBzfZA1sPZRHoz0iyzNju67tgobDB8z9T%2FQ3XHaEI22w64HqW9qO6dK%2FSQAoQVVwuMAz4tyTf3wgmq3T%2FEO2VAayqdFiqTHe3%2B9qujHHcaUwcpCh88BA0O%2FMSyeqaHlLgPB#polycard_client=search-desktop&is_advertising=true&searchVariation=MLB51340616&backend_model=search-backend&search_layout=grid&position=4&type=pad&tracking_id=e6b76584-87c4-4de9-bf84-74d944dc1422&wid=MLB5462013472&sid=search,1,1,1k-2k,19.95
Celular Samsung Galaxy A56 5g 256gb 8gb Ram Cinza,1998,3699.0,4.9,Samsung,Chegará grátis amanhã,46,https://www.mercadolivre.com.br/celular-samsung-galaxy-a56-5g-256gb-8gb-ram-cinza/p/MLB47114363#polycard_client=search-desktop&search_layout=grid&position=5&type=product&tracking_id=e6b76584-87c4-4de9-bf84-74d944dc1422&wid=MLB5317821714&sid=search,1,1,1k-2k,26.25
Smartphone Samsung Galaxy A36 5g 128gb 6gb Ram Câmera Tripla De Até 50mp Selfie De 12mp Ip67 Super Amoled 6.7'' Nfc Recursos Ai Android E Segurança Snapdragon - Preto,1430,2815.0,4.9,Webfones,Chegará grátis amanhã,49,https://www.mercadolivre.com.br/smartphone-samsung-galaxy-a36-5g-128gb-6gb-ram-cmera-tripla-de-ate-50mp-selfie-de-12mp-ip67-super-amoled-67-nfc-recursos-ai-android-e-seguranca-snapdragon-preto/p/MLB47115842#polycard_client=search-desktop&search_layout=grid&position=6&type=product&tracking_id=e6b76584-87c4-4de9-bf84-74d944dc1422&wid=MLB6410679768&sid=search,1,1,1k-2k,27.15
Xiaomi Redmi 14c 4G 256 GB 8 GB RAM dual sim cor preto,832,832.0,4.6,Desconhecida,Não informado,0,https://www.mercadolivre.com.br/xiaomi-redmi-14c-4g-256-gb-8-gb-ram-dual-sim-cor-preto/p/MLB41287578#polycard_client=search-desktop&search_layout=grid&position=7&type=product&tracking_id=e6b76584-87c4-4de9-bf84-74d944dc1422&wid=MLB6245801058&sid=search,0,0,500-1k,2.3
Smartphone Motorola Moto G06 - 128gb 12gb (4gb Ram + 8gb Ram Boost) E Camera 50mp Com Ai Bateria De 5200 Mah Tela 6.9,661,999.0,4.9,Desconhecida,Chegará grátis amanhã,34,https://www.mercadolivre.com.br/smartphone-motorola-moto-g06-128gb-12gb-4gb-ram-8gb-ram-boost-e-camera-50mp-com-ai-bateria-de-5200-mah-tela-69/p/MLB61381499#polycard_client=search-desktop&search_layout=grid&position=8&type=product&tracking_id=e6b76584-87c4-4de9-bf84-74d944dc1422&wid=MLB4515672567&sid=search,1,1,500-1k,22.65
"Celular Samsung Galaxy A07 128gb, 4gb, Câmera 50mp, Tela 6.7 , Proteção Ip54, Processador 6nm - Preto",599,899.0,4.9,Samsung,Chegará grátis amanhã,33,https://www.mercadolivre.com.br/celular-samsung-galaxy-a07-128gb-4gb-cmera-50mp-tela-67-proteco-ip54-processador-6nm-preto/p/MLB55034955#polycard_client=search-desktop&search_layout=grid&position=9&type=product&tracking_id=e6b76584-87c4-4de9-bf84-74d944dc1422&wid=MLB5859349564&sid=search,1,1,500-1k,22.35
Samsung Galaxy A06 5g Dual Sim 128gb preto,719,989.0,4.8,Vikings,Chegará grátis amanhã,27,https://www.mercadolivre.com.br/samsung-galaxy-a06-5g-dual-sim-128gb-preto/p/MLB48946861#polycard_client=search-desktop&search_layout=grid&position=10&type=product&tracking_id=e6b76584-87c4-4de9-bf84-74d944dc1422&wid=MLB6433836010&sid=search,1,1,500-1k,20.5
"Celular Samsung Galaxy A17 Com Ia, 256gb, 8gb Ram, Câm De 50mp, Tela De 6.7 , Nfc, Ip54 - Preto",1259,1399.0,4.9,Samsung,Chegará grátis amanhã,10,https://www.mercadolivre.com.br/celular-samsung-galaxy-a17-com-ia-256gb-8gb-ram-cm-de-50mp-tela-de-67-nfc-ip54-preto/p/MLB55254425#polycard_client=search-desktop&search_layout=grid&position=11&type=product&tracking_id=e6b76584-87c4-4de9-bf84-74d944dc1422&wid=MLB4583723537&sid=search,1,1,1k-2k,15.45
"Celular Samsung Galaxy A07 256gb, 8gb, Câmera 50mp, Tela 6.7 , Proteção Ip54, Processador 6nm - Violeta",852,1399.0,4.9,123 Comprou,Chegará grátis amanhã,39,https://www.mercadolivre.com.br/celular-samsung-galaxy-a07-256gb-8gb-cmera-50mp-tela-67-proteco-ip54-processador-6nm-violeta/p/MLB54964804#polycard_client=search-desktop&search_layout=grid&position=12&type=product&tracking_id=e6b76584-87c4-4de9-bf84-74d944dc1422&wid=MLB4277746349&sid=search,1,1,500-1k,24.15
Smartphone Motorola Edge 60 Neo 5G - 256GB 24GB (12GB RAM + 12GB Ram Boost) 50MP Sony Camera Moto AI e tela 1.5K Super HD - Latte,1799,3799.0,4.9,Motorola,Chegará grátis amanhã,53,https://click1.mercadolivre.com.br/mclics/clicks/external/MLB/count?a=aEYdLqx2Ckmq77KlnABBp1uAc1wIJhIpz2GUd2a1EL9jOZmSQn3hmmnGflNx5R9lphB9J214JAI8HjLYAtV6HFAlQg0jUqax%2FJsTQDu9MkYkSI1EdbVwILR2Zgm8GZnorwsvBDVL5aUWRS%2FHT2JnOASDclki7mfnZks5zmQ1F1fY0ZtE0OudxfeuJA5zcnoyu6hBJrC2csnU1dRW226bRU5qOyxbgTuTJ6oNx2dSnw7XcoJ8sbxKA9DntMaXA%2F%2Fxon%2FLDJXjOVPxjdK%2F0BO4L9gbN9Hdnuwq0iU4VyPR%2BHen7ZrXNRyvzcptsol1KGLa0rWdXm0QPGvWJvhKPtTN7wb9ZcMaeBv%2F6HayIvaiCcAc7tkr%2Fx%2BTz9Nak1UvJHM9A%2BQtHi6l0it22DXlX%2FXvreKeC6J%2BUzyCF%2Bp7kubldic397cleWdv1XBNgHD%2F66r27erm333EFScsNXdcX1EFfYMMu%2F%2FT0Dlg2oqkyFwpTSEL5CxoMVcCSXG%2B%2FdoNeGG%2F%2Bg7lX9b2KiooZnP6b6SKOJoLqGkT5sR6ngiNeZ9wfbG7M8wfIK12BBOXqM%2BkPgveyGInPrcVzWrQ3LJ7Oc42feb9txfYFPuGxMpSzF0725hpzJ%2F5BSCNz2pllZ0VPthQfiyUx%2FqfqSjhjJ2UhLLf03VDoYzQ4X%2FBeV11bEiOC4MjhleaKoZVW3xrR10ZeqgUqHqqgT6Y1ninYKCVYZYM%2B5yyW880LpJt%2FDX5Lyj9TLj1dVzU111ydJbduFaQSzPxQ9bTpTIHE28sDTPpMRsoFFroEqMr9OQt0BRk9CGb%2BRHCfXv%2BvU92Y5OWlrwjpm1MtgUmvFKRSCZyIIExo6B6JTyJEyIWehhGyy6IMBUmTvmGKCnjjGLLTF%2BxsfG58rjQu2edRDTFsLa4Fpr5ztPoYj%2F7RaCPU7BcL7swcWrgS%2BtJ6Zdq9WD4VYhHFzj5BmfdOZxlZ8klOwWvKVacbqrB%2BgjIVHVh7MXZLw0TxJQnxiAW7bzl3ft5MrGMXn2Ty5EvqcA6GWAj82Mg%2FLKSJzI%3D#polycard_client=search-desktop&is_advertising=true&searchVariation=MLB58684606&backend_model=search-backend&search_layout=grid&position=13&type=pad&tracking_id=e6b76584-87c4-4de9-bf84-74d944dc1422&wid=MLB4265763257&sid=search,1,1,1k-2k,28.349999999999998
Smartphone Motorola Moto G05 256gb 4gb Ram Camera 50mp Vermelho,699,1199.0,4.9,Motorola,Chegará grátis amanhã,42,https://click1.mercadolivre.com.br/mclics/clicks/external/MLB/count?a=uUe1zMIVtOeefzw4LwLJxWzDCySeYydcA9yzsA5Ww1MRlk5PAriEwM7VZBK5Xhs21k8wQjmQ0Xj0aOBbEYhWblmnK%2BamAPEp2a3xVuLIPNY2E1Qn2jpoOwjImFktF29j3nFaykcj46oKJmvqfbfso9Qp750y7Hsjt%2FLS0QrFeP%2Fq3wuLqlWGxv1sWxNPRAk%2BPYSxxwhELkTXOBgNb2VJKnLEcYe4GBhf9e3Ssq%2BUyQrTArXTBthIHJymDAmdTcE%2BBIV8xFHHs3AD8dc%2FnW2vc5WiHuhTxU4xfV4X3D%2BBUytM1c3rhdxPDqnhvLBaLLqCbQHjiJFMtiL%2BGyVNyWrxhqqID0pO4ZqZqrIs%2BgYx%2FByp4%2Ftnpou%2BB8usWdFwQBmhT4Ttv3usBTMXwS7u7BOs8HiHi8nh0j95GigqjoZs2EWSgxGggQ%2BuUNWSjj3isFbwPQxZg6nD%2B4noUSr3dmjOR%2FOgN5HQqAKCSZrokFmu9KGxbaw3sPpnxVPhCGUW83ETGoYsofLh6Y%2Fui8%2FK3Zpa7NGLcOCpEX02BON8VbBBnQTgaermCLNRNjdH31a9mEWwkRMDfCpSyV%2FUIumNYT%2BmRCxKluI0goG8n3t5g3P%2FY022AoPQT9BezCj2dg%2F5x%2BHK4XbidgxrfVyzyV9M8npUyeZPquKdr3CHAtoNMTBJdFpzOGrFhDPnh1zhY3j6UbK4yxWmJtKnH9Hah2QRYtsnt6kez3amT1b15Etdql5Fq0Ev7TRVpieweOmt2bkoPQBbpSqMVxQNq6DQaxqjbYKF8ob5TEBqgJZoSWHXzJRimM4uE%2FAMPdpzDDrqSy6oMFSUDzbhebxXuOJPBmz6XMXCYQf3RrcT%2FB76GmLdutgHDGRy75frMBBBpzqE3NisgqK90wltrVeDd1X3KScw3Fn%2FbrAkWTGAAHEsO8zIqagsnzY0FOUM4MvSyWtCxjHK64TVPxiFFEjY#polycard_client=search-desktop&is_advertising=true&searchVariation=MLB58493174&backend_model=search-backend&search_layout=grid&position=14&type=pad&tracking_id=e6b76584-87c4-4de9-bf84-74d944dc1422&wid=MLB5774641722&sid=search,1,1,500-1k,25.05
Smartphone Motorola Moto G56 5g - 256gb 16gb (8gb Ram+8gb Ram Boost) Camera 50mp Sony Lytia 600 Ultrarresistencia Militar e Ip68 + Ip69 - Cinza,1598,1999.0,4.9,Motorola,Chegará grátis amanhã,20,https://click1.mercadolivre.com.br/mclics/clicks/external/MLB/count?a=eCT2Z6A99juuCUNCIWEy2d5tf5UlaEnmcnECrFUENJpoJETQKm90Q6FJ6YbLGXk6jF%2BwcPfagXxGsprzud%2BtgveYcxbsYmbFITW0z7lnQ%2BkSkPdikhQIW593bvv16wMprTn74jnKcyJdBb54UE%2FMFgGgsCG9FG7FEF1GxE0%2FzjchOICwHvaWwt5DzX15637%2FCvh%2F26DQSaHcJzy%2BRNdRf5JAuAhpYMoiDEM7YE%2BgciJImJ%2BeY5kPOhlJrAz%2BG0CVfsn7oW4ZZFZZO41ciY2HHfScu2PMqx0WiGH%2FYoEtKjuqhDlr6pHFhizyRXiVVY098VZnG4LX9trJ%2FMRN21gSIeJVzW5rRsNZwqkn2Moh5F%2F%2FNM4%2BIYNkMEy1XNjQjuVyIWRq2fOnx%2BlNhpLkDClAW5BWjRxDDmZrsP8ggZP40kaIAr1RbULCqAc6d8aiR4Z6lQ4yHtexzLNB5Jup8nY0Ph88qNu1rmHloJWLtQmtciNdzH0sYW7boaBs70CU0jr3kK6BvUtBvnDy5R6VpRPz0TRobux04jaHOgfgt11%2Br5HNap54ZWTQRifvrvwp7lDYZUutRyqpSYyL%2FAEFX7auMLZk3kF33rs3H0BL2Zse5Yoc1R1BnzcJCIryQxx7eWtaQ7JkuCt%2FG88kGqJ29wy7%2B0PdV%2FvHJDt3fIGo9ApXtA923tApApS2WrDbJ%2FDh%2F2sR43NMZMHCGxXp%2Fp%2BrD48pmfvtQvIyyf2ybCY2etJClVasltpAEx4qDZH47On6gy6DKfKBU0ENMFjJyU%2Bdmn9aqkNY1DLlcls5FZR%2FoxfPp4WRcby7ACKbzjJXZ56a0Lz8DGyCV8jBTySktrcAomIU7Ze8IKPk9cSURfoRnLx%2Bh2uGasDz60vzGX7Y3kAIf3AJHICcVQnwLs7cN%2BJAeBnmk9Ai1wDKntQYR8KBf%2F7rAi6eOZnRIMYziwg57Bn04hpBde%2BRq9L45WuriGNPkuungtN4l94Ys%2F0u%2FV%2F77QU3nkH3z5kHfq4TD7EG7VOWZfdUyTYZepotAG%2B1jk8Y3YIj7ZHKjjJsUnw1U94g%2Fyw5#polycard_client=search-desktop&is_advertising=true&searchVariation=MLB50301060&backend_model=search-backend&search_layout=grid&position=15&type=pad&tracking_id=e6b76584-87c4-4de9-bf84-74d944dc1422&wid=MLB5402372302&sid=search,1,1,1k-2k,18.45
"Smartphone Motorola Moto G67 5g - 128gb 12gb (4gb Ram + 8gb Ram Boost) Camera 50mp Sony Lytia 600, Tela 1.5k Extreme Amoled 120hz, Ultrarresistente - Chumbo",1529,1899.0,4.8,Motorola,Chegará grátis amanhã,19,https://click1.mercadolivre.com.br/mclics/clicks/external/MLB/count?a=KIFEpPjHhgmeGe82jW%2Bjvc5%2Fo3CM%2BDl9iexXd9dbvQVggMR5k1R3pGdKbaoFoC%2FrgGuygiHjrlc7%2B0yCBuP8rREZ13R6p385HkXO6AoEIhB4oY7Hvah9hmwpdmwY7B0Dd2Fpq8hElgHw998oRtX%2FhD7xgf2Gwaq00zwJYdQ%2Bo7R9IMCCobfdCcjgPtkrdpf0TU6ShLErhyl%2BUvQ599zFJn2UxmG8%2BC6NwJx9nCjPLIsQKMsQQ2Q6C1qel9tlChaqSbhcmqXAiWZWIiZmYh6sDU0HJfjbw06al9fBLar6LkUm6PUM0t6zILm6LsgJ8qD3pPv2SmLCE3VK8ya50cQvdRi9Q5uiBgcVyfnOrvgB6IFWQqA3eV2%2FhnRIVbw%2BWfX5uh9htr7LkotTaNp01Wa5zT4dGEUkD%2BY7B2C1qq7CBLlETCrcyn6jF7cc4F5hWpCVVdJure8r3042m9ntMBc2xYSyC1Bp1dmpKx2UElWUeu5dhLe9mPdiX%2FJIMj2MTvs7M3O1hUBixscqiLhhF%2B9280Gqcy5Lsk20epUoSLlwec0r%2B2ISwNxEvQFgF3FQZIm5V5FpgL6MFlHl837v2PkwynDievcCg%2BV0z3g28LJxX4DGkwoWS%2Bft65us%2FBXtzkbZdzsAalJ4OMTJ%2BHfLV3J4hfyDnVuls2tleoJi%2F%2B8B%2B%2FLQKbjeSigjK%2BsX62Ycge%2BVz44xTO034s9ZHsly8%2F8vYGEwjDn6uce8CHB%2FNpgn%2FlLkALCrgmDahlqIWWCvkBlZXLSwHLAkygFQR%2FPBQGYFwobtWnjPPoKf9jWxERsZc15yBy3mqDGmH%2Bz%2BKrICuS17R8W%2FlfaB58uoF3gW4vhhjIRPTm%2FJN7Ep2WbReXd%2FsAxNydWQhLsfGSkoM2bVXzDWzaOp5D%2FbaQ%2FjiCBxF6RqmXutfAeqIgPV9N1zX%2FIbW2Ug93kkriGPdOemwXZo4gnej2ee0RCId8NSGFRUAWPps7ZRE%2BuI04yVZ%2FG4jVMX0liPbsG9rwI3ryG1k%2BrDEZz0ttJkrsE3k1KSfKtpn6zDcxD50k2Z6pv3XAzCBGlZCLM2TwoBMfAQbHc%3D#polycard_client=search-desktop&is_advertising=true&searchVariation=MLB65319818&backend_model=search-backend&search_layout=grid&position=16&type=pad&tracking_id=e6b76584-87c4-4de9-bf84-74d944dc1422&wid=MLB6420538026&sid=search,1,1,1k-2k,18.1
Smartphone Motorola Moto G06 - 256gb 12gb (4gb Ram + 8gb Ram Boost) E Camera 50mp Com Ai Bateria De 5200 Mah Tela 6.9 - Bege,723,1349.0,4.9,Motorola,Chegará grátis amanhã,46,https://www.mercadolivre.com.br/smartphone-motorola-moto-g06-256gb-12gb-4gb-ram-8gb-ram-boost-e-camera-50mp-com-ai-bateria-de-5200-mah-tela-69-bege/p/MLB55762063#polycard_client=search-desktop&search_layout=grid&position=17&type=product&tracking_id=e6b76584-87c4-4de9-bf84-74d944dc1422&wid=MLB5765125576&sid=search,1,1,500-1k,26.25
Smartphone Motorola Edge 60 Pro 5g - 256gb 24gb (12gb Ram+12gb Ram Boost) Tela Quad-curve Moto Ai 50mp Sony Camera Ultrarresistencia Militar Ip68 + Ip69 - Azul,2694,4499.0,4.9,Motorola,Chegará grátis amanhã,40,https://www.mercadolivre.com.br/smartphone-motorola-edge-60-pro-5g-256gb-24gb-12gb-ram12gb-ram-boost-tela-quad-curve-moto-ai-50mp-sony-camera-ultrarresistencia-militar-ip68-ip69-azul/p/MLB49085450#polycard_client=search-desktop&search_layout=grid&position=18&type=product&tracking_id=e6b76584-87c4-4de9-bf84-74d944dc1422&wid=MLB5382324466&sid=search,1,1,2k-5k,24.45
Smartphone Samsung Galaxy A36 5G 256GB 8GB RAM,1521,3299.0,4.9,Samsung,Chegará grátis amanhã,54,https://www.mercadolivre.com.br/smartphone-samsung-galaxy-a36-5g-256gb-8gb-ram/p/MLB47111905#polycard_client=search-desktop&search_layout=grid&position=19&type=product&tracking_id=e6b76584-87c4-4de9-bf84-74d944dc1422&wid=MLB5317478858&sid=search,1,1,1k-2k,28.65
"Celular Samsung Galaxy A17 5g Com Ia, 256gb, 8gb Ram, Câm De 50mp, Tela De 6.7 , Nfc, Ip54 - Preto",1576,1899.0,4.9,Samsung,Chegará grátis amanhã,17,https://www.mercadolivre.com.br/celular-samsung-galaxy-a17-5g-com-ia-256gb-8gb-ram-cm-de-50mp-tela-de-67-nfc-ip54-preto/p/MLB54961455#polycard_client=search-desktop&search_layout=grid&position=20&type=product&tracking_id=e6b76584-87c4-4de9-bf84-74d944dc1422&wid=MLB6574985998&sid=search,1,1,1k-2k,17.55
Celular Smartphone Realme C73 256gb 8gb Ram Dual Sim 120hz 6000mAh Violeta,1149,1999.0,4.8,Webfones,Chegará grátis amanhã,43,https://www.mercadolivre.com.br/celular-smartphone-realme-c73-256gb-8gb-ram-dual-sim-120hz-6000mah-violeta/p/MLB62258511#polycard_client=search-desktop&search_layout=grid&position=21&type=product&tracking_id=e6b76584-87c4-4de9-bf84-74d944dc1422&wid=MLB4334411855&sid=search,1,1,1k-2k,25.3
"Celular Samsung Galaxy A26 5g 256gb, 8gb Ram, Câmera De 50mp, Ip67, Tela Super Amoled 6.7 , Nfc - Preto",1405,2167.0,4.8,123 Comprou,Chegará grátis amanhã,35,https://www.mercadolivre.com.br/celular-samsung-galaxy-a26-5g-256gb-8gb-ram-cmera-de-50mp-ip67-tela-super-amoled-67-nfc-preto/p/MLB47424244#polycard_client=search-desktop&search_layout=grid&position=22&type=product&tracking_id=e6b76584-87c4-4de9-bf84-74d944dc1422&wid=MLB5474927460&sid=search,1,1,1k-2k,22.9
"Celular Samsung Galaxy A17 Com Ia, 128gb, 4gb Ram, Câm De 50mp, Tela De 6.7 , Nfc, Ip54 - Preto",899,1499.0,4.9,Samsung,Chegará grátis amanhã,40,https://www.mercadolivre.com.br/celular-samsung-galaxy-a17-com-ia-128gb-4gb-ram-cm-de-50mp-tela-de-67-nfc-ip54-preto/p/MLB54987753#polycard_client=search-desktop&search_layout=grid&position=23&type=product&tracking_id=e6b76584-87c4-4de9-bf84-74d944dc1422&wid=MLB4217306791&sid=search,1,1,500-1k,24.45
"Celular Samsung Galaxy S25 Fe 5g, 128gb, 8gb Ram, Câmera Tripla De 50+12+8, Tela Grande De 6.7 Jetblack",2868,4499.0,4.9,Samsung,Chegará grátis amanhã,36,https://www.mercadolivre.com.br/celular-samsung-galaxy-s25-fe-5g-128gb-8gb-ram-cmera-tripla-de-50128-tela-grande-de-67-jetblack/p/MLB61692896#polycard_client=search-desktop&search_layout=grid&position=24&type=product&tracking_id=e6b76584-87c4-4de9-bf84-74d944dc1422&wid=MLB6087231690&sid=search,1,1,2k-5k,23.25
"Smartphone Motorola Moto G17 4g - 256gb 12gb (4gb Ram + 8gb Ram Boost) Camera 50mp Sony Lytia 600, Tela Fhd+ 60hz, Bateria 5200 Mah - Rosa",1078,1749.0,4.9,Motorola,Chegará grátis amanhã,38,https://click1.mercadolivre.com.br/mclics/clicks/external/MLB/count?a=zfevR9A3DeYDcmUCm2YfuqO%2Bd2BnPq%2BZOvo4QM0z8LfZ6v43vBaA15u2%2FFZCiW%2B6ljn95Ahee1IFXPSnuJ1XFWpvuBcnfSRqkkEqfkPRBHO9v2vcQ9%2B5DjEgTwHF56yB%2FkI%2Blh27aG43nxEoIXse%2BZ8L5nXpgycn3BhZU4GCr5nqL1VD8B9YTaOokYPG%2BgNZGup42FBK0Yo7ZqyUGVBm2YAB%2BpZNxAMjm7O8NXCIJUBJpeYBmVQzAgmhOKSrb%2Fs9uF7oRaxz1VfDENOOjdVqPwXFfrC6ThgCqkVvPkeKykSv7uFwMF64acVjIT6%2B3WYUta2VbUDQGd2aA%2BbNK%2FJMvFLwAhPk%2FNOWA4yalfxQ8KOFQCvyUuFChvAXE5rkU%2BgYzTxfYHWH5Vmim0C1hzePZbjRWfseH8XOUDuFEvZvnuTqWcNr5xWc%2Fs4Ngx0H5G9HOOlENLx5%2FjXR9ELEXZgI2Se%2BGgRKZ8k1k0FX%2FuRujHWSozsM8dUT%2FaGnmFVF%2BHeJGMYyFWSeyDyIXKtHJFf8gXw%2B2Yjo7b%2B1qqe8qXDTKwpwqHQqU59Htp8KmJubkeswTJ76gKFOKiR1SqCaHULaWfv3X9JzJJ%2F0dpCfXqurZxY3aEe9wLXrKHU%2F%2BYWlqKtYR1kbHbFs%2BUC4xlWdLMOwJhxB26JnpzcTWEbJ6nHrqizAg35vzqF%2Fx%2FVAKxQPkFlza91pNjywCFFAwyPNUxzOvZ93vhH2hOFyZ07oeOXZe0nHdYYFtr4RQFddSVhOYO0InmigC0ZDhlYhy0Sp0X8%2B%2FnZLizdA3%2BdLJk7q2qsT9w3JAUw1cAjnSlCGzRk1dHLRf%2B4rp0wuIs7f1Iv3OzQtVxEgxUc8tCckdFjmfW8Uev4wPixqx0cPYrHDoRj%2BUr2WviwHk%2F00ZLcejRFhE4SRVsV660eiBDiWIAHS3GT6vMe%2F14i%2B7nq1%2FNHAmQiWdXY2c3qNtcFh4Rwu1SXdBaNcMKgYtAFOJH9%2F4tHBJs6jGWRwOapmr2aDj3770a5LkIsoTl61IEu4HzK7bCiF%2BipCGD2%2Ba9rY#polycard_client=search-desktop&is_advertising=true&searchVariation=MLB65041664&backend_model=search-backend&search_layout=grid&position=25&type=pad&tracking_id=e6b76584-87c4-4de9-bf84-74d944dc1422&wid=MLB4510840013&sid=search,1,1,1k-2k,23.85
Moto G15 Dual Sim 4gb Ram 128gb Azul Marino,699,1099.0,4.8,Motorola,Frete grátis,36,https://click1.mercadolivre.com.br/mclics/clicks/external/MLB/count?a=fpJ4CzfoJw8kpIexaBm0rN3waJsi%2FK3RWZh%2BL9WQkKd6unjA357K7fZ7hApUOZiyVXMr%2FSj%2FDE2W22yjfgYicIPxwRaUENrks4xx6ZpetYBpY9BQYLaaABcdK3DCbz6kfwmIOasibqLIJ0k2%2BDi1hHigmoGioSH92w9r5VkCBViWAWkR%2FlgxNncyFg5O%2Bh9APksx5xAN6Y5Y4rPgR04jki8I0z5uaFdT7DBfe6YPKbmaBGteW8a2RZO%2FGWGVW%2F2u7QYd0kfQUhapExNoxz4yLVFLCZ8Cnxmy5kU1ZNtVoohdZILDJJyfG0QBY%2BeDv4tCqrkE25156J2K9XykGcVDxR8JiCT1HJ3wGDXQpHN07BQHIDGsGH8%2FR7AyH2rDX8nP%2BcdQzyJRJ%2FkehgegUEVVMI4gY1t45MGAr%2B8bXmBBVMWT%2BmiEBVN%2Bju85kE1sOr45KmDuuBoxZuN3n2e48elf5HxwT9mFc4rDtMvyES8%2BlxoDchxLsR%2Bl2LXK7cpp1ghZnv2ryaEbZVQniAJT6PXRfhwZmMlJtKAwpxnaVAH%2FmodvJ6UNmlLrkyOb3XacLeBwaJV4Kq7sCE1W6O0X41qsUn4qG%2FAQmsk9XinWw39AsKFYCmESkX4kxpxP%2BVmW13FNqFVzinXtpfTAS6xtrU0UTSTVKru5GquEWgTAciKC%2Bvz6MldbDAjm1%2Ffop%2B3ccSv1hO0%2FfKL7JAKdUNOoXQm7cBgglmsJtUqadI118VXPw%2Br%2BEuqMsQ32nXi5BwvTzn4Dwri217XeNq%2BNbs4%2FMRgwVzcX0QKYtlCxIki7DHJbylAlzHLJCrLnsHIZHvMK4EPd837TVZg2WFYtn56ihx9hO06DHRB%2FLeukHmjqgKP4kSTfeXdT%2FyeYIGCuqoX%2B%2BbGPcIG%2Behyx0ibDM8mSzeJpiFTU9xIFWnpQK0Il34EtesZ2#polycard_client=search-desktop&is_advertising=true&searchVariation=MLB46056608&backend_model=search-backend&search_layout=grid&position=26&type=pad&tracking_id=e6b76584-87c4-4de9-bf84-74d944dc1422&wid=MLB3975530813&sid=search,1,1,500-1k,23.2
"Smartphone Motorola Signature 5g - 512gb 24gb (12gb Ram + 12gb Ram Boost), 3 Cameras 50mp Sony Lytia E Zoom 100x, Tela 1.5k Extreme Amoled 165hz - Preto",7649,8999.0,4.8,Motorola,Chegará grátis amanhã,15,https://click1.mercadolivre.com.br/mclics/clicks/external/MLB/count?a=etEpmr%2FgJJsGLuSzD0auf447RO4l1A8uwZa9HyQHhg94v28p%2BhbkhOFBnSOELaSHF5dWasOxEAfe2p6%2FGHRyA7rM9ctBY%2FOA%2BV80DrT7iX2b7LqeUumJelpoM5uWvNlk9noSrhVLVgJFz0hZYYEu6XS%2BroxcT%2FF8tlDwcLTK5AAqPT%2FxZOKiQQc1YutDgtvnZjkvqAcGt56UTCyjQvr4MHaXZ557tBNcFhNtVWyPtKCYmmkdDKQKj3HNRnklLSpXMwkG5OhPz9nCaW8x82hl3G4MQHhtpbc14BIekBA6NFCa8h40LMpqI5g6oipdwjV7G8Vfpv2dbmRNyI%2BNVQ1RfboRNm8R4m%2FS0yhdZLkeqQoWuKp7s8TAESNgr1eNY7UfMVC%2FHRQ%2BjxXyLFrY9IsCf8Si5HcwjCvntjjrpOrS%2BVhgsX0DDx%2BHg%2Bb%2BsSCd1pKGqC1jTnvXKVLgKsFROA3%2FaWIdh0bWK24wnjhsepX1TwwuyMBakmoCFOOZ0tVKUbW93LbMegCp%2FRm%2BnOSFAmE6Hk%2Bc%2Ba%2F0dt5YZYvWT0j3H0ByovJCpLYlpdHVdhLIA84STI%2B0rERjbNHv1W9nfKZt3e2r4Fi%2BSpewAbJCUApiFqzm85cHclOa13KmEYLbt3jrm5B9wxHvr%2FZTE4W6Gv%2BbHz79shahGEndl8tKPPnzZ%2FqlZYoW7Az4le5%2F%2B2xFNwXVyh62LPVZYmXRJhnlZsmqAZfNNInAlCV42GZnQRlucWIlSfwFMD6jxEbFotCj3jguDTHZ2OOX%2B%2FBnGVOTgzEQm%2BEiFhqxieluf3XUqCcNSHQ21dSAlOAoRioNa7ZP0S%2FHWBIa2FqKwZ6OH1uJ0di7hyDvcbBei%2BExIBCVm%2F%2Ftxy6Asms7dZvJqAotLKEubagzX6brYmEejoku1JrR51j84ekFHGe%2Bb29O4o7u4WXjIYxGP81LqVdcXu2sKDcjY3GE045WKORonmPXuaN0gxSQRUQIsKwNtUNMdyjhO9tvy3Tev%2F%2FsUanZ77KfFU%2BeebW9sAIwr%2FlEZPf9W7BGSKYdtes7sG1ZJ5zdyT4erLCzY7M0LvxQ#polycard_client=search-desktop&is_advertising=true&searchVariation=MLB65938141&backend_model=search-backend&search_layout=grid&position=27&type=pad&tracking_id=e6b76584-87c4-4de9-bf84-74d944dc1422&wid=MLB6373850588&sid=search,1,1,5k-10k,16.9
Smartphone Motorola Edge 60 Fusion 5g - 256gb 16gb (8gb Ram+8gb Ram Boost) 50mp Sony Ai Camera Ip68 Nfc - Rosa,1939,3299.0,4.9,Motorola,Chegará grátis amanhã,41,https://click1.mercadolivre.com.br/mclics/clicks/external/MLB/count?a=9Di6t7wDA%2BErIGVxnJkplHqIy%2FV3EMNM0cV2e54sGCFOcH4IoF951lofNmu1IYZslqtPvyHH%2BSfaPAXXda%2BEEIUcoby8vOrNWP3Zg%2B3JhKRvrPgmJH5MezA80rGQsOMsVgQ9F%2FoZaigu839MriH0d9ehBHjwVvoKkZTrY0WA6G%2BTTPZJQlAgEGm2GsM11UgCpBHH2ofzYVZjjgBCHSq2kGWv6isk2FJgdMou1T8ki3OtDsYpJEv5YDy9nWgAupnJJiEF0MXz055iw8EGUXkmETOzviK%2B1kvYCZyE%2BwPUvZ1SD0sCy9fkmBFIdgEC%2FgjH5XBVjpd%2BzC1ZsZlXrftj6WHcorstzXwgkKcuxA7ajS8P5HcS5d39Lp%2F5oRwNDDDizU3RskLvlUA%2BDZ8JeUp88Vij%2B87cB6w6EhPPIXdNwUxArEQOS%2FSitMSMJSWAmP4ygH1OnKMa3wAAdlitepoOoQnaAOzuUL1ZGQGTrzzL9lFcRzjLhuwU90VQFi8rK3iZ5P4Cqc0ap40JfQfcbNGGE3x5%2Fn7OPOm0vyq6HaGQuRgysjgLw%2FrrTNUqeHC3wZj6Nriudvgqk2uXT77mK3UCGlrhnW6fbc4JBBGtU15j0Yt0xx5056nMyy1V1oaop0HkrURklGCnR%2FQeBIFBUJfncPRCfRKwNr%2FyfHmIPBa0NVaEhE2oDz2TxrvAA7cWpPcD%2FcooZm5yGaFMUbEcCvCt3n6ogxxVZYKQpSAk%2BX1501ImUgQ%2ByQtYpA5ihJH3edGPEdZ6V0TqDfiHKG2Jy3aBmeH00r%2BNvxE4DO3T2SAcW49E0CjtmbR8Ek5k0csxKQNutEVRR8nLG%2BSDiCG8srOdUc%2Fxgi88sXUGO4RSjsXUortKHlvZXX8ZphFMS6nbjGCxqPqTdU8Rob8Pphr0YZPq%2BEY%2BsfmLYuFy2z3Rq4K1xlo96zpDy9wK6a7TqFwhhJD6VUCLOv5k%2FfZJ1F6X33Ublh4RiVwWuanAilAhjBCNXClrdUcdDIAPkT3xDflCoA%3D%3D#polycard_client=search-desktop&is_advertising=true&searchVariation=MLB47251829&backend_model=search-backend&search_layout=grid&position=28&type=pad&tracking_id=e6b76584-87c4-4de9-bf84-74d944dc1422&wid=MLB4027318137&sid=search,1,1,1k-2k,24.75
Smartphone Motorola Moto G05 256gb 4gb Ram Camera 50mp Vermelho,699,1199.0,4.9,Motorola,Chegará grátis amanhã,42,https://www.mercadolivre.com.br/smartphone-motorola-moto-g05-256gb-4gb-ram-camera-50mp-vermelho/p/MLB58493174#polycard_client=search-desktop&search_layout=grid&position=29&type=product&tracking_id=e6b76584-87c4-4de9-bf84-74d944dc1422&wid=MLB5774641722&sid=search,1,1,500-1k,25.05
iPhone 16e (128 GB) - Preto - Distribuidor Autorizado,3699,5799.0,4.9,Apple,Chegará grátis amanhã,36,https://www.mercadolivre.com.br/iphone-16e-128-gb-preto-distribuidor-autorizado/p/MLB1046215784#polycard_client=search-desktop&search_layout=grid&position=30&type=product&tracking_id=e6b76584-87c4-4de9-bf84-74d944dc1422&wid=MLB3986439067&sid=search,1,1,2k-5k,23.25
Smartphone Motorola Edge 60 Neo 5G - 256GB 24GB (12GB RAM + 12GB Ram Boost) 50MP Sony Camera Moto AI e tela 1.5K Super HD - Latte,1799,3799.0,4.9,Motorola,Chegará grátis amanhã,53,https://www.mercadolivre.com.br/smartphone-motorola-edge-60-neo-5g-256gb-24gb-12gb-ram-12gb-ram-boost-50mp-sony-camera-moto-ai-e-tela-15k-super-hd-latte/p/MLB58684606#polycard_client=search-desktop&search_layout=grid&position=31&type=product&tracking_id=e6b76584-87c4-4de9-bf84-74d944dc1422&wid=MLB4265763257&sid=search,1,1,1k-2k,28.349999999999998
"Samsung Galaxy S25 5G, 256GB, 12GB, Câmera Tripla - Azul claro",3898,5999.0,4.9,Samsung,Chegará grátis amanhã,35,https://www.mercadolivre.com.br/samsung-galaxy-s25-5g-256gb-12gb-cmera-tripla-azul-claro/p/MLB45513356#polycard_client=search-desktop&search_layout=grid&position=32&type=product&tracking_id=e6b76584-87c4-4de9-bf84-74d944dc1422&wid=MLB5264376996&sid=search,1,1,2k-5k,22.95
"Smartphone Motorola Moto G86 5g - 256gb 24gb (8gb Ram+16gb Ram Boost) Tela 1.5k Poled, 50mp Sony Camera Ois Moto Ai, Videos Em 4k, Ip68 + Ip69 - Vermelho",1792,2399.0,4.9,Motorola,Chegará grátis amanhã,25,https://www.mercadolivre.com.br/smartphone-motorola-moto-g86-5g-256gb-24gb-8gb-ram16gb-ram-boost-tela-15k-poled-50mp-sony-camera-ois-moto-ai-videos-em-4k-ip68-ip69-vermelho/p/MLB51340616#polycard_client=search-desktop&search_layout=grid&position=33&type=product&tracking_id=e6b76584-87c4-4de9-bf84-74d944dc1422&wid=MLB5462013472&sid=search,1,1,1k-2k,19.95
"Smartphone Infinix Note 50X 5G 8GB RAM 256GB De Armazenamento Tela 6,78"" Polegadas HD+ 120HZ Câmera 50MP + Selfie 8MP Bateria 5200mah NFC, DTS Áudio - Cor Cinza",1349,2267.0,4.8,123 Comprou,Chegará grátis amanhã,40,https://www.mercadolivre.com.br/smartphone-infinix-note-50x-5g-8gb-ram-256gb-de-armazenamento-tela-678-polegadas-hd-120hz-cmera-50mp-selfie-8mp-bateria-5200mah-nfc-dts-audio-cor-cinza/p/MLB61656785#polycard_client=search-desktop&search_layout=grid&position=34&type=product&tracking_id=e6b76584-87c4-4de9-bf84-74d944dc1422&wid=MLB5957442486&sid=search,1,1,1k-2k,24.4
Smartphone Motorola Edge 60 5g - 512gb 24gb (12gb Ram+12gb Ram Boost) Tela Quad-curve Moto Ai 50mp Sony Camera Ultrarresistencia Militar Ip68 + Ip69 - Azul Marinho,2099,2799.0,4.9,Motorola,Não informado,25,https://www.mercadolivre.com.br/smartphone-motorola-edge-60-5g-512gb-24gb-12gb-ram12gb-ram-boost-tela-quad-curve-moto-ai-50mp-sony-camera-ultrarresistencia-militar-ip68-ip69-azul-marinho/p/MLB48930800#polycard_client=search-desktop&search_layout=grid&position=35&type=product&tracking_id=e6b76584-87c4-4de9-bf84-74d944dc1422&wid=MLB5363845340&sid=search,1,0,2k-5k,9.95
Smartphone Motorola Moto G35 5g 256gb 12gb Ram Boost Coral,945,2000.0,4.8,Desconhecida,Não informado,53,https://www.mercadolivre.com.br/smartphone-motorola-moto-g35-5g-256gb-12gb-ram-boost-coral/p/MLB63092926#polycard_client=search-desktop&search_layout=grid&position=36&type=product&tracking_id=e6b76584-87c4-4de9-bf84-74d944dc1422&wid=MLB6228408744&sid=search,1,0,500-1k,18.299999999999997
Smartphone Motorola Moto G56 5g - 256gb 16gb (8gb Ram+8gb Ram Boost) Camera 50mp Sony Lytia 600 Ultrarresistencia Militar e Ip68 + Ip69 - Cinza,1598,1999.0,4.9,Motorola,Chegará grátis amanhã,20,https://www.mercadolivre.com.br/smartphone-motorola-moto-g56-5g-256gb-16gb-8gb-ram8gb-ram-boost-camera-50mp-sony-lytia-600-ultrarresistencia-militar-e-ip68-ip69-cinza/p/MLB50301060#polycard_client=search-desktop&search_layout=grid&position=37&type=product&tracking_id=e6b76584-87c4-4de9-bf84-74d944dc1422&wid=MLB5402372302&sid=search,1,1,1k-2k,18.45
Apple iPhone 16 (256 GB) - Preto - Distribuidor Autorizado,5205,9538.0,4.9,Apple,Chegará grátis amanhã,45,https://www.mercadolivre.com.br/apple-iphone-16-256-gb-preto-distribuidor-autorizado/p/MLB1040287796#polycard_client=search-desktop&search_layout=grid&position=38&type=product&tracking_id=e6b76584-87c4-4de9-bf84-74d944dc1422&wid=MLB3931272075&sid=search,1,1,5k-10k,25.95
"Smartphone OPPO A6t 128gb, 12gb Ram (4gb + 8gb Virtual Ram), Bateria Gigante de 6500mAh, Processador Snapdragon, Tela 120Hz, AI Câmera, IP64 - Violeta",899,1299.0,4.9,Oppo,Chegará grátis amanhã,31,https://www.mercadolivre.com.br/smartphone-oppo-a6t-128gb-12gb-ram-4gb-8gb-virtual-ram-bateria-gigante-de-6500mah-processador-snapdragon-tela-120hz-ai-cmera-ip64-violeta/p/MLB66130734#polycard_client=search-desktop&search_layout=grid&position=39&type=product&tracking_id=e6b76584-87c4-4de9-bf84-74d944dc1422&wid=MLB4573343865&sid=search,1,1,500-1k,21.75
"Smartphone Xiaomi Redmi 15 8gb 256gb Tela 6,9 144hz, Bateria 7.000 Mah, 50 Mp Preto",1390,1390.0,4.8,Desconhecida,Chegará grátis amanhã,0,https://www.mercadolivre.com.br/smartphone-xiaomi-redmi-15-8gb-256gb-tela-69-144hz-bateria-7000-mah-50-mp-preto/p/MLB61511995#polycard_client=search-desktop&search_layout=grid&position=40&type=product&tracking_id=e6b76584-87c4-4de9-bf84-74d944dc1422&wid=MLB4390450235&sid=search,0,1,1k-2k,12.4
Celular Samsung Galaxy A56 5g 128gb 8gb Ram Rosa,1998,3299.0,4.9,Samsung,Chegará grátis amanhã,39,https://www.mercadolivre.com.br/celular-samsung-galaxy-a56-5g-128gb-8gb-ram-rosa/p/MLB47106876#polycard_client=search-desktop&search_layout=grid&position=41&type=product&tracking_id=e6b76584-87c4-4de9-bf84-74d944dc1422&wid=MLB4561879339&sid=search,1,1,1k-2k,24.15
Apple iPhone 15 (128 GB) - Azul - Distribuidor Autorizado,4499,7209.0,4.9,Apple,Chegará grátis amanhã,38,https://www.mercadolivre.com.br/apple-iphone-15-128-gb-azul-distribuidor-autorizado/p/MLB1027172667#polycard_client=search-desktop&search_layout=grid&position=42&type=product&tracking_id=e6b76584-87c4-4de9-bf84-74d944dc1422&wid=MLB4408547152&sid=search,1,1,2k-5k,23.85
iPhone 17 Pro 256GB - Azul-profundo - Distribuidor Autorizado,9899,11499.0,4.9,Apple,Chegará grátis amanhã,14,https://www.mercadolivre.com.br/iphone-17-pro-256gb-azul-profundo-distribuidor-autorizado/p/MLB1055308781#polycard_client=search-desktop&search_layout=grid&position=43&type=product&tracking_id=e6b76584-87c4-4de9-bf84-74d944dc1422&wid=MLB5687335472&sid=search,1,1,5k-10k,16.65
iPhone 17 256 GB - Sálvia - Distribuidor Autorizado,6297,7999.0,4.9,Apple,Chegará grátis amanhã,21,https://www.mercadolivre.com.br/iphone-17-256gb-salvia-distribuidor-autorizado/p/MLB1055308843#polycard_client=search-desktop&search_layout=grid&position=44&type=product&tracking_id=e6b76584-87c4-4de9-bf84-74d944dc1422&wid=MLB6545162768&sid=search,1,1,5k-10k,18.75
Apple iPhone 16 (128 GB) - Preto - Distribuidor Autorizado,4986,7799.0,4.9,Apple,Chegará grátis amanhã,36,https://www.mercadolivre.com.br/apple-iphone-16-128-gb-preto-distribuidor-autorizado/p/MLB1040287808#polycard_client=search-desktop&search_layout=grid&position=45&type=product&tracking_id=e6b76584-87c4-4de9-bf84-74d944dc1422&wid=MLB5120546360&sid=search,1,1,2k-5k,23.25
Smartphone Motorola Edge 60 Pro 5g - 512gb 24gb (12gb Ram+12gb Ram Boost) Tela Quad-curve Moto Ai 50mp Sony Camera Ultrarresistencia Militar Ip68 + Ip69 - Cinza,3059,5499.0,4.9,Motorola,Chegará grátis amanhã,44,https://www.mercadolivre.com.br/smartphone-motorola-edge-60-pro-5g-512gb-24gb-12gb-ram12gb-ram-boost-tela-quad-curve-moto-ai-50mp-sony-camera-ultrarresistencia-militar-ip68-ip69-cinza/p/MLB48998798#polycard_client=search-desktop&search_layout=grid&position=46&type=product&tracking_id=e6b76584-87c4-4de9-bf84-74d944dc1422&wid=MLB5389690592&sid=search,1,1,2k-5k,25.65
"Tcl Smartphone 605 4g, Octa Core, 128gb 12gb Ram (4+8), 6.7 Hd+ 90hz, Nfc, Dual Sim, 50mp",649,799.0,4.7,Mercado Livre,Chegará grátis amanhã,19,https://www.mercadolivre.com.br/tcl-smartphone-605-4g-octa-core-128gb-12gb-ram-48-67-hd-90hz-nfc-dual-sim-50mp/p/MLB53155051#polycard_client=search-desktop&search_layout=grid&position=47&type=product&tracking_id=e6b76584-87c4-4de9-bf84-74d944dc1422&wid=MLB6161225994&sid=search,1,1,500-1k,18.05
Apple iPhone 15 (256 GB) - Preto - Distribuidor Autorizado,4751,8095.0,4.9,Apple,Chegará grátis amanhã,41,https://www.mercadolivre.com.br/apple-iphone-15-256-gb-preto-distribuidor-autorizado/p/MLB1027172669#polycard_client=search-desktop&search_layout=grid&position=48&type=product&tracking_id=e6b76584-87c4-4de9-bf84-74d944dc1422&wid=MLB3621184765&sid=search,1,1,2k-5k,24.75
Smartphone Motorola Edge 60 Fusion 5g - 256gb 16gb (8gb Ram+8gb Ram Boost) 50mp Sony Ai Camera Ip68 Nfc - Rosa,1939,3299.0,4.9,Motorola,Chegará grátis amanhã,41,https://www.mercadolivre.com.br/smartphone-motorola-edge-60-fusion-5g-256gb-16gb-8gb-ram8gb-ram-boost-50mp-sony-ai-camera-ip68-nfc-rosa/p/MLB47251829#polycard_client=search-desktop&search_layout=grid&position=49&type=product&tracking_id=e6b76584-87c4-4de9-bf84-74d944dc1422&wid=MLB4027318137&sid=search,1,1,1k-2k,24.75
Smartphone Motorola Moto G15 256gb 12gb 4GB RAM 8GB RAM Boost Camera 50mp Verde,899,1499.0,4.8,Motorola,Chegará grátis amanhã,40,https://www.mercadolivre.com.br/smartphone-motorola-moto-g15-256gb-12gb-4gb-ram-8gb-ram-boost-camera-50mp-verde/p/MLB44665542#polycard_client=search-desktop&search_layout=grid&position=50&type=product&tracking_id=e6b76584-87c4-4de9-bf84-74d944dc1422&wid=MLB5237351728&sid=search,1,1,500-1k,24.4
iPhone 17 Pro 512GB - Azul-profundo - Distribuidor Autorizado,11699,12999.0,4.9,Apple,Chegará grátis amanhã,10,https://www.mercadolivre.com.br/iphone-17-pro-512gb-azul-profundo-distribuidor-autorizado/p/MLB1055308802#polycard_client=search-desktop&search_layout=grid&position=51&type=product&tracking_id=e6b76584-87c4-4de9-bf84-74d944dc1422&wid=MLB4200188179&sid=search,1,1,10k+,15.45
"Smartphone Motorola Signature 5g - 512gb 24gb (12gb Ram + 12gb Ram Boost), 3 Cameras 50mp Sony Lytia E Zoom 100x, Tela 1.5k Extreme Amoled 165hz - Preto",7649,8999.0,4.8,Motorola,Chegará grátis amanhã,15,https://www.mercadolivre.com.br/smartphone-motorola-signature-5g-512gb-24gb-12gb-ram-12gb-ram-boost-3-cameras-50mp-sony-lytia-e-zoom-100x-tela-15k-extreme-amoled-165hz-preto/p/MLB65938141#polycard_client=search-desktop&search_layout=grid&position=52&type=product&tracking_id=e6b76584-87c4-4de9-bf84-74d944dc1422&wid=MLB6373850588&sid=search,1,1,5k-10k,16.9
"Smartphone Motorola Moto G17 4g - 256gb 12gb (4gb Ram + 8gb Ram Boost) Camera 50mp Sony Lytia 600, Tela Fhd+ 60hz, Bateria 5200 Mah - Rosa",1078,1749.0,4.9,Motorola,Chegará grátis amanhã,38,https://www.mercadolivre.com.br/smartphone-motorola-moto-g17-4g-256gb-12gb-4gb-ram-8gb-ram-boost-camera-50mp-sony-lytia-600-tela-fhd-60hz-bateria-5200-mah-rosa/p/MLB65041664#polycard_client=search-desktop&search_layout=grid&position=53&type=product&tracking_id=e6b76584-87c4-4de9-bf84-74d944dc1422&wid=MLB4510840013&sid=search,1,1,1k-2k,23.85
Smartphone Oppo A6 Pro 256gb 8gb Ram 5g Ip69 Azul Espacial,2999,3199.0,4.9,Oppo,Chegará grátis amanhã,6,https://www.mercadolivre.com.br/smartphone-oppo-a6-pro-256gb-8gb-ram-5g-ip69-azul-espacial/p/MLB66177449#polycard_client=search-desktop&search_layout=grid&position=54&type=product&tracking_id=e6b76584-87c4-4de9-bf84-74d944dc1422&wid=MLB4536941689&sid=search,1,1,2k-5k,14.25
iPhone 17e 256GB Preto - Distribuidor Autorizado,5219,5799.0,4.9,Apple,Chegará grátis amanhã,10,https://www.mercadolivre.com.br/iphone-17e-256gb-preto-distribuidor-autorizado/p/MLB1066130044#polycard_client=search-desktop&search_layout=grid&position=55&type=product&tracking_id=e6b76584-87c4-4de9-bf84-74d944dc1422&wid=MLB6402322328&sid=search,1,1,5k-10k,15.45
Smartphone Samsung Galaxy A56 5g 6.7 Pol Octa-core 256gb 8gb,1998,3699.0,4.9,Samsung,Chegará grátis amanhã,46,https://www.mercadolivre.com.br/smartphone-samsung-galaxy-a56-5g-67-pol-octa-core-256gb-8gb/p/MLB65302568#polycard_client=search-desktop&search_layout=grid&position=56&type=product&tracking_id=e6b76584-87c4-4de9-bf84-74d944dc1422&wid=MLB4609819131&sid=search,1,1,1k-2k,26.25
"Smartphone Motorola Moto G17 4g - 128gb 12gb (4gb Ram + 8gb Ram Boost) Camera 50mp Sony Lytia 600, Tela Fhd+ 60hz, Bateria 5200 Mah - Azul",899,1299.0,4.9,Motorola,Chegará grátis amanhã,31,https://www.mercadolivre.com.br/smartphone-motorola-moto-g17-4g-128gb-12gb-4gb-ram-8gb-ram-boost-camera-50mp-sony-lytia-600-tela-fhd-60hz-bateria-5200-mah-azul/p/MLB65041642#polycard_client=search-desktop&search_layout=grid&position=57&type=product&tracking_id=e6b76584-87c4-4de9-bf84-74d944dc1422&wid=MLB6420215012&sid=search,1,1,500-1k,21.75
"Smartphone Infinix Smart 10 4GB RAM 256GB SSD Câmera 8MP + IA, Tela 6.67 HD+ 120Hz, Bateria 5000mAh, Processador T7250, Android 15 Go, Dual Chip - Preto",670,1458.0,4.8,123 Comprou,Chegará grátis amanhã,54,https://www.mercadolivre.com.br/smartphone-infinix-smart-10-4gb-ram-256gb-ssd-cmera-8mp-ia-tela-667-hd-120hz-bateria-5000mah-processador-t7250-android-15-go-dual-chip-preto/p/MLB56327005#polycard_client=search-desktop&search_layout=grid&position=58&type=product&tracking_id=e6b76584-87c4-4de9-bf84-74d944dc1422&wid=MLB5751262142&sid=search,1,1,500-1k,28.599999999999998
Kit Samsung: Celular Galaxy A17 256gb 8gb Ram 50mp 6.7 Nfc Ip54 Preto + Galaxy Buds Core Branco,1431,1698.0,4.9,Samsung,Frete grátis,16,https://www.mercadolivre.com.br/kit-samsung-celular-galaxy-a17-256gb-8gb-ram-50mp-67-nfc-ip54-preto--galaxy-buds-core-branco/up/MLBU3605578150#polycard_client=search-desktop&search_layout=grid&position=59&type=product&tracking_id=e6b76584-87c4-4de9-bf84-74d944dc1422&wid=MLB5957929002&sid=search,1,1,1k-2k,17.25
Smartphone OPPO A5 256GB 6GB RAM Branco,1169,1499.0,4.8,Oppo,Chegará grátis amanhã,22,https://www.mercadolivre.com.br/smartphone-oppo-a5-256gb-6gb-ram-branco/p/MLB51680761#polycard_client=search-desktop&search_layout=grid&position=60&type=product&tracking_id=e6b76584-87c4-4de9-bf84-74d944dc1422&wid=MLB5745515116&sid=search,1,1,1k-2k,19.0
Smartphone Motorola Moto G15 256gb 12gb 4GB RAM 8GB RAM Boost Camera 50mp Verde,899,1499.0,4.8,Motorola,Chegará grátis amanhã,40,https://click1.mercadolivre.com.br/mclics/clicks/external/MLB/count?a=hXtUljXJTwFrT6oIaWjDbtXvZbQ9FbRGf5dBNX0K6pPO66oqZ%2Ba5Ldk19Ix6ZISMZWH%2FMy7j7H%2B1pT%2By%2B5fbrPpKOYzeGQaTP94NqrdCJGp6yXDQF7oTB5NfqymKXl9J0SvBko85dWfIrHbbXQ%2BHHWDwDhnrgWQ8EMPUwsn152R4Bb%2BTmovPKQTQse0KqtJwvlgzEWWk6mMFYqjZ37zhdm23u7W53IinqgixngrScwHNhyw3ykLkyCeq2e4tL0zgcbPYf16EiKFpncYLTc2B064DlFU2kyP7BzX2y85RoYZDr7zStL%2FOtmDqT8FBPEqvQ0gsSHGXClj%2BoBOg%2BR2%2BxE0j9bdEbbu2skavRbiMgEisAc%2B5uCRh%2FZIo6j8CycS02ud%2B5v%2F1t2IMwvbDfVOQIcQaHBKBjhy3s9jsLnUcxeI17mjN6xmRSrgI7e619xceRgkODavFeUJGLayJHqlI5E0S%2Ft8Nj1M%2FcoM7fSnN3WqzJv5vMkkldYJnoGb3AiRxAK1mMmlFPrBjbXsgJZWd9hn8uVjC%2BLxrdodCKu4zAWr8C4RvpzOlgEIsg%2BOGfXR51z1qTH%2BJfmby50EPPOEYqOl6A7aO7qYsw7VWTRjjjrGjWhGvINrMobQutcMQj%2FOAJA7ST2P4Urc6o2f2V3DkyKNaotwu9ogasiZDJTTL%2Fr%2BabxJuz00L0bRWAJuKc%2BeU40fLVZAEniDXGmPDjMQlKGEYD9gLDqf0O0V8RS3qjkW2mM7N5H5xeWPRuQqohR4%2BcVQDVTFQqabK1Uq5WApEQq00dyNfcqSzVR6OCiylA5YQiG09qwJ%2Fbyea4UNgeIqCb0uEcrxydShrK5s%2BPg%2BwXR3LbyFDt4iHNuCEEz7BgQyZWPu%2F%2BWhWo50GkWfuvjNFC1wRC3IMLV%2FfYb4ZsYvy5hkufjd9qScCn%2BErVuYl%2FiI6rk64ArWB1L1lhirRtgbN3xf%2Btc5582UAiR%2FisIphadWaxQ%3D%3D#polycard_client=search-desktop&is_advertising=true&searchVariation=MLB44665542&backend_model=search-backend&search_layout=grid&position=1&type=pad&tracking_id=56a1d9cc-aea3-4341-bbe0-64bf7c4b56c4&wid=MLB5237351728&sid=search,1,1,500-1k,24.4
"Smartphone Motorola Moto G17 4g - 128gb 12gb (4gb Ram + 8gb Ram Boost) Camera 50mp Sony Lytia 600, Tela Fhd+ 60hz, Bateria 5200 Mah - Azul",899,1299.0,4.9,Motorola,Chegará grátis amanhã,31,https://click1.mercadolivre.com.br/mclics/clicks/external/MLB/count?a=mccWpX%2FrmFUfGjzpqiAcSegGE6IsFsbVsGf9eSr%2FgqjgepOyULntVyKZeDGfwRrpaq9c2sJvMEaavEg2hw6A5egP5NBtl8QtP7qeyjEB3JDS0OCjs8KjQ%2BC7pufrKnG0vqdEfX1Dna5qTOYpdl6ZqvNifNftnSag5VCbN%2B9En0sKFnnKOl2%2B7kxyx5ePNZARVFOSkm8wZ9gP1yx%2FksYo6JbOcHvKbrUmRzraklCMxRxivSCWXGEEsMpOyItJKpm85SLtMAh8JAmTxaEpiukpz9dRe3DQIX1%2BiFvHDARPieZwb5RijNljVyWTAYpRxUCffdVpygeEEDHxvZKdGb%2Bz61Hfox83Hgos0HBR71U0zeoHk3%2FrWHSBXH5PugVSwJjN16WpBU6w1D%2B6aa1vST4quFq9Q0vVrZ5b4k6MVzHPTkHbob%2FCxonMNPYKeom5%2FS6EmNv4BD4Av2t8hXbGX%2FPoa5ZG2l1OesYWuJfSrcwXW3si52OQ0Kj3KZtt1p2Ulq%2BxomTAbzghXKE2LLdX2BbltYWJT7wf9%2Be0kGoliWp6M9QzNlZpFb4cngmqk%2B1QNlZbXvTg%2BoKCmQQ8PUHBhXKF1xSA2pq9Q5TQc4i3VBQuOHdl8veLe4E42b8f5bl1KX%2FVjmL%2FfR9EBaWfwpd%2BVqB0r94SJzbMv2v9UzbNp6whcKyGyNgZkSemgUi3W9xNCAGeZtp6vj3o8WRyr9TDtlWyX89phdAHDtsciHSffSIWR5cODaSMhYnEBbxNVxTowNVq7zCFFsnAe2PupMPAIntk5nF0udKuQaUWeRHvVkJNEKvl36aShq2jpPIVCWRvg3G93eR6mz%2BaQbmJMeF2XnyYdx8XmBE1qff3585Ghw46wIdROeOCssdFzjpnwRRD3%2B6Tef907dSkGSAdF4UsG0%2FUOY0zAMuf2knRfvcaL0%2B58CPLXQ16Dq2Lb9xEfTFBjMPo%2FhlBvkCXNEcnE0vA0l8jdxwMpKQ1pZMc%2BoC%2B5GvPB7bJ50P2%2FobneJyHiqjZt%2FuEGR%2FKCLRvvaTmG7MQsPPh%2FJa22Cc%3D#polycard_client=search-desktop&is_advertising=true&searchVariation=MLB65041642&backend_model=search-backend&search_layout=grid&position=2&type=pad&tracking_id=56a1d9cc-aea3-4341-bbe0-64bf7c4b56c4&wid=MLB6420215012&sid=search,1,1,500-1k,21.75
Smartphone Motorola Moto G06 - 256gb 12gb (4gb Ram + 8gb Ram Boost) E Camera 50mp Com Ai Bateria De 5200 Mah Tela 6.9 - Bege,723,1349.0,4.9,Motorola,Chegará grátis amanhã,46,https://click1.mercadolivre.com.br/mclics/clicks/external/MLB/count?a=EHIhXsmqRyhWoZxZc04hk8Cc637DdF%2F60GNu5uAolrGGALFAYwXBc9jd7t6lZE2%2FrivTMxO4K9oEsOloBYQ%2Bkdqs1y8ojU48CCMdkokFasyoPhbspYPhab3fNskbL5rMMl9qOvsuSzGzALBoTYm6OOHF0UwaoNETSxSYH8pmPPH2nNerIs3ctgy2vroVWpeG%2BE%2BrQLfkycuHHY0PqWXosetirP76b%2BysDkSr5kDHoJVOm2HcdZeU3j6oJtp6QxYmIpKtZSGecMzWWsOwV0vkr9JhdD0BWSNCfokGbNawBhHIXR0m6nz%2BkGy2prPp7RHT6wsK%2BURbJJSh2KNXZ9LCTlSMQHlrMsrYYb0Hoi5ObfZwVFdTvqMtZFfYfjMww6a0m1WPYfy77On4ETwGjFCK0J0OODqkyoYlGj32jve%2BRCdZLYgcBVwD3ThkaunaW9y%2F3LwJGuV1rXnOlHKUlpaiOLwdFlgkQYB6KhP%2FynfI%2BapMwkuCZL%2FpcID2Q9EOneuxXWk945uQ%2BwnkYse0tA9z1WjOI1XWs%2BQvulBY%2FW28%2B4T2vClvrxYTU75haUBNhKWjtV0LNDAQ0XVD0SxR6cKEjC4fRGidriV%2Fev80U1VMT%2BbWqh%2BBN6mqLtvAhEhttH14H0VG8RaGtybAxSpxBY90TzLLVRItzE%2FVRflAifm3dvuBpzJ2qXfdpdblgDezGIRjpmmbvycz0CqAHa6PY0kvuHhmw%2BYajKzJAHltjPdQD8SO3kfCPt53ShtAOJ83QkW8stSV65lJ%2FOiECWF1aBX0GmkHqaXDAqjrPey6Hbtd%2FzCgmfY2OGvzNy6sLbjhO3jSkKqJtg74PHY0bknyKYS2AcPj2M6l5F0IUGZ1elCjss%2BXnEzKZm4L%2BpEyIKoYTJbWbEnOjWgCnxMWR6t7aDRUR%2FpXob%2BK0I9dZGP%2BHb0RiRhaRobBZZfYs9wyNh1FeO8QdyUK7KK6KS7BtFRPWFQV5ZULEYTYPRaKChQgY8nGDruWr4hTEXdkuSDZ1yGZhqtPWwWchbwSApA%3D#polycard_client=search-desktop&is_advertising=true&searchVariation=MLB55762063&backend_model=search-backend&search_layout=grid&position=3&type=pad&tracking_id=56a1d9cc-aea3-4341-bbe0-64bf7c4b56c4&wid=MLB5765125576&sid=search,1,1,500-1k,26.25
Smartphone Motorola Edge 60 Neo 5G - 256GB 24GB (12GB RAM + 12GB Ram Boost) 50MP Sony Camera Moto AI e tela 1.5K Super HD - Latte,1799,3799.0,4.9,Motorola,Chegará grátis amanhã,53,https://click1.mercadolivre.com.br/mclics/clicks/external/MLB/count?a=%2Fh%2FjcLPzfve%2BlMA4b1PRTk%2FUJTOkh8shMW5GHz01ScvFqW3Y0Uc6keXF1qAvtwK3pTMqORvAjDH8ZBclSl1Z3Ed0sCEInBIjQHmKGWWqGYBw9J%2Fpe%2FTQBJh8Q3eKSt3PfKFUoktDHNsjwBpIKGQIp1Qclp5cn52iYCG89zMknzaja4sBDLrQpeHCfwdy%2FYZ%2FmxCnG4kAt9h0ZgMFFc0THKrOOossVT7Ox1niDqeMwuqVDjnCk5fTOn5c2cIgV0QwZ%2BSsNUYW8LIK%2BX886oNRHE6Vnk8SUqsuGs3uoXpkWIP29zJOmD2vEuyt2Xr%2FODSTXRgxGkUMjFEAupZWWgH4FoNqR8qyW%2F8BRlfxUu8RHCj4NymE%2BiSck03KkqVj1h%2Fm2lJ3ZQXn9VYE1RgFVpcfIpgnngmK4QM5pKwrYrRCaWe1ikW9S17%2BjGbU0kgEEoRjzybYZbUXwtCV9SDNgQCH%2FxNMJJguwhsaQWPTxGSAnkds68yrsnpkYmbce4JYeF52020xt3UV73SAITcX8LyUBRHWDOkKOdytfR39qNoSgResbLCYfFhCPYY1yDSiPl%2F0aMjoyktFSePx3XLaOko6xzBXJMXf895exqCahjXDval5aDJmvlNiAtN03y67ev%2FNoHLk%2BoEbjXuoMBIkCkSa4x3UFxlDOk%2BZqAeuph6GBB1dNSxjxYlZbtXdql0vzzI726gBWotNf3ah8nRxZlooqpWcsPW20jJ1m0M2yKjjqcx2Ljf0f3mMJ3%2FmiMkp84OM4FRo3rApdtwajJSgeaipy91wPpra8q%2FJQIn37JFhmwlTyx1CASrOx0vCBxWY0k5dbCjI%2FRFESuBPdgdkYbVOn2s%2Fl18dFPdvIw04QCXTIMlo%2BHNimEVzDGkgJmtcKxHkrL6ql%2B4cByGh1sTELTv7MVehujt0POQdQxnNP44QjeDVfv6GIt9U5uYcJd%2B1fXZyElfBwIsbMFCbELmgcF9MuY2vCdGsmQtwzjmI9V7DDc5dHyMjV6Iq7w3QuSzbazrJZQ0RjaLz0P93cdiR#polycard_client=search-desktop&is_advertising=true&searchVariation=MLB58684606&backend_model=search-backend&search_layout=grid&position=4&type=pad&tracking_id=56a1d9cc-aea3-4341-bbe0-64bf7c4b56c4&wid=MLB4265763257&sid=search,1,1,1k-2k,28.349999999999998
Celular Samsung Galaxy A56 5g 256gb 8gb Ram Cinza,1998,3699.0,4.9,Samsung,Chegará grátis amanhã,46,https://www.mercadolivre.com.br/celular-samsung-galaxy-a56-5g-256gb-8gb-ram-cinza/p/MLB47114363#polycard_client=search-desktop&search_layout=grid&position=5&type=product&tracking_id=56a1d9cc-aea3-4341-bbe0-64bf7c4b56c4&wid=MLB5317821714&sid=search,1,1,1k-2k,26.25
Smartphone Samsung Galaxy A36 5g 128gb 6gb Ram Câmera Tripla De Até 50mp Selfie De 12mp Ip67 Super Amoled 6.7'' Nfc Recursos Ai Android E Segurança Snapdragon - Preto,1430,2815.0,4.9,Webfones,Chegará grátis amanhã,49,https://www.mercadolivre.com.br/smartphone-samsung-galaxy-a36-5g-128gb-6gb-ram-cmera-tripla-de-ate-50mp-selfie-de-12mp-ip67-super-amoled-67-nfc-recursos-ai-android-e-seguranca-snapdragon-preto/p/MLB47115842#polycard_client=search-desktop&search_layout=grid&position=6&type=product&tracking_id=56a1d9cc-aea3-4341-bbe0-64bf7c4b56c4&wid=MLB6410679768&sid=search,1,1,1k-2k,27.15
Xiaomi Redmi 14c 4G 256 GB 8 GB RAM dual sim cor preto,832,832.0,4.6,Desconhecida,Não informado,0,https://www.mercadolivre.com.br/xiaomi-redmi-14c-4g-256-gb-8-gb-ram-dual-sim-cor-preto/p/MLB41287578#polycard_client=search-desktop&search_layout=grid&position=7&type=product&tracking_id=56a1d9cc-aea3-4341-bbe0-64bf7c4b56c4&wid=MLB6245801058&sid=search,0,0,500-1k,2.3
Smartphone Motorola Moto G06 - 128gb 12gb (4gb Ram + 8gb Ram Boost) E Camera 50mp Com Ai Bateria De 5200 Mah Tela 6.9,661,999.0,4.9,Desconhecida,Chegará grátis amanhã,34,https://www.mercadolivre.com.br/smartphone-motorola-moto-g06-128gb-12gb-4gb-ram-8gb-ram-boost-e-camera-50mp-com-ai-bateria-de-5200-mah-tela-69/p/MLB61381499#polycard_client=search-desktop&search_layout=grid&position=8&type=product&tracking_id=56a1d9cc-aea3-4341-bbe0-64bf7c4b56c4&wid=MLB4515672567&sid=search,1,1,500-1k,22.65
"Celular Samsung Galaxy A07 128gb, 4gb, Câmera 50mp, Tela 6.7 , Proteção Ip54, Processador 6nm - Preto",599,899.0,4.9,Samsung,Chegará grátis amanhã,33,https://www.mercadolivre.com.br/celular-samsung-galaxy-a07-128gb-4gb-cmera-50mp-tela-67-proteco-ip54-processador-6nm-preto/p/MLB55034955#polycard_client=search-desktop&search_layout=grid&position=9&type=product&tracking_id=56a1d9cc-aea3-4341-bbe0-64bf7c4b56c4&wid=MLB5859349564&sid=search,1,1,500-1k,22.35
Samsung Galaxy A06 5g Dual Sim 128gb preto,719,989.0,4.8,Vikings,Chegará grátis amanhã,27,https://www.mercadolivre.com.br/samsung-galaxy-a06-5g-dual-sim-128gb-preto/p/MLB48946861#polycard_client=search-desktop&search_layout=grid&position=10&type=product&tracking_id=56a1d9cc-aea3-4341-bbe0-64bf7c4b56c4&wid=MLB6433836010&sid=search,1,1,500-1k,20.5
"Celular Samsung Galaxy A17 Com Ia, 256gb, 8gb Ram, Câm De 50mp, Tela De 6.7 , Nfc, Ip54 - Preto",1259,1399.0,4.9,Samsung,Chegará grátis amanhã,10,https://www.mercadolivre.com.br/celular-samsung-galaxy-a17-com-ia-256gb-8gb-ram-cm-de-50mp-tela-de-67-nfc-ip54-preto/p/MLB55254425#polycard_client=search-desktop&search_layout=grid&position=11&type=product&tracking_id=56a1d9cc-aea3-4341-bbe0-64bf7c4b56c4&wid=MLB4583723537&sid=search,1,1,1k-2k,15.45
"Celular Samsung Galaxy A07 256gb, 8gb, Câmera 50mp, Tela 6.7 , Proteção Ip54, Processador 6nm - Violeta",852,1399.0,4.9,123 Comprou,Chegará grátis amanhã,39,https://www.mercadolivre.com.br/celular-samsung-galaxy-a07-256gb-8gb-cmera-50mp-tela-67-proteco-ip54-processador-6nm-violeta/p/MLB54964804#polycard_client=search-desktop&search_layout=grid&position=12&type=product&tracking_id=56a1d9cc-aea3-4341-bbe0-64bf7c4b56c4&wid=MLB4277746349&sid=search,1,1,500-1k,24.15
"Smartphone Motorola Moto G86 5g - 256gb 24gb (8gb Ram+16gb Ram Boost) Tela 1.5k Poled, 50mp Sony Camera Ois Moto Ai, Videos Em 4k, Ip68 + Ip69 - Vermelho",1792,2399.0,4.9,Motorola,Chegará grátis amanhã,25,https://click1.mercadolivre.com.br/mclics/clicks/external/MLB/count?a=XIG7j4%2F8qDd2wjjO2ZZM55zmhnFKB7VlW1T4LchnvCGNMIap5%2F3hWX7V3t%2B0bncK4qc0jJnoAQ5Dw9plS5BXBy%2FCf0hZ9M0wFBo4XPe6T5KlzM1BLQ0Yksd%2Ftd8mZI9pBoQ0Q0Vg7mdSpGM04dEq%2FhsjStpXmVp7nDNNkZjBSPs1LwOd55N7LCe5A0A2CLdyy5RpOB424njMZBrI41c9zSqDYkHPj9d1FE%2BVfmFK7bt4dobix3CyC4l1OjmAnq3wBRPphZL4i5zEFdai7oELyumqQiRiHp7ybEwJ4vZP%2F9BS8DMU11tedmxQbV7lqplI8WtaGHW9WiqrcJm6wdgPnG1RnpOlg3wZYOUrf1kpcaluw1STR33Bk02mW%2B14wekcEatHoUTqID8c62%2FPZv7hNAzfpj0XATuE6ZBeiF1ZPEzfOaQ9LcRP0frglOBJdEfL0Kap2Ga%2FUezhgclZ%2BVaze4%2Bd5J8UWwyFaSeeVRgIVqsKrk9pkTQxGzbfkjlDZndbt7SqA8tDiWNADG0Bqgo4Zxla2sRh7jdm%2BSlRPvg%2FbWkCN%2FkS4duVp0rvn1JZwagepbtl%2BlBxdAkI%2BH9VfdmQExXeIS7ZnljjWFon9bEHrHPGmKfdrYDNgMau7VjYnkXU9syVKfsoBzu2k2u8KtMScowxkaekvjPCIJKGAR7q4Ecj4r33Mlk4BtI3CI4pM81gblQ282QTaduKwf6%2BotOeT1OBhSEoJvGVt%2B0v5duFKSGgGOiFoTDdr160g%2Fany7AlA3LmJcguIBfwX5jjhO8RQqkoxYkQZn9Liy3RvmB1ZI%2BngBQTtFiKYf039SZ16o7%2BukvTGpwAeGsjQwS2xljp2zobmD77d9BPLTRSHctlnn2KgUQoGlsR%2BN9lRtPiLHPSZKi0LHAdvITvkuWL8f%2BR%2FOUL%2B%2FVp2XCpUE8vmKk69O1YUcX8nUpIA7MK1jUQdQqGSiIvL%2FKd%2BkCoZ%2BZvesD6gY2ZFCYSps%2BEz%2BAWLsXw1kpJN9GjvJciYvv2eno3JRmosLWMhi%2BxpB%2BOZbcN20A%2FjDCJaKypVAvaISKATTq9YEpMEA%3D%3D#polycard_client=search-desktop&is_advertising=true&searchVariation=MLB51340616&backend_model=search-backend&search_layout=grid&position=13&type=pad&tracking_id=56a1d9cc-aea3-4341-bbe0-64bf7c4b56c4&wid=MLB5462013472&sid=search,1,1,1k-2k,19.95
Smartphone Motorola Moto G05 256gb 4gb Ram Camera 50mp Vermelho,699,1199.0,4.9,Motorola,Chegará grátis amanhã,42,https://click1.mercadolivre.com.br/mclics/clicks/external/MLB/count?a=ac6slvVf3EYn1wzbWuiLqj7dreraUrUoekQzKYvhVdp%2BVv2ZQmCywkagaFJDxTc34QWo%2FZhoxvSUjmZhMNFVHXWzxpMI5sMcRCZYM3eZ0eab1hni%2BHQWkKqhYcaCZ6bQLN%2F9ZxOto1iixSYYr723HUBJlM4372stxjJTXOAJrqpsU4s1enXjeD1FEGndHqZyKN1Xy53u%2FF2mx%2BhdLr7lo3%2F8Xjpba%2B4CC8ynoMtxfuyq41nMHWvB9DpRxH9DZBf%2B0VhQoOaLBUQe02B2Y7MC%2FH6a%2FUCszXXqNX0KcB%2BqtLs8kKFztpKtsnlqXF5dtOmjpKrbQOJtBbKk9tCaxf2MMpfdSgaaW74gnJHsvX860M9UPdhqczdyScqd3OMKeT1SEQnYo1fnfX4O77HUOIburIxN0GlV9WKLo%2FOjWzwB5K9KgU0gPL8Ewl22DmF6NZbJrXoO6tX16H1ffJpbo%2FuT%2F4%2BxiM9zalf0Si7vWD20gXF8iE8ALDznFtPOuJ%2FUTestUymHDqHlLLgTYXymOBEu1tWL%2FDoZTy1XS%2FMrygXTLQANAOXz%2BAqtUTMMD7HM%2B9Qyy%2BLlYPbuH8uZ8Ok0a6%2FI6PA1Cg5cZHQg1YWZKbCAolywFFdf6TNCr5DR61puyR6k3ZIyrJ7X8JoiGr%2BPirYa4frtnLJVnS1nfiY2%2Fxsr3NK7jMSGL3yr4xFEgWzWowEg%2FGcPyW%2BZDTK7vbFbeXH3pLir2CR0%2F7YrPb7xQHOw2BOJrtV31JKwmYboLKN5Nl5ET0muTzVoBu0AuIYjnnBUNAlGCfDUQfOFno4pHAIjF3NyIQpU3dpWJBsYX%2F%2Bje%2BZfKXEdascG%2B6IOV%2BlTfVXXDnVIPKGvfpauRKOClAaKBu0eqACb0IBGN7BgLkOy%2BNuumNooEuQXL%2FM2CngcXOWvxdSx8l2G1a9k3wk8IuCBjSZ0Lf1MGMTRlG6El90fWB7WERptk5GW#polycard_client=search-desktop&is_advertising=true&searchVariation=MLB58493174&backend_model=search-backend&search_layout=grid&position=14&type=pad&tracking_id=56a1d9cc-aea3-4341-bbe0-64bf7c4b56c4&wid=MLB5774641722&sid=search,1,1,500-1k,25.05
Smartphone Motorola Moto G56 5g - 256gb 16gb (8gb Ram+8gb Ram Boost) Camera 50mp Sony Lytia 600 Ultrarresistencia Militar e Ip68 + Ip69 - Cinza,1598,1999.0,4.9,Motorola,Chegará grátis amanhã,20,https://click1.mercadolivre.com.br/mclics/clicks/external/MLB/count?a=9Ql10UA%2BROhZcFywX7BHzXWThIqvpV%2BopgHfCrJN5ZGFbUtFRSnPZXW88rw8dz6hjdh%2Bli1D8sA6r%2BQxvIrYDfShF0XJgebCm5iDD5iv66bv2%2F%2Favo9kJIVXf2c02VnkGI6UhHv7T6OYdR7LTv37uyIOSL30vCDMdIqaHB%2BqQ%2BKz00WZeFi0ZvkE2aGHVaVJOV7U%2BPfNXjAutiEOVXPrPd12s46IVeO%2FEu3XvAK%2BVRdzNKPStcr14fO8BaU9UMfnQeTLg1npGJH18XX9p%2FelnamuFCMVtw1t4hwdV%2F1tagKILmqepKIkK4%2FDYbOWXjgGAW6P96zD6MVjzWEOm8E7Vo0XPUoNBBirG4sg6TWqv7f7%2BRQAobXz0KyEe8qL5nU01fQRqSzA0pvTQtCHKQtV8dIst%2FWgziVfjOO18CptTfbr2wfztrm2iBlqf2dCVV0huYdWDJZSTz4dPyjpGUTbUXAd8Uf1NRZgXi6pFrpVJXF6CP40bXm9P8m93ioBp5bCyT8pRACszYCbMmmlFHSQ%2FFM19rJuHjh5uZgJ3WsQjoJc64WjNR49VchU4gPhTPvrvHMr065hA%2BaZY9drKCQFBOgVNFyd4y7BgZPbgHU6gyGAiA3tiP0iKVjARicBS7Xtugnhwo5dZXTUPF7BC61xk7%2B0UFRRapIZVj0vVGDUrsns0%2B7nQ2DoMpS4hTOTDCSrArHmZMEIzzkYIDFtMSYrd6sOceqZ%2BlbgLVnSnBhRqbKP%2Bk7X9d9ayz7zv9BnRny5I64fXHTnu0Kp%2BklyIX9QBxKUmEQVmLP5mJJdDdNiND6WYOB5VFVjWpbp351afcBE%2BYHyS1nBbGq%2BREMHNBbH4rN7%2FWF0rsbuoALiZxuB%2BG3XOpTe9qEhTFP0vp7vpgJ6RpnAxC7tD%2FuxpEbN7pbmQZtiP4ck8efu4LLJ0tDk%2Bq0eC82YDLkBN6OV2MhYzH71QJMdo2S9f1%2FEzMtRiXYwZW1aG65%2FM%2BBEZiyLeKByT9J%2F6x6BzbpDz0rwMH0A8TXhI%2Fa5iZFbQxtKwN4ViNrz2x6SK9vcTNnPPRDR#polycard_client=search-desktop&is_advertising=true&searchVariation=MLB50301060&backend_model=search-backend&search_layout=grid&position=15&type=pad&tracking_id=56a1d9cc-aea3-4341-bbe0-64bf7c4b56c4&wid=MLB5402372302&sid=search,1,1,1k-2k,18.45
"Smartphone Motorola Moto G67 5g - 128gb 12gb (4gb Ram + 8gb Ram Boost) Camera 50mp Sony Lytia 600, Tela 1.5k Extreme Amoled 120hz, Ultrarresistente - Chumbo",1529,1899.0,4.8,Motorola,Chegará grátis amanhã,19,https://click1.mercadolivre.com.br/mclics/clicks/external/MLB/count?a=2uYn8QeNmOLPLntFlfOJnUhqbUAM7Hfh%2BqXDnhcf61QJQB4dzLJ9eFmg5QNkaL8faj3I%2FylJvkCRdHe28lDZu3ho13sPTnzfof7VNzr3qaSvZkEJwOOLqejxnQNO7bfqf8058W4CDmYc4moL3%2B4w%2FnXSkYYqT8n9AfJ4abMM3ea27mG%2FVcCShwnSZsOgXl3AawVDOGIOTv0cGyUbPTj20rWGLuzOsDOfydDzoX73ugwgDg9ViR216VCvVQlb2tVXly512zDhjdIw4hrSk6YoIUKrBTFMDHmnXqkDoHH8HZsDgDY1160Yt1tQ3RCnT2rFjoy86oDmNIJv8Op%2BcwqhlrIBYNrC5Nddi29qDoQpEMppEza%2FqoxwmzugVIDTjOZaoh8OEy2fdMxmeYmpWDzRmk8iefZRAN6%2FAkTF5WdYOUekUnqoQzW53QHL%2BcL7mGE2uvSYz04h8g3eTBoYXte1GcCF4G4vSLc5Ztaux2689%2BUm1CBAJv1E4qvVKsiqh14nljalof8yzYmDHiev5DwlI6rA7e%2BJBAUnazoG7BzTYPfAHc%2ByWW%2BYJsePkmKViI8%2Buv%2BLklZSC0l9cVqhWFDMk0m72t4s6Ie0znvUthz4nXu6ko1BnrbJ2oXdv%2FUAcgvKbY1%2BvHi4KOL00qGLaa9b8PLBpfMsuj3JABigjzicF7IiwmT071uQvkaScsg3qcWVXE5ONbgGzExA8G8sUWuPo6wJNoPgsRv%2FNwDaPPamuVD83dA%2F6%2FHUgCQU%2FE%2B2hoYc4W0U1FOlMafd9Qn7OznY9rN0vLNpupe1cbvDDfz2j2FBPwRDG6BPJ%2BVNLSziiLeSP9lH%2FPKfw0l5FUs3ft5n4rzDBYOGfTCy%2BAwqIVhKgU5GYJSol%2BPiuxFXqEQsWDDCugtONy%2Bc02X%2FPuJxTNCy0LKsDFU2wkZVT7%2F5cagUcMmRJDnK1zRmTbRLt0Tw9PYG49VmqjkYYRLsGShJMIiwJpEjn8MO8TMFADYz2DaOAfev%2FPmtPln8vBqGQeMh7KAskY9UNC%2Bkkt9nFgfg9fnfonNQ49UY502W0t61nJUrZnQIUiN8yVdRXUM%3D#polycard_client=search-desktop&is_advertising=true&searchVariation=MLB65319818&backend_model=search-backend&search_layout=grid&position=16&type=pad&tracking_id=56a1d9cc-aea3-4341-bbe0-64bf7c4b56c4&wid=MLB6420538026&sid=search,1,1,1k-2k,18.1
Smartphone Motorola Moto G06 - 256gb 12gb (4gb Ram + 8gb Ram Boost) E Camera 50mp Com Ai Bateria De 5200 Mah Tela 6.9 - Bege,723,1349.0,4.9,Motorola,Chegará grátis amanhã,46,https://www.mercadolivre.com.br/smartphone-motorola-moto-g06-256gb-12gb-4gb-ram-8gb-ram-boost-e-camera-50mp-com-ai-bateria-de-5200-mah-tela-69-bege/p/MLB55762063#polycard_client=search-desktop&search_layout=grid&position=17&type=product&tracking_id=56a1d9cc-aea3-4341-bbe0-64bf7c4b56c4&wid=MLB5765125576&sid=search,1,1,500-1k,26.25
Smartphone Motorola Edge 60 Pro 5g - 256gb 24gb (12gb Ram+12gb Ram Boost) Tela Quad-curve Moto Ai 50mp Sony Camera Ultrarresistencia Militar Ip68 + Ip69 - Azul,2694,4499.0,4.9,Motorola,Chegará grátis amanhã,40,https://www.mercadolivre.com.br/smartphone-motorola-edge-60-pro-5g-256gb-24gb-12gb-ram12gb-ram-boost-tela-quad-curve-moto-ai-50mp-sony-camera-ultrarresistencia-militar-ip68-ip69-azul/p/MLB49085450#polycard_client=search-desktop&search_layout=grid&position=18&type=product&tracking_id=56a1d9cc-aea3-4341-bbe0-64bf7c4b56c4&wid=MLB5382324466&sid=search,1,1,2k-5k,24.45
Smartphone Samsung Galaxy A36 5G 256GB 8GB RAM,1521,3299.0,4.9,Samsung,Chegará grátis amanhã,54,https://www.mercadolivre.com.br/smartphone-samsung-galaxy-a36-5g-256gb-8gb-ram/p/MLB47111905#polycard_client=search-desktop&search_layout=grid&position=19&type=product&tracking_id=56a1d9cc-aea3-4341-bbe0-64bf7c4b56c4&wid=MLB5317478858&sid=search,1,1,1k-2k,28.65
"Celular Samsung Galaxy A17 5g Com Ia, 256gb, 8gb Ram, Câm De 50mp, Tela De 6.7 , Nfc, Ip54 - Preto",1576,1899.0,4.9,Samsung,Chegará grátis amanhã,17,https://www.mercadolivre.com.br/celular-samsung-galaxy-a17-5g-com-ia-256gb-8gb-ram-cm-de-50mp-tela-de-67-nfc-ip54-preto/p/MLB54961455#polycard_client=search-desktop&search_layout=grid&position=20&type=product&tracking_id=56a1d9cc-aea3-4341-bbe0-64bf7c4b56c4&wid=MLB6574985998&sid=search,1,1,1k-2k,17.55
Celular Smartphone Realme C73 256gb 8gb Ram Dual Sim 120hz 6000mAh Violeta,1149,1999.0,4.8,Webfones,Chegará grátis amanhã,43,https://www.mercadolivre.com.br/celular-smartphone-realme-c73-256gb-8gb-ram-dual-sim-120hz-6000mah-violeta/p/MLB62258511#polycard_client=search-desktop&search_layout=grid&position=21&type=product&tracking_id=56a1d9cc-aea3-4341-bbe0-64bf7c4b56c4&wid=MLB4334411855&sid=search,1,1,1k-2k,25.3
"Celular Samsung Galaxy A26 5g 256gb, 8gb Ram, Câmera De 50mp, Ip67, Tela Super Amoled 6.7 , Nfc - Preto",1405,2167.0,4.8,123 Comprou,Chegará grátis amanhã,35,https://www.mercadolivre.com.br/celular-samsung-galaxy-a26-5g-256gb-8gb-ram-cmera-de-50mp-ip67-tela-super-amoled-67-nfc-preto/p/MLB47424244#polycard_client=search-desktop&search_layout=grid&position=22&type=product&tracking_id=56a1d9cc-aea3-4341-bbe0-64bf7c4b56c4&wid=MLB5474927460&sid=search,1,1,1k-2k,22.9
"Celular Samsung Galaxy A17 Com Ia, 128gb, 4gb Ram, Câm De 50mp, Tela De 6.7 , Nfc, Ip54 - Preto",899,1499.0,4.9,Samsung,Chegará grátis amanhã,40,https://www.mercadolivre.com.br/celular-samsung-galaxy-a17-com-ia-128gb-4gb-ram-cm-de-50mp-tela-de-67-nfc-ip54-preto/p/MLB54987753#polycard_client=search-desktop&search_layout=grid&position=23&type=product&tracking_id=56a1d9cc-aea3-4341-bbe0-64bf7c4b56c4&wid=MLB4217306791&sid=search,1,1,500-1k,24.45
"Celular Samsung Galaxy S25 Fe 5g, 128gb, 8gb Ram, Câmera Tripla De 50+12+8, Tela Grande De 6.7 Jetblack",2868,4499.0,4.9,Samsung,Chegará grátis amanhã,36,https://www.mercadolivre.com.br/celular-samsung-galaxy-s25-fe-5g-128gb-8gb-ram-cmera-tripla-de-50128-tela-grande-de-67-jetblack/p/MLB61692896#polycard_client=search-desktop&search_layout=grid&position=24&type=product&tracking_id=56a1d9cc-aea3-4341-bbe0-64bf7c4b56c4&wid=MLB6087231690&sid=search,1,1,2k-5k,23.25
"Smartphone Motorola Moto G17 4g - 256gb 12gb (4gb Ram + 8gb Ram Boost) Camera 50mp Sony Lytia 600, Tela Fhd+ 60hz, Bateria 5200 Mah - Rosa",1078,1749.0,4.9,Motorola,Chegará grátis amanhã,38,https://click1.mercadolivre.com.br/mclics/clicks/external/MLB/count?a=x9XH70P66gIWVcRXbrwzftXF3n2Ru%2BeA5QbHxPMb1XIfyyayDe83BimUiB7g5NK29C%2FpGFChDhEWbe3w3a5PPFfAaxhaVR%2FfitzDkheSwgdY1aBILNq0H0JJq%2Boj6NzvJk0H%2ByF50MjqMmDRSlkANw3wG%2FbV9afUunZUNyPnzjl7BjDAC3S20mAXGYyXX1tzxhVbVWpN7PIY%2BvCeeJgVxFrqLWUjm0kgTAsQdpCc16w919vLcGZnPrlTvg59hoM1UK0oCL7soqPxmPnPVZN5AKFrER2E56uGvmzoPPG18anMhbPLjeRZDuVe3rnXgx52Iy2OOBKkw%2FsJYjSAWbUijkvNCC5TEdyZi68mSXyNgTAzKtXXMOsklseyZklIOWoflVW6gLZoTQOrAnrLuypQo%2B%2FN%2FdRyw8SVqZEi2OIj%2BHLcp%2BAZ2nc08JKdtOyIeHFt7BIqZCaVJ7x5X%2FGlUxOuHJ1AmMdmaHOsYk1IPTaQHRklsa5b%2B%2BmN%2FNhI821sdr%2BmtublWuScgEKKjH1r81IxESlxFjQLky0Ic74kYNBgh2e9oc3Kh2VZVd%2BAnBio6vIo8DIpTkatNnlOpb5Sg49N60xmkNOHo2cQxDh%2BZtSO2B445VJUvk%2FNYXwvQgGKUBsBhMc%2FD3YQ%2FouRMyEGRIb9OLumOUWzwOuabHN%2BM0pLthWe2sSR%2BUpboJ8DBOp1lbqj5Bb26eprXYQIY6Qr9GQ%2B4sBMck9XmUHNmX6alJKgNVT214ZmuJNJr67RzEQ9YET5xuWak%2FjEHR0%2FHdiGIir24s2s04NAy2mSerZ2FSzlcQfLMUL3sWozvGgM8QzD292pxxEfIvro1kB8VBOjfFSBn52jxYndca4YGJV0PUiWQGcMEF2O9Ey490UbMGp%2Bb4qMD3DSaiJKZJAbjY7HpEQDxKIG873l4Si5Oyv5NbOwl7LdO4UOco9h4fZi0D7MudrYIcznIaRkTNi3oCCi7ea%2FZnfaCpz54P2Mylf9da0XbW75yS36mg2ds6TPf0ZcBCQCAZ2WoR4PyoFJaheEfNO%2FfqPme8Ju6A%3D%3D#polycard_client=search-desktop&is_advertising=true&searchVariation=MLB65041664&backend_model=search-backend&search_layout=grid&position=25&type=pad&tracking_id=56a1d9cc-aea3-4341-bbe0-64bf7c4b56c4&wid=MLB4510840013&sid=search,1,1,1k-2k,23.85
Moto G15 Dual Sim 4gb Ram 128gb Azul Marino,699,1099.0,4.8,Motorola,Frete grátis,36,https://click1.mercadolivre.com.br/mclics/clicks/external/MLB/count?a=TOWlKEs%2F8zrqi7dmBEOn2SPA7gyvwVii9w9m6imrjt8yFGo7TA8gn6%2FUyRv%2FSl1tjnho0uqaYm0I7JPo6r4Amx6hcmXED2Mu9HiV5bzznuIaN%2BUzUy0zVJdMD7IWzoQ%2F16xF33dFHMYoupusHahId2oRnrI4LwPyq5MO%2FYepQm%2Boq96r2GWHjRCXSGExekwzRFcdCgktUdVBbx4SagQ00cdQLHEIMDON0ojuFU0vpvp69HGoRHEz9Snrq8PebWcyxmUFc0tkRQSRHu2z80eardpqfyI%2Fmb5Qh%2Fz66qTrhwp6GMRLSzUt%2Bgxb1LHsSkU%2F21SKoPCRUEfx3Y4W5UJkXOOH5THIZkt3z8uGNJ2UCu%2Bsv4LgbR1TgDV5M8801zAigOPPMk%2FaukGGoswVsjaQ7ccwLOgq03Mk0KOMP58BpJMqzJhQkwsjngd6Tcd%2BvikBiRIyPx0e6oO8cPF6CwGuZFrIp0j8FlpnqTEcY5efafuhyxHu899yN6JwE0DeVfqP%2F1UQjErZj9%2FB1P%2B3pRFWeP%2BXVxie2rOD1x37gLHgZ5n%2FH6Q%2B12t3EA7vMmxCY%2F3BJ0Ka5kFC01NXseANdMI8v5z4EIQaD%2FeWvWnTytldv40Akl52Qh5OxGipMNhFrmS%2B1V8BboAXbm0YldCAMFYV54SxTbEOc7X1UoOiaLenWsvXwNvdJZ9TGEbf%2BwtfGWd1PbYvHrcqJw8kB%2B2hGWYkedU8%2BgHcGWXmRblxHBQOqwZvMpVpNFx3a8tP4GEKH9q%2FnsJOeGgCGIMiwezpc4SHCJXMGqFpZn3eAbDPswt00W9U4G2ay4F24M1Z8%2FB5ypQBGuFBm2nHdFkj9pkAuzS%2BaqPRSey3JzoWvqPAIgORzmXut%2ByopVHUMteRRqLFLsfcdV3tBAjtyLrQhfhISOfHYPBAp3Ci1pUR1T31wKWyFIvXLg%3D%3D#polycard_client=search-desktop&is_advertising=true&searchVariation=MLB46056608&backend_model=search-backend&search_layout=grid&position=26&type=pad&tracking_id=56a1d9cc-aea3-4341-bbe0-64bf7c4b56c4&wid=MLB3975530813&sid=search,1,1,500-1k,23.2
"Smartphone Motorola Signature 5g - 512gb 24gb (12gb Ram + 12gb Ram Boost), 3 Cameras 50mp Sony Lytia E Zoom 100x, Tela 1.5k Extreme Amoled 165hz - Preto",7649,8999.0,4.8,Motorola,Chegará grátis amanhã,15,https://click1.mercadolivre.com.br/mclics/clicks/external/MLB/count?a=YXf%2FVZ%2FATQLrhLGalIL2aPGl41oD48rkPZ7zQhmxtCr0JthbNqEZ7ribXvX42Ugvmtw2w%2FjjzMpLCvAVwD0GYuvxkRV1BwmJZ7T7946J1cGTnLt2LpIy%2F16llU77YOH3B9e%2FPTFew5T9v5jn8UyjbI%2BnzIED%2BnAn1FpRrKZHgZ4uf9Y0ELH%2Fy1CCmYEqk%2BrD1UKzuv9vsY%2BR2FQZUlO3S%2B6uVCw51EuOhxai4ugQrWhCpJFocE%2Bg%2FqyTnvANv%2Fd12NujomKWefpiRhroDlQJSlDSHzzsLYCdkEjCpKI1wEZa%2BOwRqt4xRFLofJh582PmNt5r89oekHTV3UTD4S3leS%2Bmxhaqx2%2F3EXCheoyNEggW2Ee4ILI2dmLrwOuKAJ%2FkqbtnjV%2B6HLqmay4CTfyGABhXQbzdbegs82stNMUYBWcloH8A2nnxhn%2BVPdsOlDWGm%2FmXQGpVnWY7R%2ByZScqGVstmUa2i5cYVln2HagOtfbeOJscON%2FW3gC8Cq89vfzuB%2FnokcsSlpshRi4Xp%2F7%2FUhTb%2BWaLxdNBj7KhwnCIFp4PU7M3LlEbeHy%2FM7%2Bg%2FLyhtu8PiJyXB488QHDgQb3Y%2F4pyLkt6%2BKXKb86LGW8Exp7LDeEuHzO9fTYGeyLGIaGgBV%2FSpiwpaHCHS5MRyCUXYmddUeuRlIS7UwWmHnCTkZDFv1qGPVB9LwNZDEO8AnBxVkS%2Fm1HzxZBrPtcwRqp6ED%2BC5xJMGo0KBM0dFI5tZxqImP5P7r%2BXlKCOSUDzDmLAFBz2ub8brdn%2FuXugURvJ6FCmJkTt2jPN5XU7TWSpQc7VwDs7Ha5hCJclxSsRAGfIHe6oxjkAD0dZzrunZ%2B%2BspfPqxFuHgQ%2F8VKFTWE7KH1uM9W2GeAPJK6PYeUnCe3qz3j5F%2BaeRcl2c1D5jQNJ%2BCnibB0dtehbCr2Z%2FwQsmdgWMcOCRpqGbmkdCTe%2BX8NdXBKuiqCWu%2Bd%2Bdg0u2IQQ8nMUF%2FazhHy%2F16QRo9Fzh14AgkVMfb639qcELJqHZuLqwpfpNpMULtqXWAkoI%2F%2BBJUwUsVld0PfJ09NfEJj1OnYWVcmNLvaA%3D%3D#polycard_client=search-desktop&is_advertising=true&searchVariation=MLB65938141&backend_model=search-backend&search_layout=grid&position=27&type=pad&tracking_id=56a1d9cc-aea3-4341-bbe0-64bf7c4b56c4&wid=MLB6373850588&sid=search,1,1,5k-10k,16.9
Smartphone Motorola Edge 60 Fusion 5g - 256gb 16gb (8gb Ram+8gb Ram Boost) 50mp Sony Ai Camera Ip68 Nfc - Rosa,1939,3299.0,4.9,Motorola,Chegará grátis amanhã,41,https://click1.mercadolivre.com.br/mclics/clicks/external/MLB/count?a=j1ICqKCcoTxPEAsisEjb7snEMlkHcAIW3jBkaT%2FRUPpaAYxAiNzebvKtdQY9Pt1%2FelTkqDrr9I5hUfNDkdGRp%2F0qgZZRFXr3VSPoWWki%2Fl8BD%2BphkjkCPUX32m1ZO8tngUWzIuBm56SkUmU5rcy0Y37YN%2FuoI4AL079xcVv3WsZAMJg969M1U%2BWC4utbyILn%2F%2BqiVkywWMxVExskhlsijIy4ca%2FQI2ek6Ry40weh37bEIWKWuQcCYNIkJpO1lm7aIWFkz6%2BWuQdVCwDHju4G7ZTAH7OHFwJJptrRI7DVfgzyA2XG8Be2nSiqOuJvbsULLBxDzjEtRlVedg9yk1nQVXMsvsw1wtVcTRt6%2FBH3d%2BfOYneKoBkH%2B832J7OWZDd%2FTxYG2GwKCPrC1vV4wfFOdXoAgoZ5kfEx55P4R2sY6WxPKaCRrNyxr2KfGAP1C6KhfAsXG6LoUEl3wrc34nawj1xz7T6jLkhU%2BJu99nfuGtgkbyNkxLcxfn%2BJxnB6d9oAUbA%2BeY7SO%2BvOBuwbs9nYVtMdtoEjD0tHl6uTd%2BXkwbQkqNACLu3Szm1hTL1BDaH7frAjIKXqDao%2B%2FVQi3tKBrPxrD6PF1CJKHKdGpm%2BxvGdyrt3Axib1ksXbPN8MvjTpdo5kdzyJ%2BdZPBhjSN2LjoWFzFXRKY0%2FyFpqkbvanHpdKwbUm4KpCEZVpDGmgxJJl6xJf%2FFVqVPTcHXcMCh92u3R%2FIe%2F8B4X37qzfrdKy9pUC2KkAMH%2BdMnF6w7V8U2uDvzDBd5BPtqO3FotfLGzXmhF5vsHjR0GFf13wGcALpftxJGHtxEQnj7Z4f6hDzmX2mozVYNPvB4Yahiei0Zqgx0A%2BvJCnIbMXHlhC9LPZX6egzGkzAMBVmkM%2FirOdK%2Fp2Z6T1Q6QnWkc%2Fk6tmjwCF4ZImGYqbyn1LBc%2BdpLyTRA4VDbTC7ePzk39%2BQoAhiMcc1%2BZlDO6mGxe4Ch0NSKPYrEGcWiTQnD82FY3CbEib4iaHo650c7mli1o3kxJECw%3D%3D#polycard_client=search-desktop&is_advertising=true&searchVariation=MLB47251829&backend_model=search-backend&search_layout=grid&position=28&type=pad&tracking_id=56a1d9cc-aea3-4341-bbe0-64bf7c4b56c4&wid=MLB4027318137&sid=search,1,1,1k-2k,24.75
Smartphone Motorola Moto G05 256gb 4gb Ram Camera 50mp Vermelho,699,1199.0,4.9,Motorola,Chegará grátis amanhã,42,https://www.mercadolivre.com.br/smartphone-motorola-moto-g05-256gb-4gb-ram-camera-50mp-vermelho/p/MLB58493174#polycard_client=search-desktop&search_layout=grid&position=29&type=product&tracking_id=56a1d9cc-aea3-4341-bbe0-64bf7c4b56c4&wid=MLB5774641722&sid=search,1,1,500-1k,25.05
iPhone 16e (128 GB) - Preto - Distribuidor Autorizado,3699,5799.0,4.9,Apple,Chegará grátis amanhã,36,https://www.mercadolivre.com.br/iphone-16e-128-gb-preto-distribuidor-autorizado/p/MLB1046215784#polycard_client=search-desktop&search_layout=grid&position=30&type=product&tracking_id=56a1d9cc-aea3-4341-bbe0-64bf7c4b56c4&wid=MLB3986439067&sid=search,1,1,2k-5k,23.25
Smartphone Motorola Edge 60 Neo 5G - 256GB 24GB (12GB RAM + 12GB Ram Boost) 50MP Sony Camera Moto AI e tela 1.5K Super HD - Latte,1799,3799.0,4.9,Motorola,Chegará grátis amanhã,53,https://www.mercadolivre.com.br/smartphone-motorola-edge-60-neo-5g-256gb-24gb-12gb-ram-12gb-ram-boost-50mp-sony-camera-moto-ai-e-tela-15k-super-hd-latte/p/MLB58684606#polycard_client=search-desktop&search_layout=grid&position=31&type=product&tracking_id=56a1d9cc-aea3-4341-bbe0-64bf7c4b56c4&wid=MLB4265763257&sid=search,1,1,1k-2k,28.349999999999998
"Samsung Galaxy S25 5G, 256GB, 12GB, Câmera Tripla - Azul claro",3898,5999.0,4.9,Samsung,Chegará grátis amanhã,35,https://www.mercadolivre.com.br/samsung-galaxy-s25-5g-256gb-12gb-cmera-tripla-azul-claro/p/MLB45513356#polycard_client=search-desktop&search_layout=grid&position=32&type=product&tracking_id=56a1d9cc-aea3-4341-bbe0-64bf7c4b56c4&wid=MLB5264376996&sid=search,1,1,2k-5k,22.95
"Smartphone Motorola Moto G86 5g - 256gb 24gb (8gb Ram+16gb Ram Boost) Tela 1.5k Poled, 50mp Sony Camera Ois Moto Ai, Videos Em 4k, Ip68 + Ip69 - Vermelho",1792,2399.0,4.9,Motorola,Chegará grátis amanhã,25,https://www.mercadolivre.com.br/smartphone-motorola-moto-g86-5g-256gb-24gb-8gb-ram16gb-ram-boost-tela-15k-poled-50mp-sony-camera-ois-moto-ai-videos-em-4k-ip68-ip69-vermelho/p/MLB51340616#polycard_client=search-desktop&search_layout=grid&position=33&type=product&tracking_id=56a1d9cc-aea3-4341-bbe0-64bf7c4b56c4&wid=MLB5462013472&sid=search,1,1,1k-2k,19.95
"Smartphone Infinix Note 50X 5G 8GB RAM 256GB De Armazenamento Tela 6,78"" Polegadas HD+ 120HZ Câmera 50MP + Selfie 8MP Bateria 5200mah NFC, DTS Áudio - Cor Cinza",1349,2267.0,4.8,123 Comprou,Chegará grátis amanhã,40,https://www.mercadolivre.com.br/smartphone-infinix-note-50x-5g-8gb-ram-256gb-de-armazenamento-tela-678-polegadas-hd-120hz-cmera-50mp-selfie-8mp-bateria-5200mah-nfc-dts-audio-cor-cinza/p/MLB61656785#polycard_client=search-desktop&search_layout=grid&position=34&type=product&tracking_id=56a1d9cc-aea3-4341-bbe0-64bf7c4b56c4&wid=MLB5957442486&sid=search,1,1,1k-2k,24.4
Smartphone Motorola Edge 60 5g - 512gb 24gb (12gb Ram+12gb Ram Boost) Tela Quad-curve Moto Ai 50mp Sony Camera Ultrarresistencia Militar Ip68 + Ip69 - Azul Marinho,2099,2799.0,4.9,Motorola,Não informado,25,https://www.mercadolivre.com.br/smartphone-motorola-edge-60-5g-512gb-24gb-12gb-ram12gb-ram-boost-tela-quad-curve-moto-ai-50mp-sony-camera-ultrarresistencia-militar-ip68-ip69-azul-marinho/p/MLB48930800#polycard_client=search-desktop&search_layout=grid&position=35&type=product&tracking_id=56a1d9cc-aea3-4341-bbe0-64bf7c4b56c4&wid=MLB5363845340&sid=search,1,0,2k-5k,9.95
Smartphone Motorola Moto G35 5g 256gb 12gb Ram Boost Coral,945,2000.0,4.8,Desconhecida,Não informado,53,https://www.mercadolivre.com.br/smartphone-motorola-moto-g35-5g-256gb-12gb-ram-boost-coral/p/MLB63092926#polycard_client=search-desktop&search_layout=grid&position=36&type=product&tracking_id=56a1d9cc-aea3-4341-bbe0-64bf7c4b56c4&wid=MLB6228408744&sid=search,1,0,500-1k,18.299999999999997
Smartphone Motorola Moto G56 5g - 256gb 16gb (8gb Ram+8gb Ram Boost) Camera 50mp Sony Lytia 600 Ultrarresistencia Militar e Ip68 + Ip69 - Cinza,1598,1999.0,4.9,Motorola,Chegará grátis amanhã,20,https://www.mercadolivre.com.br/smartphone-motorola-moto-g56-5g-256gb-16gb-8gb-ram8gb-ram-boost-camera-50mp-sony-lytia-600-ultrarresistencia-militar-e-ip68-ip69-cinza/p/MLB50301060#polycard_client=search-desktop&search_layout=grid&position=37&type=product&tracking_id=56a1d9cc-aea3-4341-bbe0-64bf7c4b56c4&wid=MLB5402372302&sid=search,1,1,1k-2k,18.45
Apple iPhone 16 (256 GB) - Preto - Distribuidor Autorizado,5205,9538.0,4.9,Apple,Chegará grátis amanhã,45,https://www.mercadolivre.com.br/apple-iphone-16-256-gb-preto-distribuidor-autorizado/p/MLB1040287796#polycard_client=search-desktop&search_layout=grid&position=38&type=product&tracking_id=56a1d9cc-aea3-4341-bbe0-64bf7c4b56c4&wid=MLB3931272075&sid=search,1,1,5k-10k,25.95
"Smartphone OPPO A6t 128gb, 12gb Ram (4gb + 8gb Virtual Ram), Bateria Gigante de 6500mAh, Processador Snapdragon, Tela 120Hz, AI Câmera, IP64 - Violeta",899,1299.0,4.9,Oppo,Chegará grátis amanhã,31,https://www.mercadolivre.com.br/smartphone-oppo-a6t-128gb-12gb-ram-4gb-8gb-virtual-ram-bateria-gigante-de-6500mah-processador-snapdragon-tela-120hz-ai-cmera-ip64-violeta/p/MLB66130734#polycard_client=search-desktop&search_layout=grid&position=39&type=product&tracking_id=56a1d9cc-aea3-4341-bbe0-64bf7c4b56c4&wid=MLB4573343865&sid=search,1,1,500-1k,21.75
"Smartphone Xiaomi Redmi 15 8gb 256gb Tela 6,9 144hz, Bateria 7.000 Mah, 50 Mp Preto",1390,1390.0,4.8,Desconhecida,Chegará grátis amanhã,0,https://www.mercadolivre.com.br/smartphone-xiaomi-redmi-15-8gb-256gb-tela-69-144hz-bateria-7000-mah-50-mp-preto/p/MLB61511995#polycard_client=search-desktop&search_layout=grid&position=40&type=product&tracking_id=56a1d9cc-aea3-4341-bbe0-64bf7c4b56c4&wid=MLB4390450235&sid=search,0,1,1k-2k,12.4
Celular Samsung Galaxy A56 5g 128gb 8gb Ram Rosa,1998,3299.0,4.9,Samsung,Chegará grátis amanhã,39,https://www.mercadolivre.com.br/celular-samsung-galaxy-a56-5g-128gb-8gb-ram-rosa/p/MLB47106876#polycard_client=search-desktop&search_layout=grid&position=41&type=product&tracking_id=56a1d9cc-aea3-4341-bbe0-64bf7c4b56c4&wid=MLB4561879339&sid=search,1,1,1k-2k,24.15
Apple iPhone 15 (128 GB) - Azul - Distribuidor Autorizado,4499,7209.0,4.9,Apple,Chegará grátis amanhã,38,https://www.mercadolivre.com.br/apple-iphone-15-128-gb-azul-distribuidor-autorizado/p/MLB1027172667#polycard_client=search-desktop&search_layout=grid&position=42&type=product&tracking_id=56a1d9cc-aea3-4341-bbe0-64bf7c4b56c4&wid=MLB4408547152&sid=search,1,1,2k-5k,23.85
iPhone 17 Pro 256GB - Azul-profundo - Distribuidor Autorizado,9899,11499.0,4.9,Apple,Chegará grátis amanhã,14,https://www.mercadolivre.com.br/iphone-17-pro-256gb-azul-profundo-distribuidor-autorizado/p/MLB1055308781#polycard_client=search-desktop&search_layout=grid&position=43&type=product&tracking_id=56a1d9cc-aea3-4341-bbe0-64bf7c4b56c4&wid=MLB5687335472&sid=search,1,1,5k-10k,16.65
iPhone 17 256 GB - Sálvia - Distribuidor Autorizado,6297,7999.0,4.9,Apple,Chegará grátis amanhã,21,https://www.mercadolivre.com.br/iphone-17-256gb-salvia-distribuidor-autorizado/p/MLB1055308843#polycard_client=search-desktop&search_layout=grid&position=44&type=product&tracking_id=56a1d9cc-aea3-4341-bbe0-64bf7c4b56c4&wid=MLB6545162768&sid=search,1,1,5k-10k,18.75
Apple iPhone 16 (128 GB) - Preto - Distribuidor Autorizado,4986,7799.0,4.9,Apple,Chegará grátis amanhã,36,https://www.mercadolivre.com.br/apple-iphone-16-128-gb-preto-distribuidor-autorizado/p/MLB1040287808#polycard_client=search-desktop&search_layout=grid&position=45&type=product&tracking_id=56a1d9cc-aea3-4341-bbe0-64bf7c4b56c4&wid=MLB5120546360&sid=search,1,1,2k-5k,23.25
Smartphone Motorola Edge 60 Pro 5g - 512gb 24gb (12gb Ram+12gb Ram Boost) Tela Quad-curve Moto Ai 50mp Sony Camera Ultrarresistencia Militar Ip68 + Ip69 - Cinza,3059,5499.0,4.9,Motorola,Chegará grátis amanhã,44,https://www.mercadolivre.com.br/smartphone-motorola-edge-60-pro-5g-512gb-24gb-12gb-ram12gb-ram-boost-tela-quad-curve-moto-ai-50mp-sony-camera-ultrarresistencia-militar-ip68-ip69-cinza/p/MLB48998798#polycard_client=search-desktop&search_layout=grid&position=46&type=product&tracking_id=56a1d9cc-aea3-4341-bbe0-64bf7c4b56c4&wid=MLB5389690592&sid=search,1,1,2k-5k,25.65
"Tcl Smartphone 605 4g, Octa Core, 128gb 12gb Ram (4+8), 6.7 Hd+ 90hz, Nfc, Dual Sim, 50mp",649,799.0,4.7,Mercado Livre,Chegará grátis amanhã,19,https://www.mercadolivre.com.br/tcl-smartphone-605-4g-octa-core-128gb-12gb-ram-48-67-hd-90hz-nfc-dual-sim-50mp/p/MLB53155051#polycard_client=search-desktop&search_layout=grid&position=47&type=product&tracking_id=56a1d9cc-aea3-4341-bbe0-64bf7c4b56c4&wid=MLB6161225994&sid=search,1,1,500-1k,18.05
Apple iPhone 15 (256 GB) - Preto - Distribuidor Autorizado,4751,8095.0,4.9,Apple,Chegará grátis amanhã,41,https://www.mercadolivre.com.br/apple-iphone-15-256-gb-preto-distribuidor-autorizado/p/MLB1027172669#polycard_client=search-desktop&search_layout=grid&position=48&type=product&tracking_id=56a1d9cc-aea3-4341-bbe0-64bf7c4b56c4&wid=MLB3621184765&sid=search,1,1,2k-5k,24.75
Smartphone Motorola Edge 60 Fusion 5g - 256gb 16gb (8gb Ram+8gb Ram Boost) 50mp Sony Ai Camera Ip68 Nfc - Rosa,1939,3299.0,4.9,Motorola,Chegará grátis amanhã,41,https://www.mercadolivre.com.br/smartphone-motorola-edge-60-fusion-5g-256gb-16gb-8gb-ram8gb-ram-boost-50mp-sony-ai-camera-ip68-nfc-rosa/p/MLB47251829#polycard_client=search-desktop&search_layout=grid&position=49&type=product&tracking_id=56a1d9cc-aea3-4341-bbe0-64bf7c4b56c4&wid=MLB4027318137&sid=search,1,1,1k-2k,24.75
Smartphone Motorola Moto G15 256gb 12gb 4GB RAM 8GB RAM Boost Camera 50mp Verde,899,1499.0,4.8,Motorola,Chegará grátis amanhã,40,https://www.mercadolivre.com.br/smartphone-motorola-moto-g15-256gb-12gb-4gb-ram-8gb-ram-boost-camera-50mp-verde/p/MLB44665542#polycard_client=search-desktop&search_layout=grid&position=50&type=product&tracking_id=56a1d9cc-aea3-4341-bbe0-64bf7c4b56c4&wid=MLB5237351728&sid=search,1,1,500-1k,24.4
iPhone 17 Pro 512GB - Azul-profundo - Distribuidor Autorizado,11699,12999.0,4.9,Apple,Chegará grátis amanhã,10,https://www.mercadolivre.com.br/iphone-17-pro-512gb-azul-profundo-distribuidor-autorizado/p/MLB1055308802#polycard_client=search-desktop&search_layout=grid&position=51&type=product&tracking_id=56a1d9cc-aea3-4341-bbe0-64bf7c4b56c4&wid=MLB4200188179&sid=search,1,1,10k+,15.45
"Smartphone Motorola Signature 5g - 512gb 24gb (12gb Ram + 12gb Ram Boost), 3 Cameras 50mp Sony Lytia E Zoom 100x, Tela 1.5k Extreme Amoled 165hz - Preto",7649,8999.0,4.8,Motorola,Chegará grátis amanhã,15,https://www.mercadolivre.com.br/smartphone-motorola-signature-5g-512gb-24gb-12gb-ram-12gb-ram-boost-3-cameras-50mp-sony-lytia-e-zoom-100x-tela-15k-extreme-amoled-165hz-preto/p/MLB65938141#polycard_client=search-desktop&search_layout=grid&position=52&type=product&tracking_id=56a1d9cc-aea3-4341-bbe0-64bf7c4b56c4&wid=MLB6373850588&sid=search,1,1,5k-10k,16.9
"Smartphone Motorola Moto G17 4g - 256gb 12gb (4gb Ram + 8gb Ram Boost) Camera 50mp Sony Lytia 600, Tela Fhd+ 60hz, Bateria 5200 Mah - Rosa",1078,1749.0,4.9,Motorola,Chegará grátis amanhã,38,https://www.mercadolivre.com.br/smartphone-motorola-moto-g17-4g-256gb-12gb-4gb-ram-8gb-ram-boost-camera-50mp-sony-lytia-600-tela-fhd-60hz-bateria-5200-mah-rosa/p/MLB65041664#polycard_client=search-desktop&search_layout=grid&position=53&type=product&tracking_id=56a1d9cc-aea3-4341-bbe0-64bf7c4b56c4&wid=MLB4510840013&sid=search,1,1,1k-2k,23.85
Smartphone Oppo A6 Pro 256gb 8gb Ram 5g Ip69 Azul Espacial,2999,3199.0,4.9,Oppo,Chegará grátis amanhã,6,https://www.mercadolivre.com.br/smartphone-oppo-a6-pro-256gb-8gb-ram-5g-ip69-azul-espacial/p/MLB66177449#polycard_client=search-desktop&search_layout=grid&position=54&type=product&tracking_id=56a1d9cc-aea3-4341-bbe0-64bf7c4b56c4&wid=MLB4536941689&sid=search,1,1,2k-5k,14.25
iPhone 17e 256GB Preto - Distribuidor Autorizado,5219,5799.0,4.9,Apple,Chegará grátis amanhã,10,https://www.mercadolivre.com.br/iphone-17e-256gb-preto-distribuidor-autorizado/p/MLB1066130044#polycard_client=search-desktop&search_layout=grid&position=55&type=product&tracking_id=56a1d9cc-aea3-4341-bbe0-64bf7c4b56c4&wid=MLB6402322328&sid=search,1,1,5k-10k,15.45
Smartphone Samsung Galaxy A56 5g 6.7 Pol Octa-core 256gb 8gb,1998,3699.0,4.9,Samsung,Chegará grátis amanhã,46,https://www.mercadolivre.com.br/smartphone-samsung-galaxy-a56-5g-67-pol-octa-core-256gb-8gb/p/MLB65302568#polycard_client=search-desktop&search_layout=grid&position=56&type=product&tracking_id=56a1d9cc-aea3-4341-bbe0-64bf7c4b56c4&wid=MLB4609819131&sid=search,1,1,1k-2k,26.25
"Smartphone Motorola Moto G17 4g - 128gb 12gb (4gb Ram + 8gb Ram Boost) Camera 50mp Sony Lytia 600, Tela Fhd+ 60hz, Bateria 5200 Mah - Azul",899,1299.0,4.9,Motorola,Chegará grátis amanhã,31,https://www.mercadolivre.com.br/smartphone-motorola-moto-g17-4g-128gb-12gb-4gb-ram-8gb-ram-boost-camera-50mp-sony-lytia-600-tela-fhd-60hz-bateria-5200-mah-azul/p/MLB65041642#polycard_client=search-desktop&search_layout=grid&position=57&type=product&tracking_id=56a1d9cc-aea3-4341-bbe0-64bf7c4b56c4&wid=MLB6420215012&sid=search,1,1,500-1k,21.75
"Smartphone Infinix Smart 10 4GB RAM 256GB SSD Câmera 8MP + IA, Tela 6.67 HD+ 120Hz, Bateria 5000mAh, Processador T7250, Android 15 Go, Dual Chip - Preto",670,1458.0,4.8,123 Comprou,Chegará grátis amanhã,54,https://www.mercadolivre.com.br/smartphone-infinix-smart-10-4gb-ram-256gb-ssd-cmera-8mp-ia-tela-667-hd-120hz-bateria-5000mah-processador-t7250-android-15-go-dual-chip-preto/p/MLB56327005#polycard_client=search-desktop&search_layout=grid&position=58&type=product&tracking_id=56a1d9cc-aea3-4341-bbe0-64bf7c4b56c4&wid=MLB5751262142&sid=search,1,1,500-1k,28.599999999999998
Kit Samsung: Celular Galaxy A17 256gb 8gb Ram 50mp 6.7 Nfc Ip54 Preto + Galaxy Buds Core Branco,1431,1698.0,4.9,Samsung,Frete grátis,16,https://www.mercadolivre.com.br/kit-samsung-celular-galaxy-a17-256gb-8gb-ram-50mp-67-nfc-ip54-preto--galaxy-buds-core-branco/up/MLBU3605578150#polycard_client=search-desktop&search_layout=grid&position=59&type=product&tracking_id=56a1d9cc-aea3-4341-bbe0-64bf7c4b56c4&wid=MLB5957929002&sid=search,1,1,1k-2k,17.25
Smartphone OPPO A5 256GB 6GB RAM Branco,1169,1499.0,4.8,Oppo,Chegará grátis amanhã,22,https://www.mercadolivre.com.br/smartphone-oppo-a5-256gb-6gb-ram-branco/p/MLB51680761#polycard_client=search-desktop&search_layout=grid&position=60&type=product&tracking_id=56a1d9cc-aea3-4341-bbe0-64bf7c4b56c4&wid=MLB5745515116&sid=search,1,1,1k-2k,19.0
Smartphone Motorola Moto G15 256gb 12gb 4GB RAM 8GB RAM Boost Camera 50mp Verde,899,1499.0,4.8,Motorola,Chegará grátis amanhã,40,https://click1.mercadolivre.com.br/mclics/clicks/external/MLB/count?a=2UivzqSo6Rm7c0YNrVQq3d076icid3Hwk2cj0CZRqIXamu0lT39nz8WF9Z8d8tdu8IATXYP6pmCGaB79H8KI0tk0xIrdxKtgE9PtuL4adaCenLgKk1CLlwzApNDNu1IVKo8P7lIChQQqjMXxvcQfzAqNhBQLCHxo4BBtagyNitYrruLtBoXnVEPawMm5tVqumfAd2XM%2F5TACHOFP359qzlmD9BQjK3YKeYdlo%2BBQQvzRXKqDKZA3ZBxneq3ewQ2UcwsRSNqe9jpl3SwS9lfSZQzqetyvxNKd5UW2zXL%2BEGD2n6gtQdHG6N1aFRLPFQmRmYpQYn0vgEOv1yrfSdDqw%2BqtNefiNSdAXR87DpghQg92v1tj%2BerLtmGn0q20Y%2FPYweIMFLZEA6FP5a7ru%2BAIXmi7TiZwMaYMbjjkZ5IUyKmw17KR9aghlKnAsyYSc%2FPSiGd0nsteqQi5x26tI8%2Br4pyCLPRCtOCXtrY1DzhYrWHwEFXGKuNpzlBP4VrddZ6MRpkG7eR23oWBdbzduwgAI%2FH%2FbEJmudUaBkJu%2Fx%2FHJRPKEyb%2FEA9w%2Bczh6xaVhou8SgMvnsgJGE2g6MjOBHurSLBtJ85thbib9IIVWPnYFOG39uyemmEWm76nBAJtA08xVyQDfPFpNvfxV6ZHhwkP3Nct7k8EVp4OIqe1ChmtYbN8MRbO26n4W9KuM2N3oWRvETnKltuUccGxcQLJwG2MaVm7g%2FbcqCj8SUpPbWY9%2FDjLmJoIGaucnPtapd7LV%2F9ICjlg4KuyjKQbPrpdSuNpypC2sq97nrVW5Iqhj7vdLuqxIFJDWdlJB7%2BKpaYzSKf9WD3DtdU3b4Iz7FoT%2BUDBKP4uOXB3Q19ysCax58K17WV7uibrv1vPgeGKZgjxSLIE%2Fx4kFIz%2BsoV4WwDlhuV26t8hFu6cZ8qZb1v%2F%2B031Muh4AIZFcXWdKNoSH8n%2B5mq1621JnJnECSyDxbczN14GH2y7yMA%3D#polycard_client=search-desktop&is_advertising=true&searchVariation=MLB44665542&backend_model=search-backend&search_layout=grid&position=1&type=pad&tracking_id=d95b145a-0aeb-4503-8e2e-4cca7ce31148&wid=MLB5237351728&sid=search,1,1,500-1k,24.4
"Smartphone Motorola Moto G17 4g - 128gb 12gb (4gb Ram + 8gb Ram Boost) Camera 50mp Sony Lytia 600, Tela Fhd+ 60hz, Bateria 5200 Mah - Azul",899,1299.0,4.9,Motorola,Chegará grátis amanhã,31,https://click1.mercadolivre.com.br/mclics/clicks/external/MLB/count?a=KTkt4nDgiXasmH1HMs%2B%2FSwsbydPRtpw4UtXrvCpKbU9skLPDPzPFdWgf%2BFLgQpyvs8VV%2FjOPe%2FnTj3uq7j8RHutl3iks6AXf8h8X%2FYhwwv9c7BT9N85EiO9hZB8LzqxnkcTh4777jgFawJ8A0rf3UIMiJ1d5tVuqEVJt2o4AHcgAVis1ze8WWlkBvAI5VGNy9OyAnxDq74U34kIOxUrXr%2Fu%2FAC1i%2BA2jjMBtEQ%2Ffa45KpNINwncYhNv7oixcwrCNxMKlyF8RrLBrtcaBE82yT0V9SkQigBeOhnnskDLzz7VowqzgUm%2BH%2FFHcolZMK3UUyn31D3gd4QlKBh2uv7622HNX7BB9miDVhkr3h80no4UR1IhNFZzAv8kSfVMkb0t42RUv9wqPKLyQQksaHG3XJ0S7kYP6MdCjm%2BAzksYnTOsdzxzu28AhyRtYtULfAcQ9rxao2B4eOMY6rW%2Br5Hzitpdb6RfC3xEXrhr%2FjSVH8gaBtS2FWJcC24Vfpzvfn5BNRm3qeFp%2B3HZsJiNwiWy%2FIlKVTK1lPJmtWJHNKl6eeFBcyMsywo4%2FuIoO3f8AKbjkf3eNsJCOjXqwt80UAhBEx6pl3SyIM62c3KSAFKfjMkFpaStwbcKlUwpvwMVaUB0L%2Btxw5kxRltAQiHL%2BaP%2BLxuwnUtH%2FXjEaJbqZCnqssM4YTH0HLRGdP%2BULnxSo8mAOzFaS7V3IZEvFDr8IQaj8ycdXZqYPSIb2gCR%2F24UaPnXfmTK%2FWFw9qjZAM9WhE6jQ3FYByKLsxpEl%2BCV1H7vMEIS8nzrHTSEwfMW7RdorxpB6ar8bHD3%2BA5lrXfWCnEu0jns1KcvKAVKerhZNVxRu11IFWG19FKgH%2BveRKUyhFyHAjWUfBvzOmXNkWI6JK6ZI0%2BGByZISCWVZlIr2hR7KG0O96%2F%2FDKA1573hpfoBnuw7Qooj2N7ln9oirmOUoxyNH6Dcbk8Y9nXa0qTe2V9gi1MekbMBkX%2BHtuGcljoG3Ncr5vWVq2i5QyMFHvizl3yJlp%2FaGzya3c4ZpmYwrUqRZb53UWQ%3D%3D#polycard_client=search-desktop&is_advertising=true&searchVariation=MLB65041642&backend_model=search-backend&search_layout=grid&position=2&type=pad&tracking_id=d95b145a-0aeb-4503-8e2e-4cca7ce31148&wid=MLB6420215012&sid=search,1,1,500-1k,21.75
Smartphone Motorola Moto G06 - 256gb 12gb (4gb Ram + 8gb Ram Boost) E Camera 50mp Com Ai Bateria De 5200 Mah Tela 6.9 - Bege,723,1349.0,4.9,Motorola,Chegará grátis amanhã,46,https://click1.mercadolivre.com.br/mclics/clicks/external/MLB/count?a=Kz%2F5g7amRqcSJc7vxBBYAytM%2B3LDogTiwYoNVXPBi%2FpzKORlvOTZcp%2FUzaqfi%2FBFZsKezKKzM9lz7aguML04j1cHN8JFmCJvDWuMMhvefyesUaZBez6RoMZY0ZwX2uq%2FFmyhCWj41EhcKIKbkPhNPavHp4i8bGZETncxhLx3batL1ul06Ifnek%2Bxem2niA7%2BJY3xoR%2BeELI6C0jmEnDSS46k81UINw2zDgxsfS559StWZyfYyKwxBrK0iuIkuh0zXfamXo7E7NW2JvsEYFVvsuRhJYFfGNDRu2aGhcfMGQTKo3Ts3notUW6W3%2FwmEfh3%2B4yYuDU2r8WaYcoup9%2Bf9a%2BJp4VbqjbQ%2Fhsd1hVzp27zgznEW1S6Iul6S7JqrRh82uVJMPc4JqjGzy30ERXazaHf7XdoZWFuababj0BPKf6TokX9csLKdd0bt7iaj0NyWueDpalZAnCDYXTaWney3DA7tNXIVxl3rYjHeNqGb1fFGnmITCRo%2B0jYB5gj7LSgdqVq%2FG65bCeZiRMLzyPKorcIDlx5R5CI4ycSjWxB2UhTW02qUnoBENw3rOMl3ZO30qwu3B6Osm7xayD1YvItLaUwencKAf%2BeAmR9nBn8Xn7m6Ra8%2FDK95ubrEVyRjw1VMgTgDmxG1xtkanqRDWE04qNwBj2jguWuiPs95DjgZQ7E5qdPPIihbXot%2BlWtt7ZackTISdhDoHtJ1Z7jvFT8C6H0cgbXt5NDuckFIESnpPrzAaMCypbgY7HWjKPtJjOkyYlPL4yHBLF%2B1wtQYsJqFL24YCebiXUYZfedIxjQIfgkaUDctwIzmMOkBknXWKR8aqwp8k0Vr9htupUQT5j6NtopZ%2BJnqK5rfwKmLlhOK2lkpjXfp%2FZ9vXuUI7522PmM3KQYhNPxxazx6P3vcuWsIsVfdi67hDwvIL8uT95rHcW7wMLYtdBMbO8mTzB9Smew9lW9Mrj4%2BXbI42q0wDA2pFWW1ptFghUS20QNUMYMtdgOYUIPXT94VikE3aEdYkD43Bzh214PCtQ%3D#polycard_client=search-desktop&is_advertising=true&searchVariation=MLB55762063&backend_model=search-backend&search_layout=grid&position=3&type=pad&tracking_id=d95b145a-0aeb-4503-8e2e-4cca7ce31148&wid=MLB5765125576&sid=search,1,1,500-1k,26.25
Smartphone Motorola Edge 60 Neo 5G - 256GB 24GB (12GB RAM + 12GB Ram Boost) 50MP Sony Camera Moto AI e tela 1.5K Super HD - Latte,1799,3799.0,4.9,Motorola,Chegará grátis amanhã,53,https://click1.mercadolivre.com.br/mclics/clicks/external/MLB/count?a=0c3AMGTj%2B57uLEAETS4jB6SDWakx5J%2FGwxxcEhPE8udtJY93BRKru7SDXMakNkK%2FgtBgvlsgxpLYFkBUcJdO9oMywNMLNEZLPkkwYxke443uH537N7eyBn2mYYSkDQTYGrsNGvtviURJWWU7CbyINfav9tt%2FINzC9vJfN1UDG5ntkl882UY7czxbDod4xZG07Pfcdj8PyUyDuyDl8y25MmsfgCpJktOs1%2Bs8nOwL5HQPrX8nKYDLHby77UuZWr%2FAxdC%2Ff%2FbiNF8dV4QURjzV6CbtNWA%2F7kgYMqTs2N3hxjWPbZHVvNBnxR4ukrkN8JDnPji2MnalpIl1WZfR8GXr2dynyTMmSrflZtHvmvpkBS53lIORNhx%2Ff%2FmYH7UdaV9gsHJxVebc%2F6Xla0a9vq7VIybt5lzWkhqoWjg6Mk%2B%2FGDhqFIQasngOP%2F787XRMrEu1TY0XA8%2BaiPfhHpNCds9HhnS5Zc4vEa3njPnJFPMLo3fI3nwUN6gsGiNF2n9NqXK94KX%2BcCIJBRYUTQTstxr1Jx58B%2BRJv0vVgHB%2B7vteF7SQ3H%2BAUjowZNTraMJxTSUqM5RRqZb06XJWGLi4yZX%2FD%2FriYH3hRbJUrVAmaQ7zyx0C6kegUwrWaMkrx%2FrsXhZqBCx2Y9Dok5pxOvboNYioSaBpW%2FkdXCM86t1%2BKRG2mDV7mUOaHOtTvNWjrlRKlnftk7l8rwZOLGx09pBf3VRpzroN9qZ0nr%2BlevgEgkMjCFzPjHyNf9Zd6p6cHPc0zlORXGT9gkBp5RdbBYmvc8z1%2BjxdLTraGoZdKlq4o32IJh8yKeFxwwEBRlrB1X56xUvkV%2BmSri8NcIeMqYgKS2JFgApVyJmLDDK0LrrSnDC9DXOY2uDA6vFw5VrrtYOQEJFSzORGvXUCi1anHqKGgSjdBHTXGDbIEUFsdfmJFCUACYs8kxpoWgdOd0xUvouKdG7MTGG8iCofV5Wxs1J4rp9%2B1sqJ%2FI7yOkM%2FtwdsQ5OsPSy6pPAx6fs44v2oGGF9DqFmChh7WO7f8cDr754ozg%3D%3D#polycard_client=search-desktop&is_advertising=true&searchVariation=MLB58684606&backend_model=search-backend&search_layout=grid&position=4&type=pad&tracking_id=d95b145a-0aeb-4503-8e2e-4cca7ce31148&wid=MLB4265763257&sid=search,1,1,1k-2k,28.349999999999998
Celular Samsung Galaxy A56 5g 256gb 8gb Ram Cinza,1998,3699.0,4.9,Samsung,Chegará grátis amanhã,46,https://www.mercadolivre.com.br/celular-samsung-galaxy-a56-5g-256gb-8gb-ram-cinza/p/MLB47114363#polycard_client=search-desktop&search_layout=grid&position=5&type=product&tracking_id=d95b145a-0aeb-4503-8e2e-4cca7ce31148&wid=MLB5317821714&sid=search,1,1,1k-2k,26.25
Smartphone Samsung Galaxy A36 5g 128gb 6gb Ram Câmera Tripla De Até 50mp Selfie De 12mp Ip67 Super Amoled 6.7'' Nfc Recursos Ai Android E Segurança Snapdragon - Preto,1430,2815.0,4.9,Webfones,Chegará grátis amanhã,49,https://www.mercadolivre.com.br/smartphone-samsung-galaxy-a36-5g-128gb-6gb-ram-cmera-tripla-de-ate-50mp-selfie-de-12mp-ip67-super-amoled-67-nfc-recursos-ai-android-e-seguranca-snapdragon-preto/p/MLB47115842#polycard_client=search-desktop&search_layout=grid&position=6&type=product&tracking_id=d95b145a-0aeb-4503-8e2e-4cca7ce31148&wid=MLB6410679768&sid=search,1,1,1k-2k,27.15
Xiaomi Redmi 14c 4G 256 GB 8 GB RAM dual sim cor preto,830,830.0,4.6,Desconhecida,Não informado,0,https://www.mercadolivre.com.br/xiaomi-redmi-14c-4g-256-gb-8-gb-ram-dual-sim-cor-preto/p/MLB41287578#polycard_client=search-desktop&search_layout=grid&position=7&type=product&tracking_id=d95b145a-0aeb-4503-8e2e-4cca7ce31148&wid=MLB6628300600&sid=search,0,0,500-1k,2.3
Smartphone Motorola Moto G06 - 128gb 12gb (4gb Ram + 8gb Ram Boost) E Camera 50mp Com Ai Bateria De 5200 Mah Tela 6.9,661,999.0,4.9,Desconhecida,Chegará grátis amanhã,34,https://www.mercadolivre.com.br/smartphone-motorola-moto-g06-128gb-12gb-4gb-ram-8gb-ram-boost-e-camera-50mp-com-ai-bateria-de-5200-mah-tela-69/p/MLB61381499#polycard_client=search-desktop&search_layout=grid&position=8&type=product&tracking_id=d95b145a-0aeb-4503-8e2e-4cca7ce31148&wid=MLB4515672567&sid=search,1,1,500-1k,22.65
"Celular Samsung Galaxy A07 128gb, 4gb, Câmera 50mp, Tela 6.7 , Proteção Ip54, Processador 6nm - Preto",599,899.0,4.9,Samsung,Chegará grátis amanhã,33,https://www.mercadolivre.com.br/celular-samsung-galaxy-a07-128gb-4gb-cmera-50mp-tela-67-proteco-ip54-processador-6nm-preto/p/MLB55034955#polycard_client=search-desktop&search_layout=grid&position=9&type=product&tracking_id=d95b145a-0aeb-4503-8e2e-4cca7ce31148&wid=MLB5859349564&sid=search,1,1,500-1k,22.35
Samsung Galaxy A06 5g Dual Sim 128gb preto,719,989.0,4.8,Vikings,Chegará grátis amanhã,27,https://www.mercadolivre.com.br/samsung-galaxy-a06-5g-dual-sim-128gb-preto/p/MLB48946861#polycard_client=search-desktop&search_layout=grid&position=10&type=product&tracking_id=d95b145a-0aeb-4503-8e2e-4cca7ce31148&wid=MLB6433836010&sid=search,1,1,500-1k,20.5
"Celular Samsung Galaxy A17 Com Ia, 256gb, 8gb Ram, Câm De 50mp, Tela De 6.7 , Nfc, Ip54 - Preto",1259,1399.0,4.9,Samsung,Chegará grátis amanhã,10,https://www.mercadolivre.com.br/celular-samsung-galaxy-a17-com-ia-256gb-8gb-ram-cm-de-50mp-tela-de-67-nfc-ip54-preto/p/MLB55254425#polycard_client=search-desktop&search_layout=grid&position=11&type=product&tracking_id=d95b145a-0aeb-4503-8e2e-4cca7ce31148&wid=MLB4583723537&sid=search,1,1,1k-2k,15.45
"Celular Samsung Galaxy A07 256gb, 8gb, Câmera 50mp, Tela 6.7 , Proteção Ip54, Processador 6nm - Violeta",852,1399.0,4.9,123 Comprou,Chegará grátis amanhã,39,https://www.mercadolivre.com.br/celular-samsung-galaxy-a07-256gb-8gb-cmera-50mp-tela-67-proteco-ip54-processador-6nm-violeta/p/MLB54964804#polycard_client=search-desktop&search_layout=grid&position=12&type=product&tracking_id=d95b145a-0aeb-4503-8e2e-4cca7ce31148&wid=MLB4277746349&sid=search,1,1,500-1k,24.15
"Smartphone Motorola Moto G86 5g - 256gb 24gb (8gb Ram+16gb Ram Boost) Tela 1.5k Poled, 50mp Sony Camera Ois Moto Ai, Videos Em 4k, Ip68 + Ip69 - Vermelho",1792,2399.0,4.9,Motorola,Chegará grátis amanhã,25,https://click1.mercadolivre.com.br/mclics/clicks/external/MLB/count?a=ZENn717Wxk%2BvMrC8yDeBI0ioa%2FjSVaWeRUWvpO6LkX0MUzyb14tIFygcy6RlhbaUmPspzMv1vkLrxm%2FUn4jX8aLQMSCG%2FDuy5V9LQ68mShNjJLqCV81OxdVThhK1ZyWHndeWAJ2hYsNreRclFrm9ZjPebqHW2CAxNLGjPc4kAQTru2deU2KVmdqcvfdLJ7hT1PH4f89bxr2iJfyjz%2BTJz2okW5sI6cSqm87MbXt17heyx%2FTBq9P5X%2BUgXciHGRjaSM4FUhYOVCov6r02Dpnk4xpTVvtobA%2FbIqzjx9RkNqG6keA%2FAyT5Lmo5qxEi%2Bj3maDq8zuQcW8t9%2FlYzbTSowg9eeFvHraivs8bmGUmSZyvyI4jpHg9RV9RgsVf293jW9kg8DsWEdkoEx7wFlMpwYu4GFHJchJKr73eSFkbt3onKQ6LptoR%2FqNJN%2Ba3PI5S%2ByV2rZZClAmYurDLiu10R3gOBzRbFGdEaqTCMqfunoOJGgX%2FOSaT5qDV%2FPdS0HiWzYZ%2FJPQmAaZUeo3aKS4D2UUFIg2ZGwu0tOi9PoPl%2BJbNFySLzI3EL1%2BmCFJcmjuAMnx55HKE0VaF%2FSvNm4g1JOB54MJDGbFWrSxQbQki%2B3o73FTiG7%2BMg5HI%2B4R2N7peFqsqlRgmxlOLoSxs7hqL3yQhA0rpcg4jMFFlJjiOJpMEirWSTVWCNZbthH%2BcPv81oX2XKjGJTvOGsZDRiN1v1X56YXM0bwt31QZ7nQXjeLrEKCLKjVki5BxwJdYN9MoujBAE7KvWWQVlf0BUi4BK4VvsYzJix9oGHH72Tt6IRygPXOgEQtOj597OLuBPHXQfcHJfcIPSuxKJr0%2Fy4Xy7lr0SNnOVjd8IUhIQuLPxsKnITtwCrkCzYeHpCUbNanOwFLBVxPw9mZydUW2aKG8252yIGEgUgSIfONTS48ASHFBXV6n0yitYG7U9wx1cAwV3x5KhwzsQHA23zmosGmDIpgXX15Q5yhpukupOWLYQOinRlMsZnOq9p0uTvnH1JqvPik4z%2Frv727I7CemC%2FzAZbfdwFSKqV3uCPc69a%2FUnUrcKbCMw%3D#polycard_client=search-desktop&is_advertising=true&searchVariation=MLB51340616&backend_model=search-backend&search_layout=grid&position=13&type=pad&tracking_id=d95b145a-0aeb-4503-8e2e-4cca7ce31148&wid=MLB5462013472&sid=search,1,1,1k-2k,19.95
Smartphone Motorola Moto G05 256gb 4gb Ram Camera 50mp Vermelho,699,1199.0,4.9,Motorola,Chegará grátis amanhã,42,https://click1.mercadolivre.com.br/mclics/clicks/external/MLB/count?a=bNa4S1%2FQw6vGYI0rIyP0%2Fg9oNElJNLWNfxUA%2BFHOD1AO6TbsW%2BYPf0100Iem6oRMxZB%2FOlJCedkFxj3pSCbFZ0bZp8CQWi%2FhpnHcj7CW735HfntIRLXSOITm8cs58P56B694CseEs1Z7D4N4KraziKA%2BQJx7jRcQIPTVpfhCV5J3waT0e5bzzKgZi45GvyGk3mZnoRG0MmjtQGz9ysRCQN%2BjjMIXwxYzSspbmDzsEnqc1zzGoblLLFznB0pXT4llJRPI48%2FOxIB2qGb%2BZxNdfqNbtrTY7XokEyaa9LClKZSg9UyY%2FT4%2FNfrds2bOZhj767zMvfCFkHM37azmaJ7RbP7DEVBRLl0KW6EUuiIsJDNNxgIvEzbbgrcDDl7hsgDSQxCP%2F%2FGHavZRsc64eJcGOXX4BDpxGskPcOR8vieZ9IfWUZd20lIkR6UdY8aYL6MROwJPwUtLbC4OggaDGqUqqy%2F%2F8eXRhlhGsbuPG7e2xvTZ%2FzGxP9qUjA7D5hbs4GCB9IXAcFri1slTncZ38ExuDddL4OP3ByoMuhGDmGDqVriJHJyxxtQ7oqT4h3llrgWuaXSiq0fouKw86C7woktY7wLmDvJToqt2XVsEFiL4KSFBgJg%2By%2B7fXN%2B2fS6UUmN6slnvLM3raOqhl2jvp2Sv%2FEaaMEufJFapSFwNvH4dneQBLahwLNP%2Bqi%2BFoob0rD0rXcwki4twj%2FoUU6s1VrnBA6HEkHi9Mzmx3aeAaPJpsRNibT1TRtJ%2Bq%2BG1e%2FIfaCwEthbnVB0INLvRlzYm4uaji51YBrcl31o0vw2RVfzXq6oEE8P9FDIGOqsmenosuEmdOCrpxhcJnoRHQAtmK2o4SaIsahXJgHGYd4tbGSxpCz8k%2FeoR5cC4Sc3IH9CTT6btM6g25yxXbuVDWapEa26p868JyTTdNw7ezoArcXhqrg50lHiIKF9aY%2Bnn8PhIvYLM4SYHlCcG#polycard_client=search-desktop&is_advertising=true&searchVariation=MLB58493174&backend_model=search-backend&search_layout=grid&position=14&type=pad&tracking_id=d95b145a-0aeb-4503-8e2e-4cca7ce31148&wid=MLB5774641722&sid=search,1,1,500-1k,25.05
Smartphone Motorola Moto G56 5g - 256gb 16gb (8gb Ram+8gb Ram Boost) Camera 50mp Sony Lytia 600 Ultrarresistencia Militar e Ip68 + Ip69 - Cinza,1598,1999.0,4.9,Motorola,Chegará grátis amanhã,20,https://click1.mercadolivre.com.br/mclics/clicks/external/MLB/count?a=7FHIfpZ2LW759TJjmnN3E13ipxF%2FydRQKvGRD%2B1xnnF3zbNqSgZcGKmGkpfoY%2BJytYBE0uULAn2iWs%2FIeWiAP2wy4WYbqBht%2Fr1Pv1p%2F%2B6fSjC0oCaQV9bm%2FIH34rdSp4gMD9aiLWpzEz3CIRJLZwDrXvVq3MDAUqq6Y%2BG4M1o6AuwEpvBIkkTYr2TUcXslYR1wTMAexwD4td%2Bzk9IdpwK9va%2Fcw5CYIcJ5A3b645yz0aoAXFU7Nd67%2B%2FHqV%2FThIk6IF0hNbXH7Oy5uYnBf7RkN%2FAWRN54kj67xB6MIRM1f66q4S%2B1h%2F4Ts5bluOjGr2UE9k7vP3Owl1VwFUyvy32yFpBv%2FuZcMVpyZy5pIceippzhlfXGYFB81IyfbEhl%2F29GCf2SxKB%2BhAvRwT8e7P%2F2M6Tba1366U0V%2B6Futq5JeBjoPtT0MRZRS%2Bb9V4DWksFffgTfk4XYRRBUbc7tlEvfyfbDyLmJs%2BvZFG%2BAEsYjZOwKPO%2BhNIxbXVDtd0x7gBxKeZCQzIYnJx9Qifl1xyyNzi6d67QijYmpYD0f0LOA6qKGPmqdWdGGBgKBqL9fZWbGiNJVeOxIOJ%2FI7SfZxWiyVn%2BmKEPBbpRQJqlgzaT3Lre%2BGhupct%2BDpaCf7%2FMY63cObd%2FAbeu628UPCcZm2HYVfqLksQmASvJ9C59Yh5FFuFC%2FD1NCL9W0wJXG684vvMt4fZMfpzRALquqI0c%2Bu1aaA5J2%2BPId0haYnCbShA2A5jx2J3eoYYjQFDqmQn%2BGQAJoeJiiRQV9yGODxyzXtRWE10qZYWrnURRi3%2Bh3MOtMxrQRR8nSoOqvswwH11PiK3BxLRihSPLqOL72hHLqcFnhEPITE9blXSG3m9pouAfVlK1QbgJ%2BNMrVPrxTm5mvOveexRvaf5aJhKu%2BlycQ7AMh9rfWo0bF37B5cfeeFmfGNveGvRUoSnj2Z6%2BM3f0zCdnRPIfsvUWDYAJt2FnTwclCoSyi8sQVtFqHCXVaTbR%2B4O4BUzmKlxnXyIJ%2BLzd895WYW%2B36h9vOuPN%2FMffSDi7HScA7pbRWZ%2Fe2xHoVM%3D#polycard_client=search-desktop&is_advertising=true&searchVariation=MLB50301060&backend_model=search-backend&search_layout=grid&position=15&type=pad&tracking_id=d95b145a-0aeb-4503-8e2e-4cca7ce31148&wid=MLB5402372302&sid=search,1,1,1k-2k,18.45
"Smartphone Motorola Moto G67 5g - 128gb 12gb (4gb Ram + 8gb Ram Boost) Camera 50mp Sony Lytia 600, Tela 1.5k Extreme Amoled 120hz, Ultrarresistente - Chumbo",1529,1899.0,4.8,Motorola,Chegará grátis amanhã,19,https://click1.mercadolivre.com.br/mclics/clicks/external/MLB/count?a=y2Nl3GPy81%2FIAjPxOOoQwHMlNbVOBdEOkYIwek5NnCKbcuCgBZQxs7HHN8pMhS9m73%2BSILc4CgIxSWYR12QYbGirIVNsDhY9dBTQlEBLheHszJttXW6jAo6gDrSV2%2F%2BMYADga%2FDBsA2wCs8Usln%2BOR0XM45iT0A69Om3fzyqHnsRCstt93%2FPPNFPdWJ35mBydOzEmBBVIHJv%2Fa0MrcPq8Q07Hs8RVOmJzwZNOoZwpCG7bmjeUViOqBidI5odN5dOfgPtEteJv4Grz4Kj7w0eL%2FsKgkMHDDTQzhfSjjt0P2rzHFwz32%2FEqhaM%2FnNb7MogDiE%2B0UtWwGvH1o7ekknOnlD97NQaucG7vUrh7KEqVXxl3L1fPR%2FyBTUiyvGOSOI9agW2f3JU5tt1VTu4D%2Fju2M2H0AWMmzZnEwMDZ%2BdT3XcqVVhs%2FpmwrZGUwx7z1Ol4iPXa3Xs%2FKo9do%2BADVg3NCe5Vdw8RPdaiUeCgeGKQNX4%2FbFa%2BszSlur1QG6jDmHv%2BV%2BV6PrVfUjtP9YTS2hADw75NgymkoHtuXQ5mF4x1TFC8safOFoJEhteb2viHv2QBiLfqfJoXqzFCbica9Y6VqQ0sxP9736c3RowVm1DM63%2FSLpKJPgAc4Bf5k2ypjLc%2BOEtvwzvejGA3soGJKURXfPlafUsNYvLKwk6I4WzI7NYJIHM%2FU%2BfDUt8ojZLAazSPHbpJ2fRTiZOoHGg%2Fd%2Byo36aLuAm%2BcA9ER2kiZSRoQ868tnrrpsT76XuAVI4ElXehiipsFBx%2FXFQ8ccfnEvHvGqZrRcOiAaylAnjgx5P5WGWIVCBd04Y%2FHCyKEcjC1tsxmIv7ILENMYVpkVtUJuP0BYsSlWzcfm7X%2FRPsk7cu6gNTxe3WYJif3wplfmkbOMqSid7MQuMIIPcvKqPu9NA%2BzaBgZ9hhNkdsbqH3lBYvjpYRw53h1B5Q94Rg5ep0NZ3DbxcJpyAwoLhSwf2YmDl41Oirbg5eOr3VkwzWfEz27aorHFnd0vEa%2FTuV2ynNN0C28qMSFgTr9ZZebGX7o63taT5LRQV2F4hWVwG6drs2cI4%2F%2BnuRe6GKd2s%3D#polycard_client=search-desktop&is_advertising=true&searchVariation=MLB65319818&backend_model=search-backend&search_layout=grid&position=16&type=pad&tracking_id=d95b145a-0aeb-4503-8e2e-4cca7ce31148&wid=MLB6420538026&sid=search,1,1,1k-2k,18.1
Smartphone Motorola Moto G06 - 256gb 12gb (4gb Ram + 8gb Ram Boost) E Camera 50mp Com Ai Bateria De 5200 Mah Tela 6.9 - Bege,723,1349.0,4.9,Motorola,Chegará grátis amanhã,46,https://www.mercadolivre.com.br/smartphone-motorola-moto-g06-256gb-12gb-4gb-ram-8gb-ram-boost-e-camera-50mp-com-ai-bateria-de-5200-mah-tela-69-bege/p/MLB55762063#polycard_client=search-desktop&search_layout=grid&position=17&type=product&tracking_id=d95b145a-0aeb-4503-8e2e-4cca7ce31148&wid=MLB5765125576&sid=search,1,1,500-1k,26.25
Smartphone Motorola Edge 60 Pro 5g - 256gb 24gb (12gb Ram+12gb Ram Boost) Tela Quad-curve Moto Ai 50mp Sony Camera Ultrarresistencia Militar Ip68 + Ip69 - Azul,2694,4499.0,4.9,Motorola,Chegará grátis amanhã,40,https://www.mercadolivre.com.br/smartphone-motorola-edge-60-pro-5g-256gb-24gb-12gb-ram12gb-ram-boost-tela-quad-curve-moto-ai-50mp-sony-camera-ultrarresistencia-militar-ip68-ip69-azul/p/MLB49085450#polycard_client=search-desktop&search_layout=grid&position=18&type=product&tracking_id=d95b145a-0aeb-4503-8e2e-4cca7ce31148&wid=MLB5382324466&sid=search,1,1,2k-5k,24.45
Smartphone Samsung Galaxy A36 5G 256GB 8GB RAM,1521,3299.0,4.9,Samsung,Chegará grátis amanhã,54,https://www.mercadolivre.com.br/smartphone-samsung-galaxy-a36-5g-256gb-8gb-ram/p/MLB47111905#polycard_client=search-desktop&search_layout=grid&position=19&type=product&tracking_id=d95b145a-0aeb-4503-8e2e-4cca7ce31148&wid=MLB5317478858&sid=search,1,1,1k-2k,28.65
"Celular Samsung Galaxy A17 5g Com Ia, 256gb, 8gb Ram, Câm De 50mp, Tela De 6.7 , Nfc, Ip54 - Preto",1576,1899.0,4.9,Samsung,Chegará grátis amanhã,17,https://www.mercadolivre.com.br/celular-samsung-galaxy-a17-5g-com-ia-256gb-8gb-ram-cm-de-50mp-tela-de-67-nfc-ip54-preto/p/MLB54961455#polycard_client=search-desktop&search_layout=grid&position=20&type=product&tracking_id=d95b145a-0aeb-4503-8e2e-4cca7ce31148&wid=MLB6574985998&sid=search,1,1,1k-2k,17.55
Celular Smartphone Realme C73 256gb 8gb Ram Dual Sim 120hz 6000mAh Violeta,1149,1999.0,4.8,Webfones,Chegará grátis amanhã,43,https://www.mercadolivre.com.br/celular-smartphone-realme-c73-256gb-8gb-ram-dual-sim-120hz-6000mah-violeta/p/MLB62258511#polycard_client=search-desktop&search_layout=grid&position=21&type=product&tracking_id=d95b145a-0aeb-4503-8e2e-4cca7ce31148&wid=MLB4334411855&sid=search,1,1,1k-2k,25.3
"Celular Samsung Galaxy A26 5g 256gb, 8gb Ram, Câmera De 50mp, Ip67, Tela Super Amoled 6.7 , Nfc - Preto",1405,2167.0,4.8,123 Comprou,Chegará grátis amanhã,35,https://www.mercadolivre.com.br/celular-samsung-galaxy-a26-5g-256gb-8gb-ram-cmera-de-50mp-ip67-tela-super-amoled-67-nfc-preto/p/MLB47424244#polycard_client=search-desktop&search_layout=grid&position=22&type=product&tracking_id=d95b145a-0aeb-4503-8e2e-4cca7ce31148&wid=MLB5474927460&sid=search,1,1,1k-2k,22.9
"Celular Samsung Galaxy A17 Com Ia, 128gb, 4gb Ram, Câm De 50mp, Tela De 6.7 , Nfc, Ip54 - Preto",899,1499.0,4.9,Samsung,Chegará grátis amanhã,40,https://www.mercadolivre.com.br/celular-samsung-galaxy-a17-com-ia-128gb-4gb-ram-cm-de-50mp-tela-de-67-nfc-ip54-preto/p/MLB54987753#polycard_client=search-desktop&search_layout=grid&position=23&type=product&tracking_id=d95b145a-0aeb-4503-8e2e-4cca7ce31148&wid=MLB4217306791&sid=search,1,1,500-1k,24.45
"Celular Samsung Galaxy S25 Fe 5g, 128gb, 8gb Ram, Câmera Tripla De 50+12+8, Tela Grande De 6.7 Jetblack",2868,4499.0,4.9,Samsung,Chegará grátis amanhã,36,https://www.mercadolivre.com.br/celular-samsung-galaxy-s25-fe-5g-128gb-8gb-ram-cmera-tripla-de-50128-tela-grande-de-67-jetblack/p/MLB61692896#polycard_client=search-desktop&search_layout=grid&position=24&type=product&tracking_id=d95b145a-0aeb-4503-8e2e-4cca7ce31148&wid=MLB6087231690&sid=search,1,1,2k-5k,23.25
"Smartphone Motorola Moto G17 4g - 256gb 12gb (4gb Ram + 8gb Ram Boost) Camera 50mp Sony Lytia 600, Tela Fhd+ 60hz, Bateria 5200 Mah - Rosa",1078,1749.0,4.9,Motorola,Chegará grátis amanhã,38,https://click1.mercadolivre.com.br/mclics/clicks/external/MLB/count?a=Q8uwNOWgMWpRZIMwG%2BVRK9khITbDCXIK4toZW1Zv155hyzRywnKQAMN5mWpbi8S7XbIwiCQkCPt9ELKWLka6BFrHmHZeW4ItQhT5UcG0dB4MHoSoHw3rhUZVu4c5TM85okRViONaIR1NSlFau7GyuSO5buPm9R0sA27oOn5tPnEpfQum%2FdSpRymopANvuFgo46Gc5CzzvlDSAl4bkuloburRgIpAJuWJ7xOAFqo1XpiaMeogN0JnVt88s7omq8zjUa%2FVIuB3U8eMP4oNSS52FIZN7sCOsV2%2BBRgxeAUwoKdwm%2FJJsVakCYAUc6dR03z4zKEo6uODtaeJY%2FNYVC%2BJIIRQVKoVMFe9b6aBb%2FpGfzJDRuoAZmd2RctswyS%2FecwKndQVc66wqmMh0pOOUBeZkYbpIcoKMAJcy2143SsBCU9klCS%2Bl6JnPV1O4jc9%2Fs4U26CpBnhf7RnY2m47JdTXw%2Bn%2BNMieVfIrk1FtK3I8DPFkE%2BwY5IjJhBtpRX8lFX1mlEToUhyzoCBELROwZgmu%2Fd4gOnido71FiXAE0zJ8r1rFCwpWbMFUrkkmkLJR8sQh9dZPeng6n9rwAbMjVTnPWC99xfqoIkobuZBafhDrJnh2nZ00lrZICXbe2uV3BDpyy9wdmuqN5PYXzaOYA1ra2Zqfqyg4E28TkGaRzoOy3IWCZ81hladKLYqeo2drcyFJl8FNibT18j5WMzer9lY8BVC3YrJvZ%2FXKEcElTum7J69%2BSacbpaWw7dc5ZlO5G3vgcHwtkubuQCwY70vhyAAQltcg2AtvXhMig4XCdFYLNARk7dwqM7dqUD%2BFrrBTiOknO%2FCkaLa2bN5B3BO0WNLCgqMx4jD%2B1W9qkzIDv1rlK0pTRjp0Yty5nuTyF%2F0rjpnFGWRaJwgZaBnVWn49G9k4rGTkwok4KPQ5S%2BlSK1n0HQWqVTw75%2FYTOIinv8Pau%2FzUti%2Bp9EIRnppePxbP6FXZXd2OdQDyottur9puA5XxXwaVJmOoo%2BXW%2FaoyB3OZv7%2BU1Xts15NAwKbQ0einCeN31x6N0Orx#polycard_client=search-desktop&is_advertising=true&searchVariation=MLB65041664&backend_model=search-backend&search_layout=grid&position=25&type=pad&tracking_id=d95b145a-0aeb-4503-8e2e-4cca7ce31148&wid=MLB4510840013&sid=search,1,1,1k-2k,23.85
Moto G15 Dual Sim 4gb Ram 128gb Azul Marino,699,1099.0,4.8,Motorola,Frete grátis,36,https://click1.mercadolivre.com.br/mclics/clicks/external/MLB/count?a=kQm5lICd7kGMvO%2FFKl9QWDUAmX8ON4nRR96vsH7JzCtbJ5pwzYwrQUjQbEZ8v%2BiGhwsfcM%2Bfy9uMxcRsQMyuV5nptBdemnXgH8IyQvqpsYe%2BKJSpr%2BjZpdkDqTafyt7f9N8CflRPfZeQXlf3xy1M%2FMyz2WEjr9Jod7zdHFtMVTNHvsOuskCixYxIaYPp8YBChsgOURhfzOF%2FhIKz2qyD%2Ft4iKjjgZ8JSzyVRz1A6XNNNWKHCTwb6THDQj1yv1T906Hs39pV7pX1cVQk9TcDwuSwf4ZnzpSWEMUCDzn9%2BHQ2utTfhh25LhATDQenTJfo7LibQzRdnjC8kAUmpfLNBFsmZ7KBoRAweys3Cal8Dzuo6MHo9W4LKDT5CB0tqA7YtJ4YBTJ41HMq0LXBQ4OQvyhjNepNe4KYtS6%2F2Zs%2BJgeSyi7PLLWivjgOZ%2BBt6pGdRYeiFp9kRye1EIhJOIxJv2HY7wO6fGiF%2FpsAQs7uGJyv7Lyir9rAkCrIfZuB5FDVER3WC7yIZ7Fxgyy9utfy%2Fos%2FzfxtYDhTRIMT7Uv7ZWmYevhn7OEnu183NjodGlAKOYn8xQfTG8%2FXcY7y%2FS2RmLZDcO1SNAbLX7STcTAdQw%2FhPhctmwsTjSLha1YfDRhmMJ6sHJh2u240EGJ5UDrsrFYcEaqrj2q30pnKeMFIGu1jjJrHMVgOGFPL6qCJ5OMnuNGH%2Bijm16UNqJIIOYva1MZvSiid50FaPNfJk7a3cqqyAJ4tyVdkKi3SKnnCHntY0%2FZt1PaalmCgqXEO4od7qh5lOsP8Rid9P7FFdAzCiunsELfbcDx%2BquM0bYbBwpgUJkDHcndZiwzXC8KuICo8RJ1pKm%2Fs1zMlrh%2FEzW1KnGh7gIgi%2Bv%2FRZEqk4T9vI7vQK3Bfv2nPWHHWs3zTSlwetltbhP6b6FfgsMCBYlj5tZ5cnjAA%3D#polycard_client=search-desktop&is_advertising=true&searchVariation=MLB46056608&backend_model=search-backend&search_layout=grid&position=26&type=pad&tracking_id=d95b145a-0aeb-4503-8e2e-4cca7ce31148&wid=MLB3975530813&sid=search,1,1,500-1k,23.2
"Smartphone Motorola Signature 5g - 512gb 24gb (12gb Ram + 12gb Ram Boost), 3 Cameras 50mp Sony Lytia E Zoom 100x, Tela 1.5k Extreme Amoled 165hz - Preto",7649,8999.0,4.8,Motorola,Chegará grátis amanhã,15,https://click1.mercadolivre.com.br/mclics/clicks/external/MLB/count?a=1vOTlRyEZMdmwMykpRcVLfHsVMtvKLGqSSVvseJTgOCvF8s63yIjnRNIpg63jfoaBQNffqJpK33xQkzgi76i5Zkr3HESI0s%2FaE8NG7D2zvdJO06fWxLj190t2Pl87qxY4BaiXAhNNlH2X979yYpb8cwJJU6hwaUt94ZvzfLoyBwC3vd0Zbs7gY44fvAFAvqNwaUJMI9s8cq39r2bVMNBc9YXAA60le2qP93vO3VOFO0c644tj8Z%2BegciDMP9beWoXJxsu8BkUkA8%2BbxJTKOEeXLZckWaJzV%2Fo4IgMoUikNrzqr%2BCxlf4jPPsVeS7WEnKzhLg4IWUUv47gW7okCnvtm7kk4T3pXJgJxKkWiC3o62E4Ea%2B1jLSONNrrb0LeOe%2B8eLJWPZIPWsBF10E61432MOI%2FjNHMWtzxuKPGr2ZeLodpx8skAV0BREwQ4LjY7iOcO9V5x7CfcuWcs2y4OsJDcDxmFHqV0YyNKuNEPz8yqOPpHEEisdjj%2Bw8v0g9qfZk%2FvNxOncX%2BPtCJwJpKHUWUnAz3Bk8bMnNxN%2BieCnHeUTf8CWJ9wfdpfF4hp7ECvh5hQ0dv6o9MhM31UO%2BYWYFpCGkpCikJMqap%2BVUkjhM871v9jecuCDEHVehYERebMo%2BdVvX7gSDriX6MjC4bY%2BbFAQYP468CWO4QLRuPfoFyLP0TPWEPq2PnU1ZJud68WU8mM%2BKgwHtSiaqJcE7vRKSGiFSyjH1r5w1GlmsFHg4rK%2Bt5CnX8xNeW87ycfEN0ovgd3IIXFXPeIbghYMKnjM7sm4UYkDLGDINZMJNChZCoHfUM6hXOcyKOe1FpLdlRQIHLZRUyLiOjSqFnMeTyimfmGTUiTS%2B9tYf0TAU%2FRkQUV%2Bv4GTRLcTid4EhXeteL%2BoMXVAe%2FQD4GvnA2Qcfeg3iSDnxpzXi0lwJahZYJU6p0YAqiB1qONBl4Z%2BkFGi3SxYzp75I6vphuq5lldZ2ICkpatY1ii5N1BcqIMNPWjUDttRj4Ne9aC%2F1zvF2Q6CAHXPHIDVDcBVQbigGU42IbNANKLhSB2s4E4klqMJycdplCcY6uShv4Q%3D%3D#polycard_client=search-desktop&is_advertising=true&searchVariation=MLB65938141&backend_model=search-backend&search_layout=grid&position=27&type=pad&tracking_id=d95b145a-0aeb-4503-8e2e-4cca7ce31148&wid=MLB6373850588&sid=search,1,1,5k-10k,16.9
Smartphone Motorola Edge 60 Fusion 5g - 256gb 16gb (8gb Ram+8gb Ram Boost) 50mp Sony Ai Camera Ip68 Nfc - Rosa,1939,3299.0,4.9,Motorola,Chegará grátis amanhã,41,https://click1.mercadolivre.com.br/mclics/clicks/external/MLB/count?a=3MxMrRCPuah4RkHsqNP2%2BfG8KkmLBOn7DKKPt72OtlAlNBVNLDlfkc9jh5a%2B5Vs10EtKBXfehzYVhCR9WQHaoFN8%2F07pezpcgEBk%2FSuKIR%2BDTp27kLGMA0bKn2e15lh6v1Pzw64dYYlNJ0SnYn5VzuYsuwJZM1sKqNEQn1Xg%2BsJP2kcJKU2cLBJFAPASeJffLq95mGkx99FVv0PpOCkFy1idg6%2F9enwqqVGs12Z3UYnwT0QuA5pF0VtVTkgU00akHwEWXdcE9cLn9c855KdNHcuyyGmqWioxnaqD21Zl5ESmaXtQ%2Fxtcx2IwAO8dc9xQm8Mg3NEkGHTgcZTgsTbcXsi1h66FNx%2FywChTdtTl7p5%2BkVUrD%2FiAGXfMPYT7QO%2BpBbSpPA1481zZpNkxKnBPF6M%2FSf6OPgjnLJAcFE16hjR1jNAqzFl4sxIVd1XASazysL1VXpCU80ri1NDXReoQS3r79T5MGXO%2BHs9Oi9Np2vRQQ5dzfjP55IAwNn8mTslmiOBQ4VFURXo0tKx9lGBbJctQzZOukkq3jfdhhUToRqv9gaLcS%2F7fCoPuzcJxCH6%2Fyx8UQzdYEI8ZXDHFllI3fQUGi3pWfZMdaqHmRDd8Y27VSh00pSxk3sTsIh5SI4BfSHsg30BcRK514ewm6M7UDnewXCs5pjImSd7siGOLzKnMPkD1y7rRROWt%2Bthb0Bnku792tYDizpUaCVYX1Exbxb3shIDocZSvblTt2Qz2T1JO%2B6v1GfcSBCV33qK4Ydhd13OSIKJPDINOjg4TrVyXl5ecTgQfzyaRQFDp7QoKMXJW4VHPRaTT8k3RO%2FzxraEzQ3ZtQZ6I6V3UsGYwrqIYMkj%2F%2BWXo4rDlYAiH%2FM9Ba52WSyYrKjlneSTf0v1JvR5Gn5aX%2BgYQzBGizEg9tpaSwNHWygtgBXVEoT%2Fj%2FeEDI0e6WjGcCNc0xK%2BK%2BWZ1YHzK4MIH6w8suJyFyzMFSwYIFA9Ow%2FdfrlaMhdETuBg6R%2FHrc51K%2Bxadbz0g8i2Q#polycard_client=search-desktop&is_advertising=true&searchVariation=MLB47251829&backend_model=search-backend&search_layout=grid&position=28&type=pad&tracking_id=d95b145a-0aeb-4503-8e2e-4cca7ce31148&wid=MLB4027318137&sid=search,1,1,1k-2k,24.75
Smartphone Motorola Moto G05 256gb 4gb Ram Camera 50mp Vermelho,699,1199.0,4.9,Motorola,Chegará grátis amanhã,42,https://www.mercadolivre.com.br/smartphone-motorola-moto-g05-256gb-4gb-ram-camera-50mp-vermelho/p/MLB58493174#polycard_client=search-desktop&search_layout=grid&position=29&type=product&tracking_id=d95b145a-0aeb-4503-8e2e-4cca7ce31148&wid=MLB5774641722&sid=search,1,1,500-1k,25.05
iPhone 16e (128 GB) - Preto - Distribuidor Autorizado,3699,5799.0,4.9,Apple,Chegará grátis amanhã,36,https://www.mercadolivre.com.br/iphone-16e-128-gb-preto-distribuidor-autorizado/p/MLB1046215784#polycard_client=search-desktop&search_layout=grid&position=30&type=product&tracking_id=d95b145a-0aeb-4503-8e2e-4cca7ce31148&wid=MLB3986439067&sid=search,1,1,2k-5k,23.25
Smartphone Motorola Edge 60 Neo 5G - 256GB 24GB (12GB RAM + 12GB Ram Boost) 50MP Sony Camera Moto AI e tela 1.5K Super HD - Latte,1799,3799.0,4.9,Motorola,Chegará grátis amanhã,53,https://www.mercadolivre.com.br/smartphone-motorola-edge-60-neo-5g-256gb-24gb-12gb-ram-12gb-ram-boost-50mp-sony-camera-moto-ai-e-tela-15k-super-hd-latte/p/MLB58684606#polycard_client=search-desktop&search_layout=grid&position=31&type=product&tracking_id=d95b145a-0aeb-4503-8e2e-4cca7ce31148&wid=MLB4265763257&sid=search,1,1,1k-2k,28.349999999999998
"Samsung Galaxy S25 5G, 256GB, 12GB, Câmera Tripla - Azul claro",3898,5999.0,4.9,Samsung,Chegará grátis amanhã,35,https://www.mercadolivre.com.br/samsung-galaxy-s25-5g-256gb-12gb-cmera-tripla-azul-claro/p/MLB45513356#polycard_client=search-desktop&search_layout=grid&position=32&type=product&tracking_id=d95b145a-0aeb-4503-8e2e-4cca7ce31148&wid=MLB5264376996&sid=search,1,1,2k-5k,22.95
"Smartphone Motorola Moto G86 5g - 256gb 24gb (8gb Ram+16gb Ram Boost) Tela 1.5k Poled, 50mp Sony Camera Ois Moto Ai, Videos Em 4k, Ip68 + Ip69 - Vermelho",1792,2399.0,4.9,Motorola,Chegará grátis amanhã,25,https://www.mercadolivre.com.br/smartphone-motorola-moto-g86-5g-256gb-24gb-8gb-ram16gb-ram-boost-tela-15k-poled-50mp-sony-camera-ois-moto-ai-videos-em-4k-ip68-ip69-vermelho/p/MLB51340616#polycard_client=search-desktop&search_layout=grid&position=33&type=product&tracking_id=d95b145a-0aeb-4503-8e2e-4cca7ce31148&wid=MLB5462013472&sid=search,1,1,1k-2k,19.95
"Smartphone Infinix Note 50X 5G 8GB RAM 256GB De Armazenamento Tela 6,78"" Polegadas HD+ 120HZ Câmera 50MP + Selfie 8MP Bateria 5200mah NFC, DTS Áudio - Cor Cinza",1349,2267.0,4.8,123 Comprou,Chegará grátis amanhã,40,https://www.mercadolivre.com.br/smartphone-infinix-note-50x-5g-8gb-ram-256gb-de-armazenamento-tela-678-polegadas-hd-120hz-cmera-50mp-selfie-8mp-bateria-5200mah-nfc-dts-audio-cor-cinza/p/MLB61656785#polycard_client=search-desktop&search_layout=grid&position=34&type=product&tracking_id=d95b145a-0aeb-4503-8e2e-4cca7ce31148&wid=MLB5957442486&sid=search,1,1,1k-2k,24.4
Smartphone Motorola Edge 60 5g - 512gb 24gb (12gb Ram+12gb Ram Boost) Tela Quad-curve Moto Ai 50mp Sony Camera Ultrarresistencia Militar Ip68 + Ip69 - Azul Marinho,2099,2799.0,4.9,Motorola,Não informado,25,https://www.mercadolivre.com.br/smartphone-motorola-edge-60-5g-512gb-24gb-12gb-ram12gb-ram-boost-tela-quad-curve-moto-ai-50mp-sony-camera-ultrarresistencia-militar-ip68-ip69-azul-marinho/p/MLB48930800#polycard_client=search-desktop&search_layout=grid&position=35&type=product&tracking_id=d95b145a-0aeb-4503-8e2e-4cca7ce31148&wid=MLB5363845340&sid=search,1,0,2k-5k,9.95
Smartphone Motorola Moto G35 5g 256gb 12gb Ram Boost Coral,945,2000.0,4.8,Desconhecida,Não informado,53,https://www.mercadolivre.com.br/smartphone-motorola-moto-g35-5g-256gb-12gb-ram-boost-coral/p/MLB63092926#polycard_client=search-desktop&search_layout=grid&position=36&type=product&tracking_id=d95b145a-0aeb-4503-8e2e-4cca7ce31148&wid=MLB6228408744&sid=search,1,0,500-1k,18.299999999999997
Smartphone Motorola Moto G56 5g - 256gb 16gb (8gb Ram+8gb Ram Boost) Camera 50mp Sony Lytia 600 Ultrarresistencia Militar e Ip68 + Ip69 - Cinza,1598,1999.0,4.9,Motorola,Chegará grátis amanhã,20,https://www.mercadolivre.com.br/smartphone-motorola-moto-g56-5g-256gb-16gb-8gb-ram8gb-ram-boost-camera-50mp-sony-lytia-600-ultrarresistencia-militar-e-ip68-ip69-cinza/p/MLB50301060#polycard_client=search-desktop&search_layout=grid&position=37&type=product&tracking_id=d95b145a-0aeb-4503-8e2e-4cca7ce31148&wid=MLB5402372302&sid=search,1,1,1k-2k,18.45
Apple iPhone 16 (256 GB) - Preto - Distribuidor Autorizado,5205,9538.0,4.9,Apple,Chegará grátis amanhã,45,https://www.mercadolivre.com.br/apple-iphone-16-256-gb-preto-distribuidor-autorizado/p/MLB1040287796#polycard_client=search-desktop&search_layout=grid&position=38&type=product&tracking_id=d95b145a-0aeb-4503-8e2e-4cca7ce31148&wid=MLB3931272075&sid=search,1,1,5k-10k,25.95
"Smartphone OPPO A6t 128gb, 12gb Ram (4gb + 8gb Virtual Ram), Bateria Gigante de 6500mAh, Processador Snapdragon, Tela 120Hz, AI Câmera, IP64 - Violeta",899,1299.0,4.9,Oppo,Chegará grátis amanhã,31,https://www.mercadolivre.com.br/smartphone-oppo-a6t-128gb-12gb-ram-4gb-8gb-virtual-ram-bateria-gigante-de-6500mah-processador-snapdragon-tela-120hz-ai-cmera-ip64-violeta/p/MLB66130734#polycard_client=search-desktop&search_layout=grid&position=39&type=product&tracking_id=d95b145a-0aeb-4503-8e2e-4cca7ce31148&wid=MLB4573343865&sid=search,1,1,500-1k,21.75
"Smartphone Xiaomi Redmi 15 8gb 256gb Tela 6,9 144hz, Bateria 7.000 Mah, 50 Mp Preto",1390,1390.0,4.8,Desconhecida,Chegará grátis amanhã,0,https://www.mercadolivre.com.br/smartphone-xiaomi-redmi-15-8gb-256gb-tela-69-144hz-bateria-7000-mah-50-mp-preto/p/MLB61511995#polycard_client=search-desktop&search_layout=grid&position=40&type=product&tracking_id=d95b145a-0aeb-4503-8e2e-4cca7ce31148&wid=MLB4390450235&sid=search,0,1,1k-2k,12.4
Celular Samsung Galaxy A56 5g 128gb 8gb Ram Rosa,1998,3299.0,4.9,Samsung,Chegará grátis amanhã,39,https://www.mercadolivre.com.br/celular-samsung-galaxy-a56-5g-128gb-8gb-ram-rosa/p/MLB47106876#polycard_client=search-desktop&search_layout=grid&position=41&type=product&tracking_id=d95b145a-0aeb-4503-8e2e-4cca7ce31148&wid=MLB4561879339&sid=search,1,1,1k-2k,24.15
Apple iPhone 15 (128 GB) - Azul - Distribuidor Autorizado,4499,7209.0,4.9,Apple,Chegará grátis amanhã,38,https://www.mercadolivre.com.br/apple-iphone-15-128-gb-azul-distribuidor-autorizado/p/MLB1027172667#polycard_client=search-desktop&search_layout=grid&position=42&type=product&tracking_id=d95b145a-0aeb-4503-8e2e-4cca7ce31148&wid=MLB4408547152&sid=search,1,1,2k-5k,23.85
iPhone 17 Pro 256GB - Azul-profundo - Distribuidor Autorizado,9899,11499.0,4.9,Apple,Chegará grátis amanhã,14,https://www.mercadolivre.com.br/iphone-17-pro-256gb-azul-profundo-distribuidor-autorizado/p/MLB1055308781#polycard_client=search-desktop&search_layout=grid&position=43&type=product&tracking_id=d95b145a-0aeb-4503-8e2e-4cca7ce31148&wid=MLB5687335472&sid=search,1,1,5k-10k,16.65
iPhone 17 256 GB - Sálvia - Distribuidor Autorizado,6297,7999.0,4.9,Apple,Chegará grátis amanhã,21,https://www.mercadolivre.com.br/iphone-17-256gb-salvia-distribuidor-autorizado/p/MLB1055308843#polycard_client=search-desktop&search_layout=grid&position=44&type=product&tracking_id=d95b145a-0aeb-4503-8e2e-4cca7ce31148&wid=MLB6545162768&sid=search,1,1,5k-10k,18.75
Apple iPhone 16 (128 GB) - Preto - Distribuidor Autorizado,4986,7799.0,4.9,Apple,Chegará grátis amanhã,36,https://www.mercadolivre.com.br/apple-iphone-16-128-gb-preto-distribuidor-autorizado/p/MLB1040287808#polycard_client=search-desktop&search_layout=grid&position=45&type=product&tracking_id=d95b145a-0aeb-4503-8e2e-4cca7ce31148&wid=MLB5120546360&sid=search,1,1,2k-5k,23.25
Smartphone Motorola Edge 60 Pro 5g - 512gb 24gb (12gb Ram+12gb Ram Boost) Tela Quad-curve Moto Ai 50mp Sony Camera Ultrarresistencia Militar Ip68 + Ip69 - Cinza,3059,5499.0,4.9,Motorola,Chegará grátis amanhã,44,https://www.mercadolivre.com.br/smartphone-motorola-edge-60-pro-5g-512gb-24gb-12gb-ram12gb-ram-boost-tela-quad-curve-moto-ai-50mp-sony-camera-ultrarresistencia-militar-ip68-ip69-cinza/p/MLB48998798#polycard_client=search-desktop&search_layout=grid&position=46&type=product&tracking_id=d95b145a-0aeb-4503-8e2e-4cca7ce31148&wid=MLB5389690592&sid=search,1,1,2k-5k,25.65
"Tcl Smartphone 605 4g, Octa Core, 128gb 12gb Ram (4+8), 6.7 Hd+ 90hz, Nfc, Dual Sim, 50mp",649,799.0,4.7,Mercado Livre,Chegará grátis amanhã,19,https://www.mercadolivre.com.br/tcl-smartphone-605-4g-octa-core-128gb-12gb-ram-48-67-hd-90hz-nfc-dual-sim-50mp/p/MLB53155051#polycard_client=search-desktop&search_layout=grid&position=47&type=product&tracking_id=d95b145a-0aeb-4503-8e2e-4cca7ce31148&wid=MLB6161225994&sid=search,1,1,500-1k,18.05
Apple iPhone 15 (256 GB) - Preto - Distribuidor Autorizado,4751,8095.0,4.9,Apple,Chegará grátis amanhã,41,https://www.mercadolivre.com.br/apple-iphone-15-256-gb-preto-distribuidor-autorizado/p/MLB1027172669#polycard_client=search-desktop&search_layout=grid&position=48&type=product&tracking_id=d95b145a-0aeb-4503-8e2e-4cca7ce31148&wid=MLB3621184765&sid=search,1,1,2k-5k,24.75
Smartphone Motorola Edge 60 Fusion 5g - 256gb 16gb (8gb Ram+8gb Ram Boost) 50mp Sony Ai Camera Ip68 Nfc - Rosa,1939,3299.0,4.9,Motorola,Chegará grátis amanhã,41,https://www.mercadolivre.com.br/smartphone-motorola-edge-60-fusion-5g-256gb-16gb-8gb-ram8gb-ram-boost-50mp-sony-ai-camera-ip68-nfc-rosa/p/MLB47251829#polycard_client=search-desktop&search_layout=grid&position=49&type=product&tracking_id=d95b145a-0aeb-4503-8e2e-4cca7ce31148&wid=MLB4027318137&sid=search,1,1,1k-2k,24.75
Smartphone Motorola Moto G15 256gb 12gb 4GB RAM 8GB RAM Boost Camera 50mp Verde,899,1499.0,4.8,Motorola,Chegará grátis amanhã,40,https://www.mercadolivre.com.br/smartphone-motorola-moto-g15-256gb-12gb-4gb-ram-8gb-ram-boost-camera-50mp-verde/p/MLB44665542#polycard_client=search-desktop&search_layout=grid&position=50&type=product&tracking_id=d95b145a-0aeb-4503-8e2e-4cca7ce31148&wid=MLB5237351728&sid=search,1,1,500-1k,24.4
iPhone 17 Pro 512GB - Azul-profundo - Distribuidor Autorizado,11699,12999.0,4.9,Apple,Chegará grátis amanhã,10,https://www.mercadolivre.com.br/iphone-17-pro-512gb-azul-profundo-distribuidor-autorizado/p/MLB1055308802#polycard_client=search-desktop&search_layout=grid&position=51&type=product&tracking_id=d95b145a-0aeb-4503-8e2e-4cca7ce31148&wid=MLB4200188179&sid=search,1,1,10k+,15.45
"Smartphone Motorola Signature 5g - 512gb 24gb (12gb Ram + 12gb Ram Boost), 3 Cameras 50mp Sony Lytia E Zoom 100x, Tela 1.5k Extreme Amoled 165hz - Preto",7649,8999.0,4.8,Motorola,Chegará grátis amanhã,15,https://www.mercadolivre.com.br/smartphone-motorola-signature-5g-512gb-24gb-12gb-ram-12gb-ram-boost-3-cameras-50mp-sony-lytia-e-zoom-100x-tela-15k-extreme-amoled-165hz-preto/p/MLB65938141#polycard_client=search-desktop&search_layout=grid&position=52&type=product&tracking_id=d95b145a-0aeb-4503-8e2e-4cca7ce31148&wid=MLB6373850588&sid=search,1,1,5k-10k,16.9
"Smartphone Motorola Moto G17 4g - 256gb 12gb (4gb Ram + 8gb Ram Boost) Camera 50mp Sony Lytia 600, Tela Fhd+ 60hz, Bateria 5200 Mah - Rosa",1078,1749.0,4.9,Motorola,Chegará grátis amanhã,38,https://www.mercadolivre.com.br/smartphone-motorola-moto-g17-4g-256gb-12gb-4gb-ram-8gb-ram-boost-camera-50mp-sony-lytia-600-tela-fhd-60hz-bateria-5200-mah-rosa/p/MLB65041664#polycard_client=search-desktop&search_layout=grid&position=53&type=product&tracking_id=d95b145a-0aeb-4503-8e2e-4cca7ce31148&wid=MLB4510840013&sid=search,1,1,1k-2k,23.85
Smartphone Oppo A6 Pro 256gb 8gb Ram 5g Ip69 Azul Espacial,2999,3199.0,4.9,Oppo,Chegará grátis amanhã,6,https://www.mercadolivre.com.br/smartphone-oppo-a6-pro-256gb-8gb-ram-5g-ip69-azul-espacial/p/MLB66177449#polycard_client=search-desktop&search_layout=grid&position=54&type=product&tracking_id=d95b145a-0aeb-4503-8e2e-4cca7ce31148&wid=MLB4536941689&sid=search,1,1,2k-5k,14.25
iPhone 17e 256GB Preto - Distribuidor Autorizado,5219,5799.0,4.9,Apple,Chegará grátis amanhã,10,https://www.mercadolivre.com.br/iphone-17e-256gb-preto-distribuidor-autorizado/p/MLB1066130044#polycard_client=search-desktop&search_layout=grid&position=55&type=product&tracking_id=d95b145a-0aeb-4503-8e2e-4cca7ce31148&wid=MLB6402322328&sid=search,1,1,5k-10k,15.45
Smartphone Samsung Galaxy A56 5g 6.7 Pol Octa-core 256gb 8gb,1998,3699.0,4.9,Samsung,Chegará grátis amanhã,46,https://www.mercadolivre.com.br/smartphone-samsung-galaxy-a56-5g-67-pol-octa-core-256gb-8gb/p/MLB65302568#polycard_client=search-desktop&search_layout=grid&position=56&type=product&tracking_id=d95b145a-0aeb-4503-8e2e-4cca7ce31148&wid=MLB4609819131&sid=search,1,1,1k-2k,26.25
"Smartphone Motorola Moto G17 4g - 128gb 12gb (4gb Ram + 8gb Ram Boost) Camera 50mp Sony Lytia 600, Tela Fhd+ 60hz, Bateria 5200 Mah - Azul",899,1299.0,4.9,Motorola,Chegará grátis amanhã,31,https://www.mercadolivre.com.br/smartphone-motorola-moto-g17-4g-128gb-12gb-4gb-ram-8gb-ram-boost-camera-50mp-sony-lytia-600-tela-fhd-60hz-bateria-5200-mah-azul/p/MLB65041642#polycard_client=search-desktop&search_layout=grid&position=57&type=product&tracking_id=d95b145a-0aeb-4503-8e2e-4cca7ce31148&wid=MLB6420215012&sid=search,1,1,500-1k,21.75
"Smartphone Infinix Smart 10 4GB RAM 256GB SSD Câmera 8MP + IA, Tela 6.67 HD+ 120Hz, Bateria 5000mAh, Processador T7250, Android 15 Go, Dual Chip - Preto",670,1458.0,4.8,123 Comprou,Chegará grátis amanhã,54,https://www.mercadolivre.com.br/smartphone-infinix-smart-10-4gb-ram-256gb-ssd-cmera-8mp-ia-tela-667-hd-120hz-bateria-5000mah-processador-t7250-android-15-go-dual-chip-preto/p/MLB56327005#polycard_client=search-desktop&search_layout=grid&position=58&type=product&tracking_id=d95b145a-0aeb-4503-8e2e-4cca7ce31148&wid=MLB5751262142&sid=search,1,1,500-1k,28.599999999999998
Kit Samsung: Celular Galaxy A17 256gb 8gb Ram 50mp 6.7 Nfc Ip54 Preto + Galaxy Buds Core Branco,1431,1698.0,4.9,Samsung,Frete grátis,16,https://www.mercadolivre.com.br/kit-samsung-celular-galaxy-a17-256gb-8gb-ram-50mp-67-nfc-ip54-preto--galaxy-buds-core-branco/up/MLBU3605578150#polycard_client=search-desktop&search_layout=grid&position=59&type=product&tracking_id=d95b145a-0aeb-4503-8e2e-4cca7ce31148&wid=MLB5957929002&sid=search,1,1,1k-2k,17.25
Smartphone OPPO A5 256GB 6GB RAM Branco,1169,1499.0,4.8,Oppo,Chegará grátis amanhã,22,https://www.mercadolivre.com.br/smartphone-oppo-a5-256gb-6gb-ram-branco/p/MLB51680761#polycard_client=search-desktop&search_layout=grid&position=60&type=product&tracking_id=d95b145a-0aeb-4503-8e2e-4cca7ce31148&wid=MLB5745515116&sid=search,1,1,1k-2k,19.0
Smartphone Motorola Moto G15 256gb 12gb 4GB RAM 8GB RAM Boost Camera 50mp Verde,899,1499.0,4.8,Motorola,Chegará grátis amanhã,40,https://click1.mercadolivre.com.br/mclics/clicks/external/MLB/count?a=rXOAiOKuHWz00ckGZXdbgRnCbRjhHlBaEPrVWrgXYssW1ZArIkQRKYBBoI3g3csNnlsaJr61k3VdpfEIM3t04jqXtGpKW2y8aF8w59TdSxlbpSiWERvKioBi6IN0ty3y4Rjzj%2FSnUle%2BXhd2OeCOD6y4dAbg6D7fVIO8pE00%2FiKxSHCrSHgQI%2FWuGP%2FAUa3Wu%2BAgPf1K4G4LVEhLSlaGxrHu%2F4lMS7MW04gQFSz%2FKTvzJk9UbcsQ89I1sz8eeP7q%2F2NSFdi1M9N5ghG%2BDbSZXCZH5TknfY%2FMOoDj85pd52DeM6bfeko2UATAMrB%2FO6D9BR%2BjVV4uM4tQxw5LwLG5aUn1OKyzq4NQSOOidAWvxzXALbI3rMFPVqe0aEGkjXUwN9EqFUq4EahY4UViJM8JgMQoJbM%2Fsy8tVWFQkAag%2FIRD4tZuZhAx6W4ISNT%2FBwIZjJ0XboKZIQGKov%2FngCoNVDLvIcv1Ao32na%2FpaYi3%2BzsCJyAVLp7%2FDwn1CQ7EjCfkOtIxjwaeDvLY4Jlto%2BTxuNNghgU8p3RXn1p9wKQHz7Eg%2Fiymo50XSPVPCX1WEHZeEsb5jyVUpK%2FU2aYCQYPYAJGiY6NQbmmSA0dk2D%2FHzdy538T5GWg%2FekaDUjsTDkZgMjapwZSftFVDNpNW4oUNwyr5ECqHyN4RJdKByOsJlPYzcQi%2BhvfE6L8hKuIJYlGxU3AIDVAwH5gueDMyJVdFlq9z2LAe%2Fg6OXSgbJJeNOr6%2BVnWgxC2KdxDS%2B74KDg1lgPdsu0QlL8eL4bMMEBqm30rZybrZmVCjldgY%2FxbCkIXWPrwZ0t%2FrCBVE1fBxP7xWhGyYi3M4b6xYwoWmpaW3bZBhOoW1tjEubOYce7qGdoGWD6mJh1gi4wmU9Oxb%2BaJUBviiRrovK7A8eU64U4vb2X6ZzZi3mc8S4FVoOjUl8sSaAn5C30qia81Rh%2BYxSTw1AT4s1q%2B9KldVIs%2BDYZNut5sTWk0%3D#polycard_client=search-desktop&is_advertising=true&searchVariation=MLB44665542&backend_model=search-backend&search_layout=grid&position=1&type=pad&tracking_id=0070d093-cae0-471f-be53-cb34f04eaa6e&wid=MLB5237351728&sid=search,1,1,500-1k,24.4
"Smartphone Motorola Moto G17 4g - 128gb 12gb (4gb Ram + 8gb Ram Boost) Camera 50mp Sony Lytia 600, Tela Fhd+ 60hz, Bateria 5200 Mah - Azul",899,1299.0,4.9,Motorola,Chegará grátis amanhã,31,https://click1.mercadolivre.com.br/mclics/clicks/external/MLB/count?a=CDh82W9H58kqCMO1YY13KCKpg3M6aJQ9FB9opBky9PsCEoZ%2FjHRC6Dmyz%2B%2B56VP2zolc6njV8bbtoJYWL3hv3%2FlM19GPZLVTSQR6axrxqy6izLNc8ddgafsXyfRyNrseQP21cTuIMcLxPdXsU4TmHvGejWtQVFo1lpMXv5h6FZn1wKuE%2F0Ptv8P%2F95NoPlLNC65PHGOrJQfUVAd1r5j0jF4WiWPYvSOHewLlLpwZK8c2jofCQ3ie6e7qAS%2BvmJKxT4PDGI4MJIlgu92%2FIDjBJzguqwbmak14o5SoOV1nyYtqSGUJMFT8hvExEOZVtigEAey6vxJ76pSfUC5tOl8zK4K0EttuJMhof8SQSj7FIroAfRyOEbYGh4Hh4bou9b%2Fh8ILt%2FZXEtkKPcmknTGDRRsNFfEdpYTSr51DdmbO06pyaDPpFLa8Z2yw2qJa2LRe1fE63C%2F1TFn4QgZorMvW085h9lN9q6pszVBhyBlNU3XBFS6B9HpyPzH%2Bgp26fOnlzlPb5OqbdN4rEjtaMZqQOmvXrCBR2427giz17hNA9gmIHj1dRu8AYCz2%2FNCCQa3uQEuYD8Sl3kbs0NmHDCZWr3Y4IzIHxxRYq1KAk7mkZpeSX3ketAhCjDd0n7vpe8TL27wJypjKqEP18ZTW2gQf6bcZArfOd0XhIRNxdHaHNZWx7VuwlY7t6cX7dMIs8%2F9gDtEPysFGfDz38n5EOrMqQeOTOWKP%2BhdLSmID8RHa%2FSmhU8fDVxYIZP1RMkTMn99HEPRbIpyvJqrLd7pODpzlE%2BU8g7K4lbRkd9j18B6dzNPrAe0eazBanG7Kk9c9N2CONrxwcwrJoiC11KbKnjmUAByahpDbkDPLU0yFidK49J5HP2HOVsmSXTcKWjgTQEV4y4Mpw2kyokFu%2Fu9zLxPQhN%2FPrIHlNXbX0zUpycQXq%2BXFiuorQbVWmPeHiEy06PnAx61M3yAruMNhcD2sel3mFqGfx1STRRhh%2Bj%2FNc7Jrm%2Bxz%2BjNd%2F%2BVng0GVzwK8g%2BLW1281YkWg9ZE4kzGH1QeUEfUFESw%3D%3D#polycard_client=search-desktop&is_advertising=true&searchVariation=MLB65041642&backend_model=search-backend&search_layout=grid&position=2&type=pad&tracking_id=0070d093-cae0-471f-be53-cb34f04eaa6e&wid=MLB6420215012&sid=search,1,1,500-1k,21.75
Smartphone Motorola Moto G06 - 256gb 12gb (4gb Ram + 8gb Ram Boost) E Camera 50mp Com Ai Bateria De 5200 Mah Tela 6.9 - Bege,723,1349.0,4.9,Motorola,Chegará grátis amanhã,46,https://click1.mercadolivre.com.br/mclics/clicks/external/MLB/count?a=6mXE5OAMv7R7L5itPd%2B2Kv5h96Pw%2BmmNm70ioCEMWJ6GX00un594d1YL5v6Ea9G814%2FxHbMfF2Lli2FN36Njk4DGiqtvoxLTvXabvd5C1D24NWvdBtLitt38GdBGSkJ%2BseCCyWAlcBpgIQHblE6P%2F8UVyWFstGWeH0MBenRffiKfQ3jhXZ0nO8Am4hlscrojA1TMklXN8ZnfvoTm2HkAK%2Bb7Uq3BeC16%2FM46HqX%2BpBYyambFrFiAPwCVm37C5S0YuUadXdpOXACh7DuRc6luCe%2Fx0ztKlLS4kmb%2BNKy01W4z3WBTDH07Cm4zwumaWCUc84NgFjrMArgBKMcGSFy1KWBiKZu1zg7f5fXd6zMbdimd89LblkZIh8othATHbslII3Q%2B9dgy6VZBktA0GLJjns9meGRti%2BnQxF7JnqHVRTDbdOcrLrcQi7DWJLdO6Q1yTs%2FP8vfMpZpP91RN01KUhYOqqnsQ5pFiG3UqUEzx%2F8VZMDeG%2BsMtGHtl9q52lm%2F4FSFEX9Eas%2FuqbrEColP8SmHa%2Br0UklBo19kj4kBkVSy9sSQkCYA81idLKNYoRIF%2FeG%2B%2FpQjjJ%2BdGfDqtQkIvD0n10phX7F%2BSl0bzf4R7DrJ6HZ3Dyqh%2BEUs4Trv%2B41fGu2m1vMfcFsPNQns4zbpM4iO%2BgmC6YNrhQgrYfbmZZ3BDSo3FNcEK72Bo9ZnwxYp0wbWNW8JCz5Da3dqzkCAZVf%2FzLOh8IZSuD6sDPHV8c%2BFXgC22yZtHA4KYLpsAxU4cVbaLH9k5g2B0Um%2FcFehwOalIi4wzcJGZqOjZ7Mcraal2iyZtlY%2FZxvbtZ%2BkyXZpAP%2F61w%2F7Vb3QB6xdH%2BJ30Du4CLUDu6qfdEOb6yUxLIEgANEL4%2BTfZdd9wjTHpT5hoKDYRL%2B7dqjmYEBqTVMNE6BLfsAL%2FwOUzELOa4W7Mfl0FK2X89X%2BJ5m7KCPw5p0xGFgXei7FNym7FUrkeyEQ5pc7IB1Qt7kNDEvMw0nVvGuG8ULrFNheKWT9r6xsgYWP0Hoyrw81W71hT#polycard_client=search-desktop&is_advertising=true&searchVariation=MLB55762063&backend_model=search-backend&search_layout=grid&position=3&type=pad&tracking_id=0070d093-cae0-471f-be53-cb34f04eaa6e&wid=MLB5765125576&sid=search,1,1,500-1k,26.25
"Smartphone Motorola Moto G86 5g - 256gb 24gb (8gb Ram+16gb Ram Boost) Tela 1.5k Poled, 50mp Sony Camera Ois Moto Ai, Videos Em 4k, Ip68 + Ip69 - Vermelho",1792,2399.0,4.9,Motorola,Chegará grátis amanhã,25,https://click1.mercadolivre.com.br/mclics/clicks/external/MLB/count?a=sI1s1o%2FRNzzSZ8i3MmVtPDSq5xjinVqKY0icUUYyQRMqQ2GzrdDkKsKGUWMRoHsgOxi1D7auwUINv8dJSUjVgv%2F1ff%2Bo%2BQLNxWJFV%2BB2ddwXfTwKDGojYXiS4KRtEZJHyW%2BQaHAC47jcf9xCor7afWsGk7zr7P6QQCSUQJh6BvOFJlO%2BDRsFmroBbr2sxfy4h39jsWJqYP9jC83AiZC9ni3uagEG2RAuvBtrvJlQaDXD147T3jqUDW2NVE7ZmKM%2FEt2HYTq9ERpQ933Bc3GsRO9Qbk6Cra287Fu6iEFDd2slANCyVr2efvIZNVqBNS0Ybs8nt7iAnSf85y0VzKd6TMtuxy%2FMZJLBc7tsPaA%2BR%2FUU6BMP1v6HqOtYzADr6D1Wn5fYRf%2BxBsZko1TPtGTSpcM4wITazPo3Qb0IoGzlzBL61yp%2BMyt3qM6O%2FA2YG7Zl1DdAN96qFNFuJ0k%2F6CWE6V%2FxovrbUSi1NAAO0pUt0VmGXTzV0xQcx69RX73mtvFrVHr%2BGhQ94ZQh3Qg70g1Ulml4BRte1MPChniaC0fLAATECV5Bo8AH1ikQnEinW1Z%2FWi6vg41uT3%2FHb0QRy8OpNPLUJ1ua5wCPTKPCF2SVJP9tTCmEHi%2BuBP5xNyYUTafPJrHXYOwLgF0QL9e%2BR%2FXXLkniVfp24NE6a31PGXP%2B0kFM2xYl0o8l1%2BJa31WhkLhe4SiL6iYyrOF2Q2nsH5saixdkfi2WjBSneX5I2HsxWk6lQ2K8fM3%2FN7HoD0JVgtFFTq%2FdFdGAwAe8Y3MX%2BrPez%2B9EF3OaIfLOCXQOdB0R%2FPKYgd0B7dsRlb%2Fjob4QPna1vV9ZHwePae4VgZpAEaZqFVHFLdJXxr3wxFy5YARl2KT6YD8yU%2B1McyZUeCa5Jo72vYWLKWYUEX7jrWjC3pkWlImvSF9VPM0BUQZ7T7HQyaxQ%2B7W54E7hyABBI08uCg0%2B7wfE9gaLRC3xSKF%2FTMw%2FM7g4LnHg4MjAswA%2F8gWydwaAJDs4NUwxR6aln2eCZq8Jh0n3dnHwW%2F7Nwr882eorzNR1FqNQ%2FS3SatP89BJPJGdH#polycard_client=search-desktop&is_advertising=true&searchVariation=MLB51340616&backend_model=search-backend&search_layout=grid&position=4&type=pad&tracking_id=0070d093-cae0-471f-be53-cb34f04eaa6e&wid=MLB5462013472&sid=search,1,1,1k-2k,19.95
Celular Samsung Galaxy A56 5g 256gb 8gb Ram Cinza,1998,3699.0,4.9,Samsung,Chegará grátis amanhã,46,https://www.mercadolivre.com.br/celular-samsung-galaxy-a56-5g-256gb-8gb-ram-cinza/p/MLB47114363#polycard_client=search-desktop&search_layout=grid&position=5&type=product&tracking_id=0070d093-cae0-471f-be53-cb34f04eaa6e&wid=MLB5317821714&sid=search,1,1,1k-2k,26.25
Smartphone Samsung Galaxy A36 5g 128gb 6gb Ram Câmera Tripla De Até 50mp Selfie De 12mp Ip67 Super Amoled 6.7'' Nfc Recursos Ai Android E Segurança Snapdragon - Preto,1430,2815.0,4.9,Webfones,Chegará grátis amanhã,49,https://www.mercadolivre.com.br/smartphone-samsung-galaxy-a36-5g-128gb-6gb-ram-cmera-tripla-de-ate-50mp-selfie-de-12mp-ip67-super-amoled-67-nfc-recursos-ai-android-e-seguranca-snapdragon-preto/p/MLB47115842#polycard_client=search-desktop&search_layout=grid&position=6&type=product&tracking_id=0070d093-cae0-471f-be53-cb34f04eaa6e&wid=MLB6410679768&sid=search,1,1,1k-2k,27.15
Xiaomi Redmi 14c 4G 256 GB 8 GB RAM dual sim cor preto,832,832.0,4.6,Desconhecida,Não informado,0,https://www.mercadolivre.com.br/xiaomi-redmi-14c-4g-256-gb-8-gb-ram-dual-sim-cor-preto/p/MLB41287578#polycard_client=search-desktop&search_layout=grid&position=7&type=product&tracking_id=0070d093-cae0-471f-be53-cb34f04eaa6e&wid=MLB6245801058&sid=search,0,0,500-1k,2.3
Smartphone Motorola Moto G06 - 128gb 12gb (4gb Ram + 8gb Ram Boost) E Camera 50mp Com Ai Bateria De 5200 Mah Tela 6.9,661,999.0,4.9,Desconhecida,Chegará grátis amanhã,34,https://www.mercadolivre.com.br/smartphone-motorola-moto-g06-128gb-12gb-4gb-ram-8gb-ram-boost-e-camera-50mp-com-ai-bateria-de-5200-mah-tela-69/p/MLB61381499#polycard_client=search-desktop&search_layout=grid&position=8&type=product&tracking_id=0070d093-cae0-471f-be53-cb34f04eaa6e&wid=MLB4515672567&sid=search,1,1,500-1k,22.65
"Celular Samsung Galaxy A07 128gb, 4gb, Câmera 50mp, Tela 6.7 , Proteção Ip54, Processador 6nm - Preto",599,899.0,4.9,Samsung,Chegará grátis amanhã,33,https://www.mercadolivre.com.br/celular-samsung-galaxy-a07-128gb-4gb-cmera-50mp-tela-67-proteco-ip54-processador-6nm-preto/p/MLB55034955#polycard_client=search-desktop&search_layout=grid&position=9&type=product&tracking_id=0070d093-cae0-471f-be53-cb34f04eaa6e&wid=MLB5859349564&sid=search,1,1,500-1k,22.35
Samsung Galaxy A06 5g Dual Sim 128gb preto,719,989.0,4.8,Vikings,Chegará grátis amanhã,27,https://www.mercadolivre.com.br/samsung-galaxy-a06-5g-dual-sim-128gb-preto/p/MLB48946861#polycard_client=search-desktop&search_layout=grid&position=10&type=product&tracking_id=0070d093-cae0-471f-be53-cb34f04eaa6e&wid=MLB6433836010&sid=search,1,1,500-1k,20.5
"Celular Samsung Galaxy A17 Com Ia, 256gb, 8gb Ram, Câm De 50mp, Tela De 6.7 , Nfc, Ip54 - Preto",1259,1399.0,4.9,Samsung,Chegará grátis amanhã,10,https://www.mercadolivre.com.br/celular-samsung-galaxy-a17-com-ia-256gb-8gb-ram-cm-de-50mp-tela-de-67-nfc-ip54-preto/p/MLB55254425#polycard_client=search-desktop&search_layout=grid&position=11&type=product&tracking_id=0070d093-cae0-471f-be53-cb34f04eaa6e&wid=MLB4583723537&sid=search,1,1,1k-2k,15.45
"Celular Samsung Galaxy A07 256gb, 8gb, Câmera 50mp, Tela 6.7 , Proteção Ip54, Processador 6nm - Violeta",852,1399.0,4.9,123 Comprou,Chegará grátis amanhã,39,https://www.mercadolivre.com.br/celular-samsung-galaxy-a07-256gb-8gb-cmera-50mp-tela-67-proteco-ip54-processador-6nm-violeta/p/MLB54964804#polycard_client=search-desktop&search_layout=grid&position=12&type=product&tracking_id=0070d093-cae0-471f-be53-cb34f04eaa6e&wid=MLB4277746349&sid=search,1,1,500-1k,24.15
Smartphone Motorola Edge 60 Neo 5G - 256GB 24GB (12GB RAM + 12GB Ram Boost) 50MP Sony Camera Moto AI e tela 1.5K Super HD - Latte,1799,3799.0,4.9,Motorola,Chegará grátis amanhã,53,https://click1.mercadolivre.com.br/mclics/clicks/external/MLB/count?a=3%2Fq1YQwoSckKB3yUMm6Vl1ESIWBkbw%2BdPqeJsfN3%2FOLic1OzPuOB8lvmifYk%2F%2FVzwWP08OdrToY8%2FfV7fnJb3fGkcI6xjWfEjrm1bIrJY0r12I%2FWpqTSDYjzrAL9qEEsrTmUfapgtN3jmPSOtucTaSiVrIQDExj61Dt7vz5qHYS8ZsN6MJP%2FF2FJKHBHpRQinSevUlILccnfQL29sEbXFDEh%2Bg%2BCyoVu6aph8Vl%2F6mWd%2FERaDjvPQc5EI6DcvGU3o6ZSiM988yy8aXh636gLl25nWcN%2FgreqHjoaD1aJRgWtGw%2F%2FYLSOcjyi11YE2DaBztAn2aLrqQgfVaQkFv2akSXmXbepi5irgKRTlZAZc3M6UeaEU%2BgnisYoqv5qo2ToCBCe6P5jKl42Us3UYgEUHNqds2j8KKyrZkd9kHdq2dNKq5iHFPcig0PQB%2BLycPZ6VJ0L%2F7qdRJf79%2FKbVeoZMZnn0c1tZ5YkI4YcFroIrd9azcPjJFltFGV1Kfx1AkBFp%2BJfZHYWCmxo6zChnft%2BXhhVzOX2n5FZx0XWS9LsFbHkzaUqqRBI4vlF6KTMI%2FcQxzbb8Yd5CBF%2B9c22ucjXRv%2BbhKyYJqy%2FJm56EDZC3EtcfU9RRNlanPTgjQzm2CRUI8kdPiOEM%2FEaBegv9TDANx2Ih5OO6xSKv3%2BGHdiMPrIUs%2FFFcVFnO4bqEOlmy8VUy7uZq2h70UpRJa76EkS%2FV9CFKT8r7qJsVmIeAbwvTV%2FhphdmryLhSnuxkxcSqM%2F7c8TvdoQ249hE9bHzR1OftoavQ8NzQvqDNge%2BGmOttUmObRW9j509Ptgr56g5fc1CKxoq2Mbi5Sg4y1qFwKArHwSzbyTG3Es%2FJUUp7bxDzzCaWUoVpvOvTGCAX3hy4osfjwwzzDdflZlz9flMH%2FxynDNDLt8hFIODgGeaTKCHN4Q9fLY%2FQiJ8QTkqOuRZRCW9X6Dm1PCIyYvJ2ZD%2FDADvs5SCnVIMi8OZiQ%2F5kJuggg2ccsiL0Wm4%2F8VgS4qi1RrFLkj7c9QrSNSEoOfRmAlt#polycard_client=search-desktop&is_advertising=true&searchVariation=MLB58684606&backend_model=search-backend&search_layout=grid&position=13&type=pad&tracking_id=0070d093-cae0-471f-be53-cb34f04eaa6e&wid=MLB4265763257&sid=search,1,1,1k-2k,28.349999999999998
Smartphone Motorola Moto G05 256gb 4gb Ram Camera 50mp Vermelho,699,1199.0,4.9,Motorola,Chegará grátis amanhã,42,https://click1.mercadolivre.com.br/mclics/clicks/external/MLB/count?a=8Kjw3g%2BCVzW4t%2FRv%2FLcEfR%2BB7Dlw4MSlk9Ef2rzY0ZHA%2Fpe5X%2BOfxNWC2djB%2BcTM2vPv7dCAglbKW2P3l171y%2BJzfUFDQWd3w%2FnxUoCaD3j7wq1HA%2BzjsnVBlPtyiwhNw%2BzmXcWPRMMHkR28EbjQQr2LD6KP4nZxGvua45amrEJ509jcHdwUuRRsSFQml1%2BEGPW3P0MdzwwRxT0XBKSHXwe1y%2FBby8YyzPrF02t8LI3Zqp%2FKPcv2STcKneTQ4CQlEC6OkMSZhwpFDcgH%2FBpUeySs4Ayzzd7XL%2FaoKjdp9gx42xJ7Bxb0fbJjyMa%2FcibWITuRIZwesD4zjZYOH7PnOIGPxinXEN%2BulxKm3H0SX8IFxWCmfC2Tv7O4hZGqQpGoDOqv%2B2KlopJs6Ja1fHLZZMhEQib8tB0Qn9rM4I6m%2FG4YJgpnmxzNgoIT4zgs74gSl1X%2FiSiVhQ9%2BZEZeMQogurq89RiiRKXL8bcsOx033VeV9fIPvaY8ML82gkYsJUr1izWIr2v%2BfLo5HNi532KegT45AEgqSC18mNIxqz6PEjA1kWd0S90cEdagtDnu7LTR%2F5TV0wfQ5tI5wCDdYgc5LE%2BN07dA9fzrESPATP3O728HwGl3TTO9gKdHSrBWUQ7YQO0KRYKljFE5WJ%2BkA47FAY8p1GVf4cQhCBZF17kif6ZLpUjUhfZoEWkjfmZ8UQj2OV6FP3U7dlU37D12xL2U3IYTPtsJSELlEnPTNNEbtQ6GSbWJLqin36XyG9Z86%2B18AR%2BJbPMfnOosaZCWsv2ildAbJEUBkpPRvweSq01c7qF4eCcH8tKtPXFy2OEc31rCyYxiTjAuy%2BrNwgNmpBsMNOZM8nQktA3LC0Bu4RkFI9Qn5yQa0oly74vEKSoK0DZxaPLzfXSUa1G1Baq9L6CZsFiQQudgVlBjpoG6twQYqdIlcN%2BDyKtTO%2BjQlHCvHDRqJl7FT9U%3D#polycard_client=search-desktop&is_advertising=true&searchVariation=MLB58493174&backend_model=search-backend&search_layout=grid&position=14&type=pad&tracking_id=0070d093-cae0-471f-be53-cb34f04eaa6e&wid=MLB5774641722&sid=search,1,1,500-1k,25.05
Smartphone Motorola Moto G56 5g - 256gb 16gb (8gb Ram+8gb Ram Boost) Camera 50mp Sony Lytia 600 Ultrarresistencia Militar e Ip68 + Ip69 - Cinza,1598,1999.0,4.9,Motorola,Chegará grátis amanhã,20,https://click1.mercadolivre.com.br/mclics/clicks/external/MLB/count?a=weCa6XwIMeJ%2FxPk88GUncyWEeY4jQP%2Brh5giOf%2FJ5SH3BuhJ7HroXonFNe%2BKMoziud%2FPJZcGr5E%2B6vtEeCuZMJI1XvGf3XEh0bhSvx%2BpAAzrUNl8bKaEHz2IywND7Eax%2BAUEva1EqavykCaxr7CYD%2BsoT4nxYFuicPYxNxH%2FlN9NIYRtE6SLW2eRC3CAwyK1W2NCrCb2BNv%2Bo3yZfXZWLRjXC1xQ6MbPuSvkNDfZN3Y33szTloeKYWyIrk6JYRh3DIlGIZse9GMvnkh700sYgHH%2FqByW9%2B2DDYROfbt8Tefnm6H7PxXoBMLEQliKAqHYeijRn9lUzo6IONW%2BdljVXi017ghTqpRu63Du2lcYiA%2BSxqIveOczVG2H5MLw2pNu9wap12p1e%2FtEWLiFPOri3hZeZFtdFIXbYWtpcS2Iai9CqrC7yNehnm5aJZFtBlm90KxGC9N4q5Sw%2F7iZD%2BjCVDxxw3olsjrPlykt6%2BLVeaZIn9a7o%2Fx3ePOiIvF%2F0LT7Bt7%2BORKIT0Gwrf8g0DN%2FaDYKuzxyGIft2frDRAbteSZ03k%2Fszj0FfOEQvP7ZlEJ%2FlSqwDUmSnaNbYnEBzXQ9PZlOeijnMjZCK0HM63pr7RBw7hLFyWnWHY9HMsMKqJSrZiNIsr5EPuyKPlm4HDM2VuKmYBEyFI%2FeR2RbuwfXS%2FWFx3J9XiLUtEtcIWohgw4IcNyOZ7vpzfGZdV%2BDfrvxuppP1b7ZjOgoguQ5xp0QNG3fez6loI8YhhZeEJgWJiJmIoFu%2BYF28Y4%2F%2BgXNK5FuUTbiq0OyGt9oVw24j0G21AcGpkB11YApWJSb3ZGQ89r8PDMj8%2BPUlSsbMHvWBlW5YkysrokWmPvgzXKgi2mC%2FkyfgLlpdKVW8SAD8M8HzV8hTHgcb8o84AGK4CswcYbFkh4Klx2AA1w3u22I07paXkOJLCLNN4VytMFfsClgPtdDadZNrLfqqE5hSh156EoPbsOuVkiFITQqQu896jEp2UtK8cO2%2FBFmN4vEmO8ORZDSiwi2iuzLwNA81BZ3RcKwsVqroRTPEw7gmCX38IU%3D#polycard_client=search-desktop&is_advertising=true&searchVariation=MLB50301060&backend_model=search-backend&search_layout=grid&position=15&type=pad&tracking_id=0070d093-cae0-471f-be53-cb34f04eaa6e&wid=MLB5402372302&sid=search,1,1,1k-2k,18.45
"Smartphone Motorola Moto G67 5g - 128gb 12gb (4gb Ram + 8gb Ram Boost) Camera 50mp Sony Lytia 600, Tela 1.5k Extreme Amoled 120hz, Ultrarresistente - Chumbo",1529,1899.0,4.8,Motorola,Chegará grátis amanhã,19,https://click1.mercadolivre.com.br/mclics/clicks/external/MLB/count?a=OF1BFE3fvWUPEcKBovfj0uQZw2UHM988wwWutdF3v9mRPVjNGLd38Y2k1sEeIVr3c6J7g4ja0Ok%2FcToblcBQ%2Fv1C6zmBZt2R9th9MJta0UKbrpYbAvPHD2jUrgmdtJf8KAxrupiX09hWqfKWbmNFmseE5U7US99YiDuiiGaMIMA7PUaaMx7vpJr781jiOlj2huENbinRzPwRrTdAVB8EOzkmYKVlVIQWz18pPJ8YVCN7LbwPMbeFtRjtzEHBxUqjZuGs2w8WDbVe335IBF6N%2B65lcO71SR6skB94NnN1P4geR%2FPp7fdxwcnTSIikLzyIsDBFu8E%2Bg847ssdwHew7Ej%2BM8vQIFbOxM1aQcu1QneN4BEPrcRwcFJuu2kIGyp0JZI6gTN1QO4Q1VFRvp9bNN2rRAZw81PJM17fifaTNETeM5PdX%2Bdtv%2B35hgOPm62M5jNUbgTf4C%2FDEus5EMjS%2FU3hP%2BLUHig%2Fq%2FpViG3Oetm4htrggaUmGikye91XwWDCuXq%2FI%2Bclcd8khYTE8hqi714Emz0SkoU9fs2h48PWtYqDmJCJ0d4V5Zm5TvKuG%2B2n%2F%2FzjQfERRfg0EqqC9%2FzdR3cb1EuueIbEitRgXlX0VR20NQa7Tg%2BNJScVAhVYxsiGYJXN%2BHgeZ4J%2BwHva02cbbz1jLB%2BMqxLEg9nB0upESaNfEej%2BdJ6cLx80w8XQRNvkammqZ%2B9Yq2tA88rHb7urIW2MjRsbXkvKLBjozdmT%2BRf4ytXGVjN11dzLT090do3KU350KMBWZEoDFLzpkyAG4GUb2m3071lnJ9bEwU4DHSd0SwBCMubSKClxmN9nBmmPpaCAI8%2BaXfl3mNHE00qnHzyXXJ69BcYAlau%2F1sBmgE6UjtHNRClS5E1rVZ7%2Bl3MTdfpFGdZCrnMDR8JurToIbCfSNUjDVH74pDd6bH5SslehV%2BTjd0Ey%2F0msbBF94LPoGjVeD3plAbu6vE09H9HHGME4gXen0hvrA927evAQOyLd2445Kwb5B95jnajp3pTbRlpsmNaeQ1yH1XIZyzVdtAndw%2BRfANH1pFwHv9SqMSlMf1U9SCtcc5dc%3D#polycard_client=search-desktop&is_advertising=true&searchVariation=MLB65319818&backend_model=search-backend&search_layout=grid&position=16&type=pad&tracking_id=0070d093-cae0-471f-be53-cb34f04eaa6e&wid=MLB6420538026&sid=search,1,1,1k-2k,18.1
Smartphone Motorola Moto G06 - 256gb 12gb (4gb Ram + 8gb Ram Boost) E Camera 50mp Com Ai Bateria De 5200 Mah Tela 6.9 - Bege,723,1349.0,4.9,Motorola,Chegará grátis amanhã,46,https://www.mercadolivre.com.br/smartphone-motorola-moto-g06-256gb-12gb-4gb-ram-8gb-ram-boost-e-camera-50mp-com-ai-bateria-de-5200-mah-tela-69-bege/p/MLB55762063#polycard_client=search-desktop&search_layout=grid&position=17&type=product&tracking_id=0070d093-cae0-471f-be53-cb34f04eaa6e&wid=MLB5765125576&sid=search,1,1,500-1k,26.25
Smartphone Motorola Edge 60 Pro 5g - 256gb 24gb (12gb Ram+12gb Ram Boost) Tela Quad-curve Moto Ai 50mp Sony Camera Ultrarresistencia Militar Ip68 + Ip69 - Azul,2694,4499.0,4.9,Motorola,Chegará grátis amanhã,40,https://www.mercadolivre.com.br/smartphone-motorola-edge-60-pro-5g-256gb-24gb-12gb-ram12gb-ram-boost-tela-quad-curve-moto-ai-50mp-sony-camera-ultrarresistencia-militar-ip68-ip69-azul/p/MLB49085450#polycard_client=search-desktop&search_layout=grid&position=18&type=product&tracking_id=0070d093-cae0-471f-be53-cb34f04eaa6e&wid=MLB5382324466&sid=search,1,1,2k-5k,24.45
Smartphone Samsung Galaxy A36 5G 256GB 8GB RAM,1521,3299.0,4.9,Samsung,Chegará grátis amanhã,54,https://www.mercadolivre.com.br/smartphone-samsung-galaxy-a36-5g-256gb-8gb-ram/p/MLB47111905#polycard_client=search-desktop&search_layout=grid&position=19&type=product&tracking_id=0070d093-cae0-471f-be53-cb34f04eaa6e&wid=MLB5317478858&sid=search,1,1,1k-2k,28.65
"Celular Samsung Galaxy A17 5g Com Ia, 256gb, 8gb Ram, Câm De 50mp, Tela De 6.7 , Nfc, Ip54 - Preto",1576,1899.0,4.9,Samsung,Chegará grátis amanhã,17,https://www.mercadolivre.com.br/celular-samsung-galaxy-a17-5g-com-ia-256gb-8gb-ram-cm-de-50mp-tela-de-67-nfc-ip54-preto/p/MLB54961455#polycard_client=search-desktop&search_layout=grid&position=20&type=product&tracking_id=0070d093-cae0-471f-be53-cb34f04eaa6e&wid=MLB6574985998&sid=search,1,1,1k-2k,17.55
Celular Smartphone Realme C73 256gb 8gb Ram Dual Sim 120hz 6000mAh Violeta,1149,1999.0,4.8,Webfones,Chegará grátis amanhã,43,https://www.mercadolivre.com.br/celular-smartphone-realme-c73-256gb-8gb-ram-dual-sim-120hz-6000mah-violeta/p/MLB62258511#polycard_client=search-desktop&search_layout=grid&position=21&type=product&tracking_id=0070d093-cae0-471f-be53-cb34f04eaa6e&wid=MLB4334411855&sid=search,1,1,1k-2k,25.3
"Celular Samsung Galaxy A26 5g 256gb, 8gb Ram, Câmera De 50mp, Ip67, Tela Super Amoled 6.7 , Nfc - Preto",1405,2167.0,4.8,123 Comprou,Chegará grátis amanhã,35,https://www.mercadolivre.com.br/celular-samsung-galaxy-a26-5g-256gb-8gb-ram-cmera-de-50mp-ip67-tela-super-amoled-67-nfc-preto/p/MLB47424244#polycard_client=search-desktop&search_layout=grid&position=22&type=product&tracking_id=0070d093-cae0-471f-be53-cb34f04eaa6e&wid=MLB5474927460&sid=search,1,1,1k-2k,22.9
"Celular Samsung Galaxy A17 Com Ia, 128gb, 4gb Ram, Câm De 50mp, Tela De 6.7 , Nfc, Ip54 - Preto",899,1499.0,4.9,Samsung,Chegará grátis amanhã,40,https://www.mercadolivre.com.br/celular-samsung-galaxy-a17-com-ia-128gb-4gb-ram-cm-de-50mp-tela-de-67-nfc-ip54-preto/p/MLB54987753#polycard_client=search-desktop&search_layout=grid&position=23&type=product&tracking_id=0070d093-cae0-471f-be53-cb34f04eaa6e&wid=MLB4217306791&sid=search,1,1,500-1k,24.45
"Celular Samsung Galaxy S25 Fe 5g, 128gb, 8gb Ram, Câmera Tripla De 50+12+8, Tela Grande De 6.7 Jetblack",2868,4499.0,4.9,Samsung,Chegará grátis amanhã,36,https://www.mercadolivre.com.br/celular-samsung-galaxy-s25-fe-5g-128gb-8gb-ram-cmera-tripla-de-50128-tela-grande-de-67-jetblack/p/MLB61692896#polycard_client=search-desktop&search_layout=grid&position=24&type=product&tracking_id=0070d093-cae0-471f-be53-cb34f04eaa6e&wid=MLB6087231690&sid=search,1,1,2k-5k,23.25
"Smartphone Motorola Moto G17 4g - 256gb 12gb (4gb Ram + 8gb Ram Boost) Camera 50mp Sony Lytia 600, Tela Fhd+ 60hz, Bateria 5200 Mah - Rosa",1078,1749.0,4.9,Motorola,Chegará grátis amanhã,38,https://click1.mercadolivre.com.br/mclics/clicks/external/MLB/count?a=K5aUEePDG0JJU5xYza9YazkgjvbFCFN%2FWvfeLg6hybuHOnJBVrRqBCQw97XiEN8nzfhWCC01OJL2UgRF6ULB01FSOl6XEopLHQ%2BBRmTlxMGKRjTVlaz8%2BvK3Hgafh%2BAZp8lZmulNj0JsrwgRowx5lIkOyROLI9rQWod1Y3eL9jTx6aH7IOLmhMCz5BKpsHuNxds4oRkRJd7JTWU4d0o89dYdyQTwRiEJhJqJ5DtvcJ0FKSAy%2FyoE1PgX2A5d0fDMGm3BD9HPN2rkAJvWO8cxT8mm90skrojYa0HnMRDLIVoFHUy2aAhWquAHwM1I0setDtOw%2F0%2FUj1def7PPh16W%2BsK2XpGWQiVFIfA9EsyURzd4gZtSaKZfyw640WRkIJJhgomrHYuxqh67EhkEigkOneV1KbMkClcLGKaRzzdIJBeZsxRD3qKKZDNKo3wIAoL%2B4oDn%2BB1uxi3Ud%2BBLAqN8UaFm3ve3NcWCI89pHemuqH0exGdAAuhEntjR0lKsjtQpT2be%2F8pIHQf%2FQK2rhf%2BqZWxieNCwLCynVoiROy4x73nYmBBrOmCUjYd0kyeCs5kU4FIax2RUk1KXFPKWJDdeXMWHCdaWpd%2FQNarqZqEz6COnBYL5axAydj%2BcmOakkaUsE0ge8ezh75fcl4WxJpvOjhXwJfmpiR%2Bjxy7r4EsVLa3Ec2mKubgnEMnwCrmBxC0%2FZc8Q7VTi5LYf6%2BXb7MgFghEcaeITwATG9GCTm0qqubnsPd6wUb1qOE%2BXd0Gw0Zbm0IFW0anvhgMtNLuuw8yHKpNP8l6Mfa%2BYYCcKj%2BfIxEce2hLTWObqYuFg1RTk26ISwI62l8dXI7BJAFGb3xqChVO%2BxOhVooSp2RH3O1XBi%2B33Th5MHMoll25V1Ub1UR3v18I1ZaiO37JnbF1App9QnYmyEhZ2jOTKFfQMkviZCLHgXRRJFLHqeVpHzRevN5TRx4Hc3EH8Wqj7SjoapXBSN6d0H0c4Kd48zeZKcfONmV0YxS18y2VWhttwUJm15kUZsZ8jfugqJeJcF54S8FuMsJyTpYTW#polycard_client=search-desktop&is_advertising=true&searchVariation=MLB65041664&backend_model=search-backend&search_layout=grid&position=25&type=pad&tracking_id=0070d093-cae0-471f-be53-cb34f04eaa6e&wid=MLB4510840013&sid=search,1,1,1k-2k,23.85
Moto G15 Dual Sim 4gb Ram 128gb Azul Marino,699,1099.0,4.8,Motorola,Frete grátis,36,https://click1.mercadolivre.com.br/mclics/clicks/external/MLB/count?a=O2GGQ6WdYZ77ZBHrUQplPelP3eGjIfI5KQNpsMsPEKM3Ytd34gOio1W6kH5l41TJHBwTcsi2%2Fc1TdLC2xJswDtZHheSWu2YZoi5gc6lRdaW9RNUAPQodr47IwOcTIuzKXdyyCFm33gz6cckTDTEV%2F9zYCVDdM%2FYsv11ABrYPqmHF12M6XtDOORr1oaRZ5IyoP0c4Wiy03JKqIyfwWnhKj4PHLGB6%2FW4w56DkVPdl7FIps%2BOLWhK2UkMvr6UhO6KifnPXOKTbwaW9eybAk38KZEyATypUCnr6H2bIoa3l%2BiPMVTKJwmBTGlD4PeWxJN6rgEVDuI2%2FBDYlYsxgiEhlDqLnm5xoXNmb8JEFk8B39C8m%2F0N1Cwn39l3uw%2B1VnqKne45UhgNSkahASQZeVhsVFHnhVnFxiHUrIOkeLYmHUwicFFEEmJ9Zs42EZ0Leb3ZOy6q5tbMe%2FsbT4kdObL1kJl0YrRxPoPDc68KAhU%2BVRvdlU3wAgj6yahQXW9RqU4pMqsY3IA3tjIMfI%2F1yOceAbxXY9T8lheqYfLNE9lLE2u2QPBkbpnuQrm%2B6EfP87ul3ikDVEZSdYtZS6d1%2B%2FZ7n65UZVlWMx9bOSDfERepnDW2ubht5IjIJoGi6apY1DY6X%2BXqq17PwLqzZQcJ8Or1oDzcsSiqPKM%2BTuA6C5lcx0mf%2BPiTlD1WWOnyQ5V8EU5VjAe7XiqTmqbbdE6rY6cSR4122dRnWUfU%2BV0y5ghjY1JMUurI%2FD6aBcOVWf3Ba6Dxzx6eUtXedfnDG7suLTlMqtnfT2paFI0i6nhWMRLUS2jMfSmpQrNTKWn21s%2BlDbv8Y0AgSlKNhL3QZl%2BT4azfqt1eVEVX598m4pX%2FdvghOPdNYSn7uC%2FGMUGpX%2B6hg7%2FyExGEqmz%2F57%2BAhMPrc7qkHewF9%2FOGTpQHIsYYptIs31OcB#polycard_client=search-desktop&is_advertising=true&searchVariation=MLB46056608&backend_model=search-backend&search_layout=grid&position=26&type=pad&tracking_id=0070d093-cae0-471f-be53-cb34f04eaa6e&wid=MLB3975530813&sid=search,1,1,500-1k,23.2
"Smartphone Motorola Signature 5g - 512gb 24gb (12gb Ram + 12gb Ram Boost), 3 Cameras 50mp Sony Lytia E Zoom 100x, Tela 1.5k Extreme Amoled 165hz - Preto",7649,8999.0,4.8,Motorola,Chegará grátis amanhã,15,https://click1.mercadolivre.com.br/mclics/clicks/external/MLB/count?a=YHaw2Mn847y1tzsKcOYoLiYGvoT8MXezVRbfSeAwf4FcNM858s5AP4Qf37vT5RSVDstFGQ9yaq61Ks8%2FdQmfIH%2Bsu8gS6kjHxSq%2F%2FfWZDB2TCdV%2By%2FfmslOYypR1I04%2BRePnpsDNPhQgD8ulMMwYamH1In0kjB2r4DZs8X1DTRfkKmpH%2Fi1wEMWYQPwk2RlflR1%2Bk%2FPDY8UqT3Kodn%2FQrlUsFXrbNJRb0%2B3m71wmg4XCSjoYonXwjIOJaBor9StugvZtq8ayMRtFhyc82HN%2FYI3w8cXZJh4lUiIS3awA%2Fsh9tn5RNubp26U2RaIxshi4V3NDHzCT03yn%2F3JG1vakThPUITxz1Fl7tfjOGjANBt3X%2BDwcvZGX3Ezs34YhK%2FUhVvf%2B0%2FREsOOCVRoeMDVaOvbOy4zI0FAc9Vr79Jnuma5VdMnyMIYHXxoRznSaaf1V%2Bfuo1l68qrHi5Pd8jKlPBIcNSvY82osGy%2BzJGhmWrl9hTsIhdv95Y2z5D40btAkz8rhnx%2FquwrwDBd024doiqZTo78SHiCr7CE0mWw1ZMPH3NxSD1jYMWkBijleTQEYWw2Tzw483UsQiW%2FrhtuBJDKml7h7B8Mgwil7OfBpuMQ1NPcM8lqYCBsK08zzWVwKoUp45Gv4eWqQQFLLrSXUDY3Fx74zSSdPG7fSCd7vddtZL8x7Ck8cIQPVWb9IsKH7MO5HivNoGLRZkuYuUZZpy3AW4fXhErHyNMPrQQzNpT5gYmiHf7LhLhlMUV7D6RSm1XQmzDadULHziT0qN7OIREDs2na6rl26NtsFK6BbkFdBlOlwGfCyvbuZI%2BCCC%2FhPDczyDzf63D%2FS6JCYgMq1VRCKhJg1hxHmV95%2B96l684LDHRKW3WTCP5NpkHJ1H4%2B06xtvBgbQ1LayX9xKoqNWlJ3drIEcolA%2F3a3nPUVt0fvX4AClt5IUwzsp03eNTYbtGtbBNC3rVM7ZaBI%2FxUPDssUkjfDnaC31jqijTBaj4yAhx2zwk1dEAqrjjt%2FwcpLmz6PYfP7KFj1LkMHaNkZP1htiJsT2xpsTdUL%2FJm%2FgcTjc1CJod#polycard_client=search-desktop&is_advertising=true&searchVariation=MLB65938141&backend_model=search-backend&search_layout=grid&position=27&type=pad&tracking_id=0070d093-cae0-471f-be53-cb34f04eaa6e&wid=MLB6373850588&sid=search,1,1,5k-10k,16.9
Smartphone Motorola Edge 60 Fusion 5g - 256gb 16gb (8gb Ram+8gb Ram Boost) 50mp Sony Ai Camera Ip68 Nfc - Rosa,1939,3299.0,4.9,Motorola,Chegará grátis amanhã,41,https://click1.mercadolivre.com.br/mclics/clicks/external/MLB/count?a=M2X40u6YTKJqNl%2FaQYRbg91o7398dg2lBEfE6I7Pyqo5t4JUw%2B10k7rON7Atv9GclL5t6fUQaWMftZPDysRrKngoBJsoXe2HP%2FpxBygC8Cv8rKCkL5%2BNaEQrJEL%2BZWQC%2FSZeomTqQ1vEzBB3zcHzmUGZR%2BsVUHBtxLDi0EVvYoCi0rtuyat%2B67WCn6vKADsCjncclO4rmke0adgSlJOfGexOtWsWVmUK7QtxIDRflxP9th%2FVm0BpJzjxr9wH2uIqNzmjX71f24s5Tlg%2BRnIrfcJw2f3G2h5R%2BNr5RkknuMVrraf%2BzmAOEhF9CZANbeFLLLldtciQ66EVwnoAr%2BEmS62M2v6Ny1a7y%2FTsUUwtOUx%2FbCe4YLG%2B4lnHgqFuzLIEtqawuI4r2aaM9lpC5yGCP2PFHIvAYRZFCdHeZ%2BnYp45E9Ode7wLF395lYunFfeDuoRs1wJg9gt6EHCZ54Tgt1J5INImXMXkq5YPY2S9ro54JUP8WG1Bd4QKTqPgxc9%2BlYWQWqejTp0%2F781G6TgAEu1fVzEojNWlmS0uYo2kv2TB%2FS6sp9TmOHFyE4XFvM5xnyacL1Ssp24rvSDFDDaa6V%2Fwuurs2Hm%2Fvd851%2BJ%2Fk0U1tbTE71C31QB5MqqRRk5nTEHIMwllJTrjrg2YQ5fv2LbUUbHOSEMXAt8A%2F43zg5defqrI2RKb0sJj166naSletrh2wRIWu71Q7xIyg2V%2FZTskZ1b%2F7M0%2FZp5wM%2BCvpr9b9%2BHeeV27qojAtlNgMfSxtn89EKSqlvy0w1G8otHcivczsJ112E%2B%2BN%2FCh0l5y%2FXoXflZ1iTAXQFQt4GCVxQcpRaXjl92PeApLKusWf%2FhJRjYU2bufZVzwmP6UDRtcFvepO%2FuAWdejsc2%2BHDnvrJD6QdgrzUTbAMuZKHoolW3Aer5FNFgCPwuTZv57%2B2O%2BLfWyvUl4KkklEhmdO%2BpZWT41c086zzMPoKDGcvgb9YhnePCYs1Wrx%2FGtgjphcX%2FZFiLowQYmlYgZlP9snRXEz34A%3D#polycard_client=search-desktop&is_advertising=true&searchVariation=MLB47251829&backend_model=search-backend&search_layout=grid&position=28&type=pad&tracking_id=0070d093-cae0-471f-be53-cb34f04eaa6e&wid=MLB4027318137&sid=search,1,1,1k-2k,24.75
Smartphone Motorola Moto G05 256gb 4gb Ram Camera 50mp Vermelho,699,1199.0,4.9,Motorola,Chegará grátis amanhã,42,https://www.mercadolivre.com.br/smartphone-motorola-moto-g05-256gb-4gb-ram-camera-50mp-vermelho/p/MLB58493174#polycard_client=search-desktop&search_layout=grid&position=29&type=product&tracking_id=0070d093-cae0-471f-be53-cb34f04eaa6e&wid=MLB5774641722&sid=search,1,1,500-1k,25.05
iPhone 16e (128 GB) - Preto - Distribuidor Autorizado,3699,5799.0,4.9,Apple,Chegará grátis amanhã,36,https://www.mercadolivre.com.br/iphone-16e-128-gb-preto-distribuidor-autorizado/p/MLB1046215784#polycard_client=search-desktop&search_layout=grid&position=30&type=product&tracking_id=0070d093-cae0-471f-be53-cb34f04eaa6e&wid=MLB3986439067&sid=search,1,1,2k-5k,23.25
Smartphone Motorola Edge 60 Neo 5G - 256GB 24GB (12GB RAM + 12GB Ram Boost) 50MP Sony Camera Moto AI e tela 1.5K Super HD - Latte,1799,3799.0,4.9,Motorola,Chegará grátis amanhã,53,https://www.mercadolivre.com.br/smartphone-motorola-edge-60-neo-5g-256gb-24gb-12gb-ram-12gb-ram-boost-50mp-sony-camera-moto-ai-e-tela-15k-super-hd-latte/p/MLB58684606#polycard_client=search-desktop&search_layout=grid&position=31&type=product&tracking_id=0070d093-cae0-471f-be53-cb34f04eaa6e&wid=MLB4265763257&sid=search,1,1,1k-2k,28.349999999999998
"Samsung Galaxy S25 5G, 256GB, 12GB, Câmera Tripla - Azul claro",3898,5999.0,4.9,Samsung,Chegará grátis amanhã,35,https://www.mercadolivre.com.br/samsung-galaxy-s25-5g-256gb-12gb-cmera-tripla-azul-claro/p/MLB45513356#polycard_client=search-desktop&search_layout=grid&position=32&type=product&tracking_id=0070d093-cae0-471f-be53-cb34f04eaa6e&wid=MLB5264376996&sid=search,1,1,2k-5k,22.95
"Smartphone Motorola Moto G86 5g - 256gb 24gb (8gb Ram+16gb Ram Boost) Tela 1.5k Poled, 50mp Sony Camera Ois Moto Ai, Videos Em 4k, Ip68 + Ip69 - Vermelho",1792,2399.0,4.9,Motorola,Chegará grátis amanhã,25,https://www.mercadolivre.com.br/smartphone-motorola-moto-g86-5g-256gb-24gb-8gb-ram16gb-ram-boost-tela-15k-poled-50mp-sony-camera-ois-moto-ai-videos-em-4k-ip68-ip69-vermelho/p/MLB51340616#polycard_client=search-desktop&search_layout=grid&position=33&type=product&tracking_id=0070d093-cae0-471f-be53-cb34f04eaa6e&wid=MLB5462013472&sid=search,1,1,1k-2k,19.95
"Smartphone Infinix Note 50X 5G 8GB RAM 256GB De Armazenamento Tela 6,78"" Polegadas HD+ 120HZ Câmera 50MP + Selfie 8MP Bateria 5200mah NFC, DTS Áudio - Cor Cinza",1349,2267.0,4.8,123 Comprou,Chegará grátis amanhã,40,https://www.mercadolivre.com.br/smartphone-infinix-note-50x-5g-8gb-ram-256gb-de-armazenamento-tela-678-polegadas-hd-120hz-cmera-50mp-selfie-8mp-bateria-5200mah-nfc-dts-audio-cor-cinza/p/MLB61656785#polycard_client=search-desktop&search_layout=grid&position=34&type=product&tracking_id=0070d093-cae0-471f-be53-cb34f04eaa6e&wid=MLB5957442486&sid=search,1,1,1k-2k,24.4
Smartphone Motorola Edge 60 5g - 512gb 24gb (12gb Ram+12gb Ram Boost) Tela Quad-curve Moto Ai 50mp Sony Camera Ultrarresistencia Militar Ip68 + Ip69 - Azul Marinho,2099,2799.0,4.9,Motorola,Não informado,25,https://www.mercadolivre.com.br/smartphone-motorola-edge-60-5g-512gb-24gb-12gb-ram12gb-ram-boost-tela-quad-curve-moto-ai-50mp-sony-camera-ultrarresistencia-militar-ip68-ip69-azul-marinho/p/MLB48930800#polycard_client=search-desktop&search_layout=grid&position=35&type=product&tracking_id=0070d093-cae0-471f-be53-cb34f04eaa6e&wid=MLB5363845340&sid=search,1,0,2k-5k,9.95
Smartphone Motorola Moto G35 5g 256gb 12gb Ram Boost Coral,945,2000.0,4.8,Desconhecida,Não informado,53,https://www.mercadolivre.com.br/smartphone-motorola-moto-g35-5g-256gb-12gb-ram-boost-coral/p/MLB63092926#polycard_client=search-desktop&search_layout=grid&position=36&type=product&tracking_id=0070d093-cae0-471f-be53-cb34f04eaa6e&wid=MLB6228408744&sid=search,1,0,500-1k,18.299999999999997
Smartphone Motorola Moto G56 5g - 256gb 16gb (8gb Ram+8gb Ram Boost) Camera 50mp Sony Lytia 600 Ultrarresistencia Militar e Ip68 + Ip69 - Cinza,1598,1999.0,4.9,Motorola,Chegará grátis amanhã,20,https://www.mercadolivre.com.br/smartphone-motorola-moto-g56-5g-256gb-16gb-8gb-ram8gb-ram-boost-camera-50mp-sony-lytia-600-ultrarresistencia-militar-e-ip68-ip69-cinza/p/MLB50301060#polycard_client=search-desktop&search_layout=grid&position=37&type=product&tracking_id=0070d093-cae0-471f-be53-cb34f04eaa6e&wid=MLB5402372302&sid=search,1,1,1k-2k,18.45
Apple iPhone 16 (256 GB) - Preto - Distribuidor Autorizado,5205,9538.0,4.9,Apple,Chegará grátis amanhã,45,https://www.mercadolivre.com.br/apple-iphone-16-256-gb-preto-distribuidor-autorizado/p/MLB1040287796#polycard_client=search-desktop&search_layout=grid&position=38&type=product&tracking_id=0070d093-cae0-471f-be53-cb34f04eaa6e&wid=MLB3931272075&sid=search,1,1,5k-10k,25.95
"Smartphone OPPO A6t 128gb, 12gb Ram (4gb + 8gb Virtual Ram), Bateria Gigante de 6500mAh, Processador Snapdragon, Tela 120Hz, AI Câmera, IP64 - Violeta",899,1299.0,4.9,Oppo,Chegará grátis amanhã,31,https://www.mercadolivre.com.br/smartphone-oppo-a6t-128gb-12gb-ram-4gb-8gb-virtual-ram-bateria-gigante-de-6500mah-processador-snapdragon-tela-120hz-ai-cmera-ip64-violeta/p/MLB66130734#polycard_client=search-desktop&search_layout=grid&position=39&type=product&tracking_id=0070d093-cae0-471f-be53-cb34f04eaa6e&wid=MLB4573343865&sid=search,1,1,500-1k,21.75
"Smartphone Xiaomi Redmi 15 8gb 256gb Tela 6,9 144hz, Bateria 7.000 Mah, 50 Mp Preto",1390,1390.0,4.8,Desconhecida,Chegará grátis amanhã,0,https://www.mercadolivre.com.br/smartphone-xiaomi-redmi-15-8gb-256gb-tela-69-144hz-bateria-7000-mah-50-mp-preto/p/MLB61511995#polycard_client=search-desktop&search_layout=grid&position=40&type=product&tracking_id=0070d093-cae0-471f-be53-cb34f04eaa6e&wid=MLB4390450235&sid=search,0,1,1k-2k,12.4
Celular Samsung Galaxy A56 5g 128gb 8gb Ram Rosa,1998,3299.0,4.9,Samsung,Chegará grátis amanhã,39,https://www.mercadolivre.com.br/celular-samsung-galaxy-a56-5g-128gb-8gb-ram-rosa/p/MLB47106876#polycard_client=search-desktop&search_layout=grid&position=41&type=product&tracking_id=0070d093-cae0-471f-be53-cb34f04eaa6e&wid=MLB4561879339&sid=search,1,1,1k-2k,24.15
Apple iPhone 15 (128 GB) - Azul - Distribuidor Autorizado,4499,7209.0,4.9,Apple,Chegará grátis amanhã,38,https://www.mercadolivre.com.br/apple-iphone-15-128-gb-azul-distribuidor-autorizado/p/MLB1027172667#polycard_client=search-desktop&search_layout=grid&position=42&type=product&tracking_id=0070d093-cae0-471f-be53-cb34f04eaa6e&wid=MLB4408547152&sid=search,1,1,2k-5k,23.85
iPhone 17 Pro 256GB - Azul-profundo - Distribuidor Autorizado,9899,11499.0,4.9,Apple,Chegará grátis amanhã,14,https://www.mercadolivre.com.br/iphone-17-pro-256gb-azul-profundo-distribuidor-autorizado/p/MLB1055308781#polycard_client=search-desktop&search_layout=grid&position=43&type=product&tracking_id=0070d093-cae0-471f-be53-cb34f04eaa6e&wid=MLB5687335472&sid=search,1,1,5k-10k,16.65
iPhone 17 256 GB - Sálvia - Distribuidor Autorizado,6297,7999.0,4.9,Apple,Chegará grátis amanhã,21,https://www.mercadolivre.com.br/iphone-17-256gb-salvia-distribuidor-autorizado/p/MLB1055308843#polycard_client=search-desktop&search_layout=grid&position=44&type=product&tracking_id=0070d093-cae0-471f-be53-cb34f04eaa6e&wid=MLB6545162768&sid=search,1,1,5k-10k,18.75
Apple iPhone 16 (128 GB) - Preto - Distribuidor Autorizado,4986,7799.0,4.9,Apple,Chegará grátis amanhã,36,https://www.mercadolivre.com.br/apple-iphone-16-128-gb-preto-distribuidor-autorizado/p/MLB1040287808#polycard_client=search-desktop&search_layout=grid&position=45&type=product&tracking_id=0070d093-cae0-471f-be53-cb34f04eaa6e&wid=MLB5120546360&sid=search,1,1,2k-5k,23.25
Smartphone Motorola Edge 60 Pro 5g - 512gb 24gb (12gb Ram+12gb Ram Boost) Tela Quad-curve Moto Ai 50mp Sony Camera Ultrarresistencia Militar Ip68 + Ip69 - Cinza,3059,5499.0,4.9,Motorola,Chegará grátis amanhã,44,https://www.mercadolivre.com.br/smartphone-motorola-edge-60-pro-5g-512gb-24gb-12gb-ram12gb-ram-boost-tela-quad-curve-moto-ai-50mp-sony-camera-ultrarresistencia-militar-ip68-ip69-cinza/p/MLB48998798#polycard_client=search-desktop&search_layout=grid&position=46&type=product&tracking_id=0070d093-cae0-471f-be53-cb34f04eaa6e&wid=MLB5389690592&sid=search,1,1,2k-5k,25.65
"Tcl Smartphone 605 4g, Octa Core, 128gb 12gb Ram (4+8), 6.7 Hd+ 90hz, Nfc, Dual Sim, 50mp",649,799.0,4.7,Mercado Livre,Chegará grátis amanhã,19,https://www.mercadolivre.com.br/tcl-smartphone-605-4g-octa-core-128gb-12gb-ram-48-67-hd-90hz-nfc-dual-sim-50mp/p/MLB53155051#polycard_client=search-desktop&search_layout=grid&position=47&type=product&tracking_id=0070d093-cae0-471f-be53-cb34f04eaa6e&wid=MLB6161225994&sid=search,1,1,500-1k,18.05
Apple iPhone 15 (256 GB) - Preto - Distribuidor Autorizado,4751,8095.0,4.9,Apple,Chegará grátis amanhã,41,https://www.mercadolivre.com.br/apple-iphone-15-256-gb-preto-distribuidor-autorizado/p/MLB1027172669#polycard_client=search-desktop&search_layout=grid&position=48&type=product&tracking_id=0070d093-cae0-471f-be53-cb34f04eaa6e&wid=MLB3621184765&sid=search,1,1,2k-5k,24.75
Smartphone Motorola Edge 60 Fusion 5g - 256gb 16gb (8gb Ram+8gb Ram Boost) 50mp Sony Ai Camera Ip68 Nfc - Rosa,1939,3299.0,4.9,Motorola,Chegará grátis amanhã,41,https://www.mercadolivre.com.br/smartphone-motorola-edge-60-fusion-5g-256gb-16gb-8gb-ram8gb-ram-boost-50mp-sony-ai-camera-ip68-nfc-rosa/p/MLB47251829#polycard_client=search-desktop&search_layout=grid&position=49&type=product&tracking_id=0070d093-cae0-471f-be53-cb34f04eaa6e&wid=MLB4027318137&sid=search,1,1,1k-2k,24.75
Smartphone Motorola Moto G15 256gb 12gb 4GB RAM 8GB RAM Boost Camera 50mp Verde,899,1499.0,4.8,Motorola,Chegará grátis amanhã,40,https://www.mercadolivre.com.br/smartphone-motorola-moto-g15-256gb-12gb-4gb-ram-8gb-ram-boost-camera-50mp-verde/p/MLB44665542#polycard_client=search-desktop&search_layout=grid&position=50&type=product&tracking_id=0070d093-cae0-471f-be53-cb34f04eaa6e&wid=MLB5237351728&sid=search,1,1,500-1k,24.4
iPhone 17 Pro 512GB - Azul-profundo - Distribuidor Autorizado,11699,12999.0,4.9,Apple,Chegará grátis amanhã,10,https://www.mercadolivre.com.br/iphone-17-pro-512gb-azul-profundo-distribuidor-autorizado/p/MLB1055308802#polycard_client=search-desktop&search_layout=grid&position=51&type=product&tracking_id=0070d093-cae0-471f-be53-cb34f04eaa6e&wid=MLB4200188179&sid=search,1,1,10k+,15.45
"Smartphone Motorola Signature 5g - 512gb 24gb (12gb Ram + 12gb Ram Boost), 3 Cameras 50mp Sony Lytia E Zoom 100x, Tela 1.5k Extreme Amoled 165hz - Preto",7649,8999.0,4.8,Motorola,Chegará grátis amanhã,15,https://www.mercadolivre.com.br/smartphone-motorola-signature-5g-512gb-24gb-12gb-ram-12gb-ram-boost-3-cameras-50mp-sony-lytia-e-zoom-100x-tela-15k-extreme-amoled-165hz-preto/p/MLB65938141#polycard_client=search-desktop&search_layout=grid&position=52&type=product&tracking_id=0070d093-cae0-471f-be53-cb34f04eaa6e&wid=MLB6373850588&sid=search,1,1,5k-10k,16.9
"Smartphone Motorola Moto G17 4g - 256gb 12gb (4gb Ram + 8gb Ram Boost) Camera 50mp Sony Lytia 600, Tela Fhd+ 60hz, Bateria 5200 Mah - Rosa",1078,1749.0,4.9,Motorola,Chegará grátis amanhã,38,https://www.mercadolivre.com.br/smartphone-motorola-moto-g17-4g-256gb-12gb-4gb-ram-8gb-ram-boost-camera-50mp-sony-lytia-600-tela-fhd-60hz-bateria-5200-mah-rosa/p/MLB65041664#polycard_client=search-desktop&search_layout=grid&position=53&type=product&tracking_id=0070d093-cae0-471f-be53-cb34f04eaa6e&wid=MLB4510840013&sid=search,1,1,1k-2k,23.85
Smartphone Oppo A6 Pro 256gb 8gb Ram 5g Ip69 Azul Espacial,2999,3199.0,4.9,Oppo,Chegará grátis amanhã,6,https://www.mercadolivre.com.br/smartphone-oppo-a6-pro-256gb-8gb-ram-5g-ip69-azul-espacial/p/MLB66177449#polycard_client=search-desktop&search_layout=grid&position=54&type=product&tracking_id=0070d093-cae0-471f-be53-cb34f04eaa6e&wid=MLB4536941689&sid=search,1,1,2k-5k,14.25
iPhone 17e 256GB Preto - Distribuidor Autorizado,5219,5799.0,4.9,Apple,Chegará grátis amanhã,10,https://www.mercadolivre.com.br/iphone-17e-256gb-preto-distribuidor-autorizado/p/MLB1066130044#polycard_client=search-desktop&search_layout=grid&position=55&type=product&tracking_id=0070d093-cae0-471f-be53-cb34f04eaa6e&wid=MLB6402322328&sid=search,1,1,5k-10k,15.45
Smartphone Samsung Galaxy A56 5g 6.7 Pol Octa-core 256gb 8gb,1998,3699.0,4.9,Samsung,Chegará grátis amanhã,46,https://www.mercadolivre.com.br/smartphone-samsung-galaxy-a56-5g-67-pol-octa-core-256gb-8gb/p/MLB65302568#polycard_client=search-desktop&search_layout=grid&position=56&type=product&tracking_id=0070d093-cae0-471f-be53-cb34f04eaa6e&wid=MLB4609819131&sid=search,1,1,1k-2k,26.25
"Smartphone Motorola Moto G17 4g - 128gb 12gb (4gb Ram + 8gb Ram Boost) Camera 50mp Sony Lytia 600, Tela Fhd+ 60hz, Bateria 5200 Mah - Azul",899,1299.0,4.9,Motorola,Chegará grátis amanhã,31,https://www.mercadolivre.com.br/smartphone-motorola-moto-g17-4g-128gb-12gb-4gb-ram-8gb-ram-boost-camera-50mp-sony-lytia-600-tela-fhd-60hz-bateria-5200-mah-azul/p/MLB65041642#polycard_client=search-desktop&search_layout=grid&position=57&type=product&tracking_id=0070d093-cae0-471f-be53-cb34f04eaa6e&wid=MLB6420215012&sid=search,1,1,500-1k,21.75
"Smartphone Infinix Smart 10 4GB RAM 256GB SSD Câmera 8MP + IA, Tela 6.67 HD+ 120Hz, Bateria 5000mAh, Processador T7250, Android 15 Go, Dual Chip - Preto",670,1458.0,4.8,123 Comprou,Chegará grátis amanhã,54,https://www.mercadolivre.com.br/smartphone-infinix-smart-10-4gb-ram-256gb-ssd-cmera-8mp-ia-tela-667-hd-120hz-bateria-5000mah-processador-t7250-android-15-go-dual-chip-preto/p/MLB56327005#polycard_client=search-desktop&search_layout=grid&position=58&type=product&tracking_id=0070d093-cae0-471f-be53-cb34f04eaa6e&wid=MLB5751262142&sid=search,1,1,500-1k,28.599999999999998
Kit Samsung: Celular Galaxy A17 256gb 8gb Ram 50mp 6.7 Nfc Ip54 Preto + Galaxy Buds Core Branco,1431,1698.0,4.9,Samsung,Frete grátis,16,https://www.mercadolivre.com.br/kit-samsung-celular-galaxy-a17-256gb-8gb-ram-50mp-67-nfc-ip54-preto--galaxy-buds-core-branco/up/MLBU3605578150#polycard_client=search-desktop&search_layout=grid&position=59&type=product&tracking_id=0070d093-cae0-471f-be53-cb34f04eaa6e&wid=MLB5957929002&sid=search,1,1,1k-2k,17.25
Smartphone OPPO A5 256GB 6GB RAM Branco,1169,1499.0,4.8,Oppo,Chegará grátis amanhã,22,https://www.mercadolivre.com.br/smartphone-oppo-a5-256gb-6gb-ram-branco/p/MLB51680761#polycard_client=search-desktop&search_layout=grid&position=60&type=product&tracking_id=0070d093-cae0-471f-be53-cb34f04eaa6e&wid=MLB5745515116&sid=search,1,1,1k-2k,19.0
"Smartphone Motorola Moto G17 4g - 256gb 12gb (4gb Ram + 8gb Ram Boost) Camera 50mp Sony Lytia 600, Tela Fhd+ 60hz, Bateria 5200 Mah - Rosa",1078,1749.0,4.9,Motorola,Chegará grátis amanhã,38,https://click1.mercadolivre.com.br/mclics/clicks/external/MLB/count?a=If6W00ok%2ByETMpwbkivfNz4EbRXTctu9Rk%2BnIiqotr%2F7Lr1tKblILMkx5MeluRPx4MUVILgdaZ6QKjHDIztL0EsnsUU7NaWA53yyKYRl0N2bUOsi2AjgWzvWtysDxWy8Kmdi7Gez7dMMT%2FfEzWtjkPaBJlEaDKS%2B6suTw9h0tp%2BjohnZMl6u8%2BBBn4pWooXcLojlNw8ogTq%2F9LBJ2nvoHck9Y%2BwMVcUikAGiAN90PMi1M6sYS6zAwVEQE8d1f81D9xW168OeRCM2Afm4PM3hUZ6WyeJLHFLwXWkHroHFJTNDLOA4x5faBYc3bTsLO842z3vJh%2F18ssIGFVBKnYsAL%2F7lpahNI0rZ9Sia8Sd3NeHZAjB26dkRxAb%2BU%2BtoZiU7phPO8PETseYLRkkqgm14dWAT75nDG6Nldf6ox8axg7W9nB7rcSCM%2FFQwyAjDDg3zei6ZdZJe7mgD9jXksPTTX5CFdEx4Xm3qE1hZKomDyw07atRUxc88C6kFPhB5Zwf9uLSafC%2BJJBE0ZTj%2FcQYZbiBVDb4PPqZieGXOSwlWS7eJOAfSvNnxJSnp%2Bf5ux6GefFjQRfVlTN0Qer0Yd%2FDwQA5m2YA830zc7mvWfv5h3GaAZprS3PiyAJWvVhCibIykZUwZnDxmKZyl5HluoUZzBCwcXyRebLyToAxbBnVDmzM2LM5uYy6A%2Fz0wcjiN%2Fo2G37spqM8Z%2BLhelzxv%2F%2Bt9RvThHWD6icjRKoZGSW%2BIvd8tvzT2oTbnRB1HgDKbRAXJQy0pmbdnM1naCrIv9z0LXSUUJB7m30xo4wrb0mFkeSD7ET7QIAsx04mrJacTxJZWwtyD5R3QXR6PfXQF%2Fj9V%2Bl%2BzcIeXefwMT2nerIdsvZz5cQWuXTBaCQocIljoheL%2FEd%2BSPnBtp4jtT7fZ0VvINtG07tUDBB9VFIIZ9NrU%2FqhF1oTwL4dE1hWd6gvXldlDxiPAb1pjV2anpjP8POlnT9t9TE16Dw%2Br%2BYKOWhNRnTb4g2h9pTizfznIU9KNj%2F5BTKyHHm8jZnM8Svi0WYhrFNTF#polycard_client=search-desktop&is_advertising=true&searchVariation=MLB65041664&backend_model=search-backend&search_layout=grid&position=1&type=pad&tracking_id=6a140347-e9d2-4689-b301-e8cb1b2c6a38&wid=MLB4510840013&sid=search,1,1,1k-2k,23.85
Smartphone Motorola Moto G06 - 256gb 12gb (4gb Ram + 8gb Ram Boost) E Camera 50mp Com Ai Bateria De 5200 Mah Tela 6.9 - Bege,723,1349.0,4.9,Motorola,Chegará grátis amanhã,46,https://click1.mercadolivre.com.br/mclics/clicks/external/MLB/count?a=xyDeUU3%2BlbAhyZDNFH5xzAcJX7SY%2BfNwwjT1ZRiC2TSk0sGz6V8FsxbeTS4FCyttkYL2YHKKA81wr4gsLhjFWyIQuqWOwFeiElJC%2FHs92APthlUJo2u61SEtDYBlyMTOGn6RMm%2FPipDPS2kgnnSX%2F7hAFMeRF9QX5VY3vppzo0vglHAClJTlRljm8uhDXsbXMktQWbobtpd2TAzdn5%2BuZf44F3vw%2BfIrBDbfG5FZIPHQjRDtiS21Ze0FTojDS8%2BqsQMzwBhcbMwjEVSXI%2FYP3uazR%2Fr2RM2v%2BpzauG52HtXW2ZxHj1c95DcAQCPg99lQkrLZg18yhsKCiBx9y%2FyicaJ72DoctUdv3Naru0f4HSlMcEBxzBxzCEzVEOGhZ4rb7oKRRPCXyVbaIm5jRZO9DeziaGk%2BC1op3CuGvLX8egeK9lMEhvmQWZfDfUNLjyDwr2FsLza8CIP4BaRTCAxGgco3Mqoi3cGlkhJdluHHWyXqFDhCaXS8qACa7G62G%2Bj4SjzvcJIlL8qkaL%2BBEq7lI6ywc3TOwOWZYlI6X5N%2B2S1M9k0INiSbkworKf6X9m%2FiELXCAgV%2BO4Ya9cXWQtwdC%2BzbEn7EiFL6B%2Ff5GLYXRrjrN3EM7DrSU7So6xMPj61rkT4lI5tFH2Z1FPNl26s7FYJMyrS3wZVou3Jlr%2FQixEZGHLWCYuIGkhuSFRuEiDWFvDgfiaso8Yy7IC68qxRaDfPHqO6P%2BCbAYpHtpIuYE467z9cop6ZVk8ZVygByE6HYQgExU5qtv0L0sCI%2BXGsq%2Bq84xssMJ9HR%2FRkdmWRtJMiIdFuMKLgSK8BWOpO6aOp6f9YvOJhJEgDXazYYXAaV3Q1LTc7vZTyIXUQXmX8AOqnJTsfoUmAClCePbfiXL61pK%2FtbBHS5SMjFZF2bwb78K8jNUqcfGzEhO1%2FARpZfXXJggC00qtJnO%2Bbo1R8Aj54%2FFLsWrAUigQpG2HUEnbEcuifzoQAun3RzNcke0il1658NuNW7UFm7ENJWU9YicHsCR%2F1CN883xAw%3D#polycard_client=search-desktop&is_advertising=true&searchVariation=MLB55762063&backend_model=search-backend&search_layout=grid&position=2&type=pad&tracking_id=6a140347-e9d2-4689-b301-e8cb1b2c6a38&wid=MLB5765125576&sid=search,1,1,500-1k,26.25
Smartphone Motorola Moto G15 256gb 12gb 4GB RAM 8GB RAM Boost Camera 50mp Verde,899,1499.0,4.8,Motorola,Chegará grátis amanhã,40,https://click1.mercadolivre.com.br/mclics/clicks/external/MLB/count?a=wpQT1Ao1Zy26SUh%2BmKkXgiSSW5OxlHiEEswbh93ejk5x%2FWBuX%2F3axsPiYr20NsI97ggvQcGzmIPNFI1%2FwRbZC1BF2yCXuiB99l07wVI2h7ZTy%2Bhl9M4FwZAL%2Fl2ArVjIbr1J%2FS5EKCms4GYgtq3tvuztN%2BVG7z6IxxJGoTNUvfEBQKVz7UCVygpT1kKNuP8U4ZEyCRB%2Ff%2F2398J67cUQ2shIS239EGU3Owojn%2B%2BEHoelGUh%2Fs4dQi6xEQjMAvgMHAY0g66Z116G3iHteEUFd44J6eWKnIr90iiw3rc3Igcq60BEJwQBUPxUZJVOQ8gjvk9TpNcEQNp45Or3SNGrN57ZuNZpfsex9DNPaxa%2FtMITs8GdymtQp8N%2Bkbs9yX691umBS7H2Y%2F7O8DkOYUeQKZlHsf30MqzBbDfbDmQGgoJx1mU3rOO5tmI5MSX0LoG9p74kmHKHnyA1WetzMC2iNrXcWKT5GfkO6GE8J%2FsF8tVqcS2Z18366zcJPeZh2olMCRZ7XQ%2F2Ctu%2BeCTs4TCDVAeYVHzkik1WVt3OGxrlA%2FUVb0HGRJtiM2vOkJ7uSPP%2BI1PmTVLposSVT%2F8lzsyN6GOV%2F2mZLdjsA%2B4i2fOxKgNXdygYpHlP5PWpR5JOMTTF8%2BOREXl70EXjKdBTqu223WU%2Fbg4utUxOnTfmjvKwNlEolgWuJ4vgh13C4e6RK94Lfv%2FXAkqTmHmJnLpCJe%2FpwzExM5GxC0X56%2BQ9vI5ZRuUu9ZKeuzyy6nt37Xp9cFiPEOAOQdRBG5ib2uUrsG5OhW1wCFzsW9%2BX%2FX7gheP283TT296XVmqwAomLqms3VfYGzJXRxl0hQA6SZ2Vl%2FL2lbj5Q2YR2%2BLR5aqRmTnZE29zVdHOXrdMPFMB16Hg%2FXYRjNhJ061P18j%2FalE7LS13W0uAOgYcJbJHo5GqGJK%2FSOl88kbP6oMsRjQKKRDIe6cFF330D15FECzUDEWTdB1wzD%2FAKESfwP#polycard_client=search-desktop&is_advertising=true&searchVariation=MLB44665542&backend_model=search-backend&search_layout=grid&position=3&type=pad&tracking_id=6a140347-e9d2-4689-b301-e8cb1b2c6a38&wid=MLB5237351728&sid=search,1,1,500-1k,24.4
"Smartphone Motorola Moto G86 5g - 256gb 24gb (8gb Ram+16gb Ram Boost) Tela 1.5k Poled, 50mp Sony Camera Ois Moto Ai, Videos Em 4k, Ip68 + Ip69 - Vermelho",1792,2399.0,4.9,Motorola,Chegará grátis amanhã,25,https://click1.mercadolivre.com.br/mclics/clicks/external/MLB/count?a=G64d6FDCUfNerO7fljzM6QPIUN3rl50k8q26JP4LeAItvxU7fuAwgy%2FvrYmjrr7GS%2BIlg4wQbhh7wjKsbRZbYBpbFduEIt%2BNQf%2Bu10HlnkOjrY38eI1GGinNrE6CqbIxc%2FobRExFMydCZBBEaJNDhgm0EFN5SXH1yGpHSLbGAeaBmVWDZJ5oDYTfQJ%2FA%2FSHapN8QQD7MjuUPPOHrSdNn4kwp8K2K%2FwgHJJGGGXzhNMPyPs6VDOghb8dgDax5eoEH%2BAhfr0pZatzhx%2FXeQD%2BzRBZQY%2BcLd%2BFO0BFuDd9Vd9YefgmHY3jJaqPTR2m%2BaYVbc5NciO35nW5LH5Xr6gwSm1hQ0ESpPlF8mkKSfZrnaCD4MlQ2Mo8O3%2FtkcyTfIrUChEJTDcbngiW%2B4WA1fr%2BBUb3pG%2FG5%2BU2zpuMGWsMhOYSQn4ey2mtfG3AbpmiKfn2Qk2xqG51r6STinLdL3Muutlti8xoCC95tNPwsmS26%2FZKjyTnlR%2F%2FWPhwl9yKcIUBBbDhCCH4bPM6lhXGNajXhq5%2FAS7Lhl4Uo%2ByVG0FB5g%2BM5eSM2UecLiJrP2tchVKXJwysO5mjCfWfbsSjvBTghseFO0tVWDnSkqON0yiassW3F5OvOg2LaPf4SUS1%2FNJEn6ws3D%2BuW6l77OR9lazu2QNR%2FpQI7HliWywaf0JBs4fLiqwP1sz7koaoi3%2BZSOoB1FbI7swPULOjaNQr0Nbo2I0NaTfsTi%2F5WgJK09gNNwnDENFPptTGUCMrQYePJ5jnWdMeOPcAO07dw3KfxcN4BwqFLcz2fz7AiaZ%2BTXl7yIKi9D8sKzEDw9ICjCdYf%2B017YN8iDrEF6mlrVRsSjJpq2B%2BYh%2BIW8eh9lFyCm4pi0qGarh8PORZ1GiyrXuPa%2BOex80YM70zpZduirRPd8Mb89S4GxL4L%2FVryF7DT3SxB1bSLLm2DdnHKaRMbealYEI9amWRV%2Fq1IwnWk1m6p%2Fiy3fd8bc5wGWxZZ9uIf%2FC6hFztceKIVwrmx%2FJ6E8HY81Q6HrcobV0g3tua5Bv2rJuiW6wTV0YXJUy3n2JjttOI%2BA9s6#polycard_client=search-desktop&is_advertising=true&searchVariation=MLB51340616&backend_model=search-backend&search_layout=grid&position=4&type=pad&tracking_id=6a140347-e9d2-4689-b301-e8cb1b2c6a38&wid=MLB5462013472&sid=search,1,1,1k-2k,19.95
Celular Samsung Galaxy A56 5g 256gb 8gb Ram Cinza,1998,3699.0,4.9,Samsung,Chegará grátis amanhã,46,https://www.mercadolivre.com.br/celular-samsung-galaxy-a56-5g-256gb-8gb-ram-cinza/p/MLB47114363#polycard_client=search-desktop&search_layout=grid&position=5&type=product&tracking_id=6a140347-e9d2-4689-b301-e8cb1b2c6a38&wid=MLB5317821714&sid=search,1,1,1k-2k,26.25
Smartphone Samsung Galaxy A36 5g 128gb 6gb Ram Câmera Tripla De Até 50mp Selfie De 12mp Ip67 Super Amoled 6.7'' Nfc Recursos Ai Android E Segurança Snapdragon - Preto,1430,2815.0,4.9,Webfones,Chegará grátis amanhã,49,https://www.mercadolivre.com.br/smartphone-samsung-galaxy-a36-5g-128gb-6gb-ram-cmera-tripla-de-ate-50mp-selfie-de-12mp-ip67-super-amoled-67-nfc-recursos-ai-android-e-seguranca-snapdragon-preto/p/MLB47115842#polycard_client=search-desktop&search_layout=grid&position=6&type=product&tracking_id=6a140347-e9d2-4689-b301-e8cb1b2c6a38&wid=MLB6410679768&sid=search,1,1,1k-2k,27.15
Xiaomi Redmi 14c 4G 256 GB 8 GB RAM dual sim cor preto,830,830.0,4.6,Desconhecida,Não informado,0,https://www.mercadolivre.com.br/xiaomi-redmi-14c-4g-256-gb-8-gb-ram-dual-sim-cor-preto/p/MLB41287578#polycard_client=search-desktop&search_layout=grid&position=7&type=product&tracking_id=6a140347-e9d2-4689-b301-e8cb1b2c6a38&wid=MLB6628300600&sid=search,0,0,500-1k,2.3
Smartphone Motorola Moto G06 - 128gb 12gb (4gb Ram + 8gb Ram Boost) E Camera 50mp Com Ai Bateria De 5200 Mah Tela 6.9,661,999.0,4.9,Desconhecida,Chegará grátis amanhã,34,https://www.mercadolivre.com.br/smartphone-motorola-moto-g06-128gb-12gb-4gb-ram-8gb-ram-boost-e-camera-50mp-com-ai-bateria-de-5200-mah-tela-69/p/MLB61381499#polycard_client=search-desktop&search_layout=grid&position=8&type=product&tracking_id=6a140347-e9d2-4689-b301-e8cb1b2c6a38&wid=MLB4515672567&sid=search,1,1,500-1k,22.65
"Celular Samsung Galaxy A07 128gb, 4gb, Câmera 50mp, Tela 6.7 , Proteção Ip54, Processador 6nm - Preto",599,899.0,4.9,Samsung,Chegará grátis amanhã,33,https://www.mercadolivre.com.br/celular-samsung-galaxy-a07-128gb-4gb-cmera-50mp-tela-67-proteco-ip54-processador-6nm-preto/p/MLB55034955#polycard_client=search-desktop&search_layout=grid&position=9&type=product&tracking_id=6a140347-e9d2-4689-b301-e8cb1b2c6a38&wid=MLB5859349564&sid=search,1,1,500-1k,22.35
Samsung Galaxy A06 5g Dual Sim 128gb preto,719,989.0,4.8,Vikings,Chegará grátis amanhã,27,https://www.mercadolivre.com.br/samsung-galaxy-a06-5g-dual-sim-128gb-preto/p/MLB48946861#polycard_client=search-desktop&search_layout=grid&position=10&type=product&tracking_id=6a140347-e9d2-4689-b301-e8cb1b2c6a38&wid=MLB6433836010&sid=search,1,1,500-1k,20.5
"Celular Samsung Galaxy A17 Com Ia, 256gb, 8gb Ram, Câm De 50mp, Tela De 6.7 , Nfc, Ip54 - Preto",1259,1399.0,4.9,Samsung,Chegará grátis amanhã,10,https://www.mercadolivre.com.br/celular-samsung-galaxy-a17-com-ia-256gb-8gb-ram-cm-de-50mp-tela-de-67-nfc-ip54-preto/p/MLB55254425#polycard_client=search-desktop&search_layout=grid&position=11&type=product&tracking_id=6a140347-e9d2-4689-b301-e8cb1b2c6a38&wid=MLB4583723537&sid=search,1,1,1k-2k,15.45
"Celular Samsung Galaxy A07 256gb, 8gb, Câmera 50mp, Tela 6.7 , Proteção Ip54, Processador 6nm - Violeta",852,1399.0,4.9,123 Comprou,Chegará grátis amanhã,39,https://www.mercadolivre.com.br/celular-samsung-galaxy-a07-256gb-8gb-cmera-50mp-tela-67-proteco-ip54-processador-6nm-violeta/p/MLB54964804#polycard_client=search-desktop&search_layout=grid&position=12&type=product&tracking_id=6a140347-e9d2-4689-b301-e8cb1b2c6a38&wid=MLB4277746349&sid=search,1,1,500-1k,24.15
Smartphone Motorola Moto G05 256gb 4gb Ram Camera 50mp Vermelho,699,1199.0,4.9,Motorola,Chegará grátis amanhã,42,https://click1.mercadolivre.com.br/mclics/clicks/external/MLB/count?a=e18jSomQvUHQT%2FrIgd5pHRgQQzHagcsEr14BG2kyT8lJWp0MzuQOsjDGLLe3c%2F4K5qzfzrmk%2B4mSbOL8Bde%2FqEnA0q8v4c9QrEX4yu4zVoc5AW7xpwTseXj7K%2FteJfl5%2FbQlu6shgZ6dIRD9fu0giGqOby4SREScvFfoMwYfOwTtPeaJYdIStz4b4mSKoHLG0JJqM9%2FNeAz%2BEoqtgvaRWahcLrc3jqJqLTUpb7fGx3w%2B%2F%2BFZPJGqnSIqQUTw9zF6T6LhqozohqvvrcQ15uP%2FD6YL1KtNPJbSa8P%2By7ZEaNqCX1I8qbH8z6o5s6%2BsMRBEb2jLKEPcs1NPPJKTqFq8uRt6hz0szZM%2BinEBpKp0E2st8i3hNdEF%2Fsvu9q7WDeNtsxKC9Md7T6ZaEsKW7HqUlrksCpGNZ7yE%2FzUOHkGC0be55CFgHWOjEuRD8dQ3x%2B%2FemnCltuNnyGJ3v7qE0D%2FOR0b2pw3O8hGDH%2B2LndX0YG0EgmHOVBhoGHl3vTYpmxiHA5gtuk9Is6y9SNFy3R%2BVL03XGIleUumxXRnqvgJySttD2nf2iUmv35CoADjmKIrLovpFG3TCzP1V%2FOyTg5GL5w6sW6S0Y07MTQ5FI7HIIl5GTLzKXxtiqgwCfyqxdWvVJUXyjQ0tBpsULpK0mvMqCtld%2FDjsvb0%2F4gWuB%2FR4oqTnfiLPG%2Ft3%2FXPBtz5u4y5Cla2hEP%2Bb7kC7zgMXXDGFU0ldh0ulvORAiEzhasHuKBUi0v23xxgUlGaL6qT2C9joT8E9mrlczqpyGyzVN5Mv1c%2F4jRzkra3ME%2FHZIb2SoSwAE4cTowOxfpC6h5dDyTuz7mDmrsdBfhwLqtdVdyRuYvMWNtprwRCoZRRb9P51YQkhn2YHHwElxWoHj4ID%2BBs1c4xWVAiMmwHPtiU9akpN1q2kPTN3bVknRQob%2FcQSbjSZqzpBahqcOZIChk642JGCHMPPbJXq1A%3D%3D#polycard_client=search-desktop&is_advertising=true&searchVariation=MLB58493174&backend_model=search-backend&search_layout=grid&position=13&type=pad&tracking_id=6a140347-e9d2-4689-b301-e8cb1b2c6a38&wid=MLB5774641722&sid=search,1,1,500-1k,25.05
Smartphone Motorola Moto G56 5g - 256gb 16gb (8gb Ram+8gb Ram Boost) Camera 50mp Sony Lytia 600 Ultrarresistencia Militar e Ip68 + Ip69 - Cinza,1598,1999.0,4.9,Motorola,Chegará grátis amanhã,20,https://click1.mercadolivre.com.br/mclics/clicks/external/MLB/count?a=WhSKcd1F%2B0tls0syrD%2FbKlWixofmMWryffyyi3vAC7HtjwaoQq2eMaT65KoLmYZI81uo7ooorhTv4Ie0B%2F%2BrXYtcceLYSmAYl6CjMKXM94qPHgHVnSfeFnpL9Se7MDNLePX8CCCYk%2BCqKQEM%2BJZiIxLleSSzogq%2BsmK1w3d9Oqz%2BIfbNHO%2B%2FpoUOmcEM3Zb%2FVPfbdbzqX3lGVs%2FJPH8rEM%2Bl4EekTU4J%2BREPkT8wSZGdKVqHhzhKfVy%2Ff6j9kfh2lUf5WwnrPLTgpal6OvxPN4CZbBLN4vb0g%2BNH3TFJqsgB22kXpJBvGzhB0NX%2BqsDy1fB0hYgygB45MeXNMCuGzlCvoo7gSiN9nGzKXBrg%2FhaUCCGJnCDW%2BoSJEpeikKV5qnWS6V66ei22FBhBp9BYLpMhNu%2BqZZ7%2FDtcGP3dgytIO9htz7iqtjKzOCc6BBxKpgMtiqGQUIJ5rjnsA7BIW7Y%2FaEblH2jdI3SBhrrdBNjRAPhho3OYot8vZIf9TCZa7RS807dbkr2UyHA3dwfv7etBGJdKem5%2FFVOqW2Cy4OuDbKX6dI7j8GQRAIvuBgSsC7%2FV80yV9MY15noXOrLBtifXnBzo7wBtJPrLqEohE9h5YxKj4ZSP9E0oVlnrzlyEgD5gSc9DWmJlE8waUILWLMjr6LnR6qJP1HxnlWrlJFXrvPJ4SZ9VUzu6%2BoO6YdCh2DGV2vIiYUHxzUv%2BdWgEmFAeYZKR7UG%2Fv0%2B4jGkMLkbwSFB79CC8VRR7OXCLnFKT0WZuxifOiOJd7FwqmVKiz8dmLNLyACW1fVpL239Rel%2FOqQr8J3LSMJnYJhQJvgosncVdeJGgc9kMyB%2FIPlX2d%2FT%2FUZY%2FjwbIaavL18WslknDIu4EgiM8HPkNZWo11u4zX1ICTPsmUfI0iSK6C7V3bBB%2B8WyDz%2BfglZ9r7ikiO77kDuXhGi9NLxZG12wsTCX1WDYoq8CJ7xw5dVAFtvgDpz0PlfinF6lrPXyV6nCzNhWWatqRtIbDUtrSSzlUeaX5pZ07mEW%2FAKNf7oRbGUX%2F8vxV3vk5z25Ap92jSxg%3D%3D#polycard_client=search-desktop&is_advertising=true&searchVariation=MLB50301060&backend_model=search-backend&search_layout=grid&position=14&type=pad&tracking_id=6a140347-e9d2-4689-b301-e8cb1b2c6a38&wid=MLB5402372302&sid=search,1,1,1k-2k,18.45
"Smartphone Motorola Moto G67 5g - 128gb 12gb (4gb Ram + 8gb Ram Boost) Camera 50mp Sony Lytia 600, Tela 1.5k Extreme Amoled 120hz, Ultrarresistente - Chumbo",1529,1899.0,4.8,Motorola,Chegará grátis amanhã,19,https://click1.mercadolivre.com.br/mclics/clicks/external/MLB/count?a=r0%2BpmKez8GvBLSr7bWYCBEi2LqC8uZE1s72hyjSktII1sC79CFXDasM7I%2B2cCjI32DAUcBHZMdTOY4DdeEYPtsji3AzfhuyyLdg%2BnKVCbhfyyOLRAzL2dSOecbRMV2hFx0iJFsMnp59qQdUQnbg%2BX0zpTJEKCWuhFv2rtf%2FPJB1iYZMzX4Bnh0JnT8PH6cAh49JLKzs7rBIv%2FvsxTiDS1VFsptpHZGY5naSJ%2BaHZS%2FdRVKnYbafmofFCTti97as6Dl91RKbbozu8oGcAGuRjwxkuooqzl%2B1Dyv9wQGbqLIpfvzNZ4esCKpyi1jKqhdODoxWAUodcDcc2sV5TJEfojJNLInbpJ5QnZtFQ%2FomKSIdX%2B4IdVA3c1xKaIHAEuLBePey1V2qXz0XoXBQEtDHK0dC%2Bwunkl0oInolV4JaVuV0BxrtPPr6SypVEp5lDJh9B1IZP9pBS2oDMGIKIomjPXcrUSDu9W5e%2B4WG1QosD4DdImp0uNWlD8NYqMOfVeGyVqhFhrNnXn5tTQsaHIxq3zx7T6Hh5WHEppe3KQuc334X1t6VVZ9l3djhT9DxRigOSpn54vxBj8HAVyg6QdTt43G%2FS7I%2BgY%2FEeNjuPPJz0axSXKIpEt8y965oJ0hWjUFvp9lvFbK0yM6VIZ61Fq170A13ai%2FsxettkBVOGxNOndaal6O7T1JOhA5r8eDans2UbPfApjV0MmyMtKnJS3y07aHMBreXELFmZYUvbekiWb0BjKoSFTWuzkNa0prS10GiV7FPHyOljOhvmKUel857DFOrnGUL%2BQ44uMZzXLTpqubt5656Hioe8PkpRrROST9cIntpzytzteP06zfL%2Fx%2BYlqU9bxA4OnFHd3v8YekawHWtz51sI07Z3HWEQtIdpy0JGTxWluopxdLCUIows7%2Bk8IluRyciAtTac0VlU1uUFlJKmLceWQFw2H7kcaCGW3x1rJo7hnN8i87tUTUik7r5PdXRSfp8yOqgI89TonrZdtnFVgiKpUpPtLE%2FsImxu74MhEzXW8bDxgcOAcbMdCMKnkhfpnI%2Bt1Hh0vVq3eQrZOM3dSkalanBbQdg%3D#polycard_client=search-desktop&is_advertising=true&searchVariation=MLB65319818&backend_model=search-backend&search_layout=grid&position=15&type=pad&tracking_id=6a140347-e9d2-4689-b301-e8cb1b2c6a38&wid=MLB6420538026&sid=search,1,1,1k-2k,18.1
"Smartphone Motorola Signature 5g - 512gb 24gb (12gb Ram + 12gb Ram Boost), 3 Cameras 50mp Sony Lytia E Zoom 100x, Tela 1.5k Extreme Amoled 165hz - Preto",7649,8999.0,4.8,Motorola,Chegará grátis amanhã,15,https://click1.mercadolivre.com.br/mclics/clicks/external/MLB/count?a=gjnboJjaECVtQEYK%2BpIvCTslQfrDpnWylyaSUTJbMQimYMPcY1QWDAr%2BRgIissYj27Ec%2BL5hjs9ITwEPKZT3J%2B33LU5Z%2BEeAhpx2In7lXiEMzwNZG5tZEh%2F0c2PT8VfgTZfxNxL7pmUeL2EEk6RZLQM1lzmZmgF5Qs9QXkTGn2aSe0G6MmswoRnPXwps0zHYX18Hrhad2pJo7ifjSx%2BJZEJAFhz4lrMf3BKTqtxjp8KqWxUFSFDU0dObuRWk94NL%2FyXcuRR5XxUhSLyPCbuNjtfDYpNgrkWlDbCvM1oNQ83w5h2qRTwUnrMW3Uu6kg2sleHf1xhIHHxtA01zCvDfT53wn6wbMBJkURhkmJnkob0gP2CgGfIWjl6fbRFPo5gyU4lk5mWgCyZuessRG84rIUohPaE5WIqYMDI904p9QPKZEqpJfW6pAZUDMFRzYxTfqXxf8D57L3r1SP1%2FJvDtdZBbolKWEpbxB9UtTt8CtKAnT3gqbLXATgWJk78nFl72D1kF4IBdcK8x%2FVKlJDBI8CHO4986XSlIjI7sgKiax4JnQWrz48mcQ6PUTLNagfyjDfSqVwTVK5CWDLaqK6KKVkBPQSyqZkKFK1q244dUV%2BI4F4DKIM1Ml2dEd8ZtY4i%2B6by3bNcI2B4yryh4y2NVMHDKIwjPC2IsM77ZnuhJRY%2BPIzmgPY1U4CLHbul188%2FAnTYNGNtcuGgH8ZTUyKpdTTVs26AD8H5wE1cWsKEtUv%2FN4tHW2RG8ksZL30%2FltJ7Q4bjWGlONtshvAiPKCjvMhFYx0L80Vxnmdx7DiyOZbmppfXfgGeIIcWmnwOJQpJv%2FacY6EsmO6tzaZMUrH%2FM9hGM18FDvxUetG3p6FQE0lWBWCoXZidrv4maTe4YQysjRKbTHT38VneN7%2BC%2FkPqTh5OBuQk52uoG1g2NTBn6u5xilFc0QfdlsboYLzxj75WXoUoiZWiIJFKAfYdR4GPpb3NvTgD2WU%2BKcHxh2xM4K4EwuFi4s4%2FcQuf6c%2FJsRCcXHm5C31XBNODUSqM%2FVmY5Swsu7M4dZCM8tU6VKpPTDCJosNQ%3D%3D#polycard_client=search-desktop&is_advertising=true&searchVariation=MLB65938141&backend_model=search-backend&search_layout=grid&position=16&type=pad&tracking_id=6a140347-e9d2-4689-b301-e8cb1b2c6a38&wid=MLB6373850588&sid=search,1,1,5k-10k,16.9
Smartphone Motorola Moto G06 - 256gb 12gb (4gb Ram + 8gb Ram Boost) E Camera 50mp Com Ai Bateria De 5200 Mah Tela 6.9 - Bege,723,1349.0,4.9,Motorola,Chegará grátis amanhã,46,https://www.mercadolivre.com.br/smartphone-motorola-moto-g06-256gb-12gb-4gb-ram-8gb-ram-boost-e-camera-50mp-com-ai-bateria-de-5200-mah-tela-69-bege/p/MLB55762063#polycard_client=search-desktop&search_layout=grid&position=17&type=product&tracking_id=6a140347-e9d2-4689-b301-e8cb1b2c6a38&wid=MLB5765125576&sid=search,1,1,500-1k,26.25
Smartphone Motorola Edge 60 Pro 5g - 256gb 24gb (12gb Ram+12gb Ram Boost) Tela Quad-curve Moto Ai 50mp Sony Camera Ultrarresistencia Militar Ip68 + Ip69 - Azul,2694,4499.0,4.9,Motorola,Chegará grátis amanhã,40,https://www.mercadolivre.com.br/smartphone-motorola-edge-60-pro-5g-256gb-24gb-12gb-ram12gb-ram-boost-tela-quad-curve-moto-ai-50mp-sony-camera-ultrarresistencia-militar-ip68-ip69-azul/p/MLB49085450#polycard_client=search-desktop&search_layout=grid&position=18&type=product&tracking_id=6a140347-e9d2-4689-b301-e8cb1b2c6a38&wid=MLB5382324466&sid=search,1,1,2k-5k,24.45
Smartphone Samsung Galaxy A36 5G 256GB 8GB RAM,1521,3299.0,4.9,Samsung,Chegará grátis amanhã,54,https://www.mercadolivre.com.br/smartphone-samsung-galaxy-a36-5g-256gb-8gb-ram/p/MLB47111905#polycard_client=search-desktop&search_layout=grid&position=19&type=product&tracking_id=6a140347-e9d2-4689-b301-e8cb1b2c6a38&wid=MLB5317478858&sid=search,1,1,1k-2k,28.65
"Celular Samsung Galaxy A17 5g Com Ia, 256gb, 8gb Ram, Câm De 50mp, Tela De 6.7 , Nfc, Ip54 - Preto",1576,1899.0,4.9,Samsung,Chegará grátis amanhã,17,https://www.mercadolivre.com.br/celular-samsung-galaxy-a17-5g-com-ia-256gb-8gb-ram-cm-de-50mp-tela-de-67-nfc-ip54-preto/p/MLB54961455#polycard_client=search-desktop&search_layout=grid&position=20&type=product&tracking_id=6a140347-e9d2-4689-b301-e8cb1b2c6a38&wid=MLB6574985998&sid=search,1,1,1k-2k,17.55
Celular Smartphone Realme C73 256gb 8gb Ram Dual Sim 120hz 6000mAh Violeta,1149,1999.0,4.8,Webfones,Chegará grátis amanhã,43,https://www.mercadolivre.com.br/celular-smartphone-realme-c73-256gb-8gb-ram-dual-sim-120hz-6000mah-violeta/p/MLB62258511#polycard_client=search-desktop&search_layout=grid&position=21&type=product&tracking_id=6a140347-e9d2-4689-b301-e8cb1b2c6a38&wid=MLB4334411855&sid=search,1,1,1k-2k,25.3
"Celular Samsung Galaxy A26 5g 256gb, 8gb Ram, Câmera De 50mp, Ip67, Tela Super Amoled 6.7 , Nfc - Preto",1405,2167.0,4.8,123 Comprou,Chegará grátis amanhã,35,https://www.mercadolivre.com.br/celular-samsung-galaxy-a26-5g-256gb-8gb-ram-cmera-de-50mp-ip67-tela-super-amoled-67-nfc-preto/p/MLB47424244#polycard_client=search-desktop&search_layout=grid&position=22&type=product&tracking_id=6a140347-e9d2-4689-b301-e8cb1b2c6a38&wid=MLB5474927460&sid=search,1,1,1k-2k,22.9
"Celular Samsung Galaxy A17 Com Ia, 128gb, 4gb Ram, Câm De 50mp, Tela De 6.7 , Nfc, Ip54 - Preto",899,1499.0,4.9,Samsung,Chegará grátis amanhã,40,https://www.mercadolivre.com.br/celular-samsung-galaxy-a17-com-ia-128gb-4gb-ram-cm-de-50mp-tela-de-67-nfc-ip54-preto/p/MLB54987753#polycard_client=search-desktop&search_layout=grid&position=23&type=product&tracking_id=6a140347-e9d2-4689-b301-e8cb1b2c6a38&wid=MLB4217306791&sid=search,1,1,500-1k,24.45
"Celular Samsung Galaxy S25 Fe 5g, 128gb, 8gb Ram, Câmera Tripla De 50+12+8, Tela Grande De 6.7 Jetblack",2868,4499.0,4.9,Samsung,Chegará grátis amanhã,36,https://www.mercadolivre.com.br/celular-samsung-galaxy-s25-fe-5g-128gb-8gb-ram-cmera-tripla-de-50128-tela-grande-de-67-jetblack/p/MLB61692896#polycard_client=search-desktop&search_layout=grid&position=24&type=product&tracking_id=6a140347-e9d2-4689-b301-e8cb1b2c6a38&wid=MLB6087231690&sid=search,1,1,2k-5k,23.25
Moto G15 Dual Sim 4gb Ram 128gb Azul Marino,699,1099.0,4.8,Motorola,Frete grátis,36,https://click1.mercadolivre.com.br/mclics/clicks/external/MLB/count?a=17XV8QTnNKoAsCx8hlQqTni8lo6vm0lC8ptXBNBmgOmtJe9LtlFo5qrluApn2yLrGsDEF4xwbaiMuRS%2BGMXIBuNhslj39K6H8%2BF7XK4msQUqP9BOBYll8DE%2FaxhYGhbA2HUsSHgLiKcT2qnYJS0L6I8WghxkVfhFcw2Yt656YztDbPBhI6rZLkvW1Ht4LqsBOPVtcxu3RLj9idh00g3CI7YdhUy%2F7ldW9%2BUs1pGBeGWD5O9XaRjqYDRx0oFphCtEWVO3g0q6zNuDiTQjDM9jE10iSgS7KN7JbFb4kzhGDTM8TLlQu9E3xbnrFCChztMqwE2rMCXzR8YI%2FX%2FGnHDOqwz5iBNDf5pjxB%2F8ncK6kUAags61%2FRhxzmzOa8KEj7mbBsuulnmS4bKvl4SeCO1ftie1CjyroqRvJWiTev3Y3ktjmIOmBZHkdptZwijoidcT9Cktx1%2BaKRspYtbPXQq0Tdfko9GRkGU9bj%2BEvNViO1r9WE91SkFpj9zSnq5eQsiJ9NgHsl8dfokMZyw60y1k6PkQ8cOB03ZPme75DT0S2PM%2BlMKnwWg2gFaCif6X8qITB0YWljsNpbNhVV%2F9X5rophcYyXZX43k8ohzt0LmMmJRwLX93kDL6%2BZ9K4XrAaB7QerdOjuiqCw8EnnK0qHhRMwpOKpDZMaEhi2QkD%2FXxKqGm4fHGKQIqGlPOKHbWobOF%2Be3dcJ1Vw7ycotkw7v9lkmieUvNa5CTpv%2BrpEV%2FK1ZHbFLYMFf0zQikVg8g9j6y%2Flz4H2ubaoX%2BDZQZ9lrRgjiTKckMiRB4BsztJZ8Lk8FpREIAEVBcs3tJLIZ8B7MCkg6vKpn3IxJjY0VMzU1l98WSqxDiGlDE8RO05iLzIDRteft7VMTuwlmpeV6OZ5XeIXGXDkdayFI53n9lRXaEivFhvvleX1qX8%2B8WrnvmA5qqdeQ%3D%3D#polycard_client=search-desktop&is_advertising=true&searchVariation=MLB46056608&backend_model=search-backend&search_layout=grid&position=25&type=pad&tracking_id=6a140347-e9d2-4689-b301-e8cb1b2c6a38&wid=MLB3975530813&sid=search,1,1,500-1k,23.2
"Smartphone Motorola Moto G17 4g - 128gb 12gb (4gb Ram + 8gb Ram Boost) Camera 50mp Sony Lytia 600, Tela Fhd+ 60hz, Bateria 5200 Mah - Azul",899,1299.0,4.9,Motorola,Chegará grátis amanhã,31,https://click1.mercadolivre.com.br/mclics/clicks/external/MLB/count?a=elnKst0bZVZN8iSbdBDPPoWtT3cOj5%2B0IVc374PzivF1qQSWh21EYyTNLotb9NL%2B%2BWT9Yre85yQqMpejzIW5wPayEX7VClmuFG%2B4%2Bpgt3IjX%2FwnsPImLBGUT%2FEQawtlwAZ4jBNhOy0qb%2FOvq8UV6Eynwy%2FV3oo3IsqrKLhBUlcyVjzb9JCnPTyWo3DAJ7ERHtANEnsbnaUsccOL2a0uXKsVInPy0AuSx%2Fm%2FtPw2CQU4p6qZeuw0TSaRCxtRcR3RqmJy1zbXrvanHiLoDAxLAnv68d72H%2FcFMfZh2msq1%2FW2%2BkW0Jxsy9TVi%2FOKHUHUSWMOxQtB4k6JPJ96ehNtN1gYMv9zjYTijW721e6GP6fypxZ7yCJ0%2B2A2KHfvhwls67OYTSNfC41FKxtUdMrccSDxP5oCv6Mr7P%2FV7oWJS4fsF9eekKOsO2HXeV5FCpNw1BmQgx4qepGjb%2F6g6kjrdtXWzvKdCEugdsjd37ZJo%2F7biETuymGFfCnmQXzWrc3aSNAbuqyLDeHBNpgIkUOZti7CZd3WaYXFtTjm5Y0c6HSdWqUEiEebMJ9YhAYuqiXz4Dy%2F2qwa0DMlVjM%2BYdwurH%2Bu3agm0Pyh2Iav07pF6QeWlTGU3KvU%2Bg5vIQ4EGK37PRvGtyw9dkZABCx0aH2scVLHF%2BKo14GyrcHARfX57w5Z4%2FzBNv5Rpcf7hGDtnet6YVpCf4LceCWlfo%2FzyCP%2FhVjnr%2BZJjMh8qO1HncTywWLH7lQK6JkN4NBR9ZfrfnjKa4fzlnmFKvDpmABAR61VUmSotq%2FXuzqiVle8aef2mXAJk2BcUykgA%2F2MA9x8XPqiuczEXS2Q7B0b7FTAWyiDJBgLjN8XixPes8Gb8%2Fj44d7VYbrS6RLYYjFF%2FiCF2uZqvErQ3kF7SbilobarMgCYL%2FtEZuKRJ2f8lvBm%2Ffop0hFMMQiBpRKVGiRJZFOqdC6BP470AQxti3zEDqGCpu6PFScJdT0KTGHkMoXUS3PZFDw0xMPwfX%2BEimmNcl7jTDzT%2FuNt7a96Tv9UaqekdoRgp1pySG%2BWDV#polycard_client=search-desktop&is_advertising=true&searchVariation=MLB65041642&backend_model=search-backend&search_layout=grid&position=26&type=pad&tracking_id=6a140347-e9d2-4689-b301-e8cb1b2c6a38&wid=MLB6420215012&sid=search,1,1,500-1k,21.75
"Smartphone Motorola Moto g86 5G - 512GB 24GB (12GB RAM+12GB Ram Boost) Tela 1.5K pOLED, 50MP Sony camera OIS Moto AI, videos em 4K, IP68 + IP69",2069,3099.0,4.9,Motorola,Chegará grátis amanhã,33,https://click1.mercadolivre.com.br/mclics/clicks/external/MLB/count?a=1MzQd5fiNdnEPSsIhuHyWR2wCP9Z22Y6cXRw6vBn4cxdz89SEVK7ikRC2483Vp6aHBNvEkbLUwqerCV5ol2uiMlGBtL0iUbdrt1lQK%2BSSQAYIafvgS2NVyS5xHSba3NPzqStK9uhCrEibPbOQDXabyu%2BCqOipWeNmz%2FhQdtCCGsTPYOIYjxyLXmyK33cp5qGJ7Xv77ZINd1%2BXXizC5iJDn%2BKXw4meGyYwh%2FSz86Q2WMaRu7FjBzrBfd0KjTuVaOw%2FdkQzwD%2BcQM3%2BT%2BwpzmYSA4o4CweO5sL6PRglg4vIVXE8XWjFNpCZgNthr1LZKMCHxCybn%2BNltOXN9nwSFTLFbpjRmuERRAIvD0%2FnMZBFp641qpTbWazIc081%2Fk4WKCZJqfFSvtd8b3GwdF3M0zggJ6b%2BBHS0Nnk%2BnrqNUX3zRwa%2BzIeN6x1LctbfcY25O9%2FuZw4LdqgGM5cgcTJlW0yL%2BAsFLrsqQ8%2B3QhDB01WlNGUPNdj1b0IA%2BMKNzfucE7qnDJOuAGPzPLrzVAx85RQIVIa1nFDS8ioDSoa3wYKXRlRCf3F7Qt7298XhCl8117JmR1DLqCUCybFPf%2B70icIfG%2BGK0ja7oKLj5LLoL84GHcA1ZZgcYGWVTRgFFYcraJdGr9RYYHGQl7aCCa5GZi%2B01JnGvLJhESsjW0oeTFjBg7VU5v2HFPXO6I6bAwifriv%2BuY%2BT8%2Bn%2BNd21wcT6RR7y1jUrGG2wvuXgKSKxMLYOE8%2BSWXCQdyxMSCHHoHJXNxNR5O%2FhgBps5grFm9jWxNxiS9omwBrv%2BbVUtLaZ8SBNHOesSFraa1wfPFp4%2BTRD2%2FJ7%2FpBCsbFG2BsfMNBTQ7qp37HLUT%2Bnu%2FZKtZiX5MfFscS0EQuJgBiDaDWrdfAgu4PDxkIWbMLqxvIbNwRAytdzw9xTfA5arl1nursH%2BkLqGGP0%2Fqq3NC%2FCyYTQED6H8S%2F1x1Fpy96rgeamaasBLCrTU0ZKDlWDMlJND9fhn6FX7tK0Srx3OjkvOKZENr85Vgy%2BaZVhU8kh0D88LSVYch233xB96YDYjEKooJ77Q%3D%3D#polycard_client=search-desktop&is_advertising=true&searchVariation=MLB62124802&backend_model=search-backend&search_layout=grid&position=27&type=pad&tracking_id=6a140347-e9d2-4689-b301-e8cb1b2c6a38&wid=MLB6152645844&sid=search,1,1,2k-5k,22.35
"Smartphone Motorola Moto G77 5g - 256gb 24gb (8gb Ram + 16gb Ram Boost) Camera 108mp Ultra-pixel, Tela 1.5k Extreme Amoled 120hz, Ultrarresistente - Verde-escuro",2069,2499.0,4.9,Motorola,Chegará grátis amanhã,17,https://click1.mercadolivre.com.br/mclics/clicks/external/MLB/count?a=P6QBQ4mOTJQ%2ByGHzp2tqhNXk1W3WsS0oDUDEp7UVqkWg8PZUqsCPXRvZr19q1R3uMBaRPKiiXAzaL48ubdzXsFuc0q2Zl%2FVHixLBKD%2BK9Jam7pLhWuacT%2FDms3KkrGxHOEmrUx%2FPtFWoO7gJuL0FTu9Yy9ZITgOsuXM5CaFI7z7bOHSPSpLx2S%2BQI8yo0ll7QvFO3APXkFshVj5OAb%2Fy8tMBKXGKAHbmOytgDjT0JCxtjKGEPk%2BbCpiSWevNdweTyX95D4wFst%2F5Y7UzTdK9dYltlC%2BzfFFWrI7IpgJKCKWGP%2B9H5K8lwexX4PFBOJGidZFGo2m9l6ZRnj91nlpbpfTWlblf1C4DSb1BJwtgjhMS7YP2VIH4wxcIMzFo8%2Buvqby5Pa018M%2B29%2Fe5q8jcKyq%2BuJmHWGzx%2BRu5yqmwhIhno%2BBXOlvHv1ni2FjlTX89UN2VC2fr9cHrb5DcRBK5IVhRSOjZbd9hCIrpFNfp%2FNurjwRCVxBl4ppIP7mFXSUEfr7hBm4FNeMDVi3%2F8%2FyPDhC9L%2FmZqnhVk3jpGhLYYbInwtEZRwu8YAE7VSCQF62FuuKTmeLBSfmYMOtsxUH%2FWlsrPVIImo2JP0w%2FqaHPvFidILlqlziQ8HgMlN0c6h59oJJjUJbuUf0c8gZOKEts1ukJOSmxincrmtma9UbglQSp8JFuKtSmsZeNoUinADM9bVoFPcdX5LUX1TblREQ7NS9oArBlIUdpxSTj3WO9XJ73RoN%2FfxQXRHjvNQfocDutaTXI%2BdX3ZiLa3M63SulDqAhZrb8W0cAIBkdA2PYCQwtwsPch3wlG506cveq3%2BMGoLvqNvmM8g7yc64lnasqZ5pJV4%2B9ByKsfF5IUwVJ36APkQnik83LCoXCwvaSkxshHEVHACqgVwH0OYoxMKm4S3LqSfKLsCMTMy2pxb3XDE3RnhMF1BkIAxSHJpNm4kgyC9DnJshRaRAiGS5jj0kHcJlHOzI3wedRWg3byHnK6veWcitVHNLYNqtTruzxo32smuGXvQKDCP6RdMdjYAzhCfoCGMDe4ACuTbZs0lWqcKLZ1pU6e%2FF8EJozS%2BLfx#polycard_client=search-desktop&is_advertising=true&searchVariation=MLB65305142&backend_model=search-backend&search_layout=grid&position=28&type=pad&tracking_id=6a140347-e9d2-4689-b301-e8cb1b2c6a38&wid=MLB6420050194&sid=search,1,1,2k-5k,17.55
Smartphone Motorola Moto G05 256gb 4gb Ram Camera 50mp Vermelho,699,1199.0,4.9,Motorola,Chegará grátis amanhã,42,https://www.mercadolivre.com.br/smartphone-motorola-moto-g05-256gb-4gb-ram-camera-50mp-vermelho/p/MLB58493174#polycard_client=search-desktop&search_layout=grid&position=29&type=product&tracking_id=6a140347-e9d2-4689-b301-e8cb1b2c6a38&wid=MLB5774641722&sid=search,1,1,500-1k,25.05
iPhone 16e (128 GB) - Preto - Distribuidor Autorizado,3699,5799.0,4.9,Apple,Chegará grátis amanhã,36,https://www.mercadolivre.com.br/iphone-16e-128-gb-preto-distribuidor-autorizado/p/MLB1046215784#polycard_client=search-desktop&search_layout=grid&position=30&type=product&tracking_id=6a140347-e9d2-4689-b301-e8cb1b2c6a38&wid=MLB3986439067&sid=search,1,1,2k-5k,23.25
Smartphone Motorola Edge 60 Neo 5G - 256GB 24GB (12GB RAM + 12GB Ram Boost) 50MP Sony Camera Moto AI e tela 1.5K Super HD - Latte,1799,3799.0,4.9,Motorola,Chegará grátis amanhã,53,https://www.mercadolivre.com.br/smartphone-motorola-edge-60-neo-5g-256gb-24gb-12gb-ram-12gb-ram-boost-50mp-sony-camera-moto-ai-e-tela-15k-super-hd-latte/p/MLB58684606#polycard_client=search-desktop&search_layout=grid&position=31&type=product&tracking_id=6a140347-e9d2-4689-b301-e8cb1b2c6a38&wid=MLB4265763257&sid=search,1,1,1k-2k,28.349999999999998
"Samsung Galaxy S25 5G, 256GB, 12GB, Câmera Tripla - Azul claro",3898,5999.0,4.9,Samsung,Chegará grátis amanhã,35,https://www.mercadolivre.com.br/samsung-galaxy-s25-5g-256gb-12gb-cmera-tripla-azul-claro/p/MLB45513356#polycard_client=search-desktop&search_layout=grid&position=32&type=product&tracking_id=6a140347-e9d2-4689-b301-e8cb1b2c6a38&wid=MLB5264376996&sid=search,1,1,2k-5k,22.95
"Smartphone Motorola Moto G86 5g - 256gb 24gb (8gb Ram+16gb Ram Boost) Tela 1.5k Poled, 50mp Sony Camera Ois Moto Ai, Videos Em 4k, Ip68 + Ip69 - Vermelho",1792,2399.0,4.9,Motorola,Chegará grátis amanhã,25,https://www.mercadolivre.com.br/smartphone-motorola-moto-g86-5g-256gb-24gb-8gb-ram16gb-ram-boost-tela-15k-poled-50mp-sony-camera-ois-moto-ai-videos-em-4k-ip68-ip69-vermelho/p/MLB51340616#polycard_client=search-desktop&search_layout=grid&position=33&type=product&tracking_id=6a140347-e9d2-4689-b301-e8cb1b2c6a38&wid=MLB5462013472&sid=search,1,1,1k-2k,19.95
"Smartphone Infinix Note 50X 5G 8GB RAM 256GB De Armazenamento Tela 6,78"" Polegadas HD+ 120HZ Câmera 50MP + Selfie 8MP Bateria 5200mah NFC, DTS Áudio - Cor Cinza",1349,2267.0,4.8,123 Comprou,Chegará grátis amanhã,40,https://www.mercadolivre.com.br/smartphone-infinix-note-50x-5g-8gb-ram-256gb-de-armazenamento-tela-678-polegadas-hd-120hz-cmera-50mp-selfie-8mp-bateria-5200mah-nfc-dts-audio-cor-cinza/p/MLB61656785#polycard_client=search-desktop&search_layout=grid&position=34&type=product&tracking_id=6a140347-e9d2-4689-b301-e8cb1b2c6a38&wid=MLB5957442486&sid=search,1,1,1k-2k,24.4
Smartphone Motorola Edge 60 5g - 512gb 24gb (12gb Ram+12gb Ram Boost) Tela Quad-curve Moto Ai 50mp Sony Camera Ultrarresistencia Militar Ip68 + Ip69 - Azul Marinho,2099,2799.0,4.9,Motorola,Não informado,25,https://www.mercadolivre.com.br/smartphone-motorola-edge-60-5g-512gb-24gb-12gb-ram12gb-ram-boost-tela-quad-curve-moto-ai-50mp-sony-camera-ultrarresistencia-militar-ip68-ip69-azul-marinho/p/MLB48930800#polycard_client=search-desktop&search_layout=grid&position=35&type=product&tracking_id=6a140347-e9d2-4689-b301-e8cb1b2c6a38&wid=MLB5363845340&sid=search,1,0,2k-5k,9.95
Smartphone Motorola Moto G35 5g 256gb 12gb Ram Boost Coral,945,2000.0,4.8,Desconhecida,Não informado,53,https://www.mercadolivre.com.br/smartphone-motorola-moto-g35-5g-256gb-12gb-ram-boost-coral/p/MLB63092926#polycard_client=search-desktop&search_layout=grid&position=36&type=product&tracking_id=6a140347-e9d2-4689-b301-e8cb1b2c6a38&wid=MLB6228408744&sid=search,1,0,500-1k,18.299999999999997
Smartphone Motorola Moto G56 5g - 256gb 16gb (8gb Ram+8gb Ram Boost) Camera 50mp Sony Lytia 600 Ultrarresistencia Militar e Ip68 + Ip69 - Cinza,1598,1999.0,4.9,Motorola,Chegará grátis amanhã,20,https://www.mercadolivre.com.br/smartphone-motorola-moto-g56-5g-256gb-16gb-8gb-ram8gb-ram-boost-camera-50mp-sony-lytia-600-ultrarresistencia-militar-e-ip68-ip69-cinza/p/MLB50301060#polycard_client=search-desktop&search_layout=grid&position=37&type=product&tracking_id=6a140347-e9d2-4689-b301-e8cb1b2c6a38&wid=MLB5402372302&sid=search,1,1,1k-2k,18.45
Apple iPhone 16 (256 GB) - Preto - Distribuidor Autorizado,5205,9538.0,4.9,Apple,Chegará grátis amanhã,45,https://www.mercadolivre.com.br/apple-iphone-16-256-gb-preto-distribuidor-autorizado/p/MLB1040287796#polycard_client=search-desktop&search_layout=grid&position=38&type=product&tracking_id=6a140347-e9d2-4689-b301-e8cb1b2c6a38&wid=MLB3931272075&sid=search,1,1,5k-10k,25.95
"Smartphone OPPO A6t 128gb, 12gb Ram (4gb + 8gb Virtual Ram), Bateria Gigante de 6500mAh, Processador Snapdragon, Tela 120Hz, AI Câmera, IP64 - Violeta",899,1299.0,4.9,Oppo,Chegará grátis amanhã,31,https://www.mercadolivre.com.br/smartphone-oppo-a6t-128gb-12gb-ram-4gb-8gb-virtual-ram-bateria-gigante-de-6500mah-processador-snapdragon-tela-120hz-ai-cmera-ip64-violeta/p/MLB66130734#polycard_client=search-desktop&search_layout=grid&position=39&type=product&tracking_id=6a140347-e9d2-4689-b301-e8cb1b2c6a38&wid=MLB4573343865&sid=search,1,1,500-1k,21.75
"Smartphone Xiaomi Redmi 15 8gb 256gb Tela 6,9 144hz, Bateria 7.000 Mah, 50 Mp Preto",1390,1390.0,4.8,Desconhecida,Chegará grátis amanhã,0,https://www.mercadolivre.com.br/smartphone-xiaomi-redmi-15-8gb-256gb-tela-69-144hz-bateria-7000-mah-50-mp-preto/p/MLB61511995#polycard_client=search-desktop&search_layout=grid&position=40&type=product&tracking_id=6a140347-e9d2-4689-b301-e8cb1b2c6a38&wid=MLB4390450235&sid=search,0,1,1k-2k,12.4
Celular Samsung Galaxy A56 5g 128gb 8gb Ram Rosa,1998,3299.0,4.9,Samsung,Chegará grátis amanhã,39,https://www.mercadolivre.com.br/celular-samsung-galaxy-a56-5g-128gb-8gb-ram-rosa/p/MLB47106876#polycard_client=search-desktop&search_layout=grid&position=41&type=product&tracking_id=6a140347-e9d2-4689-b301-e8cb1b2c6a38&wid=MLB4561879339&sid=search,1,1,1k-2k,24.15
Apple iPhone 15 (128 GB) - Azul - Distribuidor Autorizado,4499,7209.0,4.9,Apple,Chegará grátis amanhã,38,https://www.mercadolivre.com.br/apple-iphone-15-128-gb-azul-distribuidor-autorizado/p/MLB1027172667#polycard_client=search-desktop&search_layout=grid&position=42&type=product&tracking_id=6a140347-e9d2-4689-b301-e8cb1b2c6a38&wid=MLB4408547152&sid=search,1,1,2k-5k,23.85
iPhone 17 Pro 256GB - Azul-profundo - Distribuidor Autorizado,9899,11499.0,4.9,Apple,Chegará grátis amanhã,14,https://www.mercadolivre.com.br/iphone-17-pro-256gb-azul-profundo-distribuidor-autorizado/p/MLB1055308781#polycard_client=search-desktop&search_layout=grid&position=43&type=product&tracking_id=6a140347-e9d2-4689-b301-e8cb1b2c6a38&wid=MLB5687335472&sid=search,1,1,5k-10k,16.65
iPhone 17 256 GB - Sálvia - Distribuidor Autorizado,6297,7999.0,4.9,Apple,Chegará grátis amanhã,21,https://www.mercadolivre.com.br/iphone-17-256gb-salvia-distribuidor-autorizado/p/MLB1055308843#polycard_client=search-desktop&search_layout=grid&position=44&type=product&tracking_id=6a140347-e9d2-4689-b301-e8cb1b2c6a38&wid=MLB6545162768&sid=search,1,1,5k-10k,18.75
Apple iPhone 16 (128 GB) - Preto - Distribuidor Autorizado,4986,7799.0,4.9,Apple,Chegará grátis amanhã,36,https://www.mercadolivre.com.br/apple-iphone-16-128-gb-preto-distribuidor-autorizado/p/MLB1040287808#polycard_client=search-desktop&search_layout=grid&position=45&type=product&tracking_id=6a140347-e9d2-4689-b301-e8cb1b2c6a38&wid=MLB5120546360&sid=search,1,1,2k-5k,23.25
Smartphone Motorola Edge 60 Pro 5g - 512gb 24gb (12gb Ram+12gb Ram Boost) Tela Quad-curve Moto Ai 50mp Sony Camera Ultrarresistencia Militar Ip68 + Ip69 - Cinza,3059,5499.0,4.9,Motorola,Chegará grátis amanhã,44,https://www.mercadolivre.com.br/smartphone-motorola-edge-60-pro-5g-512gb-24gb-12gb-ram12gb-ram-boost-tela-quad-curve-moto-ai-50mp-sony-camera-ultrarresistencia-militar-ip68-ip69-cinza/p/MLB48998798#polycard_client=search-desktop&search_layout=grid&position=46&type=product&tracking_id=6a140347-e9d2-4689-b301-e8cb1b2c6a38&wid=MLB5389690592&sid=search,1,1,2k-5k,25.65
"Tcl Smartphone 605 4g, Octa Core, 128gb 12gb Ram (4+8), 6.7 Hd+ 90hz, Nfc, Dual Sim, 50mp",649,799.0,4.7,Mercado Livre,Chegará grátis amanhã,19,https://www.mercadolivre.com.br/tcl-smartphone-605-4g-octa-core-128gb-12gb-ram-48-67-hd-90hz-nfc-dual-sim-50mp/p/MLB53155051#polycard_client=search-desktop&search_layout=grid&position=47&type=product&tracking_id=6a140347-e9d2-4689-b301-e8cb1b2c6a38&wid=MLB6161225994&sid=search,1,1,500-1k,18.05
Apple iPhone 15 (256 GB) - Preto - Distribuidor Autorizado,4751,8095.0,4.9,Apple,Chegará grátis amanhã,41,https://www.mercadolivre.com.br/apple-iphone-15-256-gb-preto-distribuidor-autorizado/p/MLB1027172669#polycard_client=search-desktop&search_layout=grid&position=48&type=product&tracking_id=6a140347-e9d2-4689-b301-e8cb1b2c6a38&wid=MLB3621184765&sid=search,1,1,2k-5k,24.75
Smartphone Motorola Edge 60 Fusion 5g - 256gb 16gb (8gb Ram+8gb Ram Boost) 50mp Sony Ai Camera Ip68 Nfc - Rosa,1939,3299.0,4.9,Motorola,Chegará grátis amanhã,41,https://www.mercadolivre.com.br/smartphone-motorola-edge-60-fusion-5g-256gb-16gb-8gb-ram8gb-ram-boost-50mp-sony-ai-camera-ip68-nfc-rosa/p/MLB47251829#polycard_client=search-desktop&search_layout=grid&position=49&type=product&tracking_id=6a140347-e9d2-4689-b301-e8cb1b2c6a38&wid=MLB4027318137&sid=search,1,1,1k-2k,24.75
Smartphone Motorola Moto G15 256gb 12gb 4GB RAM 8GB RAM Boost Camera 50mp Verde,899,1499.0,4.8,Motorola,Chegará grátis amanhã,40,https://www.mercadolivre.com.br/smartphone-motorola-moto-g15-256gb-12gb-4gb-ram-8gb-ram-boost-camera-50mp-verde/p/MLB44665542#polycard_client=search-desktop&search_layout=grid&position=50&type=product&tracking_id=6a140347-e9d2-4689-b301-e8cb1b2c6a38&wid=MLB5237351728&sid=search,1,1,500-1k,24.4
iPhone 17 Pro 512GB - Azul-profundo - Distribuidor Autorizado,11699,12999.0,4.9,Apple,Chegará grátis amanhã,10,https://www.mercadolivre.com.br/iphone-17-pro-512gb-azul-profundo-distribuidor-autorizado/p/MLB1055308802#polycard_client=search-desktop&search_layout=grid&position=51&type=product&tracking_id=6a140347-e9d2-4689-b301-e8cb1b2c6a38&wid=MLB4200188179&sid=search,1,1,10k+,15.45
"Smartphone Motorola Signature 5g - 512gb 24gb (12gb Ram + 12gb Ram Boost), 3 Cameras 50mp Sony Lytia E Zoom 100x, Tela 1.5k Extreme Amoled 165hz - Preto",7649,8999.0,4.8,Motorola,Chegará grátis amanhã,15,https://www.mercadolivre.com.br/smartphone-motorola-signature-5g-512gb-24gb-12gb-ram-12gb-ram-boost-3-cameras-50mp-sony-lytia-e-zoom-100x-tela-15k-extreme-amoled-165hz-preto/p/MLB65938141#polycard_client=search-desktop&search_layout=grid&position=52&type=product&tracking_id=6a140347-e9d2-4689-b301-e8cb1b2c6a38&wid=MLB6373850588&sid=search,1,1,5k-10k,16.9
"Smartphone Motorola Moto G17 4g - 256gb 12gb (4gb Ram + 8gb Ram Boost) Camera 50mp Sony Lytia 600, Tela Fhd+ 60hz, Bateria 5200 Mah - Rosa",1078,1749.0,4.9,Motorola,Chegará grátis amanhã,38,https://www.mercadolivre.com.br/smartphone-motorola-moto-g17-4g-256gb-12gb-4gb-ram-8gb-ram-boost-camera-50mp-sony-lytia-600-tela-fhd-60hz-bateria-5200-mah-rosa/p/MLB65041664#polycard_client=search-desktop&search_layout=grid&position=53&type=product&tracking_id=6a140347-e9d2-4689-b301-e8cb1b2c6a38&wid=MLB4510840013&sid=search,1,1,1k-2k,23.85
Smartphone Oppo A6 Pro 256gb 8gb Ram 5g Ip69 Azul Espacial,2999,3199.0,4.9,Oppo,Chegará grátis amanhã,6,https://www.mercadolivre.com.br/smartphone-oppo-a6-pro-256gb-8gb-ram-5g-ip69-azul-espacial/p/MLB66177449#polycard_client=search-desktop&search_layout=grid&position=54&type=product&tracking_id=6a140347-e9d2-4689-b301-e8cb1b2c6a38&wid=MLB4536941689&sid=search,1,1,2k-5k,14.25
iPhone 17e 256GB Preto - Distribuidor Autorizado,5219,5799.0,4.9,Apple,Chegará grátis amanhã,10,https://www.mercadolivre.com.br/iphone-17e-256gb-preto-distribuidor-autorizado/p/MLB1066130044#polycard_client=search-desktop&search_layout=grid&position=55&type=product&tracking_id=6a140347-e9d2-4689-b301-e8cb1b2c6a38&wid=MLB6402322328&sid=search,1,1,5k-10k,15.45
Smartphone Samsung Galaxy A56 5g 6.7 Pol Octa-core 256gb 8gb,1998,3699.0,4.9,Samsung,Chegará grátis amanhã,46,https://www.mercadolivre.com.br/smartphone-samsung-galaxy-a56-5g-67-pol-octa-core-256gb-8gb/p/MLB65302568#polycard_client=search-desktop&search_layout=grid&position=56&type=product&tracking_id=6a140347-e9d2-4689-b301-e8cb1b2c6a38&wid=MLB4609819131&sid=search,1,1,1k-2k,26.25
"Smartphone Motorola Moto G17 4g - 128gb 12gb (4gb Ram + 8gb Ram Boost) Camera 50mp Sony Lytia 600, Tela Fhd+ 60hz, Bateria 5200 Mah - Azul",899,1299.0,4.9,Motorola,Chegará grátis amanhã,31,https://www.mercadolivre.com.br/smartphone-motorola-moto-g17-4g-128gb-12gb-4gb-ram-8gb-ram-boost-camera-50mp-sony-lytia-600-tela-fhd-60hz-bateria-5200-mah-azul/p/MLB65041642#polycard_client=search-desktop&search_layout=grid&position=57&type=product&tracking_id=6a140347-e9d2-4689-b301-e8cb1b2c6a38&wid=MLB6420215012&sid=search,1,1,500-1k,21.75
"Smartphone Infinix Smart 10 4GB RAM 256GB SSD Câmera 8MP + IA, Tela 6.67 HD+ 120Hz, Bateria 5000mAh, Processador T7250, Android 15 Go, Dual Chip - Preto",670,1458.0,4.8,123 Comprou,Chegará grátis amanhã,54,https://www.mercadolivre.com.br/smartphone-infinix-smart-10-4gb-ram-256gb-ssd-cmera-8mp-ia-tela-667-hd-120hz-bateria-5000mah-processador-t7250-android-15-go-dual-chip-preto/p/MLB56327005#polycard_client=search-desktop&search_layout=grid&position=58&type=product&tracking_id=6a140347-e9d2-4689-b301-e8cb1b2c6a38&wid=MLB5751262142&sid=search,1,1,500-1k,28.599999999999998
Kit Samsung: Celular Galaxy A17 256gb 8gb Ram 50mp 6.7 Nfc Ip54 Preto + Galaxy Buds Core Branco,1431,1698.0,4.9,Samsung,Frete grátis,16,https://www.mercadolivre.com.br/kit-samsung-celular-galaxy-a17-256gb-8gb-ram-50mp-67-nfc-ip54-preto--galaxy-buds-core-branco/up/MLBU3605578150#polycard_client=search-desktop&search_layout=grid&position=59&type=product&tracking_id=6a140347-e9d2-4689-b301-e8cb1b2c6a38&wid=MLB5957929002&sid=search,1,1,1k-2k,17.25
Smartphone OPPO A5 256GB 6GB RAM Branco,1169,1499.0,4.8,Oppo,Chegará grátis amanhã,22,https://www.mercadolivre.com.br/smartphone-oppo-a5-256gb-6gb-ram-branco/p/MLB51680761#polycard_client=search-desktop&search_layout=grid&position=60&type=product&tracking_id=6a140347-e9d2-4689-b301-e8cb1b2c6a38&wid=MLB5745515116&sid=search,1,1,1k-2k,19.0
Smartphone Motorola Moto G15 256gb 12gb 4GB RAM 8GB RAM Boost Camera 50mp Verde,899,1499.0,4.8,Motorola,Chegará grátis amanhã,40,https://click1.mercadolivre.com.br/mclics/clicks/external/MLB/count?a=NYQHCbMstPTJN9bz1WIc%2B5of%2BiyCkGrWlPFmhRm4zK7KJHbsGorSh4rf93xkKwym5cV2vHCwC30AvzApbWwk0m2XELcgh38LSetH8RIaWF8mISDw2B6airdoRXSEZNbKfPVunfOjySqW3nc1UF8ZPvQweGTMIInZ0Z%2Frk6h6yQ1QGzKBPiLnWvHY0Pm%2BcaPzKl1E%2BvdXTxBGSL2ym1GgdpdSwRzOUM0hwqQfJUbB5bL7J5G65xnkTDIiawJqotTFO%2B5bWpSkRAoRIAtDXUMbPq255Ebv9xZlbv%2Fh6%2Fa91yvCgdwwj6ObYK7YxE6g%2FyF032ej5H%2Bq03hSuND%2BVZ6r3RCLrRuezJcFIx%2B%2B3wUobDFjDm2wAn50JGXA2yZbyv1e8wmDMtbZmuXYgdvgRc86I541jQTFJ60ouB3RZszqcKLlf6HyYLWKsX6PP48jhgBxJHqMAxoKvVWdaXOC9pt8Xg8CzeOf%2BeAe9iowaSsBh3vFgbZIIscZKiFHjGOBsGGaHfToeKyTbI%2B%2BAksdeqODrQFJAu2X11KM8Aju28%2BTn5r9bcFpKc0fiUWz8UBwQeiUBOiRxEr5E6y9E3Rm1YUdwq40ZJu%2BZYkP3s0%2BEUKYLUhp98YFgFeaxi3byw0fjvwibIM5G7bx0htvAlGIloaVyg51TNwjrMSh2xGJ%2FBQWGmim6z7efsBsTxISxZS%2FF0OmYRUSPCjHlYvYUSQFYRH8oIjYhBXwlYAdpEmqtdMEmqOe%2FFXFLrWyefEE8LUNOVgS%2BYHHBGCvpSf%2BbbnioMWvm9CbAK9LikQLcJxDiTMx%2FW9lPKprx4a%2BcAfWMAj8zrVGvJ0ypuDPNPuwVj24xGz0PVoyf8Lhk4awqJj2hgxfK7uQKLLGaQXncBTApybbEzyq%2BXUoFmcUfTfLPUze0T06ieBsI2LQQQbnkovU2ctDrbkQRuTjkbYXKtuEIeQLTsVkq%2BLKg%2FT3c7funvzXx%2FH%2B0l9P5GQ%3D#polycard_client=search-desktop&is_advertising=true&searchVariation=MLB44665542&backend_model=search-backend&search_layout=grid&position=1&type=pad&tracking_id=d735949e-d38b-4ede-8714-872722f96e42&wid=MLB5237351728&sid=search,1,1,500-1k,24.4
"Smartphone Motorola Moto G17 4g - 128gb 12gb (4gb Ram + 8gb Ram Boost) Camera 50mp Sony Lytia 600, Tela Fhd+ 60hz, Bateria 5200 Mah - Azul",899,1299.0,4.9,Motorola,Chegará grátis amanhã,31,https://click1.mercadolivre.com.br/mclics/clicks/external/MLB/count?a=awqVRZQxELmO9IxkCAeA6R71OCrhi1ETZ%2BhaD6bh2boPR050vSdTIVOQVU%2BMjT7Qw19GHDj%2BWcgPglIm0ZuOIuR5KAPRABBcbiIO8JrBdzMViC6P1kDHilyNAxHxTCslAczVA%2B47cZ4O81hOaqHZskE1S6vWCLdsHt9DMhYr4cuqIiQTU%2Fu%2FPUDM9%2FQIMp29t2I2%2FolgYmp1UozMSkphPpEWKRUtUp7JjUiXufBjMkw7Ucq%2BmmP2DXSYfZDuEmgNBqR7Xw9fHSOIU4QAzLPwKT0CgebiJqpO9BgSkc2bYM9yhhoX9ii0JAIJwjDzYkTtaE%2BMKOLuakAP0TJkdyVelWCBAMSp1mXGBgeE73jU0l8dOht3CzfZ6UAHReFMYlyb4%2FeJOftXL%2F2%2BvpMP0cN4yJGjAi6%2BWGBzCdkOFCgg07spXrWwQB9ost9%2FCH12aMKGLOCDzxhby%2BKBGdzF0iDaCDBVHqdgZS3wFeoTaHof0N8Hqz7Do96wY34%2F6CEV9G%2BYQaM%2BGieulQ4ZxXFFYD7Gkv%2FeV8ywC0u4yQ3wXsPDt8yTtcLp9FJj2HccAFql9%2BJK2vUWiJ569WbAJdzDyoJ%2BnlPFJSov%2F2AP%2FMVr3%2FbaxDo07gv75jPD0u2bK7Wkd%2Fn3RfjPt%2FwEUtgCK%2FtGtsIa1%2BKIu3Y8yah%2B7Vr0dzdDhLRGVKRj7AIUxTXrv%2FqLQwqi%2FOE%2BsuS8UpLbXYXrQcfu7sBRSNuEAwulkV2Gp%2FjWO%2F3xf5ixZ8T0fXZOG0S8YYXc671jssYpcdEBqUkYpKvTuYRlHrIwnx4sf3hxXzdTlASdDokD1mHFgpm13%2F59CSLErc1MLsNTcDZuqTxNVGeYiicNmpEmkrFIg5wvzspxs%2Bjd2%2FHPczKvmZhsqpjLI4jtMZCHlJFWBzW59YZj0t7SJVOnWSnDLyAf6lcPG%2FrGsCwDcaNsN20Z3%2FJyyTosqlqMiDsgeEd0P0%2F16iS22Xxb5Unn%2Fb3qWeBg%2BAW1qI9v0jjbzIK3mWzeOkos%2B5EgFCpRyVo0sBFlblWuRaBQdxHF2qYdAPM%3D#polycard_client=search-desktop&is_advertising=true&searchVariation=MLB65041642&backend_model=search-backend&search_layout=grid&position=2&type=pad&tracking_id=d735949e-d38b-4ede-8714-872722f96e42&wid=MLB6420215012&sid=search,1,1,500-1k,21.75
Smartphone Motorola Moto G06 - 256gb 12gb (4gb Ram + 8gb Ram Boost) E Camera 50mp Com Ai Bateria De 5200 Mah Tela 6.9 - Bege,723,1349.0,4.9,Motorola,Chegará grátis amanhã,46,https://click1.mercadolivre.com.br/mclics/clicks/external/MLB/count?a=kr3Yq8dUh3Z%2FsttFiQ2WBW1K6RxOpefC1gFjAwTpNA9vgPWgWIctXqFd30uQBGusa6yjAGzr4qg9EveG0D0aCxegxch%2B11z7i78v4rncMTdt4N2%2FOruvd0YkQ4wsDv8FRBLobxkitZEKJvy6ZjImYMjlGMIQFQTmp5wy5aMgBF1OuVbn%2FW2Hu9Sn5xPL3XAJbj00Epbnnx9S8bfwEhjV0LiyusADQ82OG3tyZMs%2F0aECQeB5cWNjfJDMt1AyZNhRKut1UMSBliwf6xZa%2FeXtxvc4bhMJ%2FI9ZtBvW1GqbU%2FIOMnNzeOoFz6Dkz6o0L4I3RyzqZQAAwcbzozSLLx8UCEb7t5%2BKY7nsOlNW3in2D7yDvFqHrmRQ0Bh1Im9uKBxtrxQg0za2n3cS%2BA0J%2BloWFciMM9pLyWp6JE7AFIcRniuZxg4NLOdaDxgcg0ipFTB%2BmHe4LHY6ySDiHYxaC1R89%2FFcqSVdP2y7cA7LmyqHDzonZOkoaj%2FrKrcaJvgRFZ89Vpf%2FAAyIHQXi6dyIUjtEdlJ%2FG24Uai9dM5XviwVq%2Fwb23j9FxnZJyHdfGJuQOM5ndOfBvD09LnK4BQE5phwXx8v9lQt30b3OOPzzAwnzxjLx1zLFgUvDkDVFAIEZLcqdmgjzjScTfpRLcKdu%2BYIWj03ZAcl2tDSsTfSCmYaghOnatcuqBjZK%2Btevy3BBWrUt7f3ZBmcxxc5eBheM9t68xzp2%2Ba8QuJ1DjiPv9P0YW8yaCDZIBb4rP9ASNOg%2B2OywGDvQK9%2BucpgN3ENnRAO%2Bz7LJzHMoV67Q9pC8wSKbGYwRfvmfdUaIHksFbP27UzMOrbM9s%2FgfIT2XnLUhaDDh%2FKGaUfkXcKnbbvn6cPVzFdoytO6C2OHsXT47OgFI9UU94mg8XB%2Bav1cYaSlAsh6iVSiXT2ZxUscGdaWnQx%2FDBI%2FNDXlghKwvY38xx7zth8iuyoSUhKDD9cDiXbysSkWTOa8WqfiYtOgwINr2JdRYsSJrhou1RfHVBPX%2BFcRYXb%2BzqDBKpRgRhpQ%3D#polycard_client=search-desktop&is_advertising=true&searchVariation=MLB55762063&backend_model=search-backend&search_layout=grid&position=3&type=pad&tracking_id=d735949e-d38b-4ede-8714-872722f96e42&wid=MLB5765125576&sid=search,1,1,500-1k,26.25
"Smartphone Motorola Moto G86 5g - 256gb 24gb (8gb Ram+16gb Ram Boost) Tela 1.5k Poled, 50mp Sony Camera Ois Moto Ai, Videos Em 4k, Ip68 + Ip69 - Vermelho",1792,2399.0,4.9,Motorola,Chegará grátis amanhã,25,https://click1.mercadolivre.com.br/mclics/clicks/external/MLB/count?a=6FkTGZ%2BXHy1eDmDWa%2FLw7vdNITsa2rFNDX6hM0%2FLoy99BPz7EqYp9EV9FRty08YwCzmiYuBcCtck6eNukWrLnVR5H5ovZzj2EpF2MgZGvhN9EKVvFX7oy2AMpTbQ%2BXhngpFexpbM5A3FyADHWVZgrlYdgGOPf7l%2FfY7zVvllyCpiQRwnHKaKM04nfNKNAnDsCaQ45kzI%2F0IIbqJTtBjZKj7ymshyCwasmu6whrjq7yJN92qhOpdjITdk4KEG8nxicB18rHy3uBSAd8fHyt0RsXJAm0XJyJIBA4Tc2Spj8rBZnf3QNGTSMMgXO%2BptpE5J5YgLO9%2FnYlFUBwHehyLfatbMaNQgY1%2BdX1QEs67HRzbpFSXyxZEijWL3nmtKLBTcKGqWT8FN5BkoQbdlMZewmCpu2ekejWEX5q6YzsBzlUXxR%2BLKynf68Z9ePZ0w%2BNo0eilwmsA59fF2ui8cado7bUuADJlmi%2BWlbHDFllzJAVnUn6Qj5ugyteZbYrbWNq3se4k3VP7NaXFOSGDwWnp%2FdfSbvQYpuqHWEN2MbKrjQAB7o99kULP7TVnZmwK45oNZq3LboEekegW5wZz69mEzo7fpQ%2Fy8nx%2BH0N9bpUmSYj22OuF6a9eNgl53FCuvAoUVb04pceUH04Sv%2FaUcb%2BFrD56xTrTwHau7eCTAzS%2Fv6Ah0dAZFF8K%2BHZs0k87AJ8VRztNw4ksnmiClsAsWnhrKll3vC6s8EiOCgksckm8E5Wfv6xcwZ292AGPk4LIRnHHjLHRHb6l4pll3cQgBJkhU3a035FdPCC7pXM%2Fnmtid7j1r%2BmuMM0El0fdUzb99Xj7ZD2%2BIdQGYnbxnI57RvbHl5OmXwQ93Hvvzjj7nDxtcvpAJGi50eci8L29fauDVLugbGfVmk4eS8gP2ERnXfKkJmTB4YHvTXRxQ5AHAjWO5F3d%2BhlM6wUvHAWkelKff8CGQxb937X6OR6rUbPiDZ18fO7fivZ9Bn9GyqPRyZDlOyafm8RlcTBvdyAEJKrGeFsuCRF6bK7LdsknU2DItznpF89%2FK6Oi%2BhDMRxZm964p9dhFcpA%3D%3D#polycard_client=search-desktop&is_advertising=true&searchVariation=MLB51340616&backend_model=search-backend&search_layout=grid&position=4&type=pad&tracking_id=d735949e-d38b-4ede-8714-872722f96e42&wid=MLB5462013472&sid=search,1,1,1k-2k,19.95
Celular Samsung Galaxy A56 5g 256gb 8gb Ram Cinza,1998,3699.0,4.9,Samsung,Chegará grátis amanhã,46,https://www.mercadolivre.com.br/celular-samsung-galaxy-a56-5g-256gb-8gb-ram-cinza/p/MLB47114363#polycard_client=search-desktop&search_layout=grid&position=5&type=product&tracking_id=d735949e-d38b-4ede-8714-872722f96e42&wid=MLB5317821714&sid=search,1,1,1k-2k,26.25
Smartphone Samsung Galaxy A36 5g 128gb 6gb Ram Câmera Tripla De Até 50mp Selfie De 12mp Ip67 Super Amoled 6.7'' Nfc Recursos Ai Android E Segurança Snapdragon - Preto,1430,2815.0,4.9,Webfones,Chegará grátis amanhã,49,https://www.mercadolivre.com.br/smartphone-samsung-galaxy-a36-5g-128gb-6gb-ram-cmera-tripla-de-ate-50mp-selfie-de-12mp-ip67-super-amoled-67-nfc-recursos-ai-android-e-seguranca-snapdragon-preto/p/MLB47115842#polycard_client=search-desktop&search_layout=grid&position=6&type=product&tracking_id=d735949e-d38b-4ede-8714-872722f96e42&wid=MLB6410679768&sid=search,1,1,1k-2k,27.15
Xiaomi Redmi 14c 4G 256 GB 8 GB RAM dual sim cor preto,832,832.0,4.6,Desconhecida,Não informado,0,https://www.mercadolivre.com.br/xiaomi-redmi-14c-4g-256-gb-8-gb-ram-dual-sim-cor-preto/p/MLB41287578#polycard_client=search-desktop&search_layout=grid&position=7&type=product&tracking_id=d735949e-d38b-4ede-8714-872722f96e42&wid=MLB6245801058&sid=search,0,0,500-1k,2.3
Smartphone Motorola Moto G06 - 128gb 12gb (4gb Ram + 8gb Ram Boost) E Camera 50mp Com Ai Bateria De 5200 Mah Tela 6.9,661,999.0,4.9,Desconhecida,Chegará grátis amanhã,34,https://www.mercadolivre.com.br/smartphone-motorola-moto-g06-128gb-12gb-4gb-ram-8gb-ram-boost-e-camera-50mp-com-ai-bateria-de-5200-mah-tela-69/p/MLB61381499#polycard_client=search-desktop&search_layout=grid&position=8&type=product&tracking_id=d735949e-d38b-4ede-8714-872722f96e42&wid=MLB4515672567&sid=search,1,1,500-1k,22.65
"Celular Samsung Galaxy A07 128gb, 4gb, Câmera 50mp, Tela 6.7 , Proteção Ip54, Processador 6nm - Preto",599,899.0,4.9,Samsung,Chegará grátis amanhã,33,https://www.mercadolivre.com.br/celular-samsung-galaxy-a07-128gb-4gb-cmera-50mp-tela-67-proteco-ip54-processador-6nm-preto/p/MLB55034955#polycard_client=search-desktop&search_layout=grid&position=9&type=product&tracking_id=d735949e-d38b-4ede-8714-872722f96e42&wid=MLB5859349564&sid=search,1,1,500-1k,22.35
Samsung Galaxy A06 5g Dual Sim 128gb preto,719,989.0,4.8,Vikings,Chegará grátis amanhã,27,https://www.mercadolivre.com.br/samsung-galaxy-a06-5g-dual-sim-128gb-preto/p/MLB48946861#polycard_client=search-desktop&search_layout=grid&position=10&type=product&tracking_id=d735949e-d38b-4ede-8714-872722f96e42&wid=MLB6433836010&sid=search,1,1,500-1k,20.5
"Celular Samsung Galaxy A17 Com Ia, 256gb, 8gb Ram, Câm De 50mp, Tela De 6.7 , Nfc, Ip54 - Preto",1259,1399.0,4.9,Samsung,Chegará grátis amanhã,10,https://www.mercadolivre.com.br/celular-samsung-galaxy-a17-com-ia-256gb-8gb-ram-cm-de-50mp-tela-de-67-nfc-ip54-preto/p/MLB55254425#polycard_client=search-desktop&search_layout=grid&position=11&type=product&tracking_id=d735949e-d38b-4ede-8714-872722f96e42&wid=MLB4583723537&sid=search,1,1,1k-2k,15.45
"Celular Samsung Galaxy A07 256gb, 8gb, Câmera 50mp, Tela 6.7 , Proteção Ip54, Processador 6nm - Violeta",852,1399.0,4.9,123 Comprou,Chegará grátis amanhã,39,https://www.mercadolivre.com.br/celular-samsung-galaxy-a07-256gb-8gb-cmera-50mp-tela-67-proteco-ip54-processador-6nm-violeta/p/MLB54964804#polycard_client=search-desktop&search_layout=grid&position=12&type=product&tracking_id=d735949e-d38b-4ede-8714-872722f96e42&wid=MLB4277746349&sid=search,1,1,500-1k,24.15
Smartphone Motorola Edge 60 Neo 5G - 256GB 24GB (12GB RAM + 12GB Ram Boost) 50MP Sony Camera Moto AI e tela 1.5K Super HD - Latte,1799,3799.0,4.9,Motorola,Chegará grátis amanhã,53,https://click1.mercadolivre.com.br/mclics/clicks/external/MLB/count?a=y0Z3qeIcg3QaZCvOrOFfTKGtAOlYgRlAOisRNpNzgk2RYouxiJ4LR13hNb9VDiytHW4uKDlbirUKNo02iPTC427bfF8c0qXyskVb69ySIv6XWQN06GzVhE61NfAQxI%2FwOJ%2B4j%2BrNDQU9TdjiFq%2Bb7uZ2tTexO89REZsf%2BdLGhbYTPQlWT5Rt3iMXM%2BnD7H1BWRrfhssvEzU04etFIm%2Fqbi7tGxxdavDyNij7F5I0F%2BgvmPrjCIvIxaHVjj4fyfSXfOthWpbtMp6gDN0X9WSgyAj11djAnvedu5gNZqi9N1rCGO6%2F0gvemEB%2BhOFaF1hc8lFrx%2FPe1cf935oOKmFqKPPF4Y0j3BhY4a8zYypLdI97BuwHi8Fcq5tUK%2BteVR6aQaHSLbfbvNy7MC%2F0Mz0Dp2ard8CIcyPJAp4yj80msLc0Y7BFxoSev9wAHJWHhd1ks9tVKCiMe0i8wAOoLeBzLIWobZDYMpxzdd57JuHZKUM%2Bs%2Bubjg11KDYCTFPFZmaJLo1fIBjeW0PVzPVWGQ2UtUA6495uKK5tcC87O1KFAoj4g631cw0exJ7WrEEg%2FEvP4zUlGkkC29Hn2frgFuE1C3Hs6hhyg14alJwTGea0SeoUb59sRniB%2B2qFh7ytrJ%2F2MqWsgmUaTICMu5UE8Uuguk77nWoc%2FTORzG1Qy086x%2BN1JlM0jdCaFyAe2ODBGypsOo8tlfHtUboEDhk77kIeC8wGrtWgMXVis6gETtL4z4La5jTCBrdbX%2FAPWCJ992TjH%2F6%2BTsMQ93PQ%2Bs38CmAGMzBX5yYXjtHXrRJ9lXm6PfTITlsJOS1jWvShcPK0PghKdMreYw3wpPRbw83VnYWSNiQJd2ZPhi6NvNb6GBE6BGE0OQRapG8meA2dBka3jxqXP2A%2Ba3ZS5VWl77xFXunZDF1eLuq6z5zkqdWuVuloqHKKvfqKqoIG%2B7Qe32Np%2F8tlkxZYhPQAwjxgo3NavzH%2Bq5SSSj5igTwgqVyz%2FbtlUBXFzflKS2xMAw%2FwyVANuwZbOLI8j97CQEjIr4J%2FaECJ#polycard_client=search-desktop&is_advertising=true&searchVariation=MLB58684606&backend_model=search-backend&search_layout=grid&position=13&type=pad&tracking_id=d735949e-d38b-4ede-8714-872722f96e42&wid=MLB4265763257&sid=search,1,1,1k-2k,28.349999999999998
Smartphone Motorola Moto G05 256gb 4gb Ram Camera 50mp Vermelho,699,1199.0,4.9,Motorola,Chegará grátis amanhã,42,https://click1.mercadolivre.com.br/mclics/clicks/external/MLB/count?a=2BgBCcPH%2FPZng6rJQhrAZ1v6VgKp0JFNFeA1ip6EYv0pV0%2FDRAQ7%2BDB2MZ%2FsFJ%2F21GVjxt%2FJUOR6%2FgaP0x%2BRRsDNYlCqfv0GEIJsRxis4%2BGgvozfg4rxZE1aZS4ptCjxCO2YhWiI9cbuCg4uAea1WTj3LWWk4MIgBi3bhKlusMyBxXyXV9JQoX8obkxw2GIb8tCBcO9%2B9XZI5Ba3ahGGmI1D8BbiT0r1ZD%2BMjPslBGoW8WTqjCEHhnIvMmuwqKPMiBN0gGdL3LczocB8T7fS5Ru6GFJI2IIoee36mG82fsQC18PGW%2BR2Q8FvckphzXEZkS9Q%2FTh57d9f8XMNuuY97OerGC57KA4knppCTsmf0fAGym%2FRYa8wQGfRf%2Fp%2FcxbX1nMaQj70JpjZim1KU7bIZ1jrkk%2BKeKtmTEOd%2BtcHPsgBKBh%2Fhketpvxn1jWUrBMK%2Bt%2BI5t6AsRrd87W2xtmJKWal380l%2BNSHssWz9aSYQQPpdGuvSp6G52kL9IdsZc%2FLikfZ4aJZ2SuCDsDZQcPhWXW%2FR0o6ziqgrexPvebp%2F8%2BFuUIeykMKtr5YRzaSlIt%2FLDrdRaZCIyfFCctt5g8jRj5ItUvYR6Rxe%2FfCg6oTNyYUnT3ltuu4sdzJctxK1aWYa1RfcrWxnwfmqlDNh2TDGhXeb4%2Fr1EkacY6Wj7uc8xWv312ydo8yrSUlqecZbFT4xk3dlU9hQK4qEfHUNB%2BRmskf7OXpap5X6hNJ8XfQq0W4n2awiBqC%2BJRaYe9sBeDNtjoorgPlPsE6DVQS6bIHnMB9ndHjuR4%2BzNFZ7oT82wIexTS0nnKvx2q2GnKRUnDETwZmu09B5697A33tx%2BIvHXCYQ%2BLNDxOF8bVgtRRSOKQaeEwJNXEJFybTY2WmJaYvS07NrpVp1wZPFBSSenTyx92RyApFJtMVW2NgfRhLzZ20cBn%2BXLnJlMyZDX9OYMghiOLX%2BY%2FK#polycard_client=search-desktop&is_advertising=true&searchVariation=MLB58493174&backend_model=search-backend&search_layout=grid&position=14&type=pad&tracking_id=d735949e-d38b-4ede-8714-872722f96e42&wid=MLB5774641722&sid=search,1,1,500-1k,25.05
Smartphone Motorola Moto G56 5g - 256gb 16gb (8gb Ram+8gb Ram Boost) Camera 50mp Sony Lytia 600 Ultrarresistencia Militar e Ip68 + Ip69 - Cinza,1598,1999.0,4.9,Motorola,Chegará grátis amanhã,20,https://click1.mercadolivre.com.br/mclics/clicks/external/MLB/count?a=OfenBhbevI2jq379ZzUWmzQ5zk9sW7aLIvnnNgG8A4ukPiypOfgfN8TESWq3rcQQG6Xkxoq6Su6eH2z8%2FfqJohIrDEMUANgNBP0Lh4tQHzoog1H9ZZ%2FL5YvkaSdRzbS8YOPvoV9QqdTUDSr%2FQ9odo%2B8cPgVqDe2Yj1JKlrmQD5G%2BLsiFMXkhyDkgARKlaKI2wm7VDuMwT2be7BZtu4YA%2BamipF6okbm3hhxmgXCmPzmvFcvsZPXyc0C61wmGBC95PhfBi8SohIWhy6X9kGdMlBq%2FcckFfZN2uDeKF0jbeZgv9YEDk9FbEZjR2lBAiynDbBS%2BdUXXt0Jo5S5ktrnAcqJgRsbeO39kNQCkhq%2B%2BNvBcnTNwYS1EggSXFNdnWMlu6CxPxwb1KLUkcMN52YeT0KzUCLr4JBxlizNSyfOMKM5lgIC2DoxJyqRFPDgiAe6dHytXvLGUUI8mqdY5CoyDw6pUmp8lXqNSzGh2jDaBnjFxagvbQDHS8ovPuvLduM7sl6EMUoG5xe1llxLY7EyoQLuzPbtfrQVhxKVvPceXoQCL5ISlOG6DyJNYbbMj%2FfxBkD9kr2WhsR2HAvVbe6DgpQQrmE3XjdYw32d8CGVAakvOKByOWjbxy1YOitr76u%2F2%2B3DjtteTOS2w8T6vsWx9Xd5YBgBTP5GgKUbavETt3wy9akNCo3oFlcGklDGJP1m0mJSQk%2B5bGm%2FokM0LdUGil9XIRMzCCuPiqgW7nK5ltSqWpMQIqA3%2B3FOLgFxYx62NnvRJj4w9C9BPWa0q3ehjUcqv%2FDVJlf3T61FE0UVNniM%2BBxhHQ8UtECUJR6wZP7C0omKaiQyL%2B4LI6vdmRVxoSXxmTBIgbNzPHMeyuXEgWzTfHwWVQ%2BXnm6kT%2BRxbXZBXMvRcWgc%2Fv9NBSDwo13q9H3r81uUdWAFRQWL5O33k9FqXyh1nvt9OWhQOypA1Ua7kDUojlr5s4lV8OfgZlbT9WdyzRYBqBTWxiRclR3mubmc%2BHaTQ3TdrDw30U2NAH9RzuoS0mYVzmZ%2BxWFx46B2xEGPINpXJP3N0QvEhwLU%3D#polycard_client=search-desktop&is_advertising=true&searchVariation=MLB50301060&backend_model=search-backend&search_layout=grid&position=15&type=pad&tracking_id=d735949e-d38b-4ede-8714-872722f96e42&wid=MLB5402372302&sid=search,1,1,1k-2k,18.45
"Smartphone Motorola Moto G67 5g - 128gb 12gb (4gb Ram + 8gb Ram Boost) Camera 50mp Sony Lytia 600, Tela 1.5k Extreme Amoled 120hz, Ultrarresistente - Chumbo",1529,1899.0,4.8,Motorola,Chegará grátis amanhã,19,https://click1.mercadolivre.com.br/mclics/clicks/external/MLB/count?a=8LF6PoqvYaCOdOVfHuGJdtQyXh7u96fhxU8%2FEME9RRHgFpzdchWzM9MV0eLCUP22dvKqNu1aLNeFr51Tc3KyCmSDRA9uVu7RhH3H7fDO3vJUK%2FFg8dRdCr7lLVW5gNJvImk1oIj%2FscfxaXTQHY51RQr0jgyCruANBR5BWWyzyRJe%2BAk1u2e8iJFm8Ee%2Bc6t6OI2f%2BdLJWJqPQ%2F1S%2BNIKdLlRh2iUEVGl4dqarsUt5oUwJFM%2BTYpttJ7Ogwn0B6VxhuuCrwUWVxfnI%2F5K%2FUqViXU0PiAozbmx4DQEO7j9jnoWmaTSDh%2F29kHsYiYmj2U017jXP7Yvs2c0%2FkoC1CtZbQ2YLGzEXN5sbBEMdBlHaeH4H7vuVxAi6jJCsFJqiuurytAG%2Fhs98LhpahGgBZJWnBFwyORHAMMbRgc281avVrubp2GrImVmHTMHLSQMCfOTtJP2tbSeVkxTnXyEZg0ZYeA8Nrtf4T12OjkgwYj3NuItB6RKzS7ngoFwv5wZ2Nw6jLkEc2H%2FWXK%2Bh9rxMRDRbnwMMrcteJTgSj6o1gmpYyZjXPqTStL6l0IPvIyB6S8%2F9gbJbaTK6Lvfo0TTiqA6mt%2Fy3mWyw1OEyZpYHIjlNy4mvIqIA2vxvyAbXUQ9JvQwhgzjE0TMNPONqWEct%2F6YBRElX8R%2BbaPP366BHH6TaWourjhJE2DmBAHQc86N2Kf6E0j0PvQBmczDEYcRCAydWX2GFQBq81WgfA%2FJqFYl3mQiJlLYSp9Jfj0IXeKSLOEoguoYUxCJrIq1vZcEe4wLRsjjk%2BWzT1mGbJhD5GzqZZhFa6E45V0LG%2FV8ogmvEfe5a7OPkAuQjvtQ6WPRos3cZ%2FOIwt%2BAnr9eeEXK5Zfmw8e87doiBxq1AhQPBT4SPmYzXivEY5TPrSwnzrmCq19GfH3tgHdWRrnAo15qABmd2M7GqVc3mv%2B5lmsQ1utsHjLKZWmApjgPPNIu638j9e%2B7QKCUU2IYFRwaJQ2DJG1utpnJpom%2FTILSZ5na2yAGKHtPLeV%2FxeY%2FeMwdjKFe%2FtMrSb4M5aM8Z0PZT2fWcTpQ5hy6TS4A58Yrig%3D%3D#polycard_client=search-desktop&is_advertising=true&searchVariation=MLB65319818&backend_model=search-backend&search_layout=grid&position=16&type=pad&tracking_id=d735949e-d38b-4ede-8714-872722f96e42&wid=MLB6420538026&sid=search,1,1,1k-2k,18.1
Smartphone Motorola Moto G06 - 256gb 12gb (4gb Ram + 8gb Ram Boost) E Camera 50mp Com Ai Bateria De 5200 Mah Tela 6.9 - Bege,723,1349.0,4.9,Motorola,Chegará grátis amanhã,46,https://www.mercadolivre.com.br/smartphone-motorola-moto-g06-256gb-12gb-4gb-ram-8gb-ram-boost-e-camera-50mp-com-ai-bateria-de-5200-mah-tela-69-bege/p/MLB55762063#polycard_client=search-desktop&search_layout=grid&position=17&type=product&tracking_id=d735949e-d38b-4ede-8714-872722f96e42&wid=MLB5765125576&sid=search,1,1,500-1k,26.25
Smartphone Motorola Edge 60 Pro 5g - 256gb 24gb (12gb Ram+12gb Ram Boost) Tela Quad-curve Moto Ai 50mp Sony Camera Ultrarresistencia Militar Ip68 + Ip69 - Azul,2694,4499.0,4.9,Motorola,Chegará grátis amanhã,40,https://www.mercadolivre.com.br/smartphone-motorola-edge-60-pro-5g-256gb-24gb-12gb-ram12gb-ram-boost-tela-quad-curve-moto-ai-50mp-sony-camera-ultrarresistencia-militar-ip68-ip69-azul/p/MLB49085450#polycard_client=search-desktop&search_layout=grid&position=18&type=product&tracking_id=d735949e-d38b-4ede-8714-872722f96e42&wid=MLB5382324466&sid=search,1,1,2k-5k,24.45
Smartphone Samsung Galaxy A36 5G 256GB 8GB RAM,1521,3299.0,4.9,Samsung,Chegará grátis amanhã,54,https://www.mercadolivre.com.br/smartphone-samsung-galaxy-a36-5g-256gb-8gb-ram/p/MLB47111905#polycard_client=search-desktop&search_layout=grid&position=19&type=product&tracking_id=d735949e-d38b-4ede-8714-872722f96e42&wid=MLB5317478858&sid=search,1,1,1k-2k,28.65
"Celular Samsung Galaxy A17 5g Com Ia, 256gb, 8gb Ram, Câm De 50mp, Tela De 6.7 , Nfc, Ip54 - Preto",1576,1899.0,4.9,Samsung,Chegará grátis amanhã,17,https://www.mercadolivre.com.br/celular-samsung-galaxy-a17-5g-com-ia-256gb-8gb-ram-cm-de-50mp-tela-de-67-nfc-ip54-preto/p/MLB54961455#polycard_client=search-desktop&search_layout=grid&position=20&type=product&tracking_id=d735949e-d38b-4ede-8714-872722f96e42&wid=MLB6574985998&sid=search,1,1,1k-2k,17.55
Celular Smartphone Realme C73 256gb 8gb Ram Dual Sim 120hz 6000mAh Violeta,1149,1999.0,4.8,Webfones,Chegará grátis amanhã,43,https://www.mercadolivre.com.br/celular-smartphone-realme-c73-256gb-8gb-ram-dual-sim-120hz-6000mah-violeta/p/MLB62258511#polycard_client=search-desktop&search_layout=grid&position=21&type=product&tracking_id=d735949e-d38b-4ede-8714-872722f96e42&wid=MLB4334411855&sid=search,1,1,1k-2k,25.3
"Celular Samsung Galaxy A26 5g 256gb, 8gb Ram, Câmera De 50mp, Ip67, Tela Super Amoled 6.7 , Nfc - Preto",1405,2167.0,4.8,123 Comprou,Chegará grátis amanhã,35,https://www.mercadolivre.com.br/celular-samsung-galaxy-a26-5g-256gb-8gb-ram-cmera-de-50mp-ip67-tela-super-amoled-67-nfc-preto/p/MLB47424244#polycard_client=search-desktop&search_layout=grid&position=22&type=product&tracking_id=d735949e-d38b-4ede-8714-872722f96e42&wid=MLB5474927460&sid=search,1,1,1k-2k,22.9
"Celular Samsung Galaxy A17 Com Ia, 128gb, 4gb Ram, Câm De 50mp, Tela De 6.7 , Nfc, Ip54 - Preto",899,1499.0,4.9,Samsung,Chegará grátis amanhã,40,https://www.mercadolivre.com.br/celular-samsung-galaxy-a17-com-ia-128gb-4gb-ram-cm-de-50mp-tela-de-67-nfc-ip54-preto/p/MLB54987753#polycard_client=search-desktop&search_layout=grid&position=23&type=product&tracking_id=d735949e-d38b-4ede-8714-872722f96e42&wid=MLB4217306791&sid=search,1,1,500-1k,24.45
"Celular Samsung Galaxy S25 Fe 5g, 128gb, 8gb Ram, Câmera Tripla De 50+12+8, Tela Grande De 6.7 Jetblack",2868,4499.0,4.9,Samsung,Chegará grátis amanhã,36,https://www.mercadolivre.com.br/celular-samsung-galaxy-s25-fe-5g-128gb-8gb-ram-cmera-tripla-de-50128-tela-grande-de-67-jetblack/p/MLB61692896#polycard_client=search-desktop&search_layout=grid&position=24&type=product&tracking_id=d735949e-d38b-4ede-8714-872722f96e42&wid=MLB6087231690&sid=search,1,1,2k-5k,23.25
"Smartphone Motorola Moto G17 4g - 256gb 12gb (4gb Ram + 8gb Ram Boost) Camera 50mp Sony Lytia 600, Tela Fhd+ 60hz, Bateria 5200 Mah - Rosa",1078,1749.0,4.9,Motorola,Chegará grátis amanhã,38,https://click1.mercadolivre.com.br/mclics/clicks/external/MLB/count?a=635d8f2BkdBZi3tPfXRAoO7ySpF9J0XTJAYZHI84A14AmP7GX88Jj2Py4kwkZHvVSr%2BOpS8ElnpwckrtllK%2BWg6Ymdi6UEKjrRDO8Uu0%2FMsBbQ9UtTZqMlUoiI3kuyy%2BdxfQrcVymCjnOz2w3uCWw5oEmpvYcll9Q%2B6lkf6D6se51eBOMQocmSHtiARDZH%2F9R7MG6t5ntriK9aUWo5zqHUaIW%2BLZTTUqPNYQPxgkhdg425dOeXNjPYerwhx4J9PgnMblZr4dJIo%2FkhfS2fZnQkSm5jRt04kfViPvorQoHUIzxuYnqEvvtEoxgviCSm10K8EozE3b5hv6SQGKSlXISwk%2F3n%2BTrvVuADQeyQtX4RfUBJrJ8mqnxrgy5xydpslVAkO4TIFP0DS6TKaiwl1deodAesjb4La5A1%2Fw6YQ3pgrHwNDPS2onu9mZXpEheDZ2pc8Uvk2406WbWXAi%2Bn1YJEGFrQ4Y%2FWhuVdSCnOl2OVG0BEhw0winweiEEnmk2Uu%2FNTQ1l4KnGWUkdXbAPyzICQVKqR%2FcDyr7O7F2pVf5F0ayxPzo2F90UgK3SNphVwyZ2e4w31pDgY0pRJOKsEzKjj6w3zpVlnCZJT0dMy%2FRZGOal%2BtYinQ3HZGqnr7iFiHtjAEezix%2BxUR%2BvpiQCj0XVM6FKmo5Tl1xIK0%2BURSPG9BazroYtDnGUDbLv5kRSCMqjcsw%2B7IiicvE5TfSJGlslpyWxZAzYA27xTf3X5RT1W7KrGPmqZqrt%2FN8imt4xWEFg5WtP8O2pPdAufii%2BhO%2FYwKBJY0GtBhgYjpqMdEmDIuutkspWNTCc34ZjigzzwU8CfHC4uQo6t0%2F4Sg7zmSHnaCeUWjp3nuICeAFmwIw9yXcPXl94JnofIoK6JWX5GMmKVatjAvDzjOt7tB8A%2BbN2njJJAYXWoAU085PrZ04MzvHP1huU8tSxGBsaGrmRyPHH1Zwox3ofGBJSkyivDh%2BWuSkw0y5Ot7BfIXo%2BqhE%2FmTucW2qUs%2BQ4OZzQFOKJbHEDj7Tr68T2kRNorzXF9xyeuVsTJDfr7s%3D#polycard_client=search-desktop&is_advertising=true&searchVariation=MLB65041664&backend_model=search-backend&search_layout=grid&position=25&type=pad&tracking_id=d735949e-d38b-4ede-8714-872722f96e42&wid=MLB4510840013&sid=search,1,1,1k-2k,23.85
Moto G15 Dual Sim 4gb Ram 128gb Azul Marino,699,1099.0,4.8,Motorola,Frete grátis,36,https://click1.mercadolivre.com.br/mclics/clicks/external/MLB/count?a=1eb1i9c8hzQ1YKSFvTH0THT3wmOAO9jj9sSG%2FwYVzzBy%2FkooNFMzOjsYBuhPSQ2I3TBsCWshHfuvjRbWLnO8cM0y9v8renzaepQJkavcoso4%2FpD53FpM%2FrZf7a1i9GxlzuApx%2Fa4HoIhY8GKSV4BPEhDJdQ22KhWZrQ%2BTh6xGyXk3QA54IM9Tpv9K67FrFYtiTrWhkzkpa8K4oHsJ9A3bbnKgpCIlWmC3yMHKoiy3rq%2F%2F0VaRYApzjIMShdl3hNR0vSUlTf%2BX6OGoynyZhMMrq%2FTfwFwF3zR0h9YQYbzt7QtMQ7aIc4zZGC6ASQGmrWD8ah9AEQSsh%2Bk2Leg7ZN4S%2FGJx1sUJ9nJQey3%2Bx6PZ1rtURjlTctnLuHqoAkc197oX60d21QecPJIJUDej3YgscTecU9p7dcWYYyWqq%2B40DsWcx1QKwuRWY2eHkWF5kCiIWOR43EmenL6qqqAawCFPknOx9oIb%2B%2FRIM9zKcir0Ese%2FBneFTIZoRT%2BwE8XOgjEZ69zLuCSXzBdNHghix5B5FAdZ6JeaeR4%2FGjCxaCmPqtNws1R7OKcw46PEEhl%2B9KH7ucGgUb8JaOJPojLYdoLz3sqNsIOIROntgVrV07%2BgdqlN5D5aeeSZKtxqbF47x04G2vdW8jwFTOc%2FgShQaDm9Qeadg6xmT6oZrl629rmDO%2FD4tHhdUlilW5LTSSnI4WA03M8lt9P7yxTbUU6H1ijOlFM7Jd3i8lWKnk3dU01dX%2BOqhMHcgxIWoGcq7T%2BfXpL1%2B09PIKjq%2BBH8B2nqgdKlomz1XsfZnP09JzVIFar3Iim6UY8zwYr5dShk6TDftnBtqQkfoxYRNPM8Nb9%2FWugxmcwqsTEadV7HEWu9M5%2Bzna3wjtpxdiRyTEdkfep3w9QAaT3kHnwCTFUK3iF35Ptk4Mi4wyri%2FZlDQWs7eUi%2BtU%3D#polycard_client=search-desktop&is_advertising=true&searchVariation=MLB46056608&backend_model=search-backend&search_layout=grid&position=26&type=pad&tracking_id=d735949e-d38b-4ede-8714-872722f96e42&wid=MLB3975530813&sid=search,1,1,500-1k,23.2
"Smartphone Motorola Signature 5g - 512gb 24gb (12gb Ram + 12gb Ram Boost), 3 Cameras 50mp Sony Lytia E Zoom 100x, Tela 1.5k Extreme Amoled 165hz - Preto",7649,8999.0,4.8,Motorola,Chegará grátis amanhã,15,https://click1.mercadolivre.com.br/mclics/clicks/external/MLB/count?a=uWiYOVfFkK7%2B0bPyRYyMXDZdxn6VuI96ia5U1XZ5FeYLiA4NypEc5m2CIDnTFg4HY8ejEp32ttzkK74DZ5c5CrBi704nzu8KscWZA%2FjjEDv5gh9dyMZ8JbCiNONOuIGk3e0FKSIhX4rmJPBJ5F%2FJkEbSAq1%2FaCov6fRUsA4T9LYWocMc5p8iiNkuEvL8FhupHduCyamTMz5WebvzpnLeyHX2Kzk1zjUX%2F9SGe%2BOskbvZlYCUur0Ym04cf9AoeC0T4z29Q7ZoHU33WrTLTqyMuwz4qUZ4znejTU8KsAMT7Xucef1Immnnnf9mQ%2F%2BcCVh9ucp%2BalEPkX9MbEhr%2Bk9t5QsXZ8T0to94ZKngmZ1JgHC4X2joStWpG38jN8WzBPsyltpQef71k7BLWTBE38gJTmYXr7kU1Iv7kUPxzAFaK1f92fVpdeRINfo1%2FjnDmdHP9wr2loQUH2XOugAWwriAeccuWOUUqKZu1CQ4tuEFd%2FGYqzZW9xa%2BlJPDALBb8s7pTzB4rS6wHveFDKqtVKodkrvp09Lob9QQ8JjNJ7aIVpgy1x2JlAHr6cz9pqNAPoMGbKKyU63HAtQ8oNEM6efZfNGqxk5AwfbL5EycREAuNxUTNn04KKMnGIh9kL8SNAL6AIuTiR5WCqjdGmjoMbTehvA%2FnSU7Ls0aI4sG9Apqs5yxHpYYGoXnmwPWCOD1zxlADGjGjBWWz2mhE3LVhQ3WfvkE1RjlRr4FKNJbjcu0wmeNrDLoE6aanyybHj0qRyMKUFDJJ6gM08JzcW49PE%2BbscPrm3FKZB8wFwWe1CwwnfjJUVvGPI6raToRc2BFJSjjWfpsc2l2S76yAkMnOfCY%2BXZyDTiqfym8pC8jqnxbKFinvP0LgsdSFEVbn1ngntE%2F%2FbXHhcNWGhF8fWFI2CJ7mo%2FRTZLFNBAQP1a%2B4fT74AUJc5j2py%2BVYmQ0HyS%2FRFeU%2B1nXjWwraNUi6S6tyikVZgkMJRaqxHTenjZNeGno0ZkL0XJg%2Fjd7caMkJfa7%2FPGkJ4EEzk8poezWwx1tiFMXjnBuLdu9rBfKw%2BH%2BKBJg61r2s7dC#polycard_client=search-desktop&is_advertising=true&searchVariation=MLB65938141&backend_model=search-backend&search_layout=grid&position=27&type=pad&tracking_id=d735949e-d38b-4ede-8714-872722f96e42&wid=MLB6373850588&sid=search,1,1,5k-10k,16.9
Smartphone Motorola Edge 60 Fusion 5g - 256gb 16gb (8gb Ram+8gb Ram Boost) 50mp Sony Ai Camera Ip68 Nfc - Rosa,1939,3299.0,4.9,Motorola,Chegará grátis amanhã,41,https://click1.mercadolivre.com.br/mclics/clicks/external/MLB/count?a=QPn%2BqREmoVexgL1hpy6EYKymANYXwd2L6cDNpGSDYi2UDOxHTqBcl3nyObWdGFsyr3QkaIXSVEIpzvPx%2F3Yt6EDIrYtIVwQHqHn2Q50ZeQI5IR0IDzE%2F7W%2FPdGV%2B6s4JMHc2BkHj2U8S1oiKRPEPEhlCM8lRIr1UpoA0yzw1cSh2ir%2BDZ60nfviycyEl6l02xQDUnb4IrAc8d3QQ7qZWzVbW0dylTyMXXAs4h5aBEjmviQYi8FOwdadqqGA%2FoxLARhn459aUkYXmbWWJ%2F572jwQCLsPEL5bME1ETkR0yjzckntUHfHVy7A0mK6upilEhwArn5iqDjQR2oXThzvJ9ja3B%2BhockUaIq5WXyCUfEJ%2BZovWNGOA%2B48BL4caGNZo1lXtO8yuYK97biLMRn30kvCOT%2FnW5wiJiMa2pqQh1Ya3eViNYRUOxsrLcS0x29QWqmCiwfORr%2FMgkizKSl93deHuAd%2FcbIEbd3AesqHh0ryo9Ghx4NrcIQ%2FZU%2FwYiDQ%2FVUdbcAYYpDq59EeAJFvfEYTc4U1nfsQiviMPfxJyNTZUK8lspxaAg01hywpmvvO3OVGbJgo1%2BenFof0RBW5Cfhdb7lJypLW5xWKSTDtSfYujWJzxOXmILrOT5W92HkXNV0ShNrxW1mfAxdDyecfDAtE3Q6fyawkqVw08bvQKFolQmuJTDg3mIw65q7%2B88D9VdVkY0r5MMracrN8vJTnKjtMkVCiEWyJyqt6zpA6BSVupb6KVMDi6BKW1u5MXdvTXiMF3HV69n7A3P23C8Wv0r3vh4L9IXvzhzou9pG4oE31eWWC7vOmEdEywqUpWYLkxDBcjMxyl9MzBzzCvWEkQ1mofZlQBz7g1fgP6hkjoV7xupAcPjNa%2BaERxALl5Y6vAfL0%2BAm3hNZ7HOHp7bM6acV1D%2Fomk3jV8M%2Bv%2B4eWdY6YzRtpQkSFRL8LDx7D2WhGvsz3oKvj94ssDSZWngxfhIpLQQ1Ttp1A5ja6vKrhtP8IfuCayZnh1tlThZMyZ3#polycard_client=search-desktop&is_advertising=true&searchVariation=MLB47251829&backend_model=search-backend&search_layout=grid&position=28&type=pad&tracking_id=d735949e-d38b-4ede-8714-872722f96e42&wid=MLB4027318137&sid=search,1,1,1k-2k,24.75
Smartphone Motorola Moto G05 256gb 4gb Ram Camera 50mp Vermelho,699,1199.0,4.9,Motorola,Chegará grátis amanhã,42,https://www.mercadolivre.com.br/smartphone-motorola-moto-g05-256gb-4gb-ram-camera-50mp-vermelho/p/MLB58493174#polycard_client=search-desktop&search_layout=grid&position=29&type=product&tracking_id=d735949e-d38b-4ede-8714-872722f96e42&wid=MLB5774641722&sid=search,1,1,500-1k,25.05
iPhone 16e (128 GB) - Preto - Distribuidor Autorizado,3699,5799.0,4.9,Apple,Chegará grátis amanhã,36,https://www.mercadolivre.com.br/iphone-16e-128-gb-preto-distribuidor-autorizado/p/MLB1046215784#polycard_client=search-desktop&search_layout=grid&position=30&type=product&tracking_id=d735949e-d38b-4ede-8714-872722f96e42&wid=MLB3986439067&sid=search,1,1,2k-5k,23.25
Smartphone Motorola Edge 60 Neo 5G - 256GB 24GB (12GB RAM + 12GB Ram Boost) 50MP Sony Camera Moto AI e tela 1.5K Super HD - Latte,1799,3799.0,4.9,Motorola,Chegará grátis amanhã,53,https://www.mercadolivre.com.br/smartphone-motorola-edge-60-neo-5g-256gb-24gb-12gb-ram-12gb-ram-boost-50mp-sony-camera-moto-ai-e-tela-15k-super-hd-latte/p/MLB58684606#polycard_client=search-desktop&search_layout=grid&position=31&type=product&tracking_id=d735949e-d38b-4ede-8714-872722f96e42&wid=MLB4265763257&sid=search,1,1,1k-2k,28.349999999999998
"Samsung Galaxy S25 5G, 256GB, 12GB, Câmera Tripla - Azul claro",3898,5999.0,4.9,Samsung,Chegará grátis amanhã,35,https://www.mercadolivre.com.br/samsung-galaxy-s25-5g-256gb-12gb-cmera-tripla-azul-claro/p/MLB45513356#polycard_client=search-desktop&search_layout=grid&position=32&type=product&tracking_id=d735949e-d38b-4ede-8714-872722f96e42&wid=MLB5264376996&sid=search,1,1,2k-5k,22.95
"Smartphone Motorola Moto G86 5g - 256gb 24gb (8gb Ram+16gb Ram Boost) Tela 1.5k Poled, 50mp Sony Camera Ois Moto Ai, Videos Em 4k, Ip68 + Ip69 - Vermelho",1792,2399.0,4.9,Motorola,Chegará grátis amanhã,25,https://www.mercadolivre.com.br/smartphone-motorola-moto-g86-5g-256gb-24gb-8gb-ram16gb-ram-boost-tela-15k-poled-50mp-sony-camera-ois-moto-ai-videos-em-4k-ip68-ip69-vermelho/p/MLB51340616#polycard_client=search-desktop&search_layout=grid&position=33&type=product&tracking_id=d735949e-d38b-4ede-8714-872722f96e42&wid=MLB5462013472&sid=search,1,1,1k-2k,19.95
"Smartphone Infinix Note 50X 5G 8GB RAM 256GB De Armazenamento Tela 6,78"" Polegadas HD+ 120HZ Câmera 50MP + Selfie 8MP Bateria 5200mah NFC, DTS Áudio - Cor Cinza",1349,2267.0,4.8,123 Comprou,Chegará grátis amanhã,40,https://www.mercadolivre.com.br/smartphone-infinix-note-50x-5g-8gb-ram-256gb-de-armazenamento-tela-678-polegadas-hd-120hz-cmera-50mp-selfie-8mp-bateria-5200mah-nfc-dts-audio-cor-cinza/p/MLB61656785#polycard_client=search-desktop&search_layout=grid&position=34&type=product&tracking_id=d735949e-d38b-4ede-8714-872722f96e42&wid=MLB5957442486&sid=search,1,1,1k-2k,24.4
Smartphone Motorola Edge 60 5g - 512gb 24gb (12gb Ram+12gb Ram Boost) Tela Quad-curve Moto Ai 50mp Sony Camera Ultrarresistencia Militar Ip68 + Ip69 - Azul Marinho,2099,2799.0,4.9,Motorola,Não informado,25,https://www.mercadolivre.com.br/smartphone-motorola-edge-60-5g-512gb-24gb-12gb-ram12gb-ram-boost-tela-quad-curve-moto-ai-50mp-sony-camera-ultrarresistencia-militar-ip68-ip69-azul-marinho/p/MLB48930800#polycard_client=search-desktop&search_layout=grid&position=35&type=product&tracking_id=d735949e-d38b-4ede-8714-872722f96e42&wid=MLB5363845340&sid=search,1,0,2k-5k,9.95
Smartphone Motorola Moto G35 5g 256gb 12gb Ram Boost Coral,945,2000.0,4.8,Desconhecida,Não informado,53,https://www.mercadolivre.com.br/smartphone-motorola-moto-g35-5g-256gb-12gb-ram-boost-coral/p/MLB63092926#polycard_client=search-desktop&search_layout=grid&position=36&type=product&tracking_id=d735949e-d38b-4ede-8714-872722f96e42&wid=MLB6228408744&sid=search,1,0,500-1k,18.299999999999997
Smartphone Motorola Moto G56 5g - 256gb 16gb (8gb Ram+8gb Ram Boost) Camera 50mp Sony Lytia 600 Ultrarresistencia Militar e Ip68 + Ip69 - Cinza,1598,1999.0,4.9,Motorola,Chegará grátis amanhã,20,https://www.mercadolivre.com.br/smartphone-motorola-moto-g56-5g-256gb-16gb-8gb-ram8gb-ram-boost-camera-50mp-sony-lytia-600-ultrarresistencia-militar-e-ip68-ip69-cinza/p/MLB50301060#polycard_client=search-desktop&search_layout=grid&position=37&type=product&tracking_id=d735949e-d38b-4ede-8714-872722f96e42&wid=MLB5402372302&sid=search,1,1,1k-2k,18.45
Apple iPhone 16 (256 GB) - Preto - Distribuidor Autorizado,5205,9538.0,4.9,Apple,Chegará grátis amanhã,45,https://www.mercadolivre.com.br/apple-iphone-16-256-gb-preto-distribuidor-autorizado/p/MLB1040287796#polycard_client=search-desktop&search_layout=grid&position=38&type=product&tracking_id=d735949e-d38b-4ede-8714-872722f96e42&wid=MLB3931272075&sid=search,1,1,5k-10k,25.95
"Smartphone OPPO A6t 128gb, 12gb Ram (4gb + 8gb Virtual Ram), Bateria Gigante de 6500mAh, Processador Snapdragon, Tela 120Hz, AI Câmera, IP64 - Violeta",899,1299.0,4.9,Oppo,Chegará grátis amanhã,31,https://www.mercadolivre.com.br/smartphone-oppo-a6t-128gb-12gb-ram-4gb-8gb-virtual-ram-bateria-gigante-de-6500mah-processador-snapdragon-tela-120hz-ai-cmera-ip64-violeta/p/MLB66130734#polycard_client=search-desktop&search_layout=grid&position=39&type=product&tracking_id=d735949e-d38b-4ede-8714-872722f96e42&wid=MLB4573343865&sid=search,1,1,500-1k,21.75
"Smartphone Xiaomi Redmi 15 8gb 256gb Tela 6,9 144hz, Bateria 7.000 Mah, 50 Mp Preto",1390,1390.0,4.8,Desconhecida,Chegará grátis amanhã,0,https://www.mercadolivre.com.br/smartphone-xiaomi-redmi-15-8gb-256gb-tela-69-144hz-bateria-7000-mah-50-mp-preto/p/MLB61511995#polycard_client=search-desktop&search_layout=grid&position=40&type=product&tracking_id=d735949e-d38b-4ede-8714-872722f96e42&wid=MLB4390450235&sid=search,0,1,1k-2k,12.4
Celular Samsung Galaxy A56 5g 128gb 8gb Ram Rosa,1998,3299.0,4.9,Samsung,Chegará grátis amanhã,39,https://www.mercadolivre.com.br/celular-samsung-galaxy-a56-5g-128gb-8gb-ram-rosa/p/MLB47106876#polycard_client=search-desktop&search_layout=grid&position=41&type=product&tracking_id=d735949e-d38b-4ede-8714-872722f96e42&wid=MLB4561879339&sid=search,1,1,1k-2k,24.15
Apple iPhone 15 (128 GB) - Azul - Distribuidor Autorizado,4499,7209.0,4.9,Apple,Chegará grátis amanhã,38,https://www.mercadolivre.com.br/apple-iphone-15-128-gb-azul-distribuidor-autorizado/p/MLB1027172667#polycard_client=search-desktop&search_layout=grid&position=42&type=product&tracking_id=d735949e-d38b-4ede-8714-872722f96e42&wid=MLB4408547152&sid=search,1,1,2k-5k,23.85
iPhone 17 Pro 256GB - Azul-profundo - Distribuidor Autorizado,9899,11499.0,4.9,Apple,Chegará grátis amanhã,14,https://www.mercadolivre.com.br/iphone-17-pro-256gb-azul-profundo-distribuidor-autorizado/p/MLB1055308781#polycard_client=search-desktop&search_layout=grid&position=43&type=product&tracking_id=d735949e-d38b-4ede-8714-872722f96e42&wid=MLB5687335472&sid=search,1,1,5k-10k,16.65
iPhone 17 256 GB - Sálvia - Distribuidor Autorizado,6297,7999.0,4.9,Apple,Chegará grátis amanhã,21,https://www.mercadolivre.com.br/iphone-17-256gb-salvia-distribuidor-autorizado/p/MLB1055308843#polycard_client=search-desktop&search_layout=grid&position=44&type=product&tracking_id=d735949e-d38b-4ede-8714-872722f96e42&wid=MLB6545162768&sid=search,1,1,5k-10k,18.75
Apple iPhone 16 (128 GB) - Preto - Distribuidor Autorizado,4986,7799.0,4.9,Apple,Chegará grátis amanhã,36,https://www.mercadolivre.com.br/apple-iphone-16-128-gb-preto-distribuidor-autorizado/p/MLB1040287808#polycard_client=search-desktop&search_layout=grid&position=45&type=product&tracking_id=d735949e-d38b-4ede-8714-872722f96e42&wid=MLB5120546360&sid=search,1,1,2k-5k,23.25
Smartphone Motorola Edge 60 Pro 5g - 512gb 24gb (12gb Ram+12gb Ram Boost) Tela Quad-curve Moto Ai 50mp Sony Camera Ultrarresistencia Militar Ip68 + Ip69 - Cinza,3059,5499.0,4.9,Motorola,Chegará grátis amanhã,44,https://www.mercadolivre.com.br/smartphone-motorola-edge-60-pro-5g-512gb-24gb-12gb-ram12gb-ram-boost-tela-quad-curve-moto-ai-50mp-sony-camera-ultrarresistencia-militar-ip68-ip69-cinza/p/MLB48998798#polycard_client=search-desktop&search_layout=grid&position=46&type=product&tracking_id=d735949e-d38b-4ede-8714-872722f96e42&wid=MLB5389690592&sid=search,1,1,2k-5k,25.65
"Tcl Smartphone 605 4g, Octa Core, 128gb 12gb Ram (4+8), 6.7 Hd+ 90hz, Nfc, Dual Sim, 50mp",649,799.0,4.7,Mercado Livre,Chegará grátis amanhã,19,https://www.mercadolivre.com.br/tcl-smartphone-605-4g-octa-core-128gb-12gb-ram-48-67-hd-90hz-nfc-dual-sim-50mp/p/MLB53155051#polycard_client=search-desktop&search_layout=grid&position=47&type=product&tracking_id=d735949e-d38b-4ede-8714-872722f96e42&wid=MLB6161225994&sid=search,1,1,500-1k,18.05
Apple iPhone 15 (256 GB) - Preto - Distribuidor Autorizado,4751,8095.0,4.9,Apple,Chegará grátis amanhã,41,https://www.mercadolivre.com.br/apple-iphone-15-256-gb-preto-distribuidor-autorizado/p/MLB1027172669#polycard_client=search-desktop&search_layout=grid&position=48&type=product&tracking_id=d735949e-d38b-4ede-8714-872722f96e42&wid=MLB3621184765&sid=search,1,1,2k-5k,24.75
Smartphone Motorola Edge 60 Fusion 5g - 256gb 16gb (8gb Ram+8gb Ram Boost) 50mp Sony Ai Camera Ip68 Nfc - Rosa,1939,3299.0,4.9,Motorola,Chegará grátis amanhã,41,https://www.mercadolivre.com.br/smartphone-motorola-edge-60-fusion-5g-256gb-16gb-8gb-ram8gb-ram-boost-50mp-sony-ai-camera-ip68-nfc-rosa/p/MLB47251829#polycard_client=search-desktop&search_layout=grid&position=49&type=product&tracking_id=d735949e-d38b-4ede-8714-872722f96e42&wid=MLB4027318137&sid=search,1,1,1k-2k,24.75
Smartphone Motorola Moto G15 256gb 12gb 4GB RAM 8GB RAM Boost Camera 50mp Verde,899,1499.0,4.8,Motorola,Chegará grátis amanhã,40,https://www.mercadolivre.com.br/smartphone-motorola-moto-g15-256gb-12gb-4gb-ram-8gb-ram-boost-camera-50mp-verde/p/MLB44665542#polycard_client=search-desktop&search_layout=grid&position=50&type=product&tracking_id=d735949e-d38b-4ede-8714-872722f96e42&wid=MLB5237351728&sid=search,1,1,500-1k,24.4
iPhone 17 Pro 512GB - Azul-profundo - Distribuidor Autorizado,11699,12999.0,4.9,Apple,Chegará grátis amanhã,10,https://www.mercadolivre.com.br/iphone-17-pro-512gb-azul-profundo-distribuidor-autorizado/p/MLB1055308802#polycard_client=search-desktop&search_layout=grid&position=51&type=product&tracking_id=d735949e-d38b-4ede-8714-872722f96e42&wid=MLB4200188179&sid=search,1,1,10k+,15.45
"Smartphone Motorola Signature 5g - 512gb 24gb (12gb Ram + 12gb Ram Boost), 3 Cameras 50mp Sony Lytia E Zoom 100x, Tela 1.5k Extreme Amoled 165hz - Preto",7649,8999.0,4.8,Motorola,Chegará grátis amanhã,15,https://www.mercadolivre.com.br/smartphone-motorola-signature-5g-512gb-24gb-12gb-ram-12gb-ram-boost-3-cameras-50mp-sony-lytia-e-zoom-100x-tela-15k-extreme-amoled-165hz-preto/p/MLB65938141#polycard_client=search-desktop&search_layout=grid&position=52&type=product&tracking_id=d735949e-d38b-4ede-8714-872722f96e42&wid=MLB6373850588&sid=search,1,1,5k-10k,16.9
"Smartphone Motorola Moto G17 4g - 256gb 12gb (4gb Ram + 8gb Ram Boost) Camera 50mp Sony Lytia 600, Tela Fhd+ 60hz, Bateria 5200 Mah - Rosa",1078,1749.0,4.9,Motorola,Chegará grátis amanhã,38,https://www.mercadolivre.com.br/smartphone-motorola-moto-g17-4g-256gb-12gb-4gb-ram-8gb-ram-boost-camera-50mp-sony-lytia-600-tela-fhd-60hz-bateria-5200-mah-rosa/p/MLB65041664#polycard_client=search-desktop&search_layout=grid&position=53&type=product&tracking_id=d735949e-d38b-4ede-8714-872722f96e42&wid=MLB4510840013&sid=search,1,1,1k-2k,23.85
Smartphone Oppo A6 Pro 256gb 8gb Ram 5g Ip69 Azul Espacial,2999,3199.0,4.9,Oppo,Chegará grátis amanhã,6,https://www.mercadolivre.com.br/smartphone-oppo-a6-pro-256gb-8gb-ram-5g-ip69-azul-espacial/p/MLB66177449#polycard_client=search-desktop&search_layout=grid&position=54&type=product&tracking_id=d735949e-d38b-4ede-8714-872722f96e42&wid=MLB4536941689&sid=search,1,1,2k-5k,14.25
iPhone 17e 256GB Preto - Distribuidor Autorizado,5219,5799.0,4.9,Apple,Chegará grátis amanhã,10,https://www.mercadolivre.com.br/iphone-17e-256gb-preto-distribuidor-autorizado/p/MLB1066130044#polycard_client=search-desktop&search_layout=grid&position=55&type=product&tracking_id=d735949e-d38b-4ede-8714-872722f96e42&wid=MLB6402322328&sid=search,1,1,5k-10k,15.45
Smartphone Samsung Galaxy A56 5g 6.7 Pol Octa-core 256gb 8gb,1998,3699.0,4.9,Samsung,Chegará grátis amanhã,46,https://www.mercadolivre.com.br/smartphone-samsung-galaxy-a56-5g-67-pol-octa-core-256gb-8gb/p/MLB65302568#polycard_client=search-desktop&search_layout=grid&position=56&type=product&tracking_id=d735949e-d38b-4ede-8714-872722f96e42&wid=MLB4609819131&sid=search,1,1,1k-2k,26.25
"Smartphone Motorola Moto G17 4g - 128gb 12gb (4gb Ram + 8gb Ram Boost) Camera 50mp Sony Lytia 600, Tela Fhd+ 60hz, Bateria 5200 Mah - Azul",899,1299.0,4.9,Motorola,Chegará grátis amanhã,31,https://www.mercadolivre.com.br/smartphone-motorola-moto-g17-4g-128gb-12gb-4gb-ram-8gb-ram-boost-camera-50mp-sony-lytia-600-tela-fhd-60hz-bateria-5200-mah-azul/p/MLB65041642#polycard_client=search-desktop&search_layout=grid&position=57&type=product&tracking_id=d735949e-d38b-4ede-8714-872722f96e42&wid=MLB6420215012&sid=search,1,1,500-1k,21.75
"Smartphone Infinix Smart 10 4GB RAM 256GB SSD Câmera 8MP + IA, Tela 6.67 HD+ 120Hz, Bateria 5000mAh, Processador T7250, Android 15 Go, Dual Chip - Preto",670,1458.0,4.8,123 Comprou,Chegará grátis amanhã,54,https://www.mercadolivre.com.br/smartphone-infinix-smart-10-4gb-ram-256gb-ssd-cmera-8mp-ia-tela-667-hd-120hz-bateria-5000mah-processador-t7250-android-15-go-dual-chip-preto/p/MLB56327005#polycard_client=search-desktop&search_layout=grid&position=58&type=product&tracking_id=d735949e-d38b-4ede-8714-872722f96e42&wid=MLB5751262142&sid=search,1,1,500-1k,28.599999999999998
Kit Samsung: Celular Galaxy A17 256gb 8gb Ram 50mp 6.7 Nfc Ip54 Preto + Galaxy Buds Core Branco,1431,1698.0,4.9,Samsung,Frete grátis,16,https://www.mercadolivre.com.br/kit-samsung-celular-galaxy-a17-256gb-8gb-ram-50mp-67-nfc-ip54-preto--galaxy-buds-core-branco/up/MLBU3605578150#polycard_client=search-desktop&search_layout=grid&position=59&type=product&tracking_id=d735949e-d38b-4ede-8714-872722f96e42&wid=MLB5957929002&sid=search,1,1,1k-2k,17.25
Smartphone OPPO A5 256GB 6GB RAM Branco,1169,1499.0,4.8,Oppo,Chegará grátis amanhã,22,https://www.mercadolivre.com.br/smartphone-oppo-a5-256gb-6gb-ram-branco/p/MLB51680761#polycard_client=search-desktop&search_layout=grid&position=60&type=product&tracking_id=d735949e-d38b-4ede-8714-872722f96e42&wid=MLB5745515116&sid=search,1,1,1k-2k,19.0
Smartphone Motorola Moto G15 256gb 12gb 4GB RAM 8GB RAM Boost Camera 50mp Verde,899,1499.0,4.8,Motorola,Chegará grátis amanhã,40,https://click1.mercadolivre.com.br/mclics/clicks/external/MLB/count?a=%2ByLfFOMFSLikVRLV44AlbEd2hv4FCar0ymK6bpU3aUar6TRxM0lMo68bCSiu%2BQtgZosA22phvnLuU6oJQNVJbFpKWOISMDWG%2FJ2%2Bb%2BSPQzVayr2az2rJfnbxqWscNX8UFHxJ9DrIquSZO76LZIBPyEZn3uWmNS%2BPrzRX69yXbUKaJ0Q7gqppeo2nPVBaVX4iBlAJzwHRYCG4fEoVXQ5UnpggWs41xki7BtKncMxnT1O7E25YJrb1J5aSKaVuwiWdOzBUSlA6s8M%2FumjtaYSHIP7BrtbHBpfaDCZIpH2LZVaQfc4c2RagErzJo%2Fx2yHPFmSDF%2BaVXj5vb6RAAA19Unk%2FPpieeJKwWvk6oDaU4Ka4auTX7X86bbGoISfUCjtG8rDa2Mgi5vEM5sn4seCu7w06K2LQ7%2FIYRsEV8r7OeyvXrfUNvGgCPjT2I82gPaCIPfofIPlysgG0oHa6%2F2noTm%2B665AOTymfdq5oI6%2FDlTOQGTMBcTm7Ze%2FmTZiGxDginGJ3ZfQX3qorAwlnoa80mnHjLdn5vROKpNLsjDVzu%2BcCDM75rKJ33bzvpPYLQqtz7qhnbhGeB2QCtGP2RzMXaCfWGQdJ1WULG9vZeRtjVJGCQRDnbMBZsp1cZsy%2Bk3CRtlG3Hodzrw98Fb7ite9cpdaYs3NQEx2xMFA%2FaRWw5lh%2FQU2bUSXbXJDIfNGvrar2VCEbJkga4PiQAuTnlH%2F%2F8rIXcQVpQwU1tYR%2FFtzd1m3dfkagZIbtMhfN%2BGi7kdvf8%2BG12N9HU14lESnZhTSluSTpW5MtkqirEZzSVVK1lXn0XxSKxOrfch25S8Mhmxpdk2f8J1jZ5lMsNlD1BaK4K%2FICuFsJWpNaJRk2E6GG0S6N4zLpD9xobpa1iHlq483dPCkYUpkeEGRkddbeYkdNXZtJIx0ZysMZj8MqmAkuzBWWpoUL6RpBUhRDUggOw7D2a93DaOEnxWeM%2FxFgDQM6x2%2BJmlIY%3D#polycard_client=search-desktop&is_advertising=true&searchVariation=MLB44665542&backend_model=search-backend&search_layout=grid&position=1&type=pad&tracking_id=bdae2b2a-12ac-4800-b5be-eed855aafa26&wid=MLB5237351728&sid=search,1,1,500-1k,24.4
"Smartphone Motorola Moto G17 4g - 128gb 12gb (4gb Ram + 8gb Ram Boost) Camera 50mp Sony Lytia 600, Tela Fhd+ 60hz, Bateria 5200 Mah - Azul",899,1299.0,4.9,Motorola,Chegará grátis amanhã,31,https://click1.mercadolivre.com.br/mclics/clicks/external/MLB/count?a=ysL1xVkC7fp7eE16enHNe6ZZI2X11%2BWMdufF0CuVdG2aZCZmgptF%2FeseuurPohDTIO18lR8s0r5yUhHimQZ3KIBRJRFXsqq0WNReek83kqllmb8tZAGuy%2BO3LCDw8oqlL0hlMjUiFGK1bNUbwbcTNZQXpNVIE718bb4731D9JEKUuWU%2FN1QhyDhvtjSvIm95QD54lPFqx%2BX5Ot9lNRk6DFeH4e5i5mcu52C2qpOTvwfv9gHPGjP1i5rgTIRgchl%2BepaZF7o%2BN3zp08CdzL9rCAyY7wlyKvE1WZIx5AcUkqdv2QoWhkHc%2FbD7QIvz4piSV1lxGEWITEMEdL4KyR%2FOceCappEntkrUjn6A3q0G5tE5pO1Ykv3CqotC5pYcafmdhVrnSlVAo3ksqLPma3JJRYk8OO1lJS%2F1djhjbZ%2Fgs7z8UhIiBpQHx%2Fzl%2F40HbnnvMkONGqtbfohpOBWuqjW4RRX1fQVLsDKOrSy0lcb%2BohmW%2BpPf0opaCANsMxD1mvwcZyf%2FklwovisfChiJqRNOdBMkQeLnZrST1jfiNp9SpsafFHhYXb0QNXzGLRda5SUHIysu%2Ftgw7eUjqnf8XmjQatlBZElB1WmNK8P1vqwTfCOuiyI2FroK24%2F%2BM8Hk2D0B9xWdWbx8we%2B6bpn9VMVvqFmrcq07M%2F30ujxa1W6ksJnXt7afwP6%2B5f2sSN49yEbZYnhE6hfwnuIDRycP39ioEJyBnHtzZB8W09SR%2BY2jDvQlpzjPCQCynYO5SzK%2Bl%2B98j0t0RFgNewteOIW4aHW%2FbAjX3rAY0Nvd5gb3NpLtL0dTuL%2BTJOu11ROhuouddFbS18G1oupZrsDEoaKGcilOmtraLxpugPV4h7GxeXq%2BQ41YfBP50zJ4e2CRWLsfxrQSsQwcYYuKeuRFB0Jj3C33uL7Gx3ibx7A%2FF0otvBoQTrL7wmo3lrVxDM%2FCI2elCks82dzYHe%2FZfvYrn%2BBpGM3v7KrqYLKyBl07dcNnF0tzYgmrNGjpfmQClBAPwu0DdU58dFcnQu6i7WjVGTxOjjE1nP%2Bi0x8%3D#polycard_client=search-desktop&is_advertising=true&searchVariation=MLB65041642&backend_model=search-backend&search_layout=grid&position=2&type=pad&tracking_id=bdae2b2a-12ac-4800-b5be-eed855aafa26&wid=MLB6420215012&sid=search,1,1,500-1k,21.75
Smartphone Motorola Moto G06 - 256gb 12gb (4gb Ram + 8gb Ram Boost) E Camera 50mp Com Ai Bateria De 5200 Mah Tela 6.9 - Bege,723,1349.0,4.9,Motorola,Chegará grátis amanhã,46,https://click1.mercadolivre.com.br/mclics/clicks/external/MLB/count?a=iGyk16w6ffJ5v8%2FTmBJ1HZ0Wf%2Fc3mhQZ8Sab6DHoHhOQVsy%2FyQbRcsH3rQ3blVKh5PQQvJxZGc95T9P8%2FaZJKHavHo31COi9ygS2GgAu%2FxRlkThiJI7mOTb%2Fjmn9%2B1Unw6IGf1GaX1ZBR8QWmAxFJTCCZ1nMRTjPbCEOXMPG1OQ%2BCVMfTqVxc8RyeNp8UH37T4qMuVlFOu2GewD3L5qbKtCn32G8AMgSEbMU28Vx32lfZJYstLTQAvUdx%2BhVegX%2FgBgVpAfEPJTKqjZaop3b7y%2BS10LbACzXhQBBzYR57wD59yDX6JB2CIRhJqmdD0HN7lRwlv53xBmzrHx%2BW9p5p%2FnS6eV0qZJPWGzsssSAbJiVmu%2FCam4ltj%2BYSARnMpEYHeyRmnFOr51Z7vuoT46rT5PpL%2B8GQhB%2FJvLGjgetOmCE4uIeJUpVzeuJdaXPHPAw0%2BOaKgyZvv8eWP3RYWbKMpvIoADgvE6sM%2FuRyPRS9NPnFVtUd28pGR0%2BTKXc1zhm6RgjzFijxneTwDtdoV0kNm9FBa4ddyFJqUgKKQIEwVvIMPdFz3hLDs0UXdxzBlIxQY1sJiorKmLQCvOzwcTkR%2BLoUOrulnx7TBLiO73KT5d9krMqm3fsv38ppijQtvb2jm2BG5aMrdDskN38zC17pN7LkUVGO8cbiy%2BpbeHumKuNyQx0GUMpgpFd1DQmFPyZh4NE2B2068jn6EI15xdQ%2FejYnS04xXYksA76iDJRKsKAw53WG7Hzfn%2ByQktQvQdQ%2FjDWTiWYLzu31BIMGoNGCM%2BDw839%2BdOBKBhWgf7nUfXxLSdb%2FZ1p7VNJCoKlk2YzAlV8utjmpTSuDS9cGcQPa5cnx7iWMJ%2FBf%2FbPORLWuzEMvkgPjvTg0RdFYYE5HE6oesW4WqSjzYc9IZ4PvapcgeYuzoAhDIIKKviq4SQpYJBHwL5mbwo5znkc816NSFSlF0mysTrqMZsikwVMZ0%2B9KtHW0wPVd%2BrzWRnb7UhetHgA4nYDixxRP0qdd0NWrqZTVs72pC%2FlXJXQ#polycard_client=search-desktop&is_advertising=true&searchVariation=MLB55762063&backend_model=search-backend&search_layout=grid&position=3&type=pad&tracking_id=bdae2b2a-12ac-4800-b5be-eed855aafa26&wid=MLB5765125576&sid=search,1,1,500-1k,26.25
Smartphone Motorola Edge 60 Neo 5G - 256GB 24GB (12GB RAM + 12GB Ram Boost) 50MP Sony Camera Moto AI e tela 1.5K Super HD - Latte,1799,3799.0,4.9,Motorola,Chegará grátis amanhã,53,https://click1.mercadolivre.com.br/mclics/clicks/external/MLB/count?a=Pa3YgwWI6zutXmDdxYKSXoclTXjI7s2xRkJz3uxecGew2KvxXY9Wv0Kms4VAr6j1y1iHGqiKtUpFC1hRFS79byRWM7bzZOn1CYvSxb3WyAa3aRMftve%2BouhUkm9dwY8107Q8ZG551DI1HUoJKc7%2F4ypyt3WKZ2SbcTVxyjt44HVFc%2F4A8%2Fcx%2FJ2dh%2B%2BXvhM2rpUHaRNhj84k7BooFG8E5119n3RrBL89kqGRRQuiaE07MmzCyJb1h2gQetOdSZ6ra%2FV6TltCEwqxuVgV%2F15u0SVr55EwZod5gIz%2BLQSbCQsWeRq1xvX6ptAtuP4HIm9e5Fm4I72Qmku9ylPYwgscx6zi8G6WYq%2BT2wc%2Fr6WWNsfwr%2BgmRqSd6oMPNED0O%2FI8z6Um5FTBC0%2F%2Fg4gCdhhQuc%2BBf19EVFl0Hr5gqoR7XHPpt05k0BomI6KDNfToRrOdN5%2Boyul9nZwovx6IDsBeZTJNzZla1Fd0X%2FyIJqtgM0GsUWDQrEPBox8hR4ZQp%2BaIwZ7kkm3i%2BKB%2B0tuyCcwPIoiyQ8JeFVHCiGBl%2BHcjbLv%2B%2F81sGi38sFHDO6kX5iCf926Zo3KRXVL5mlFHBSafL%2BMM3EDWcA9%2BqpreBn6UVQ1wdevzhFu5onKNfKkO8R0KmD0nUgzExHKLF2P29zOF%2BCGwXYr7UwVqdfY8OrTmXoKT6wH2o%2Bpa64ptKGG64bb8eGZL4M0fvsil%2BGlrVDcVVmgFRN8geuwyTtdRsnT1TUNiRlkW76EMKw%2FzYbkS%2B%2F28Fib4iA9oHZ4aa4Y%2FtcQVucZ0llQJ0aaoyU%2FaGrWeXQirnZIUTPLcDyE%2F%2FdncUcE4j09gMYStnmx4sCk%2FsjBYB3WE6rVnQONOvFUwnRCz36vhzxRYPm%2BTPWTWNKLFVSlFAYZr5%2BVcawDRA9QQvZ2zSXxKum5t7anjg4lcsGRPChHCSimQ5boU0Pt4loRXqu0T7DxCN5CQy3fLOHMxRrEXvjSqI6Rq8Nm6mkZKOiSkiPgh6LSyimseI3OZ%2F3MKCUekj%2BJ%2F7cD%2FerGmKVE0#polycard_client=search-desktop&is_advertising=true&searchVariation=MLB58684606&backend_model=search-backend&search_layout=grid&position=4&type=pad&tracking_id=bdae2b2a-12ac-4800-b5be-eed855aafa26&wid=MLB4265763257&sid=search,1,1,1k-2k,28.349999999999998
Celular Samsung Galaxy A56 5g 256gb 8gb Ram Cinza,1998,3699.0,4.9,Samsung,Chegará grátis amanhã,46,https://www.mercadolivre.com.br/celular-samsung-galaxy-a56-5g-256gb-8gb-ram-cinza/p/MLB47114363#polycard_client=search-desktop&search_layout=grid&position=5&type=product&tracking_id=bdae2b2a-12ac-4800-b5be-eed855aafa26&wid=MLB5317821714&sid=search,1,1,1k-2k,26.25
Smartphone Samsung Galaxy A36 5g 128gb 6gb Ram Câmera Tripla De Até 50mp Selfie De 12mp Ip67 Super Amoled 6.7'' Nfc Recursos Ai Android E Segurança Snapdragon - Preto,1430,2815.0,4.9,Webfones,Chegará grátis amanhã,49,https://www.mercadolivre.com.br/smartphone-samsung-galaxy-a36-5g-128gb-6gb-ram-cmera-tripla-de-ate-50mp-selfie-de-12mp-ip67-super-amoled-67-nfc-recursos-ai-android-e-seguranca-snapdragon-preto/p/MLB47115842#polycard_client=search-desktop&search_layout=grid&position=6&type=product&tracking_id=bdae2b2a-12ac-4800-b5be-eed855aafa26&wid=MLB6410679768&sid=search,1,1,1k-2k,27.15
Xiaomi Redmi 14c 4G 256 GB 8 GB RAM dual sim cor preto,832,832.0,4.6,Desconhecida,Não informado,0,https://www.mercadolivre.com.br/xiaomi-redmi-14c-4g-256-gb-8-gb-ram-dual-sim-cor-preto/p/MLB41287578#polycard_client=search-desktop&search_layout=grid&position=7&type=product&tracking_id=bdae2b2a-12ac-4800-b5be-eed855aafa26&wid=MLB6245801058&sid=search,0,0,500-1k,2.3
Smartphone Motorola Moto G06 - 128gb 12gb (4gb Ram + 8gb Ram Boost) E Camera 50mp Com Ai Bateria De 5200 Mah Tela 6.9,661,999.0,4.9,Desconhecida,Chegará grátis amanhã,34,https://www.mercadolivre.com.br/smartphone-motorola-moto-g06-128gb-12gb-4gb-ram-8gb-ram-boost-e-camera-50mp-com-ai-bateria-de-5200-mah-tela-69/p/MLB61381499#polycard_client=search-desktop&search_layout=grid&position=8&type=product&tracking_id=bdae2b2a-12ac-4800-b5be-eed855aafa26&wid=MLB4515672567&sid=search,1,1,500-1k,22.65
"Celular Samsung Galaxy A07 128gb, 4gb, Câmera 50mp, Tela 6.7 , Proteção Ip54, Processador 6nm - Preto",599,899.0,4.9,Samsung,Chegará grátis amanhã,33,https://www.mercadolivre.com.br/celular-samsung-galaxy-a07-128gb-4gb-cmera-50mp-tela-67-proteco-ip54-processador-6nm-preto/p/MLB55034955#polycard_client=search-desktop&search_layout=grid&position=9&type=product&tracking_id=bdae2b2a-12ac-4800-b5be-eed855aafa26&wid=MLB5859349564&sid=search,1,1,500-1k,22.35
Samsung Galaxy A06 5g Dual Sim 128gb preto,719,989.0,4.8,Vikings,Chegará grátis amanhã,27,https://www.mercadolivre.com.br/samsung-galaxy-a06-5g-dual-sim-128gb-preto/p/MLB48946861#polycard_client=search-desktop&search_layout=grid&position=10&type=product&tracking_id=bdae2b2a-12ac-4800-b5be-eed855aafa26&wid=MLB6433836010&sid=search,1,1,500-1k,20.5
"Celular Samsung Galaxy A17 Com Ia, 256gb, 8gb Ram, Câm De 50mp, Tela De 6.7 , Nfc, Ip54 - Preto",1259,1399.0,4.9,Samsung,Chegará grátis amanhã,10,https://www.mercadolivre.com.br/celular-samsung-galaxy-a17-com-ia-256gb-8gb-ram-cm-de-50mp-tela-de-67-nfc-ip54-preto/p/MLB55254425#polycard_client=search-desktop&search_layout=grid&position=11&type=product&tracking_id=bdae2b2a-12ac-4800-b5be-eed855aafa26&wid=MLB4583723537&sid=search,1,1,1k-2k,15.45
"Celular Samsung Galaxy A07 256gb, 8gb, Câmera 50mp, Tela 6.7 , Proteção Ip54, Processador 6nm - Violeta",852,1399.0,4.9,123 Comprou,Chegará grátis amanhã,39,https://www.mercadolivre.com.br/celular-samsung-galaxy-a07-256gb-8gb-cmera-50mp-tela-67-proteco-ip54-processador-6nm-violeta/p/MLB54964804#polycard_client=search-desktop&search_layout=grid&position=12&type=product&tracking_id=bdae2b2a-12ac-4800-b5be-eed855aafa26&wid=MLB4277746349&sid=search,1,1,500-1k,24.15
"Smartphone Motorola Moto G86 5g - 256gb 24gb (8gb Ram+16gb Ram Boost) Tela 1.5k Poled, 50mp Sony Camera Ois Moto Ai, Videos Em 4k, Ip68 + Ip69 - Vermelho",1792,2399.0,4.9,Motorola,Chegará grátis amanhã,25,https://click1.mercadolivre.com.br/mclics/clicks/external/MLB/count?a=DRBfwmp2G%2FM3gRiUE4KXE7uVkAETC4Wjqurc98OtlMmYi4MQmDXmVPRbcXLjzbC2maH2GEpStNig6pv9z4YtVj%2BiDHtgJC%2FZprJXq2Yw5iGeiL7edSvToUv5Hn5%2B6TtVOb3MVbO9w%2FGXwN6HafppuEUSk0ZDKYIdOrjtzsGyZB0ffe%2BKlzik%2FmdSPl6XTIw8UxUta%2BhGPuCM5zKjZplgMalvORY4atQ8tTR7XH6e8AgS5YJsDb89BXD3AkVpJfeGs5Y7EGOSwe7yswjxjpHNLQXK9wgzrt%2B7Umz9LdXHpN7XCObMe2oGh7nhr%2F0kyWGgaUiGOy8pRqBdRYfz791BcTn6303U8acYV443Pg1cYrkbAixr8Ya2MDnllNX6jgl9VqXOtM0DlxGzuymY2qc7uebpAbTR4%2F8GHAwpI56SBsfGj5AKGRzsiyX8kpAPc54c164bMdpkLVp8ORpNHv5rX%2BR%2BA3xuBdRc3AaIazIjEl6yBKRo7sefxz2OKQcs3vd4UkNOG%2FhGk7bli5JLdX0DFTdl5rdKLfWFKvQPUbKXSIBMzqpjqohhX%2Bu%2F8m%2B3mt1nnOuScZoHpmEWAZ7YaZiK9XWd1rkr%2BbS49Lu0XCBV6dl2UjWyKlEcsGdZd8qex0RwuAjMCsmFb%2FO2FR3KZ0IZExC0YEzJHRul47R3FLElGW3oM8x6n9ZWA5sN9aIWh51FvF0VEqAVDqCTpASjpfriUFdl2Tx1VidF9OVd%2BHEt9cpcHQ86AjScMAlO%2F4PIs0PZHtK3Z2U2Pqk4Cp66yAGqJ3U0WIKs6CeyofyH4a1Nu9llSd5aOr7lNOg3WKQ1Y9MW8sRIsJsyIvFLUX%2FgyiZcSKMZHoC1zqH0oPykfGwfyCzSr%2BCzrGA0qh2nIeOscUU0jIfmiFHGUEl1Awct%2BHCd1rXjxLZSaoXmeOuYo9XRRFHqGuAkgLiG7boMY2LgYbjdJ2tFzF%2Fb14g3ev40fObePHIyznuJq6ElzWjI%2BeuqwEWNCu6jicgWxgVOLx%2BlWf3z58OYxZ4ejzPWOfa%2F55lvgUOKlo5fCP35l4LcVi%2BEpbERP%2FVa#polycard_client=search-desktop&is_advertising=true&searchVariation=MLB51340616&backend_model=search-backend&search_layout=grid&position=13&type=pad&tracking_id=bdae2b2a-12ac-4800-b5be-eed855aafa26&wid=MLB5462013472&sid=search,1,1,1k-2k,19.95
Smartphone Motorola Moto G05 256gb 4gb Ram Camera 50mp Vermelho,699,1199.0,4.9,Motorola,Chegará grátis amanhã,42,https://click1.mercadolivre.com.br/mclics/clicks/external/MLB/count?a=0ivKj0Oh7EiQw%2F5iBnOI7KhyvFl5mBRjrsoopvAKxaCjQOrGbsxLLnJIRavYK9OVX3Mbfujav334DtPy4WkJPEc3dXjFPYFHJDDKadyY6H7trXamOt%2FiNy1C8zIzYG45a2%2BAJVWrp9bE2%2BAAwf9kiEMhgEeH8IpRqz6f4kTWZp1IzJ4ZRLoYt8DUQLDN0rMesVSOyNnINii%2BhXlkqcG%2Bqts9sHupFc%2Faf%2BIh%2BvA2VfUdxrPqdIzDFW4ndVEm4qegc9JRekCv%2FasDot8SkoX97sBaeJ%2FVEURF%2Fe1A1sHi1IcG9u%2FxhssGt72WXVR0CvhqvZJe8Lei01fBRwY4x9ncQo54FuDqGM7NBMuiHL2M4rPXsUqAkZLFcvuKlc0MI2w3nINeMie8H8B1oHrThCc0h22%2F1KA6P%2BUGrn3418IKpWOo8us2IWWs7E4VUDr35cMhwwf2%2FLESDSLpD4i0ZIkzoJyuW%2BW9y0DrGHhRR1LF11dbfwhKasX11H3pXT7rR2QyrkEMYJEdGsshb1CZ1V5MDm6AlHeAZO6gZGdVvmn%2FPSHViELmlD0vcOI6Y8Ilqn%2FDtced26lUhnLoj0famOY3BmVo%2FSqQ3dG8a44pit3leDjguMm8SpIOoqVJgGdN23qd%2B%2FQaNXQswrLaeDMa1JswUFAv%2FIAK6PvcSEnvBWG2yzhSBq5OBaX2uHHklFpJCT%2BMmcukgJXxOWkVnUutbPwiIlW%2BvE9nlTsskLAD%2BCRUkn6nNEDWJftwOAxfgHQkzZ1WiV6zYHJ2BG9ZDefhbTzf7xJf4UzoprNgmCWcqWW5we4VQbsmlOjJVvsra2dJgI0mrWLtL%2FUld0s7861nlmHgMSixlz%2FoDNisH2kfANAa5UGrWeDxYauBeQdJ5kFNszUILSYgzWPvR0KT5PFdvk90jw0Szsq6%2FKX4%2BGvjivJVbs9WekXJHnNGvJBH6%2BCtccNPVNURwZg%3D#polycard_client=search-desktop&is_advertising=true&searchVariation=MLB58493174&backend_model=search-backend&search_layout=grid&position=14&type=pad&tracking_id=bdae2b2a-12ac-4800-b5be-eed855aafa26&wid=MLB5774641722&sid=search,1,1,500-1k,25.05
Smartphone Motorola Moto G56 5g - 256gb 16gb (8gb Ram+8gb Ram Boost) Camera 50mp Sony Lytia 600 Ultrarresistencia Militar e Ip68 + Ip69 - Cinza,1598,1999.0,4.9,Motorola,Chegará grátis amanhã,20,https://click1.mercadolivre.com.br/mclics/clicks/external/MLB/count?a=TClp0rl%2FUj2I2bDcFF59zVVYZ2medwVRXw1PjMCjUUpLichQj43TwXXXosi%2BVpAjewDJxp66dIq6v%2B2OXbSBDBkRwexSJzBwsy9wWdigF%2FOm6hBeqDAdoOqc4YOjLjBjIhcwdnNfOG0Jikzg8fkn8fVatqCVOrir0zL%2FJi5k74LFQMrbp3EjUvY9lYbF8%2FX3aV0cWed%2FKVtz%2B6Y4cG5A6eF6ZbYHyl3u%2FrYJDtdpOF3Zlrh2veqTj1B7Jf0SuuKXizOyJgO1Uvqq%2FnOq1T8DeUBrtA4uhuyoUp7oQc7jX9yVvwWVqtSvx7mq3bp8SjdxXDec8hnZco05jspr8kdMrgDwlcaUaUBEDriBz1NXOe%2BLmbeX0JKksYwlmSp%2BrcUkjzM4EG7z2PHw5VbHGM9dGBAW3TF1bcLfqo0jwEEwuSc54AE1SWaK9rL8zo3%2Fv5UJ61c6ZD9RoS9hEygpFdrlDTOU1S8zThl1umH%2FQcCZFFnbV85rMw1ZZiUnTpNWQcBE9J795JlzLK8co5W6QCUloBNSq1U8HtQ%2BGzUeh7oZ1QRvxwuSw7rHuYSl%2Bsd96YzWIbB0rBmPTtLWlFe1p7u7OguzDuDS3OKymvW2vl%2FCKk4nP1n9lslYqscoJ8QWY79YMAm3nbIpv8Ww6l6YHDslrK5zIeIz%2Ftf5U6X2QOChObo5bc8TmvM8wdAXMfW9%2FYFtL0PV089r0HPHLMuK7yc4aUsIFe5fvRaOgLbY5nMwJ9oLRW5rA776jNdtZkholTPDfnjRX8ysqljQLjuoqtvCRyM8P%2BRNo7lX0oyX%2Bn5mmRiTB3E90N5IktO9oU72EURfHSUvYcVU%2B1BW7dEFe31kZz6lE9ZPJeRYwmJIuoubCrROAiOD%2FyK2%2FPWRM6uPVal8d%2FdT9IKFbvrZiakn73cGoTPuTDFZjZKTBfYXTJLZhi2ODEje%2Bh8DYZMfVL4pa5UrNv8PjvdN3d78Yd5EwTljTVxOYMAwkheDO5Oy%2B%2B3DrKL%2FZ%2FZp9jDAtyrvWyPl6UNBLCGbODcTea0iss48syJ96fI4pTH6b1JJbdPNWw%3D%3D#polycard_client=search-desktop&is_advertising=true&searchVariation=MLB50301060&backend_model=search-backend&search_layout=grid&position=15&type=pad&tracking_id=bdae2b2a-12ac-4800-b5be-eed855aafa26&wid=MLB5402372302&sid=search,1,1,1k-2k,18.45
"Smartphone Motorola Moto G67 5g - 128gb 12gb (4gb Ram + 8gb Ram Boost) Camera 50mp Sony Lytia 600, Tela 1.5k Extreme Amoled 120hz, Ultrarresistente - Chumbo",1529,1899.0,4.8,Motorola,Chegará grátis amanhã,19,https://click1.mercadolivre.com.br/mclics/clicks/external/MLB/count?a=yHC9BaI4HawEKTA3w0SddibIXYwNl9V6PzsKKBjwNiIqp6q3U99CNq47toLvsi2vgZPUcHtyBKcHpmHzuLICV9NYNxEKtGOjUqoIU6md1W4p5JiJW0gGpfiW21NCN7Xs94yx4CfHUfhoGentmJTXPooejaW2o6aLrPGsVFuBXZUqP%2BbziCCRCbIT0ln2f6BibIt0wbGO5U5CVFGy%2BMIHPL8dn75vIC52HXfvI8JNX5LUpLprRJwwxOzg8LtDFekSgcZuGeF7nd%2F9nOYUBcgON8Ik10Bzukk90fkj0P9WpOoV6rooPPV%2BsyY3WuI5aCe44rSB37j08SwS8m4s%2BxYtytWP2dwaqRO4JK%2Fy0GumQO2xYMj6dsNbGYIA9V67KMxPNiub%2BpfHLiwR12RNs2LuSKaC51B1t3K7he1B7zEuBPhNevtp3viWm1%2B9CKzaUWT%2F0C63Kx4h6zVi4RWt0Me30KQTMP%2BBbnH5YtzTOeDl6SQ43%2B7tczImTJioQxxV29VqoW%2FrIC6YdSv4J%2FqXQJcghqHjteZqrZffVIIN0LTaL%2FIEo8%2BqNpz4NOqcKBlZ9t5x98DK2zDSzanZHa5voXlvwvt6WXueQQqCExpo91sgJfTaI4CONK9duThjXMZVOHBIwwSlLqdreuN1WNvhOeIdEmihb4OHYObo0XbQCW1I69%2F2KNY9fwq1NGMwR7oA4NAzcljK4X%2BylJ6oxyzxIKo8WaF%2BwVoW7kY3TjS0SN%2FJUIH7LUYjslPN%2Bjr%2BprMQrj8sM6p5ApjQMgYgpP4vUqBsb6qdhMQmhVB4fCguI1jOc5xc%2ByQrNEs0JG5uRB9hQZ7JwtiMODqdjj%2F4Cfz6c4upQNQqMcBnq1pcOZ9AfgVrmYNMSfPo2WFfY18vqql8QXRSNxhPGqgI3VBmbnVFW6ajuS18k2PKpC75rsob8zb4yXFw4d%2FHc6a16H0cglsxF4Q39XExm5dR35eXa7uZ1egc8cGvSvqorbi3Aml8bmqkNRzG6BdxZr1QMkpWhThUa7YNTCDy%2F7y%2BZ5CdrU8aNk49j0iLVvuDCGYSUYue%2BG4%2FePSD%2FFHFC%2FsifQ%3D%3D#polycard_client=search-desktop&is_advertising=true&searchVariation=MLB65319818&backend_model=search-backend&search_layout=grid&position=16&type=pad&tracking_id=bdae2b2a-12ac-4800-b5be-eed855aafa26&wid=MLB6420538026&sid=search,1,1,1k-2k,18.1
Smartphone Motorola Moto G06 - 256gb 12gb (4gb Ram + 8gb Ram Boost) E Camera 50mp Com Ai Bateria De 5200 Mah Tela 6.9 - Bege,723,1349.0,4.9,Motorola,Chegará grátis amanhã,46,https://www.mercadolivre.com.br/smartphone-motorola-moto-g06-256gb-12gb-4gb-ram-8gb-ram-boost-e-camera-50mp-com-ai-bateria-de-5200-mah-tela-69-bege/p/MLB55762063#polycard_client=search-desktop&search_layout=grid&position=17&type=product&tracking_id=bdae2b2a-12ac-4800-b5be-eed855aafa26&wid=MLB5765125576&sid=search,1,1,500-1k,26.25
Smartphone Motorola Edge 60 Pro 5g - 256gb 24gb (12gb Ram+12gb Ram Boost) Tela Quad-curve Moto Ai 50mp Sony Camera Ultrarresistencia Militar Ip68 + Ip69 - Azul,2694,4499.0,4.9,Motorola,Chegará grátis amanhã,40,https://www.mercadolivre.com.br/smartphone-motorola-edge-60-pro-5g-256gb-24gb-12gb-ram12gb-ram-boost-tela-quad-curve-moto-ai-50mp-sony-camera-ultrarresistencia-militar-ip68-ip69-azul/p/MLB49085450#polycard_client=search-desktop&search_layout=grid&position=18&type=product&tracking_id=bdae2b2a-12ac-4800-b5be-eed855aafa26&wid=MLB5382324466&sid=search,1,1,2k-5k,24.45
Smartphone Samsung Galaxy A36 5G 256GB 8GB RAM,1521,3299.0,4.9,Samsung,Chegará grátis amanhã,54,https://www.mercadolivre.com.br/smartphone-samsung-galaxy-a36-5g-256gb-8gb-ram/p/MLB47111905#polycard_client=search-desktop&search_layout=grid&position=19&type=product&tracking_id=bdae2b2a-12ac-4800-b5be-eed855aafa26&wid=MLB5317478858&sid=search,1,1,1k-2k,28.65
"Celular Samsung Galaxy A17 5g Com Ia, 256gb, 8gb Ram, Câm De 50mp, Tela De 6.7 , Nfc, Ip54 - Preto",1576,1899.0,4.9,Samsung,Chegará grátis amanhã,17,https://www.mercadolivre.com.br/celular-samsung-galaxy-a17-5g-com-ia-256gb-8gb-ram-cm-de-50mp-tela-de-67-nfc-ip54-preto/p/MLB54961455#polycard_client=search-desktop&search_layout=grid&position=20&type=product&tracking_id=bdae2b2a-12ac-4800-b5be-eed855aafa26&wid=MLB6574985998&sid=search,1,1,1k-2k,17.55
Celular Smartphone Realme C73 256gb 8gb Ram Dual Sim 120hz 6000mAh Violeta,1149,1999.0,4.8,Webfones,Chegará grátis amanhã,43,https://www.mercadolivre.com.br/celular-smartphone-realme-c73-256gb-8gb-ram-dual-sim-120hz-6000mah-violeta/p/MLB62258511#polycard_client=search-desktop&search_layout=grid&position=21&type=product&tracking_id=bdae2b2a-12ac-4800-b5be-eed855aafa26&wid=MLB4334411855&sid=search,1,1,1k-2k,25.3
"Celular Samsung Galaxy A26 5g 256gb, 8gb Ram, Câmera De 50mp, Ip67, Tela Super Amoled 6.7 , Nfc - Preto",1405,2167.0,4.8,123 Comprou,Chegará grátis amanhã,35,https://www.mercadolivre.com.br/celular-samsung-galaxy-a26-5g-256gb-8gb-ram-cmera-de-50mp-ip67-tela-super-amoled-67-nfc-preto/p/MLB47424244#polycard_client=search-desktop&search_layout=grid&position=22&type=product&tracking_id=bdae2b2a-12ac-4800-b5be-eed855aafa26&wid=MLB5474927460&sid=search,1,1,1k-2k,22.9
"Celular Samsung Galaxy A17 Com Ia, 128gb, 4gb Ram, Câm De 50mp, Tela De 6.7 , Nfc, Ip54 - Preto",899,1499.0,4.9,Samsung,Chegará grátis amanhã,40,https://www.mercadolivre.com.br/celular-samsung-galaxy-a17-com-ia-128gb-4gb-ram-cm-de-50mp-tela-de-67-nfc-ip54-preto/p/MLB54987753#polycard_client=search-desktop&search_layout=grid&position=23&type=product&tracking_id=bdae2b2a-12ac-4800-b5be-eed855aafa26&wid=MLB4217306791&sid=search,1,1,500-1k,24.45
"Celular Samsung Galaxy S25 Fe 5g, 128gb, 8gb Ram, Câmera Tripla De 50+12+8, Tela Grande De 6.7 Jetblack",2868,4499.0,4.9,Samsung,Chegará grátis amanhã,36,https://www.mercadolivre.com.br/celular-samsung-galaxy-s25-fe-5g-128gb-8gb-ram-cmera-tripla-de-50128-tela-grande-de-67-jetblack/p/MLB61692896#polycard_client=search-desktop&search_layout=grid&position=24&type=product&tracking_id=bdae2b2a-12ac-4800-b5be-eed855aafa26&wid=MLB6087231690&sid=search,1,1,2k-5k,23.25
"Smartphone Motorola Moto G17 4g - 256gb 12gb (4gb Ram + 8gb Ram Boost) Camera 50mp Sony Lytia 600, Tela Fhd+ 60hz, Bateria 5200 Mah - Rosa",1078,1749.0,4.9,Motorola,Chegará grátis amanhã,38,https://click1.mercadolivre.com.br/mclics/clicks/external/MLB/count?a=SUT7flhityVJPSIcUGJACNiiaBpi%2Flxe45IPxq4FQ6h%2Fp1PDfE88aFt0cNOpOL1Xgp0kmMJk07pdcH1bruZ0pl7W1qK6UN7u3Nm4VqpLBI5%2FnNH%2F3JsbT%2BccSmTRbiomagZEEHXsbSKciqikbid3XV2AupyTiaThQlYpWbSYuBOt%2BXtJGh4NC62sN0CTUZYU%2BLgoRVWU4RhTWNd1pybu9dI%2F2%2F4ZHlG9qc2OkAEWhS5B7lja9vctzLoObhBugdFQ4wgGXuN74Fwcoxc0kag7MwCmjboR5kFj5EqfmioiSdnvVmRnuWeOsBlmW7aBxn3dIpEFMJuYGRqRa9VthLVZf1UweQnjyhzCkY48dAsIURd9nauydW0alU8T4g6vP9SUmRJDD0O8rphsOKLf7yJ4%2BjKAYwp%2FrikcIbjf47343d7xIm3Gy8C8t9bWLaDVihF5GsOd0SpPZJdVQOA02T%2BOB0GsiKwYl%2B%2FPeXnQKXvEnuKnJsw9VkywBYa4Bec2EUptgjLMM2yHbYwQcW%2F595lBZ8risXwfSLhy2MEA%2FGPrYXvJ66LZvIrtAJ68Nrxq5%2BfnbEobrKWyuEAlk%2BJ6eEab6vsVVLh9VY9RAiXF62KpP8AjNPZZnwza1py%2FtrMUzFCp49a3M3COe3hgHWmCKHkxnCEZ0t7UXgdFzzpktRpZ%2FA%2Bi%2BcZDQcPftRTW8fne5o%2F7%2FRAgGT3YBo%2B0hQDZf%2FlqeQ6IoMdRKyU7II%2BGM1h%2FyY%2F9QmjBL0hd7kRfB0l74bF0XNuJynp4yaGtfYfpYS6KdgyoXOacypvKlONFWFZ01piNMkCJJOnCb26zVqdXvr94mKTIrHVzGMOEOqCVz49khagU4J2aqthdl4fs%2BxJGBVz29VC0uryDfs%2Bddr8DMTqyAyMb3BA%2BWhIkL9gchrHYXgwLTKwWBYO6I3yKy80X0e5VVijAax0ldnaVQf1iwEIdjGvhLuLOt2C8bLEbruZFU4RvxM0AoS4X%2BzZl84hvJLCINqVYUkjknry%2BJAgCJwhJnRDfrwTyc31lKiLqUsLWMNaqYreW#polycard_client=search-desktop&is_advertising=true&searchVariation=MLB65041664&backend_model=search-backend&search_layout=grid&position=25&type=pad&tracking_id=bdae2b2a-12ac-4800-b5be-eed855aafa26&wid=MLB4510840013&sid=search,1,1,1k-2k,23.85
Moto G15 Dual Sim 4gb Ram 128gb Azul Marino,699,1099.0,4.8,Motorola,Frete grátis,36,https://click1.mercadolivre.com.br/mclics/clicks/external/MLB/count?a=IeC9zyhnPuUssAfDQl53YJzkz5aSlbn%2BPFTje9KAsry1GkGK0TSHMhKFUMBRkKwufUrFAphIcqxlCiEaDmnCYR7U%2FuaJZHUayoS06kSRJNOJeh6TVGpwczp3vC6SPJTHVCk9o42JDLGnYQxA4ZytKR96xGA2SkZYnhpcv643%2BDofBZNyFkIuJhbJXaxCulL0Gw9G5e7Ewl5uAIRXhzEJkHNbDOirirgGOky7GpXNHnpWlr%2FpDbjL2brvebXcST2qHLaHyImcJocv40RKBT51VgScLZJFzzdT1JCPvvSs0Dgh2PJkjKfxtp9zK5ohhK3NOa9q6ReDYSY4LPOvfC5kPULmyYgsEiM0yoNVJ7SLY3KV4QuLkWF13zyjwp9aSKCKnScfWuxxTSkdzx7z0rrKaQtPgTNXVP7n7tz6P1I%2B%2BcOCrUHRL483FpLVPFXrQlSoMGAWedVphnWg%2FJUu9efpOQQcKmgcX7DdnpDquvoPOTFKEAlZbTeFsDjqhEkxIhuryuzQSKcjekF%2BmC2KtUwNj9howJJdOQFb%2Fzc%2FMtPhNPh0wjR2HbBZpUuk462kS1eK%2FsDk%2BZH8haH816ZonxnPvHxFMCOKFUVR7unKLWJLv7UKWtEpP%2B1WZr%2BInypbr6CGdIuhn%2F6fS2VhISMdEOXseCeVN3Gr4o0SQ%2Bi0Lf9xeOGP38iEGghD9O6HyQImzD4hQZBXtxB%2B2Lo9LlIs6%2FcwfNx3GcSl6ypUCPLS7ZKYStew8p3ZWBNpcjAoaKqo5FpQ5fvVVImO3cS4U2z5eRItkiAxUt2b2jC0olzNgGWrkXCRO%2BdeGkAjJVolELaQu9OJ6uohm8EXft5lp1lYYEvRFLd%2F%2FWTPnJA9GnlxNj1SlLic%2Fkg%2BsykXQQgX3t4ndrnJu7AxniO0D2dAEniB6RlFxrYZLn9uPPupK71XQY%2FeUESOXw%3D%3D#polycard_client=search-desktop&is_advertising=true&searchVariation=MLB46056608&backend_model=search-backend&search_layout=grid&position=26&type=pad&tracking_id=bdae2b2a-12ac-4800-b5be-eed855aafa26&wid=MLB3975530813&sid=search,1,1,500-1k,23.2
"Smartphone Motorola Signature 5g - 512gb 24gb (12gb Ram + 12gb Ram Boost), 3 Cameras 50mp Sony Lytia E Zoom 100x, Tela 1.5k Extreme Amoled 165hz - Preto",7649,8999.0,4.8,Motorola,Chegará grátis amanhã,15,https://click1.mercadolivre.com.br/mclics/clicks/external/MLB/count?a=XQ1W13hoitq9H8oykkGBDBPQkXEJTkVj%2BA15yArlfdEwlElvqOERkSMxncSFyxAQyZ98W8xNsFFXelhYniegN3mN8w2WTTctAUGYQUoAgWjgMb2r4DTtZgxUVdfZiIgj06VC%2B3UuIeYHLAT91sBYBStosvbfVe8WDvOlh85WitRkZ3M6nGwruhjuU1YfORLYKIutTShsTA9SFdERct47GWXtbUiRGkkEADsLv1ocN4bm%2Bt2ftOxGz1eXqJSxrsN6QrgAl07b6nqfYki6Pv7os7mQR%2BMYJkomnAJLNze5YyDppk4pJDcg46ygkX2%2BjceN6Prr3%2F18jUhpBW4M%2FzsGB03eSgjeLIDWfdf4rzrY56ntAbJGqsrmRi35a2qYaSvjAtguTSRD%2BZS6AjVEOOsnv%2BS53CQYexpNIblkCJFGoGFNTeGWetLm58IShf4L%2Fg01iLSk%2F92T2bRYoKEY1HJa48dfTYCyuAVr9IeSfYMYz0bw7k9z8WC0C%2F3yjnLzojunrgo9ZuNFPyzsopdK7CwpHtcX%2Fx1ZEvaXeN71aAtIRka7D4CK0u6f8uJ%2BL6ftzj7Z19J5vcJmljEgzMpo6M%2BHEwlZdG6neV3EvxTPWlyZTWBWAKtXJhxuwkZAKvzm53ilmd1M%2Bkt0X3yTMbXqtipCmC9bS2Lv7VSaAIoR%2FfqTs6K%2Bmo8EqwdNLP%2BqC7inFsqlpOi1j9PBediLUBRenruQquQcAkpsMQ9Zmn3KtUQYe8p246IL70Pq0fa%2FVtptnFa2NjbW6PUjPYICWQouAqNYsySJ9C86Tzuql8wQo62yJBKjPZgPNDC2j5lmcOtuHFZtk%2FCMr1B7URN5dUn8gI2p1EHDXCspMpBkEsK2eYCBvds7qvqgTEAtgblqQ%2Fug%2B94FeYdxVo5ttT4i8ZFaIE2ikyUMMWEA%2BSHulfZR7%2FsgzFuAP0yPUu9gg1g8DjrVQQwKLKHg3T%2BtsVNhQCE8fHNDbK12H6QGl49w7g%2B5fDduyEK%2BjXus83cB8CoTYS4mXDtooAZ0hzSXnOC9pEvQHwsI%2FMBOtDw2XjnHjVkoE5AOJYeidw%3D%3D#polycard_client=search-desktop&is_advertising=true&searchVariation=MLB65938141&backend_model=search-backend&search_layout=grid&position=27&type=pad&tracking_id=bdae2b2a-12ac-4800-b5be-eed855aafa26&wid=MLB6373850588&sid=search,1,1,5k-10k,16.9
Smartphone Motorola Edge 60 Fusion 5g - 256gb 16gb (8gb Ram+8gb Ram Boost) 50mp Sony Ai Camera Ip68 Nfc - Rosa,1939,3299.0,4.9,Motorola,Chegará grátis amanhã,41,https://click1.mercadolivre.com.br/mclics/clicks/external/MLB/count?a=x8%2BvfDxpS00%2FXpPFczRDTHzs8Rv1pUbOCDY2iPYRsv7WeOODEydILOqC5%2FrKd5nRCepBnDKJNvLvbv7BU57zn3wD8akmoLHq9bp1f2c0%2FroF6n5ZmsWJxPLHBLwu655O8OVdSTlxGYHrO1PqUDZhjadePEVbVFqXNdBwU7HGE%2F3jJ5rOFt9GSYanHNaanAYubiKim%2Bq3G4yT2yUBnBoKyAfZWXlR886ullckggtm05Q0FiBTKtzIJOtw7DwABnG9vVQC2lOsi1SnxPcB0ysdzbs%2Bj3sTqozaWpzcYa%2FW%2Bb5iUvGuLAIO00dzl2lvBpCwPF1upY3zD3NfWHuJfPp0vAX4fSkcp6qpzyJx8SLoev2dnJkgfFaECLU8v7revXlDDmO5%2FMhkU%2BovkwCNBGkJxcbqNPhVZMuXwGpiGE9pi%2BNzqQd1iDJXVVIuDsOOIuMSdtp8kSrgNKY38i%2BfbbfWu9DO9RoL%2Fn1HCdhK6ELDrWbB8A8aDXiiYlbNdXWmZ5novqIOk%2F6VqWaAjfIiIMRovbkdJYxq7HykmPxMM3Qj7BYQhcvmscfFcsU29dQS1Zg%2F6VyOArPEnVEMQQ8MhenaW5s6DLc9VqlLYv5avV1CsKfk44L7d2aGUfkQSgy7ty1T8Fn94iwj2YYVSpBW8EgEEm1Zk7LSf3Wp41hsw9cIRTMGdfEkHUCjqMeeQVVvpHO3sBg%2Bv%2BHFKtbBEcdSMbkukc%2F7wPC18aeY9abkhqpshFftvWdvlm5hL6dmBL0RQlyDmWQ%2Fntp8tPHJPah9QfIffDJKjP8bD9Qa1%2FCTxFWehmUCkLQZFILFBjSFVs6AMfheER3Vms3LFNjlX7SbogWMLW0hIorYBxGN4oFhuhaeb%2Bg7gNOtk3mCffP6fk5qdGVoR8UI6QS1OdH2vE89SAQVVsDnYcGCv3%2FnF62kLisEQk3y6OJj5y3ArRnuarpX0%2FeTjQxSCBElIg4CXCM0xqipv3eV8F%2FIhfcEUEfNGs9wc5qPwfQlq16XBRQkT6aP#polycard_client=search-desktop&is_advertising=true&searchVariation=MLB47251829&backend_model=search-backend&search_layout=grid&position=28&type=pad&tracking_id=bdae2b2a-12ac-4800-b5be-eed855aafa26&wid=MLB4027318137&sid=search,1,1,1k-2k,24.75
Smartphone Motorola Moto G05 256gb 4gb Ram Camera 50mp Vermelho,699,1199.0,4.9,Motorola,Chegará grátis amanhã,42,https://www.mercadolivre.com.br/smartphone-motorola-moto-g05-256gb-4gb-ram-camera-50mp-vermelho/p/MLB58493174#polycard_client=search-desktop&search_layout=grid&position=29&type=product&tracking_id=bdae2b2a-12ac-4800-b5be-eed855aafa26&wid=MLB5774641722&sid=search,1,1,500-1k,25.05
iPhone 16e (128 GB) - Preto - Distribuidor Autorizado,3699,5799.0,4.9,Apple,Chegará grátis amanhã,36,https://www.mercadolivre.com.br/iphone-16e-128-gb-preto-distribuidor-autorizado/p/MLB1046215784#polycard_client=search-desktop&search_layout=grid&position=30&type=product&tracking_id=bdae2b2a-12ac-4800-b5be-eed855aafa26&wid=MLB3986439067&sid=search,1,1,2k-5k,23.25
Smartphone Motorola Edge 60 Neo 5G - 256GB 24GB (12GB RAM + 12GB Ram Boost) 50MP Sony Camera Moto AI e tela 1.5K Super HD - Latte,1799,3799.0,4.9,Motorola,Chegará grátis amanhã,53,https://www.mercadolivre.com.br/smartphone-motorola-edge-60-neo-5g-256gb-24gb-12gb-ram-12gb-ram-boost-50mp-sony-camera-moto-ai-e-tela-15k-super-hd-latte/p/MLB58684606#polycard_client=search-desktop&search_layout=grid&position=31&type=product&tracking_id=bdae2b2a-12ac-4800-b5be-eed855aafa26&wid=MLB4265763257&sid=search,1,1,1k-2k,28.349999999999998
"Samsung Galaxy S25 5G, 256GB, 12GB, Câmera Tripla - Azul claro",3898,5999.0,4.9,Samsung,Chegará grátis amanhã,35,https://www.mercadolivre.com.br/samsung-galaxy-s25-5g-256gb-12gb-cmera-tripla-azul-claro/p/MLB45513356#polycard_client=search-desktop&search_layout=grid&position=32&type=product&tracking_id=bdae2b2a-12ac-4800-b5be-eed855aafa26&wid=MLB5264376996&sid=search,1,1,2k-5k,22.95
"Smartphone Motorola Moto G86 5g - 256gb 24gb (8gb Ram+16gb Ram Boost) Tela 1.5k Poled, 50mp Sony Camera Ois Moto Ai, Videos Em 4k, Ip68 + Ip69 - Vermelho",1792,2399.0,4.9,Motorola,Chegará grátis amanhã,25,https://www.mercadolivre.com.br/smartphone-motorola-moto-g86-5g-256gb-24gb-8gb-ram16gb-ram-boost-tela-15k-poled-50mp-sony-camera-ois-moto-ai-videos-em-4k-ip68-ip69-vermelho/p/MLB51340616#polycard_client=search-desktop&search_layout=grid&position=33&type=product&tracking_id=bdae2b2a-12ac-4800-b5be-eed855aafa26&wid=MLB5462013472&sid=search,1,1,1k-2k,19.95
"Smartphone Infinix Note 50X 5G 8GB RAM 256GB De Armazenamento Tela 6,78"" Polegadas HD+ 120HZ Câmera 50MP + Selfie 8MP Bateria 5200mah NFC, DTS Áudio - Cor Cinza",1349,2267.0,4.8,123 Comprou,Chegará grátis amanhã,40,https://www.mercadolivre.com.br/smartphone-infinix-note-50x-5g-8gb-ram-256gb-de-armazenamento-tela-678-polegadas-hd-120hz-cmera-50mp-selfie-8mp-bateria-5200mah-nfc-dts-audio-cor-cinza/p/MLB61656785#polycard_client=search-desktop&search_layout=grid&position=34&type=product&tracking_id=bdae2b2a-12ac-4800-b5be-eed855aafa26&wid=MLB5957442486&sid=search,1,1,1k-2k,24.4
Smartphone Motorola Edge 60 5g - 512gb 24gb (12gb Ram+12gb Ram Boost) Tela Quad-curve Moto Ai 50mp Sony Camera Ultrarresistencia Militar Ip68 + Ip69 - Azul Marinho,2099,2799.0,4.9,Motorola,Não informado,25,https://www.mercadolivre.com.br/smartphone-motorola-edge-60-5g-512gb-24gb-12gb-ram12gb-ram-boost-tela-quad-curve-moto-ai-50mp-sony-camera-ultrarresistencia-militar-ip68-ip69-azul-marinho/p/MLB48930800#polycard_client=search-desktop&search_layout=grid&position=35&type=product&tracking_id=bdae2b2a-12ac-4800-b5be-eed855aafa26&wid=MLB5363845340&sid=search,1,0,2k-5k,9.95
Smartphone Motorola Moto G35 5g 256gb 12gb Ram Boost Coral,945,2000.0,4.8,Desconhecida,Não informado,53,https://www.mercadolivre.com.br/smartphone-motorola-moto-g35-5g-256gb-12gb-ram-boost-coral/p/MLB63092926#polycard_client=search-desktop&search_layout=grid&position=36&type=product&tracking_id=bdae2b2a-12ac-4800-b5be-eed855aafa26&wid=MLB6228408744&sid=search,1,0,500-1k,18.299999999999997
Smartphone Motorola Moto G56 5g - 256gb 16gb (8gb Ram+8gb Ram Boost) Camera 50mp Sony Lytia 600 Ultrarresistencia Militar e Ip68 + Ip69 - Cinza,1598,1999.0,4.9,Motorola,Chegará grátis amanhã,20,https://www.mercadolivre.com.br/smartphone-motorola-moto-g56-5g-256gb-16gb-8gb-ram8gb-ram-boost-camera-50mp-sony-lytia-600-ultrarresistencia-militar-e-ip68-ip69-cinza/p/MLB50301060#polycard_client=search-desktop&search_layout=grid&position=37&type=product&tracking_id=bdae2b2a-12ac-4800-b5be-eed855aafa26&wid=MLB5402372302&sid=search,1,1,1k-2k,18.45
Apple iPhone 16 (256 GB) - Preto - Distribuidor Autorizado,5205,9538.0,4.9,Apple,Chegará grátis amanhã,45,https://www.mercadolivre.com.br/apple-iphone-16-256-gb-preto-distribuidor-autorizado/p/MLB1040287796#polycard_client=search-desktop&search_layout=grid&position=38&type=product&tracking_id=bdae2b2a-12ac-4800-b5be-eed855aafa26&wid=MLB3931272075&sid=search,1,1,5k-10k,25.95
"Smartphone OPPO A6t 128gb, 12gb Ram (4gb + 8gb Virtual Ram), Bateria Gigante de 6500mAh, Processador Snapdragon, Tela 120Hz, AI Câmera, IP64 - Violeta",899,1299.0,4.9,Oppo,Chegará grátis amanhã,31,https://www.mercadolivre.com.br/smartphone-oppo-a6t-128gb-12gb-ram-4gb-8gb-virtual-ram-bateria-gigante-de-6500mah-processador-snapdragon-tela-120hz-ai-cmera-ip64-violeta/p/MLB66130734#polycard_client=search-desktop&search_layout=grid&position=39&type=product&tracking_id=bdae2b2a-12ac-4800-b5be-eed855aafa26&wid=MLB4573343865&sid=search,1,1,500-1k,21.75
"Smartphone Xiaomi Redmi 15 8gb 256gb Tela 6,9 144hz, Bateria 7.000 Mah, 50 Mp Preto",1390,1390.0,4.8,Desconhecida,Chegará grátis amanhã,0,https://www.mercadolivre.com.br/smartphone-xiaomi-redmi-15-8gb-256gb-tela-69-144hz-bateria-7000-mah-50-mp-preto/p/MLB61511995#polycard_client=search-desktop&search_layout=grid&position=40&type=product&tracking_id=bdae2b2a-12ac-4800-b5be-eed855aafa26&wid=MLB4390450235&sid=search,0,1,1k-2k,12.4
Celular Samsung Galaxy A56 5g 128gb 8gb Ram Rosa,1998,3299.0,4.9,Samsung,Chegará grátis amanhã,39,https://www.mercadolivre.com.br/celular-samsung-galaxy-a56-5g-128gb-8gb-ram-rosa/p/MLB47106876#polycard_client=search-desktop&search_layout=grid&position=41&type=product&tracking_id=bdae2b2a-12ac-4800-b5be-eed855aafa26&wid=MLB4561879339&sid=search,1,1,1k-2k,24.15
Apple iPhone 15 (128 GB) - Azul - Distribuidor Autorizado,4499,7209.0,4.9,Apple,Chegará grátis amanhã,38,https://www.mercadolivre.com.br/apple-iphone-15-128-gb-azul-distribuidor-autorizado/p/MLB1027172667#polycard_client=search-desktop&search_layout=grid&position=42&type=product&tracking_id=bdae2b2a-12ac-4800-b5be-eed855aafa26&wid=MLB4408547152&sid=search,1,1,2k-5k,23.85
iPhone 17 Pro 256GB - Azul-profundo - Distribuidor Autorizado,9899,11499.0,4.9,Apple,Chegará grátis amanhã,14,https://www.mercadolivre.com.br/iphone-17-pro-256gb-azul-profundo-distribuidor-autorizado/p/MLB1055308781#polycard_client=search-desktop&search_layout=grid&position=43&type=product&tracking_id=bdae2b2a-12ac-4800-b5be-eed855aafa26&wid=MLB5687335472&sid=search,1,1,5k-10k,16.65
iPhone 17 256 GB - Sálvia - Distribuidor Autorizado,6297,7999.0,4.9,Apple,Chegará grátis amanhã,21,https://www.mercadolivre.com.br/iphone-17-256gb-salvia-distribuidor-autorizado/p/MLB1055308843#polycard_client=search-desktop&search_layout=grid&position=44&type=product&tracking_id=bdae2b2a-12ac-4800-b5be-eed855aafa26&wid=MLB6545162768&sid=search,1,1,5k-10k,18.75
Apple iPhone 16 (128 GB) - Preto - Distribuidor Autorizado,4986,7799.0,4.9,Apple,Chegará grátis amanhã,36,https://www.mercadolivre.com.br/apple-iphone-16-128-gb-preto-distribuidor-autorizado/p/MLB1040287808#polycard_client=search-desktop&search_layout=grid&position=45&type=product&tracking_id=bdae2b2a-12ac-4800-b5be-eed855aafa26&wid=MLB5120546360&sid=search,1,1,2k-5k,23.25
Smartphone Motorola Edge 60 Pro 5g - 512gb 24gb (12gb Ram+12gb Ram Boost) Tela Quad-curve Moto Ai 50mp Sony Camera Ultrarresistencia Militar Ip68 + Ip69 - Cinza,3059,5499.0,4.9,Motorola,Chegará grátis amanhã,44,https://www.mercadolivre.com.br/smartphone-motorola-edge-60-pro-5g-512gb-24gb-12gb-ram12gb-ram-boost-tela-quad-curve-moto-ai-50mp-sony-camera-ultrarresistencia-militar-ip68-ip69-cinza/p/MLB48998798#polycard_client=search-desktop&search_layout=grid&position=46&type=product&tracking_id=bdae2b2a-12ac-4800-b5be-eed855aafa26&wid=MLB5389690592&sid=search,1,1,2k-5k,25.65
"Tcl Smartphone 605 4g, Octa Core, 128gb 12gb Ram (4+8), 6.7 Hd+ 90hz, Nfc, Dual Sim, 50mp",649,799.0,4.7,Mercado Livre,Chegará grátis amanhã,19,https://www.mercadolivre.com.br/tcl-smartphone-605-4g-octa-core-128gb-12gb-ram-48-67-hd-90hz-nfc-dual-sim-50mp/p/MLB53155051#polycard_client=search-desktop&search_layout=grid&position=47&type=product&tracking_id=bdae2b2a-12ac-4800-b5be-eed855aafa26&wid=MLB6161225994&sid=search,1,1,500-1k,18.05
Apple iPhone 15 (256 GB) - Preto - Distribuidor Autorizado,4751,8095.0,4.9,Apple,Chegará grátis amanhã,41,https://www.mercadolivre.com.br/apple-iphone-15-256-gb-preto-distribuidor-autorizado/p/MLB1027172669#polycard_client=search-desktop&search_layout=grid&position=48&type=product&tracking_id=bdae2b2a-12ac-4800-b5be-eed855aafa26&wid=MLB3621184765&sid=search,1,1,2k-5k,24.75
Smartphone Motorola Edge 60 Fusion 5g - 256gb 16gb (8gb Ram+8gb Ram Boost) 50mp Sony Ai Camera Ip68 Nfc - Rosa,1939,3299.0,4.9,Motorola,Chegará grátis amanhã,41,https://www.mercadolivre.com.br/smartphone-motorola-edge-60-fusion-5g-256gb-16gb-8gb-ram8gb-ram-boost-50mp-sony-ai-camera-ip68-nfc-rosa/p/MLB47251829#polycard_client=search-desktop&search_layout=grid&position=49&type=product&tracking_id=bdae2b2a-12ac-4800-b5be-eed855aafa26&wid=MLB4027318137&sid=search,1,1,1k-2k,24.75
Smartphone Motorola Moto G15 256gb 12gb 4GB RAM 8GB RAM Boost Camera 50mp Verde,899,1499.0,4.8,Motorola,Chegará grátis amanhã,40,https://www.mercadolivre.com.br/smartphone-motorola-moto-g15-256gb-12gb-4gb-ram-8gb-ram-boost-camera-50mp-verde/p/MLB44665542#polycard_client=search-desktop&search_layout=grid&position=50&type=product&tracking_id=bdae2b2a-12ac-4800-b5be-eed855aafa26&wid=MLB5237351728&sid=search,1,1,500-1k,24.4
iPhone 17 Pro 512GB - Azul-profundo - Distribuidor Autorizado,11699,12999.0,4.9,Apple,Chegará grátis amanhã,10,https://www.mercadolivre.com.br/iphone-17-pro-512gb-azul-profundo-distribuidor-autorizado/p/MLB1055308802#polycard_client=search-desktop&search_layout=grid&position=51&type=product&tracking_id=bdae2b2a-12ac-4800-b5be-eed855aafa26&wid=MLB4200188179&sid=search,1,1,10k+,15.45
"Smartphone Motorola Signature 5g - 512gb 24gb (12gb Ram + 12gb Ram Boost), 3 Cameras 50mp Sony Lytia E Zoom 100x, Tela 1.5k Extreme Amoled 165hz - Preto",7649,8999.0,4.8,Motorola,Chegará grátis amanhã,15,https://www.mercadolivre.com.br/smartphone-motorola-signature-5g-512gb-24gb-12gb-ram-12gb-ram-boost-3-cameras-50mp-sony-lytia-e-zoom-100x-tela-15k-extreme-amoled-165hz-preto/p/MLB65938141#polycard_client=search-desktop&search_layout=grid&position=52&type=product&tracking_id=bdae2b2a-12ac-4800-b5be-eed855aafa26&wid=MLB6373850588&sid=search,1,1,5k-10k,16.9
"Smartphone Motorola Moto G17 4g - 256gb 12gb (4gb Ram + 8gb Ram Boost) Camera 50mp Sony Lytia 600, Tela Fhd+ 60hz, Bateria 5200 Mah - Rosa",1078,1749.0,4.9,Motorola,Chegará grátis amanhã,38,https://www.mercadolivre.com.br/smartphone-motorola-moto-g17-4g-256gb-12gb-4gb-ram-8gb-ram-boost-camera-50mp-sony-lytia-600-tela-fhd-60hz-bateria-5200-mah-rosa/p/MLB65041664#polycard_client=search-desktop&search_layout=grid&position=53&type=product&tracking_id=bdae2b2a-12ac-4800-b5be-eed855aafa26&wid=MLB4510840013&sid=search,1,1,1k-2k,23.85
Smartphone Oppo A6 Pro 256gb 8gb Ram 5g Ip69 Azul Espacial,2999,3199.0,4.9,Oppo,Chegará grátis amanhã,6,https://www.mercadolivre.com.br/smartphone-oppo-a6-pro-256gb-8gb-ram-5g-ip69-azul-espacial/p/MLB66177449#polycard_client=search-desktop&search_layout=grid&position=54&type=product&tracking_id=bdae2b2a-12ac-4800-b5be-eed855aafa26&wid=MLB4536941689&sid=search,1,1,2k-5k,14.25
iPhone 17e 256GB Preto - Distribuidor Autorizado,5219,5799.0,4.9,Apple,Chegará grátis amanhã,10,https://www.mercadolivre.com.br/iphone-17e-256gb-preto-distribuidor-autorizado/p/MLB1066130044#polycard_client=search-desktop&search_layout=grid&position=55&type=product&tracking_id=bdae2b2a-12ac-4800-b5be-eed855aafa26&wid=MLB6402322328&sid=search,1,1,5k-10k,15.45
Smartphone Samsung Galaxy A56 5g 6.7 Pol Octa-core 256gb 8gb,1998,3699.0,4.9,Samsung,Chegará grátis amanhã,46,https://www.mercadolivre.com.br/smartphone-samsung-galaxy-a56-5g-67-pol-octa-core-256gb-8gb/p/MLB65302568#polycard_client=search-desktop&search_layout=grid&position=56&type=product&tracking_id=bdae2b2a-12ac-4800-b5be-eed855aafa26&wid=MLB4609819131&sid=search,1,1,1k-2k,26.25
"Smartphone Motorola Moto G17 4g - 128gb 12gb (4gb Ram + 8gb Ram Boost) Camera 50mp Sony Lytia 600, Tela Fhd+ 60hz, Bateria 5200 Mah - Azul",899,1299.0,4.9,Motorola,Chegará grátis amanhã,31,https://www.mercadolivre.com.br/smartphone-motorola-moto-g17-4g-128gb-12gb-4gb-ram-8gb-ram-boost-camera-50mp-sony-lytia-600-tela-fhd-60hz-bateria-5200-mah-azul/p/MLB65041642#polycard_client=search-desktop&search_layout=grid&position=57&type=product&tracking_id=bdae2b2a-12ac-4800-b5be-eed855aafa26&wid=MLB6420215012&sid=search,1,1,500-1k,21.75
"Smartphone Infinix Smart 10 4GB RAM 256GB SSD Câmera 8MP + IA, Tela 6.67 HD+ 120Hz, Bateria 5000mAh, Processador T7250, Android 15 Go, Dual Chip - Preto",670,1458.0,4.8,123 Comprou,Chegará grátis amanhã,54,https://www.mercadolivre.com.br/smartphone-infinix-smart-10-4gb-ram-256gb-ssd-cmera-8mp-ia-tela-667-hd-120hz-bateria-5000mah-processador-t7250-android-15-go-dual-chip-preto/p/MLB56327005#polycard_client=search-desktop&search_layout=grid&position=58&type=product&tracking_id=bdae2b2a-12ac-4800-b5be-eed855aafa26&wid=MLB5751262142&sid=search,1,1,500-1k,28.599999999999998
Kit Samsung: Celular Galaxy A17 256gb 8gb Ram 50mp 6.7 Nfc Ip54 Preto + Galaxy Buds Core Branco,1431,1698.0,4.9,Samsung,Frete grátis,16,https://www.mercadolivre.com.br/kit-samsung-celular-galaxy-a17-256gb-8gb-ram-50mp-67-nfc-ip54-preto--galaxy-buds-core-branco/up/MLBU3605578150#polycard_client=search-desktop&search_layout=grid&position=59&type=product&tracking_id=bdae2b2a-12ac-4800-b5be-eed855aafa26&wid=MLB5957929002&sid=search,1,1,1k-2k,17.25
Smartphone OPPO A5 256GB 6GB RAM Branco,1169,1499.0,4.8,Oppo,Chegará grátis amanhã,22,https://www.mercadolivre.com.br/smartphone-oppo-a5-256gb-6gb-ram-branco/p/MLB51680761#polycard_client=search-desktop&search_layout=grid&position=60&type=product&tracking_id=bdae2b2a-12ac-4800-b5be-eed855aafa26&wid=MLB5745515116&sid=search,1,1,1k-2k,19.0
Smartphone Motorola Moto G15 256gb 12gb 4GB RAM 8GB RAM Boost Camera 50mp Verde,899,1499.0,4.8,Motorola,Chegará grátis amanhã,40,https://click1.mercadolivre.com.br/mclics/clicks/external/MLB/count?a=qezp9Sd7weM7UtWbhBNWKk2tLrOWVezU99FvDtZLOkrpE5pSmi33mCIBb%2BKACHszbxJljz0j0CIfUEFQLh5VzZYY636RDM3apCJStTP6Tb0IMJoFTfD7TflOB2J%2Bd5xwSMavlHPkasSZSSK%2B%2BAikKnVy2AFv8p3tZ48IuijPmu%2BbcoTksL6OKMRrOpxzjDqk5ScKGlYgoPJ6Rsj16o%2Bek0D0uV9Cth0gJfhCbqIs69LDtszGk50TpUthqCDmij3xOi283Mbtp3eUinljyqMKgCs8tPQ3ARtXH%2B35jcik6EgAqLt9OtvM8aXz55nKDPPd9L%2F7FqMl4AE2f%2BzIRTzu16vRyp5GH%2FbS4mwMEOVBtP09XXDVOOOWfGCEbXY4AGH4kVJjCaKvFU%2BZ0Ay8D1khO5ojN4I2VIATo6EH1hB7nmLQxguKcTldqWqYKSsP9%2F1%2B8FCom4AN4BwvwdEigRhgEzulV5OdLknJQj2wVsmDehTwKISUMwEEdOUF4RVlZh1caKVch6rWS3PxXCm6cDW3RCIfRF7teZMFB4fd1nS40WE%2B2JsRyh3OW5jdX%2F658uzzABH%2BGUPaK1uYRlT7CEOCiZEReXYc51GfjR%2BULHqv4m93x6QsdAZoGEUaf6hZJs3vurDVnEoc%2F1T%2FyUFmWYGzkG%2FGtZaLT7U9MK02ZeGIWsD194HgEsQkvBRBX%2B5PtCfIk6I66wvdcM6aqMqH9Qn2NfGDz4hTc2rV5pwQsTgqAIK%2BKhFHyL0D7cyLBUBB3CnhrK1JaQKLoky1%2BeoBZr44ckYYszJIdd9I5IzkiDt6xhBIxsZvct105GX%2F3R0ccObChJnbwTm4Ei2nl0%2BCUIuLrW%2B4pxi1zydjkyiRmTJ1ZspSj6MS9emjnC2EXZDwfjIfvOXEcI39rAzY2QMU0CW3vc4%2BiHkUhbuLWMQ2u6J64fcTrrjdnVIL%2BcOrOd2Fv8hQsmJHi91kgMmNBuLFM6egh2MZqw%3D%3D#polycard_client=search-desktop&is_advertising=true&searchVariation=MLB44665542&backend_model=search-backend&search_layout=grid&position=1&type=pad&tracking_id=10e29eca-3d1c-4676-8e37-92b92969e3ad&wid=MLB5237351728&sid=search,1,1,500-1k,24.4
"Smartphone Motorola Moto G17 4g - 128gb 12gb (4gb Ram + 8gb Ram Boost) Camera 50mp Sony Lytia 600, Tela Fhd+ 60hz, Bateria 5200 Mah - Azul",899,1299.0,4.9,Motorola,Chegará grátis amanhã,31,https://click1.mercadolivre.com.br/mclics/clicks/external/MLB/count?a=WWG4%2BACvRM9yru8gnhBZcfCocm7BwSxO88Vy0bnDTczdnm5MNwE6EswcGPoYhtEQpukwi8AWjm%2BtAWiFGGEDqAixp55vY8qFo10vg2d4u2z4QfPq6veRKJqglU2arKTMAAlisXXgk5cAD8yvB7Nca5HAjqvlJn7jmOOCryvYfERK92TfE%2FaCvG2O2tpyfBUPZ86ofiCO2mUOFAnTHMSs0kGaT1iLZa1IOI6RClC5CGe4pV0A15Izlff%2FkoMF0RpSKewIFqXDH3XW%2F3hSecYwWnf%2BOiJbt0Aj%2F%2BPXY4TqVBu%2FJvo3jl0ttPbPfYfRYIY3eShW5JGbPsc%2B9kGpCprPVjTADYNG1ZuoEQv%2FscIQUzPENGR3faarT4De5Zj49RkB%2FC1Nht%2BaASscHxB5zVOh0dZpbUCFTWyBr2S73VnyXzJNDRerpssG8Il%2FN%2BHU8GeTtnYY93ZlU3R8ZLomfxSZYRiWfw7urbuG2whHo0h%2F6%2F4QExKwxAyxCW7ibis3RyjYVBUd1vtV2c9VhvO71rVHdy%2FflLpVasYaauOUwQaj1%2FPa0GeS52ACB8Zyccs6ZqoVImNctml224pSNjy045ziEpRzHszXZMYBIkPiBFLfORmIQynjNkw8PeDDaHNpCIeFYu3zbpqoYmWpqglXOtxG189VQGqZYRhvi00NpMacDoSFqyQlA1iB0dY5hV8I070iXU10%2BZb9vY7jJKj6urG0LBLZiJv9njF5dkmfHlTGy%2BI1g2rMHgnvWl1n4MG6LrNOGaPI91Dj01I6xmusXVbOgpFL%2FATiCWwE46dQttzYsnqGxJ%2Bd3lWt1dbappzLe8lF0h%2BKPTjO7SeIKRFkdxieK9GgH%2B636Q45XZR%2Bqk6pEcfdixsn9NJ3bBS3Kq2F9ZIJDVszL%2BOUECwmKQ8bD1nRi57hQjm04sHWsKP0d0jRnVgs%2BJSSX9ia%2BRMmDgal42xhKcAmrKeEu%2B0vRt7TuUhds48NQtb9WK36csZGpIQXck%2Bme8k4eCuWsJr0DM0Ryn%2F7E4cbalfdVZqAIZ0PlKgic7cxtA%3D%3D#polycard_client=search-desktop&is_advertising=true&searchVariation=MLB65041642&backend_model=search-backend&search_layout=grid&position=2&type=pad&tracking_id=10e29eca-3d1c-4676-8e37-92b92969e3ad&wid=MLB6420215012&sid=search,1,1,500-1k,21.75
Smartphone Motorola Moto G06 - 256gb 12gb (4gb Ram + 8gb Ram Boost) E Camera 50mp Com Ai Bateria De 5200 Mah Tela 6.9 - Bege,723,1349.0,4.9,Motorola,Chegará grátis amanhã,46,https://click1.mercadolivre.com.br/mclics/clicks/external/MLB/count?a=rwXVxkZFc5aP%2B6XBWgVoqBQYvJ3qT9DP1m3JRMyKa3pQOU4vKroMZ8CJzlV3Cn9Hd13jYyQrEbb8WG1VtpVn3Ks9V6xxvMxJcrLtTAhx2Jc9B7sHcLSBIRsT%2F7arfYKoCGJRtyfTUBb6XB5Zm7RNFJaaRfapDc5FnjDf9f9w3G8m2bj0V4lIX5tpeyMKRbsB4j0QnibLn%2BiecJkFvjsU1FJ9RTEwWPJzXkcGkMLieTyFzvhyBvwIuOWJD8Nv12EjT2OKbJa7T%2BZ0bJf%2BKfpScoDPjWG3F0knf3Y0zpWNv%2FQKHzwc1g5XX9cCmopO5dQjSYKq4yW6mQ9IZ%2B6gKn4JbMJATte5QANNyK3F4lINqcUMRoa%2FnG8t9onSaUyIo2ICRSXLap1ITcwqyN2f%2BJ7v04qiXPQgl%2FmTR4e568tHdObhmW1pTWqDIL6GR5xL%2FMgJ%2BoLtOtVSsIVNwEC6aGK1d5g6D4Iz5yk4ekEVeEmzuAPiMCPwETPHUCgSHJ4uiAKfIqvq%2BziDXmydWO1wluPLXNI%2Fl19YQgCD5HdcMhAOzx%2B7kVkaWVaLlpPE3IlbAdLk%2Fo2b%2B9YOdXy%2Fme1WK22jvOOoPNjE%2FsJHWLQm4scB%2BDc0qeMaondBwp3Ox%2F5sIUSdjINQwY6Bjy4uY%2BzH69Oli4PNaEuWMCMTckR49kYs5rT9FxrvWu0NOtEY05nCbnZefW9oH4Kj1qMO8URHdwrFp%2BijcviYS13yCpnKlM7ETUmnBatng6ypV5D9VKtBKyxHUPfIQMHlz1PeSShEgMGiaFc1YXnoZ1DVt5QoaJRMVeuXRt767qotkl9qe6XKe7s7%2FZvXawDdFCwV6t0o5YIiOkLS4A1b1oQC4pwZ53RAslRBy0oC4WSGyE3D6UfUxAwqeGpnnSfWAZ0fgSkiQmT103IHdqUDUTu6MnUXB5ljYFCQ2Up%2FtZU562dl%2BEk%2B4zltH%2FPOfDjo986SG3T7gj85TDzIX97SSZvEDADaU%2BIiqhw54WdhgGYLBcx4afzo3PwN%2BLp5gZHjvjsA#polycard_client=search-desktop&is_advertising=true&searchVariation=MLB55762063&backend_model=search-backend&search_layout=grid&position=3&type=pad&tracking_id=10e29eca-3d1c-4676-8e37-92b92969e3ad&wid=MLB5765125576&sid=search,1,1,500-1k,26.25
Smartphone Motorola Edge 60 Neo 5G - 256GB 24GB (12GB RAM + 12GB Ram Boost) 50MP Sony Camera Moto AI e tela 1.5K Super HD - Latte,1799,3799.0,4.9,Motorola,Chegará grátis amanhã,53,https://click1.mercadolivre.com.br/mclics/clicks/external/MLB/count?a=STwfiNL89vm2B%2BERV0veRCGfklIRIcTgZqOPdzXB75bGlAZ8ny2nKPj5VWy1XKL%2FWGCNvjk0uTYd8vud6sjHXtusfNRXagrfo6owWYngLXCZtFjlPfc5QvykXr0bRCeIjfEnK0dGcO9ph61yx0TvOL68FDOruRCLfldd1LPDd%2B3IcF2FJz1IGIi7xRNjkxCcHU%2FRZlQpjnYmHUCKGj02o%2FwyOXHPQzlIJPMDbUvOO%2BmwJPUXt6pwftMMkhz%2F8sEOVWPRDRoxgfYLsn1BdtiNnGsYasQW2usZ%2BfStvxXmB7RrIuZbKueuYsJb8gX%2FXoKOKUNZ1ZvKBEIUbbV71uIyikJf%2F7wCnWE4eKpqJRhIm%2ByZrIeAoFBuUK63DXm7mqNE%2FsrSDWrqq%2Bu31%2BDnHrm5SoBz6GnEe5DaIzGxT2qU8OmwsCbq0%2BouxOxpnuK6VZS143yjsJWToRTs8yEhtzEvnnqvxin1ZW6Z%2BL4xZwvjq8yzU%2BJ%2Fu5hhakeXHu0SQ%2Fi%2F9%2FbrYCAFFCmvccU4mD%2BMmqfP7m%2F%2FvWXn6qEWLRJcZ14h6irv2IAZ1LFhrwu7MW6Gvoz74id2J7LrDfxnYxkz17jNem39JVUsRKn7ay1fqJDvlG4KNJ65Gevb8wJzciFZmG%2BJi%2FE3MOYzoYe3Cf%2BsPZyg8b9Pu6xzjCKrottk%2F2B1pg2JXghvhiPrCycNmWixAsdRztfiGFXsSyT%2FUWy84HONYnZbWvWYOSfJuuLzz6SKR%2FJhUOSKn9PCEJNQ96juml7JmglUFou52Ph1SVhBtla4aXY7b5tQ7aHaIRuDjvbp%2BlLNf8BzAC%2BwWuIHIkCn2o0HguPfBTDBKFhLuvG7%2BXTJNU1ocY%2BKoHZvoHY%2FbFT2IbeTmUNwuyw2e863m9seEfIfgv4yRlrVo86Konpq0kf5GvBI4VAe5%2Ftm%2FQO11W7mdcvjQ3LYV3nfBOl47VG3LQnjyEsDDwvbfscyyU8cRZMvN5vf3tuvaIPiGPiWRRVEW80HbSqXVE6AelmTzEOAm7LUN9Bp1W%2F0ZKM5#polycard_client=search-desktop&is_advertising=true&searchVariation=MLB58684606&backend_model=search-backend&search_layout=grid&position=4&type=pad&tracking_id=10e29eca-3d1c-4676-8e37-92b92969e3ad&wid=MLB4265763257&sid=search,1,1,1k-2k,28.349999999999998
Celular Samsung Galaxy A56 5g 256gb 8gb Ram Cinza,1998,3699.0,4.9,Samsung,Chegará grátis amanhã,46,https://www.mercadolivre.com.br/celular-samsung-galaxy-a56-5g-256gb-8gb-ram-cinza/p/MLB47114363#polycard_client=search-desktop&search_layout=grid&position=5&type=product&tracking_id=10e29eca-3d1c-4676-8e37-92b92969e3ad&wid=MLB5317821714&sid=search,1,1,1k-2k,26.25
Smartphone Samsung Galaxy A36 5g 128gb 6gb Ram Câmera Tripla De Até 50mp Selfie De 12mp Ip67 Super Amoled 6.7'' Nfc Recursos Ai Android E Segurança Snapdragon - Preto,1430,2815.0,4.9,Webfones,Chegará grátis amanhã,49,https://www.mercadolivre.com.br/smartphone-samsung-galaxy-a36-5g-128gb-6gb-ram-cmera-tripla-de-ate-50mp-selfie-de-12mp-ip67-super-amoled-67-nfc-recursos-ai-android-e-seguranca-snapdragon-preto/p/MLB47115842#polycard_client=search-desktop&search_layout=grid&position=6&type=product&tracking_id=10e29eca-3d1c-4676-8e37-92b92969e3ad&wid=MLB6410679768&sid=search,1,1,1k-2k,27.15
Xiaomi Redmi 14c 4G 256 GB 8 GB RAM dual sim cor preto,832,832.0,4.6,Desconhecida,Não informado,0,https://www.mercadolivre.com.br/xiaomi-redmi-14c-4g-256-gb-8-gb-ram-dual-sim-cor-preto/p/MLB41287578#polycard_client=search-desktop&search_layout=grid&position=7&type=product&tracking_id=10e29eca-3d1c-4676-8e37-92b92969e3ad&wid=MLB6245801058&sid=search,0,0,500-1k,2.3
Smartphone Motorola Moto G06 - 128gb 12gb (4gb Ram + 8gb Ram Boost) E Camera 50mp Com Ai Bateria De 5200 Mah Tela 6.9,661,999.0,4.9,Desconhecida,Chegará grátis amanhã,34,https://www.mercadolivre.com.br/smartphone-motorola-moto-g06-128gb-12gb-4gb-ram-8gb-ram-boost-e-camera-50mp-com-ai-bateria-de-5200-mah-tela-69/p/MLB61381499#polycard_client=search-desktop&search_layout=grid&position=8&type=product&tracking_id=10e29eca-3d1c-4676-8e37-92b92969e3ad&wid=MLB4515672567&sid=search,1,1,500-1k,22.65
"Celular Samsung Galaxy A07 128gb, 4gb, Câmera 50mp, Tela 6.7 , Proteção Ip54, Processador 6nm - Preto",599,899.0,4.9,Samsung,Chegará grátis amanhã,33,https://www.mercadolivre.com.br/celular-samsung-galaxy-a07-128gb-4gb-cmera-50mp-tela-67-proteco-ip54-processador-6nm-preto/p/MLB55034955#polycard_client=search-desktop&search_layout=grid&position=9&type=product&tracking_id=10e29eca-3d1c-4676-8e37-92b92969e3ad&wid=MLB5859349564&sid=search,1,1,500-1k,22.35
Samsung Galaxy A06 5g Dual Sim 128gb preto,719,989.0,4.8,Vikings,Chegará grátis amanhã,27,https://www.mercadolivre.com.br/samsung-galaxy-a06-5g-dual-sim-128gb-preto/p/MLB48946861#polycard_client=search-desktop&search_layout=grid&position=10&type=product&tracking_id=10e29eca-3d1c-4676-8e37-92b92969e3ad&wid=MLB6433836010&sid=search,1,1,500-1k,20.5
"Celular Samsung Galaxy A17 Com Ia, 256gb, 8gb Ram, Câm De 50mp, Tela De 6.7 , Nfc, Ip54 - Preto",1259,1399.0,4.9,Samsung,Chegará grátis amanhã,10,https://www.mercadolivre.com.br/celular-samsung-galaxy-a17-com-ia-256gb-8gb-ram-cm-de-50mp-tela-de-67-nfc-ip54-preto/p/MLB55254425#polycard_client=search-desktop&search_layout=grid&position=11&type=product&tracking_id=10e29eca-3d1c-4676-8e37-92b92969e3ad&wid=MLB4583723537&sid=search,1,1,1k-2k,15.45
"Celular Samsung Galaxy A07 256gb, 8gb, Câmera 50mp, Tela 6.7 , Proteção Ip54, Processador 6nm - Violeta",852,1399.0,4.9,123 Comprou,Chegará grátis amanhã,39,https://www.mercadolivre.com.br/celular-samsung-galaxy-a07-256gb-8gb-cmera-50mp-tela-67-proteco-ip54-processador-6nm-violeta/p/MLB54964804#polycard_client=search-desktop&search_layout=grid&position=12&type=product&tracking_id=10e29eca-3d1c-4676-8e37-92b92969e3ad&wid=MLB4277746349&sid=search,1,1,500-1k,24.15
"Smartphone Motorola Moto G86 5g - 256gb 24gb (8gb Ram+16gb Ram Boost) Tela 1.5k Poled, 50mp Sony Camera Ois Moto Ai, Videos Em 4k, Ip68 + Ip69 - Vermelho",1792,2399.0,4.9,Motorola,Chegará grátis amanhã,25,https://click1.mercadolivre.com.br/mclics/clicks/external/MLB/count?a=sYIfYvk8ox9ajl3xlX5tJXc36xA3%2FONVYNzXS3lDgQXKpUSdLEo7GH%2FTY%2BuLMglOaRXG9rpJaa1JC2V4TiQXIqkQ1DKb3NWE7f1YIveVJTx9sksvrXYAdDnnlVmADeIoxWneSxOnDQ7q1jbBRk%2BFD9SEHeD%2FH13pkjw0TBTquBK5MOnSGqZNdYvCmqvPu2FKrs6bFxPsasC%2Fm7HQXGYBESxqMWc7oiOJ41aFyG79eEYF1QicUMWMYC%2FGLRUythqWO49%2FTFKhq8MvNH7dADtUa2vtxgPDPR3GXIuuzptPyJrOTdJPu6%2B9g2yPZXKyT1l%2BARzbcfvqwIqIMEPQ8za2KlyB9s8RiSPawX2jPY6lWQjIZaxyTID%2ByYWPCHuTwD3d6ZJLry4Q%2FVQcut0FUzCFBik3tY3%2BjtMpljGL%2BofrjGrGBLwAYuH%2B6VIij0Yo4sF5li5ritZwRq0GJWxOIbG9NGiJUHbtq%2BlEvDtPGuTXsxcivwzgl2%2BU%2FP6hyAmRmldIN1%2F3oyyjG2tloSSZGMcj2MCMGumWXpTIJKQTTUYCKGc6f5gd40237nQFTwDAANrJJm6UrMlVmNASjUjecFwcyznn5ITrEztUfjQgWcpFpMaySkseNFBORwhdFUp2PNhAAhxLrkX8HPoXbE9jTrw%2BaexJzMcsdfN6oOMbnsBwzqpTyYjQlbRmK9Zs0uXozPAf52wfoyL1ZTBHaHSVpvUTrhcu71tyzHvrvbFtTb2zTmRzMvBsgU6VCOQB8xB3ygt08zJ95OXWYufSQSKMFJAXikA3wbzZQXGDXDznpxUuHVEwDo0Hd%2FXVJ33Cmnl07D3i4exPO6IcCdOUyQ5jAsditnG5UDRdoz%2FyU9NArKMynxx5%2Bj%2FtfzlyhHpL4iPwk1gRaoni9q1iR47uXNEZ1RojPyobOdNpON5ESSS%2Bmm40IQE9Cwu5xPmAMwZuYmh5mq3l%2Fx5pzGdNt3LTz4fOZUQj05ZvDk6mBwXcIO23bd1qYec%2F3IwY0%2Brjqq4BozZKl2sa2%2F7M%2FEAg1S9wqlWxjgR6adU2xGt820U33Qx0MqicBMAa43HW#polycard_client=search-desktop&is_advertising=true&searchVariation=MLB51340616&backend_model=search-backend&search_layout=grid&position=13&type=pad&tracking_id=10e29eca-3d1c-4676-8e37-92b92969e3ad&wid=MLB5462013472&sid=search,1,1,1k-2k,19.95
Smartphone Motorola Moto G05 256gb 4gb Ram Camera 50mp Vermelho,699,1199.0,4.9,Motorola,Chegará grátis amanhã,42,https://click1.mercadolivre.com.br/mclics/clicks/external/MLB/count?a=xewRpxFNpmu8Xi2YAuSdp6PTyXZ3ZK0oZrtfcZoY42gGSPSFOYV%2FklZFl%2B%2BsibDArkblG%2FFQtwacgz6PWJfUohiCO3SqLEoxnGrMOyTORDbNb0mNkZc9O3etKmWJ3d917zQuVXiDS2PfKAbjNUdf5TOYTZevioiqh0JIcagCXMIfQpDAO98EHrtZgW5FuFhqtHfQkhVKi%2FiZ8t4QdYdaJ94mNHVR%2BdvSvX%2F6Rhg3kJTQ%2BQ7sfyDaW4ESjh6bqGYVCtT32wjTDMekuuAyqT%2FnROcwWYjLNpOBKdAVUvXIBAV7uxLHLP2GDSF0KUH9wf78Y8l55ljtbFmAwCQYdQEMef9lkdU9Usss3UghOeYBrq5%2BFQuMXCN99S5CTStVRUVW3rSx7I2rO0H6IJXzwgYqpFFJl%2BtmUXXVXJabPnVDndgi9JDej6kQe9x41vYaF3wOizCpUfiQgk%2B7UQljBr1lrBc7X4JCyIZztuoK678LlUrN14bItcJD5zZ4KQbuKgeys1jg4bQAdiv%2B5V3qb%2BsO0%2FoF6ivH39BbHSpB5AcyC3WSKkYIYBp3vIXdGQmoncBcPV7oXGG1JI35pJf0yvidwpvDWfePf6BcNYBgvuMiih4tR9kd5YlljdPPSjZXdQ0ZNHb5qUZgct59HHkPzvQAw01heUY7zN6erZSQ7ohwmsnBBFL1M01DNeLoc8F9v7GkuQI6d6odMd8JQ%2FU0KwGzCa5eP9L3POVhetHJ9MH%2BBWItf1vxTCkU2CGbTjEkZxjOIkWJwoXU4CkraWvw2mMCKwLmDNFxyl%2BltIrWmdXfaysWA1gAamiWXyuIZp06mx1DOCAYXloBwVM7umO8Te0ic3bJKjzT29pmlNJRhM6WadZLALBigIIYoGLEQd%2Bokp4Q74e11ziUG%2BcOn6wyg%2BgK5DgTZZMsC6D9j62hDRv3plfJ1ZBxHzHRGzSszQvp5CRE%2BS32h5Y%3D#polycard_client=search-desktop&is_advertising=true&searchVariation=MLB58493174&backend_model=search-backend&search_layout=grid&position=14&type=pad&tracking_id=10e29eca-3d1c-4676-8e37-92b92969e3ad&wid=MLB5774641722&sid=search,1,1,500-1k,25.05
Smartphone Motorola Moto G56 5g - 256gb 16gb (8gb Ram+8gb Ram Boost) Camera 50mp Sony Lytia 600 Ultrarresistencia Militar e Ip68 + Ip69 - Cinza,1598,1999.0,4.9,Motorola,Chegará grátis amanhã,20,https://click1.mercadolivre.com.br/mclics/clicks/external/MLB/count?a=BYRpaQzr2GCbs3YZs9wKxcceUocoeUCsi59b%2BJkXWrg0lU3ROfTu7KKPcFRqy1cpq6YkkqioZxz%2BO6R28bpC%2BQ2NmvPENF70JTd2w7zGgFHvzlNcqzuNilV0xzRQbCmK%2FhlobTbHbXeJm6wvog4WCam0iiUb0mnr7tiOxdSGbNNwbKig3Und2jkeDuXbvaN6j6c68I11e4f5M0BmYV1cwGg2Bq9UWMfkovZxheUyFSFBaL%2BvH0TZy%2F%2BF8VdHIknD%2BwZHNZ8tsShs7pWbyJjdefceiu2sfE6hCeXXoEieKBTvXApceQMDnbIi1%2FoBpzyWwTH%2BHuBvPavGw2OEE06j2lldT7qltwEr1O0ZGh2du%2BnogfMggKaZxIManujm5rTYOxweCplf4Jf80oJwIFpuDzsJ5CRndOe4kPJOf54PoEDiFmBUe69YPXvHi9z1M7gnqfYjgl8cFFIskP4LGGQXYNw6UNAQAhPSnfv01LyQQ6TLvPpQJxweFeYltIG3gtzO6NrJ4peYjJ7C5pAHUvLV4I1fUFMh%2BP%2Bu%2FRU0l4DkKHH2sw0I9Ho6NlH1jSpu%2B2ZXEYq%2Bvb3%2FEJDMIi54A8pkPJbUtYGicJFZ4RrMcs%2B261%2FkxyGbFpZoFzDhuYuBNZCR4PSsCAYVvdwLr%2F6US%2B%2F4%2BO8kPQUWRL%2BrnBnR14pJkr2xURVORD0lPYJcipZ2Va6CZjHzIsa7Ef2ezxXYeuMfc%2FGHN%2BrknfX%2FBSLxNVxGaZ96KuDkHT52WG1Ac3OxnTvNfYgaRCSsX9MX42oIcO0DYnDj9YGqnziah6gFJHH%2F5xPp3Lw2vbbDfra2ajuQj7zU39vHRzTGeBktXmhUUEq%2Bn1m0opIrrqDZvK%2FP%2FGYmI%2BEtUEiazCtQNxuXGvs%2FtLKOHwLV%2B%2Bo0WwawmalJ7BVC3WZN5ElHrF4de4upd2bM5JUO0UF%2FPyyh7nvTzYqMO2R%2FT2xGnQP59VJOCCLliILBs0usjElNtC%2Bd2vLzB3mEL6tS43Mj5E70YZ%2B2CGKYs%2F1Becye%2BIkTT2YkDcJd%2BrpCDbU28x9B1Oj4F2Dgtg%3D%3D#polycard_client=search-desktop&is_advertising=true&searchVariation=MLB50301060&backend_model=search-backend&search_layout=grid&position=15&type=pad&tracking_id=10e29eca-3d1c-4676-8e37-92b92969e3ad&wid=MLB5402372302&sid=search,1,1,1k-2k,18.45
"Smartphone Motorola Moto G67 5g - 128gb 12gb (4gb Ram + 8gb Ram Boost) Camera 50mp Sony Lytia 600, Tela 1.5k Extreme Amoled 120hz, Ultrarresistente - Chumbo",1529,1899.0,4.8,Motorola,Chegará grátis amanhã,19,https://click1.mercadolivre.com.br/mclics/clicks/external/MLB/count?a=xw5B3GZzJLaiBFp01qvl7%2FR77QfaZBj8gAHiNdDP%2FbLA7GQNHk%2BXOBtHIvDJHbyCNH%2B1tVKxq8zPTUaksDUEil6z4%2B2JWYJti%2B1Ej8Ak6apEzc8Spad09K7qi4UUFZK0xAQniQqun4Si19DAOg6cqwF2Yfw4mfOpfU81uOnbx9q4JHepBjNvpdK1gAGf7JpPc3Uw2Dwfh%2BXC3QUk2LAI9OrH8cYQx%2BZfNer7Ts5OR%2BfPrnfIXG33ZP2QOMJ3AX49zheneyeoZ2t0dU8nVHkB6ydTeqo0qCq4UD71WBWZOWWTQPJ0Bwijfntqy6eYwsLwL7n2Baf3K4es7ZV%2Bpdck25qdMIKnf%2FIDOoMhybUyruHcq%2FISqAXBVWshNS%2Fkrw2IJTaO%2BFXwMcs0ImtiadfvFedol6d%2FZCyBH2JoO2HCiHG2v4Zx%2FJAr2Gm8JaDhwzb%2F5jmPwzXRUthLPgUD65UbTbq4eHzUxw94bCj9HqCibCrjMvIthb82BIlfJ52XcX6LLPOJgy0MsmmApml78eLbv5yksqenJThGS5mVOCmYNqilIPNaLfBxV%2FxKR6myVoqAiI6IrN2RyVWjwOLFyi8o1RXj9ZJIT8J3SX64Nsxh5T31HKr%2F9gvWVkYwq%2FsmsLjmwEKlWC%2Fd5TjaFsVyomnhOl5n5HDwNWjCAdQykRxHif3MhQHIfrsB8vWMBWLnyqks9VKrIipzxuuiQqX%2F39OLm9NqRu3NCq71jmvAgJ6cVO8XaBsuJN8k9Efsg90b08AmKdF8i4EcznaYhXSijQX8G7aY3Zpye5ss2Ht5q6yjeu8cTIy8Ts08xvovHkiWdLoPgsgzOZN4HtmbAafLrWBKgkPmDPsJz%2BnRaMsOLVuD3Y6ke%2BOxrcCn8MT28ezWP%2FAZIdh%2BNs67Venh8dBFXqu7ANrMf8SbpXS0lOIY9kpIVEr5T3YMniSboX%2FKvolI0R9JuEfWIU%2BF6D1vNVHKuZDMujPzudAfOILgnwptAsTO%2Bum8isAHGFV%2B2VQ7cT9BJ5ulAWxqtlTgueBbyZ1aC3XxRxbXkGNKTcWO6Bu1lSicBddI6mmpNeGTkUs%3D#polycard_client=search-desktop&is_advertising=true&searchVariation=MLB65319818&backend_model=search-backend&search_layout=grid&position=16&type=pad&tracking_id=10e29eca-3d1c-4676-8e37-92b92969e3ad&wid=MLB6420538026&sid=search,1,1,1k-2k,18.1
Smartphone Motorola Moto G06 - 256gb 12gb (4gb Ram + 8gb Ram Boost) E Camera 50mp Com Ai Bateria De 5200 Mah Tela 6.9 - Bege,723,1349.0,4.9,Motorola,Chegará grátis amanhã,46,https://www.mercadolivre.com.br/smartphone-motorola-moto-g06-256gb-12gb-4gb-ram-8gb-ram-boost-e-camera-50mp-com-ai-bateria-de-5200-mah-tela-69-bege/p/MLB55762063#polycard_client=search-desktop&search_layout=grid&position=17&type=product&tracking_id=10e29eca-3d1c-4676-8e37-92b92969e3ad&wid=MLB5765125576&sid=search,1,1,500-1k,26.25
Smartphone Motorola Edge 60 Pro 5g - 256gb 24gb (12gb Ram+12gb Ram Boost) Tela Quad-curve Moto Ai 50mp Sony Camera Ultrarresistencia Militar Ip68 + Ip69 - Azul,2694,4499.0,4.9,Motorola,Chegará grátis amanhã,40,https://www.mercadolivre.com.br/smartphone-motorola-edge-60-pro-5g-256gb-24gb-12gb-ram12gb-ram-boost-tela-quad-curve-moto-ai-50mp-sony-camera-ultrarresistencia-militar-ip68-ip69-azul/p/MLB49085450#polycard_client=search-desktop&search_layout=grid&position=18&type=product&tracking_id=10e29eca-3d1c-4676-8e37-92b92969e3ad&wid=MLB5382324466&sid=search,1,1,2k-5k,24.45
Smartphone Samsung Galaxy A36 5G 256GB 8GB RAM,1521,3299.0,4.9,Samsung,Chegará grátis amanhã,54,https://www.mercadolivre.com.br/smartphone-samsung-galaxy-a36-5g-256gb-8gb-ram/p/MLB47111905#polycard_client=search-desktop&search_layout=grid&position=19&type=product&tracking_id=10e29eca-3d1c-4676-8e37-92b92969e3ad&wid=MLB5317478858&sid=search,1,1,1k-2k,28.65
"Celular Samsung Galaxy A17 5g Com Ia, 256gb, 8gb Ram, Câm De 50mp, Tela De 6.7 , Nfc, Ip54 - Preto",1576,1899.0,4.9,Samsung,Chegará grátis amanhã,17,https://www.mercadolivre.com.br/celular-samsung-galaxy-a17-5g-com-ia-256gb-8gb-ram-cm-de-50mp-tela-de-67-nfc-ip54-preto/p/MLB54961455#polycard_client=search-desktop&search_layout=grid&position=20&type=product&tracking_id=10e29eca-3d1c-4676-8e37-92b92969e3ad&wid=MLB6574985998&sid=search,1,1,1k-2k,17.55
Celular Smartphone Realme C73 256gb 8gb Ram Dual Sim 120hz 6000mAh Violeta,1149,1999.0,4.8,Webfones,Chegará grátis amanhã,43,https://www.mercadolivre.com.br/celular-smartphone-realme-c73-256gb-8gb-ram-dual-sim-120hz-6000mah-violeta/p/MLB62258511#polycard_client=search-desktop&search_layout=grid&position=21&type=product&tracking_id=10e29eca-3d1c-4676-8e37-92b92969e3ad&wid=MLB4334411855&sid=search,1,1,1k-2k,25.3
"Celular Samsung Galaxy A26 5g 256gb, 8gb Ram, Câmera De 50mp, Ip67, Tela Super Amoled 6.7 , Nfc - Preto",1405,2167.0,4.8,123 Comprou,Chegará grátis amanhã,35,https://www.mercadolivre.com.br/celular-samsung-galaxy-a26-5g-256gb-8gb-ram-cmera-de-50mp-ip67-tela-super-amoled-67-nfc-preto/p/MLB47424244#polycard_client=search-desktop&search_layout=grid&position=22&type=product&tracking_id=10e29eca-3d1c-4676-8e37-92b92969e3ad&wid=MLB5474927460&sid=search,1,1,1k-2k,22.9
"Celular Samsung Galaxy A17 Com Ia, 128gb, 4gb Ram, Câm De 50mp, Tela De 6.7 , Nfc, Ip54 - Preto",899,1499.0,4.9,Samsung,Chegará grátis amanhã,40,https://www.mercadolivre.com.br/celular-samsung-galaxy-a17-com-ia-128gb-4gb-ram-cm-de-50mp-tela-de-67-nfc-ip54-preto/p/MLB54987753#polycard_client=search-desktop&search_layout=grid&position=23&type=product&tracking_id=10e29eca-3d1c-4676-8e37-92b92969e3ad&wid=MLB4217306791&sid=search,1,1,500-1k,24.45
"Celular Samsung Galaxy S25 Fe 5g, 128gb, 8gb Ram, Câmera Tripla De 50+12+8, Tela Grande De 6.7 Jetblack",2868,4499.0,4.9,Samsung,Chegará grátis amanhã,36,https://www.mercadolivre.com.br/celular-samsung-galaxy-s25-fe-5g-128gb-8gb-ram-cmera-tripla-de-50128-tela-grande-de-67-jetblack/p/MLB61692896#polycard_client=search-desktop&search_layout=grid&position=24&type=product&tracking_id=10e29eca-3d1c-4676-8e37-92b92969e3ad&wid=MLB6087231690&sid=search,1,1,2k-5k,23.25
"Smartphone Motorola Moto G17 4g - 256gb 12gb (4gb Ram + 8gb Ram Boost) Camera 50mp Sony Lytia 600, Tela Fhd+ 60hz, Bateria 5200 Mah - Rosa",1078,1749.0,4.9,Motorola,Chegará grátis amanhã,38,https://click1.mercadolivre.com.br/mclics/clicks/external/MLB/count?a=1%2BT5D99p8cR%2BTmb%2Bo7x5rwgsR2h%2B1VXBIIcO15QViLVz7ozMcwOpdQZz2hEc5OLwsXe8Z3AZhVbs1hKy%2FjLjUEiP0f4icVJzlpGPqaVx2MqFww1HIQu69OIFn2WrRid2sCWsyMCK4udM80Vmuf1P2nOQoh4wnniKWT1Gt%2FRtu8Tc88lV4VrumpSHUcu4e%2BoT2sB2Jcp7vhzM%2Bbx6tuDKb18SZyGjILlyI6totDv1Hws0KZ7sQUxcVoGJC9FA4EEMelm6PPmREREtyZijXYA3Y3Dac5%2BOXl203%2BCFno0ZXRZldKrJcQRLZjKF%2F7MGUug237IXcGX4%2Ff01Ezciq9LFoUxMI2bvBWsZ7ExTljjlEI3PWzZ%2F9nnxabI3bzYGvZwqYr6SUzv9Jlq9kNavizvS1%2Fma1tEA8LFbc%2BJv3iVfHM%2BJvjFpYh4iXQlgXfdn3S8eeV2t3w5t7jmIh2TqabSz7NRUNMReNA%2FHFrIimOrs5BY4d6cgD%2F7456x9tfcSR8z8y7IcHRxQYLvmKywOTcjjwKtXYIZBT2PAbNCNN2CIJ8nD7AzsKA5c%2BLz28S2LT0Yq2BVB2USh5dwGZGbXORtyvRJmXoU4ePG4FpQIDtZ7qszLY0jK%2BlxjBwvwi%2F84YlptdOim%2BsQOyW0t0dNit%2Ft%2B6qkcNkdvtjUtwmd4pzPXujmrqCMvGQG9%2Bc5e9f9BGeNvBFN4fHTt3zKT7d%2BONDBSBA%2ByNCuZaUHW22eGAVgUwfAQVCleKH4nb9RKYyFvA8DBdjvsQ409BxU5r0QCt%2FM1iMLX2csq72FfI%2BoIv%2BvGR0cl8c1pW%2FY6fuK%2BDSagluc8gpgTwCVvLx7D3CCKF4tSt6QcN0xjqQPHZ39f87XMW%2F8G8%2FGDgbzvOw8EWU%2BForIluQ%2FneV%2BP6s85fmvg67qzYJ5aN7uxwCI9dr9JZHi%2FBn26I92bW7qq5LpbQEzK6m%2BjUGsbp%2BAALzbCz28MwWVlVd7lxCOGStkLZhpzQA6Vw59HewZCTRjsWsaR9l6P7i3XYdrGW4zIlbMSGvNv8tATu7KbXLKX#polycard_client=search-desktop&is_advertising=true&searchVariation=MLB65041664&backend_model=search-backend&search_layout=grid&position=25&type=pad&tracking_id=10e29eca-3d1c-4676-8e37-92b92969e3ad&wid=MLB4510840013&sid=search,1,1,1k-2k,23.85
Moto G15 Dual Sim 4gb Ram 128gb Azul Marino,699,1099.0,4.8,Motorola,Frete grátis,36,https://click1.mercadolivre.com.br/mclics/clicks/external/MLB/count?a=6iHV1jOLxsY3mc34%2FME7sApTm9L7zk7yAwj3sHlwnUfFaLCj1q2kS1bHIDMjNROa9Y90%2BqNQ6WOeFdMgRoedqFQxnktFzffvsjkQYwPn7Dj5UVoJU0R3EeIlYIOloh2nUGUFp3XGT67vPMode2ouUtXqyAaN3Q1cAtee3i06iQ0Mp3ZEsIYbWsJuPNkS%2BAgAxLiA2tyV6oi3K5u14vZgu%2BqAiuRRVuaCdrxlsubNoAZQEsZP%2B18fli2dBL421qMtYoZOGxlQweGlXLT5QzwCSfo3YbB1e5jPukYtt5KO0spwBCu0Zc8pzPDVorartMOTbHrlTlrAeHsZXlQH%2FjM7Dj7GPxcGLXEgsOa5pKwgF9sAUvgxoHiAPaXCwXELRwov9y6ELWE24U59Q%2Bht4MaUqTRDs%2B76tiS0JeBC5N5PTtoFtFmWswZMl6DhdJRsDTW%2FRTSuy9Uz0ChC8CdiFwyYn6Dfw9VidG72CeWgJurOV9ewCVPQDUo6sqwp4UzbW3b1tw9dY456SiX9rLQ65bm8O7IYa5BdsrVftGnoYEiUIE62VskD%2Fk%2BI5iu1o4zXwmKJZdc3ivHf8tgwpbQCmq%2F%2FsAunSwSzlvBmfIrT8itrQn5h5kWSPOFFXQSffeVg8lYITmiMpjJv8ivIGPV55uxkW7FH%2FWggGLtSKy%2B3WrRMJU2f20%2FFUwIpau9A%2BGUTsSLsWAnVAaNMHjbjzGnd2YV6qV2IbzA4ny3Uv1waO70x4bN3%2BZC5tPq3yEoxeZehCmmNkFzHDcyMGfLmJgTQek4uuefB%2B2l0xyNLKpH6EiuVcBlblyAsUx1YbJU2iq9NAuG%2FVcY6ihcT9DlVCIeij%2BglzMfUoJ1gw0UcKNV1B1gWrJKNLIPcu%2BTDMjDTcLX27SG56%2F9X6gWugco%2BCEKRbX1fIlhOhez5ztSMLHosLda71ogShw%3D%3D#polycard_client=search-desktop&is_advertising=true&searchVariation=MLB46056608&backend_model=search-backend&search_layout=grid&position=26&type=pad&tracking_id=10e29eca-3d1c-4676-8e37-92b92969e3ad&wid=MLB3975530813&sid=search,1,1,500-1k,23.2
"Smartphone Motorola Signature 5g - 512gb 24gb (12gb Ram + 12gb Ram Boost), 3 Cameras 50mp Sony Lytia E Zoom 100x, Tela 1.5k Extreme Amoled 165hz - Preto",7649,8999.0,4.8,Motorola,Chegará grátis amanhã,15,https://click1.mercadolivre.com.br/mclics/clicks/external/MLB/count?a=wvqNOyrdfWrUa1RTTMzzh6l6Vy%2B3DMto%2Bpo2B3JoL%2BwVSu9vxbs1vJQvjrgfnncn4u%2FMX%2BifCl%2FqIHx1TYNSgxbdq5vYe%2F9EIR7Vk9iTAkHUsUoluJ%2Ffnr9vnupIXA3Hf3YpagNAJ8P1ysRS22VmXFPZZIkckn4J5E5EGKhaoFjvrZSZyg%2FSmyVqjknGmBpYPOicqwlN59QJO9AUeZZeSLzCLGCAo%2BzLubgcUpAUqyITOeKBs5RGpOp5nDb%2B7JohEL%2BFmf9yNOOAU8DtY5w1kUvOrKaci364ZTBqLYGOIqfBwq3CPiGs%2FkwZ%2BWC%2Fb1KHNQKQmmY1UKbNRR6f9Hhse4EaczmoGBZtfdH7ExJNq7MlJ%2FKklvWk7CQ3alxs0QRXQGL457j7MzQrGemLiCYb%2Be26OD7INdXaT0P0dl%2B5gXGX%2Fd2dEMPQaJikRf%2F1pNnerr%2F3AoZ9yxnH0Gq4bEkdgfJnf%2BTSrKPYzEnRJZj8o3nsOjcKVmnVBLqSbWCT5JnLkdjXLQwDLJedpcDE4i%2B056cXXx3rD6%2BxM6REBwJrLS1bD5I6RwnTX5oQ49o4qm7vc4LXPnE90rtONH75DA2U3CCq5%2FpWpXL78IPZzfQVZzG5IFNtZN7R9gueZU643FPE6nA1t1P7EWCVc4XPygNsYrcyQ2uuzfuci2lnNOqA3n9yOXJNJuvc2aWT2HodBOMGQk7v2BHVgjOYQ881BeAyY%2Bo%2BqvKbA%2B9AhOw%2F7AFvoZMkXwm%2F3uQ5rpCi13KU%2FEP57rXpL4pQEYLcAPkUQK%2BEsP6xhax7PqDf6aD4HBbMjfvE6Alw5t3%2B2YT35%2F7AQe8utEmJsZNvFgeI%2BjUihj3hTNYcfWBIaPvNXIA49798zns5H5dcldDPMeCaiFtbcLuBqh9NjEPGCTQ8xcFCgSzF1jEonG%2BlNKcwcXi8lP8%2FYRoY5b4PstE9obpvtGqDOBRr%2FDy4WZJp3shq4cBH6uWE8TKT%2FrAQ5HHoSKsnhKqfTLZ4oPX3FCFA8PDzYA8HKQovfpC6cKS37BQbLHIjsU86z7lf%2BEr2W3hKr0lRe5MYOfvRphnhog%3D%3D#polycard_client=search-desktop&is_advertising=true&searchVariation=MLB65938141&backend_model=search-backend&search_layout=grid&position=27&type=pad&tracking_id=10e29eca-3d1c-4676-8e37-92b92969e3ad&wid=MLB6373850588&sid=search,1,1,5k-10k,16.9
Smartphone Motorola Edge 60 Fusion 5g - 256gb 16gb (8gb Ram+8gb Ram Boost) 50mp Sony Ai Camera Ip68 Nfc - Rosa,1939,3299.0,4.9,Motorola,Chegará grátis amanhã,41,https://click1.mercadolivre.com.br/mclics/clicks/external/MLB/count?a=GWtr8QnZ8asOtx%2BqkBtRtWNFmDzf2%2Fne4muWffrfdNlj%2BTmnRaOFEiVAfAgd%2BN2TZE0s9IG6d%2Bw7ayfDUXoxhc3ffW%2BSbvIgNzHs0msK0gGptUwaVRTWxFGdGmH6CkET7dwBRBwhIjnXfG0lOIKraEm%2BYQUxRrREnXcilsbuCY3Npxh4eHP6MfGLqIg6LEAypk1AvE%2Fm%2BBLEOtK8ycngPTq9PXpPkZ0hoEbP3pTxgTn5%2Be%2F%2BNqdPYkFgZbAo%2B3SrmxyfKpm6byqfSc2Gkx6V56nLck16vchSMx56%2BJzliMkI3KWlON7w2DLx8qdw%2Bj9RERkgsgWVspfc%2F4Dsl%2FjSqRCITMflEdYAeJ6XvSom%2F7EJW4KGRAKmSKIuRto3wqAJTrta9gb308IoZXI0Q%2B4SqxeZ13lhtTFWdT75uE3rX%2BOuOjaUSEVU1I6Vu99OGvM1ZlWV6C91aWlBude30%2FfgwX2ZzTBwLr412DtG6B5WRzVQ6lXhvPxPavfr1WC%2FdvMs0B0XLRa8OLqGaZ4Xm2AZD1zOEW%2Bcrm%2B31yPZf8cmXDuPGn3z2u2eqTgSVXAKPhxQnSGiUjO2qwdt6MKz1T0MFvRTpGU4agyEQlARU7iSuyEaTxEDf%2BkBESoRv8hlkcoUg1NnYVp5nfP%2FE9s7BECLiNoOjdHtU7s3sdUz7on9ey9dkpqslRKvRpeAsFQiE3I5FOpy7CaGzqKtYKTHgga79xcCST5Ab5989yFU7iBRdbmMKXMd04vsz2BItTZuBAmJ3j0jDduN6B4M50R8pfEh%2BJbLOqo%2FTuZzOX4JGqhI55GQQ1DV7%2BqlYFprIhHYm2JDZBSJH%2BSaL0dxmCzonnK%2Flv9%2BQy15lIs1fZWXuRkHDlCTOwzkdKuSNOpg8UgV%2B58b4%2BkFjJj1gIZ62DdyY7S7pmRypFYuqwUseajJbgvR4fwdnK64BGwoJloQHwU%2Bi7nR7G2W13OcrXLefNF4LGGrt%2BKwAqYGyuJ%2FhRw8MsyC6qW8bRr8ccPFhGNHCpTEkQs%3D#polycard_client=search-desktop&is_advertising=true&searchVariation=MLB47251829&backend_model=search-backend&search_layout=grid&position=28&type=pad&tracking_id=10e29eca-3d1c-4676-8e37-92b92969e3ad&wid=MLB4027318137&sid=search,1,1,1k-2k,24.75
Smartphone Motorola Moto G05 256gb 4gb Ram Camera 50mp Vermelho,699,1199.0,4.9,Motorola,Chegará grátis amanhã,42,https://www.mercadolivre.com.br/smartphone-motorola-moto-g05-256gb-4gb-ram-camera-50mp-vermelho/p/MLB58493174#polycard_client=search-desktop&search_layout=grid&position=29&type=product&tracking_id=10e29eca-3d1c-4676-8e37-92b92969e3ad&wid=MLB5774641722&sid=search,1,1,500-1k,25.05
iPhone 16e (128 GB) - Preto - Distribuidor Autorizado,3699,5799.0,4.9,Apple,Chegará grátis amanhã,36,https://www.mercadolivre.com.br/iphone-16e-128-gb-preto-distribuidor-autorizado/p/MLB1046215784#polycard_client=search-desktop&search_layout=grid&position=30&type=product&tracking_id=10e29eca-3d1c-4676-8e37-92b92969e3ad&wid=MLB3986439067&sid=search,1,1,2k-5k,23.25
Smartphone Motorola Edge 60 Neo 5G - 256GB 24GB (12GB RAM + 12GB Ram Boost) 50MP Sony Camera Moto AI e tela 1.5K Super HD - Latte,1799,3799.0,4.9,Motorola,Chegará grátis amanhã,53,https://www.mercadolivre.com.br/smartphone-motorola-edge-60-neo-5g-256gb-24gb-12gb-ram-12gb-ram-boost-50mp-sony-camera-moto-ai-e-tela-15k-super-hd-latte/p/MLB58684606#polycard_client=search-desktop&search_layout=grid&position=31&type=product&tracking_id=10e29eca-3d1c-4676-8e37-92b92969e3ad&wid=MLB4265763257&sid=search,1,1,1k-2k,28.349999999999998
"Samsung Galaxy S25 5G, 256GB, 12GB, Câmera Tripla - Azul claro",3898,5999.0,4.9,Samsung,Chegará grátis amanhã,35,https://www.mercadolivre.com.br/samsung-galaxy-s25-5g-256gb-12gb-cmera-tripla-azul-claro/p/MLB45513356#polycard_client=search-desktop&search_layout=grid&position=32&type=product&tracking_id=10e29eca-3d1c-4676-8e37-92b92969e3ad&wid=MLB5264376996&sid=search,1,1,2k-5k,22.95
"Smartphone Motorola Moto G86 5g - 256gb 24gb (8gb Ram+16gb Ram Boost) Tela 1.5k Poled, 50mp Sony Camera Ois Moto Ai, Videos Em 4k, Ip68 + Ip69 - Vermelho",1792,2399.0,4.9,Motorola,Chegará grátis amanhã,25,https://www.mercadolivre.com.br/smartphone-motorola-moto-g86-5g-256gb-24gb-8gb-ram16gb-ram-boost-tela-15k-poled-50mp-sony-camera-ois-moto-ai-videos-em-4k-ip68-ip69-vermelho/p/MLB51340616#polycard_client=search-desktop&search_layout=grid&position=33&type=product&tracking_id=10e29eca-3d1c-4676-8e37-92b92969e3ad&wid=MLB5462013472&sid=search,1,1,1k-2k,19.95
"Smartphone Infinix Note 50X 5G 8GB RAM 256GB De Armazenamento Tela 6,78"" Polegadas HD+ 120HZ Câmera 50MP + Selfie 8MP Bateria 5200mah NFC, DTS Áudio - Cor Cinza",1349,2267.0,4.8,123 Comprou,Chegará grátis amanhã,40,https://www.mercadolivre.com.br/smartphone-infinix-note-50x-5g-8gb-ram-256gb-de-armazenamento-tela-678-polegadas-hd-120hz-cmera-50mp-selfie-8mp-bateria-5200mah-nfc-dts-audio-cor-cinza/p/MLB61656785#polycard_client=search-desktop&search_layout=grid&position=34&type=product&tracking_id=10e29eca-3d1c-4676-8e37-92b92969e3ad&wid=MLB5957442486&sid=search,1,1,1k-2k,24.4
Smartphone Motorola Edge 60 5g - 512gb 24gb (12gb Ram+12gb Ram Boost) Tela Quad-curve Moto Ai 50mp Sony Camera Ultrarresistencia Militar Ip68 + Ip69 - Azul Marinho,2099,2799.0,4.9,Motorola,Não informado,25,https://www.mercadolivre.com.br/smartphone-motorola-edge-60-5g-512gb-24gb-12gb-ram12gb-ram-boost-tela-quad-curve-moto-ai-50mp-sony-camera-ultrarresistencia-militar-ip68-ip69-azul-marinho/p/MLB48930800#polycard_client=search-desktop&search_layout=grid&position=35&type=product&tracking_id=10e29eca-3d1c-4676-8e37-92b92969e3ad&wid=MLB5363845340&sid=search,1,0,2k-5k,9.95
Smartphone Motorola Moto G35 5g 256gb 12gb Ram Boost Coral,945,2000.0,4.8,Desconhecida,Não informado,53,https://www.mercadolivre.com.br/smartphone-motorola-moto-g35-5g-256gb-12gb-ram-boost-coral/p/MLB63092926#polycard_client=search-desktop&search_layout=grid&position=36&type=product&tracking_id=10e29eca-3d1c-4676-8e37-92b92969e3ad&wid=MLB6228408744&sid=search,1,0,500-1k,18.299999999999997
Smartphone Motorola Moto G56 5g - 256gb 16gb (8gb Ram+8gb Ram Boost) Camera 50mp Sony Lytia 600 Ultrarresistencia Militar e Ip68 + Ip69 - Cinza,1598,1999.0,4.9,Motorola,Chegará grátis amanhã,20,https://www.mercadolivre.com.br/smartphone-motorola-moto-g56-5g-256gb-16gb-8gb-ram8gb-ram-boost-camera-50mp-sony-lytia-600-ultrarresistencia-militar-e-ip68-ip69-cinza/p/MLB50301060#polycard_client=search-desktop&search_layout=grid&position=37&type=product&tracking_id=10e29eca-3d1c-4676-8e37-92b92969e3ad&wid=MLB5402372302&sid=search,1,1,1k-2k,18.45
Apple iPhone 16 (256 GB) - Preto - Distribuidor Autorizado,5205,9538.0,4.9,Apple,Chegará grátis amanhã,45,https://www.mercadolivre.com.br/apple-iphone-16-256-gb-preto-distribuidor-autorizado/p/MLB1040287796#polycard_client=search-desktop&search_layout=grid&position=38&type=product&tracking_id=10e29eca-3d1c-4676-8e37-92b92969e3ad&wid=MLB3931272075&sid=search,1,1,5k-10k,25.95
"Smartphone OPPO A6t 128gb, 12gb Ram (4gb + 8gb Virtual Ram), Bateria Gigante de 6500mAh, Processador Snapdragon, Tela 120Hz, AI Câmera, IP64 - Violeta",899,1299.0,4.9,Oppo,Chegará grátis amanhã,31,https://www.mercadolivre.com.br/smartphone-oppo-a6t-128gb-12gb-ram-4gb-8gb-virtual-ram-bateria-gigante-de-6500mah-processador-snapdragon-tela-120hz-ai-cmera-ip64-violeta/p/MLB66130734#polycard_client=search-desktop&search_layout=grid&position=39&type=product&tracking_id=10e29eca-3d1c-4676-8e37-92b92969e3ad&wid=MLB4573343865&sid=search,1,1,500-1k,21.75
"Smartphone Xiaomi Redmi 15 8gb 256gb Tela 6,9 144hz, Bateria 7.000 Mah, 50 Mp Preto",1390,1390.0,4.8,Desconhecida,Chegará grátis amanhã,0,https://www.mercadolivre.com.br/smartphone-xiaomi-redmi-15-8gb-256gb-tela-69-144hz-bateria-7000-mah-50-mp-preto/p/MLB61511995#polycard_client=search-desktop&search_layout=grid&position=40&type=product&tracking_id=10e29eca-3d1c-4676-8e37-92b92969e3ad&wid=MLB4390450235&sid=search,0,1,1k-2k,12.4
Celular Samsung Galaxy A56 5g 128gb 8gb Ram Rosa,1998,3299.0,4.9,Samsung,Chegará grátis amanhã,39,https://www.mercadolivre.com.br/celular-samsung-galaxy-a56-5g-128gb-8gb-ram-rosa/p/MLB47106876#polycard_client=search-desktop&search_layout=grid&position=41&type=product&tracking_id=10e29eca-3d1c-4676-8e37-92b92969e3ad&wid=MLB4561879339&sid=search,1,1,1k-2k,24.15
Apple iPhone 15 (128 GB) - Azul - Distribuidor Autorizado,4499,7209.0,4.9,Apple,Chegará grátis amanhã,38,https://www.mercadolivre.com.br/apple-iphone-15-128-gb-azul-distribuidor-autorizado/p/MLB1027172667#polycard_client=search-desktop&search_layout=grid&position=42&type=product&tracking_id=10e29eca-3d1c-4676-8e37-92b92969e3ad&wid=MLB4408547152&sid=search,1,1,2k-5k,23.85
iPhone 17 Pro 256GB - Azul-profundo - Distribuidor Autorizado,9899,11499.0,4.9,Apple,Chegará grátis amanhã,14,https://www.mercadolivre.com.br/iphone-17-pro-256gb-azul-profundo-distribuidor-autorizado/p/MLB1055308781#polycard_client=search-desktop&search_layout=grid&position=43&type=product&tracking_id=10e29eca-3d1c-4676-8e37-92b92969e3ad&wid=MLB5687335472&sid=search,1,1,5k-10k,16.65
iPhone 17 256 GB - Sálvia - Distribuidor Autorizado,6297,7999.0,4.9,Apple,Chegará grátis amanhã,21,https://www.mercadolivre.com.br/iphone-17-256gb-salvia-distribuidor-autorizado/p/MLB1055308843#polycard_client=search-desktop&search_layout=grid&position=44&type=product&tracking_id=10e29eca-3d1c-4676-8e37-92b92969e3ad&wid=MLB6545162768&sid=search,1,1,5k-10k,18.75
Apple iPhone 16 (128 GB) - Preto - Distribuidor Autorizado,4986,7799.0,4.9,Apple,Chegará grátis amanhã,36,https://www.mercadolivre.com.br/apple-iphone-16-128-gb-preto-distribuidor-autorizado/p/MLB1040287808#polycard_client=search-desktop&search_layout=grid&position=45&type=product&tracking_id=10e29eca-3d1c-4676-8e37-92b92969e3ad&wid=MLB5120546360&sid=search,1,1,2k-5k,23.25
Smartphone Motorola Edge 60 Pro 5g - 512gb 24gb (12gb Ram+12gb Ram Boost) Tela Quad-curve Moto Ai 50mp Sony Camera Ultrarresistencia Militar Ip68 + Ip69 - Cinza,3059,5499.0,4.9,Motorola,Chegará grátis amanhã,44,https://www.mercadolivre.com.br/smartphone-motorola-edge-60-pro-5g-512gb-24gb-12gb-ram12gb-ram-boost-tela-quad-curve-moto-ai-50mp-sony-camera-ultrarresistencia-militar-ip68-ip69-cinza/p/MLB48998798#polycard_client=search-desktop&search_layout=grid&position=46&type=product&tracking_id=10e29eca-3d1c-4676-8e37-92b92969e3ad&wid=MLB5389690592&sid=search,1,1,2k-5k,25.65
"Tcl Smartphone 605 4g, Octa Core, 128gb 12gb Ram (4+8), 6.7 Hd+ 90hz, Nfc, Dual Sim, 50mp",649,799.0,4.7,Mercado Livre,Chegará grátis amanhã,19,https://www.mercadolivre.com.br/tcl-smartphone-605-4g-octa-core-128gb-12gb-ram-48-67-hd-90hz-nfc-dual-sim-50mp/p/MLB53155051#polycard_client=search-desktop&search_layout=grid&position=47&type=product&tracking_id=10e29eca-3d1c-4676-8e37-92b92969e3ad&wid=MLB6161225994&sid=search,1,1,500-1k,18.05
Apple iPhone 15 (256 GB) - Preto - Distribuidor Autorizado,4751,8095.0,4.9,Apple,Chegará grátis amanhã,41,https://www.mercadolivre.com.br/apple-iphone-15-256-gb-preto-distribuidor-autorizado/p/MLB1027172669#polycard_client=search-desktop&search_layout=grid&position=48&type=product&tracking_id=10e29eca-3d1c-4676-8e37-92b92969e3ad&wid=MLB3621184765&sid=search,1,1,2k-5k,24.75
Smartphone Motorola Edge 60 Fusion 5g - 256gb 16gb (8gb Ram+8gb Ram Boost) 50mp Sony Ai Camera Ip68 Nfc - Rosa,1939,3299.0,4.9,Motorola,Chegará grátis amanhã,41,https://www.mercadolivre.com.br/smartphone-motorola-edge-60-fusion-5g-256gb-16gb-8gb-ram8gb-ram-boost-50mp-sony-ai-camera-ip68-nfc-rosa/p/MLB47251829#polycard_client=search-desktop&search_layout=grid&position=49&type=product&tracking_id=10e29eca-3d1c-4676-8e37-92b92969e3ad&wid=MLB4027318137&sid=search,1,1,1k-2k,24.75
Smartphone Motorola Moto G15 256gb 12gb 4GB RAM 8GB RAM Boost Camera 50mp Verde,899,1499.0,4.8,Motorola,Chegará grátis amanhã,40,https://www.mercadolivre.com.br/smartphone-motorola-moto-g15-256gb-12gb-4gb-ram-8gb-ram-boost-camera-50mp-verde/p/MLB44665542#polycard_client=search-desktop&search_layout=grid&position=50&type=product&tracking_id=10e29eca-3d1c-4676-8e37-92b92969e3ad&wid=MLB5237351728&sid=search,1,1,500-1k,24.4
iPhone 17 Pro 512GB - Azul-profundo - Distribuidor Autorizado,11699,12999.0,4.9,Apple,Chegará grátis amanhã,10,https://www.mercadolivre.com.br/iphone-17-pro-512gb-azul-profundo-distribuidor-autorizado/p/MLB1055308802#polycard_client=search-desktop&search_layout=grid&position=51&type=product&tracking_id=10e29eca-3d1c-4676-8e37-92b92969e3ad&wid=MLB4200188179&sid=search,1,1,10k+,15.45
"Smartphone Motorola Signature 5g - 512gb 24gb (12gb Ram + 12gb Ram Boost), 3 Cameras 50mp Sony Lytia E Zoom 100x, Tela 1.5k Extreme Amoled 165hz - Preto",7649,8999.0,4.8,Motorola,Chegará grátis amanhã,15,https://www.mercadolivre.com.br/smartphone-motorola-signature-5g-512gb-24gb-12gb-ram-12gb-ram-boost-3-cameras-50mp-sony-lytia-e-zoom-100x-tela-15k-extreme-amoled-165hz-preto/p/MLB65938141#polycard_client=search-desktop&search_layout=grid&position=52&type=product&tracking_id=10e29eca-3d1c-4676-8e37-92b92969e3ad&wid=MLB6373850588&sid=search,1,1,5k-10k,16.9
"Smartphone Motorola Moto G17 4g - 256gb 12gb (4gb Ram + 8gb Ram Boost) Camera 50mp Sony Lytia 600, Tela Fhd+ 60hz, Bateria 5200 Mah - Rosa",1078,1749.0,4.9,Motorola,Chegará grátis amanhã,38,https://www.mercadolivre.com.br/smartphone-motorola-moto-g17-4g-256gb-12gb-4gb-ram-8gb-ram-boost-camera-50mp-sony-lytia-600-tela-fhd-60hz-bateria-5200-mah-rosa/p/MLB65041664#polycard_client=search-desktop&search_layout=grid&position=53&type=product&tracking_id=10e29eca-3d1c-4676-8e37-92b92969e3ad&wid=MLB4510840013&sid=search,1,1,1k-2k,23.85
Smartphone Oppo A6 Pro 256gb 8gb Ram 5g Ip69 Azul Espacial,2999,3199.0,4.9,Oppo,Chegará grátis amanhã,6,https://www.mercadolivre.com.br/smartphone-oppo-a6-pro-256gb-8gb-ram-5g-ip69-azul-espacial/p/MLB66177449#polycard_client=search-desktop&search_layout=grid&position=54&type=product&tracking_id=10e29eca-3d1c-4676-8e37-92b92969e3ad&wid=MLB4536941689&sid=search,1,1,2k-5k,14.25
iPhone 17e 256GB Preto - Distribuidor Autorizado,5219,5799.0,4.9,Apple,Chegará grátis amanhã,10,https://www.mercadolivre.com.br/iphone-17e-256gb-preto-distribuidor-autorizado/p/MLB1066130044#polycard_client=search-desktop&search_layout=grid&position=55&type=product&tracking_id=10e29eca-3d1c-4676-8e37-92b92969e3ad&wid=MLB6402322328&sid=search,1,1,5k-10k,15.45
Smartphone Samsung Galaxy A56 5g 6.7 Pol Octa-core 256gb 8gb,1998,3699.0,4.9,Samsung,Chegará grátis amanhã,46,https://www.mercadolivre.com.br/smartphone-samsung-galaxy-a56-5g-67-pol-octa-core-256gb-8gb/p/MLB65302568#polycard_client=search-desktop&search_layout=grid&position=56&type=product&tracking_id=10e29eca-3d1c-4676-8e37-92b92969e3ad&wid=MLB4609819131&sid=search,1,1,1k-2k,26.25
"Smartphone Motorola Moto G17 4g - 128gb 12gb (4gb Ram + 8gb Ram Boost) Camera 50mp Sony Lytia 600, Tela Fhd+ 60hz, Bateria 5200 Mah - Azul",899,1299.0,4.9,Motorola,Chegará grátis amanhã,31,https://www.mercadolivre.com.br/smartphone-motorola-moto-g17-4g-128gb-12gb-4gb-ram-8gb-ram-boost-camera-50mp-sony-lytia-600-tela-fhd-60hz-bateria-5200-mah-azul/p/MLB65041642#polycard_client=search-desktop&search_layout=grid&position=57&type=product&tracking_id=10e29eca-3d1c-4676-8e37-92b92969e3ad&wid=MLB6420215012&sid=search,1,1,500-1k,21.75
"Smartphone Infinix Smart 10 4GB RAM 256GB SSD Câmera 8MP + IA, Tela 6.67 HD+ 120Hz, Bateria 5000mAh, Processador T7250, Android 15 Go, Dual Chip - Preto",670,1458.0,4.8,123 Comprou,Chegará grátis amanhã,54,https://www.mercadolivre.com.br/smartphone-infinix-smart-10-4gb-ram-256gb-ssd-cmera-8mp-ia-tela-667-hd-120hz-bateria-5000mah-processador-t7250-android-15-go-dual-chip-preto/p/MLB56327005#polycard_client=search-desktop&search_layout=grid&position=58&type=product&tracking_id=10e29eca-3d1c-4676-8e37-92b92969e3ad&wid=MLB5751262142&sid=search,1,1,500-1k,28.599999999999998
Kit Samsung: Celular Galaxy A17 256gb 8gb Ram 50mp 6.7 Nfc Ip54 Preto + Galaxy Buds Core Branco,1431,1698.0,4.9,Samsung,Frete grátis,16,https://www.mercadolivre.com.br/kit-samsung-celular-galaxy-a17-256gb-8gb-ram-50mp-67-nfc-ip54-preto--galaxy-buds-core-branco/up/MLBU3605578150#polycard_client=search-desktop&search_layout=grid&position=59&type=product&tracking_id=10e29eca-3d1c-4676-8e37-92b92969e3ad&wid=MLB5957929002&sid=search,1,1,1k-2k,17.25
Smartphone OPPO A5 256GB 6GB RAM Branco,1169,1499.0,4.8,Oppo,Chegará grátis amanhã,22,https://www.mercadolivre.com.br/smartphone-oppo-a5-256gb-6gb-ram-branco/p/MLB51680761#polycard_client=search-desktop&search_layout=grid&position=60&type=product&tracking_id=10e29eca-3d1c-4676-8e37-92b92969e3ad&wid=MLB5745515116&sid=search,1,1,1k-2k,19.0
"Smartphone Motorola Moto G17 4g - 256gb 12gb (4gb Ram + 8gb Ram Boost) Camera 50mp Sony Lytia 600, Tela Fhd+ 60hz, Bateria 5200 Mah - Rosa",1078,1749.0,4.9,Motorola,Chegará grátis amanhã,38,https://click1.mercadolivre.com.br/mclics/clicks/external/MLB/count?a=qlTyi0d3lN3uIZf%2Ftcc28pF4LNzvGgPJyyFPuzQr1TV9rmQVpOzcdZdseSskSptnCjrbpN5kh0a02ASIwwmvH78mcTr%2Fthl282zU98sjExQue%2FtTeudkW%2F1aniKeqvO9bnTMDkacb6YXYceUbAEi3O92l1U%2FqsuTtx7nQxh2SKKoNk7R8Jr%2Fat6G%2FALgmZ%2FwXDqiy5%2FUISxvq23N5xP0xvC8q275MLazhrbh7Q2t7l%2F1Abwmxs5VSgRT1YNIdvevZgA4t0mCYgr8BjEWH7tPqGek3FTjt8BciTPpc3KZp%2F2KMJLuOSfE4ofUmdzwbRItIb7V6X8JxiT4nb4OsOWLrvZugBSRKvPszb0lwiub9QjNoh4rdgts0vfjZAqhTS8UAqaOTpia27WsJcxDpEFaymzlCQ4RGr2l6G%2Btasy64vjCRrDsKeOjT%2B8QJkAo8FuJ7y6A0rF3m9LAPso3nk%2B6VpdvbzejjX%2FKPSQOIqL8gNYNE%2FVRbTqrVm5Nc%2BJU%2Bm6pKMUUDarZDwnYycf%2BQgsTQ%2B0u21eDad61AHWzDwdScN2aEBw8TGjaJtbKcGiAZFkNcGZX0AkAOjPo70s1DQsTRqubUkTvp65QJEqX7FAaaPKbZBJVDuJq44ANYwMpzMhs8Rgdl%2F5AAC30fwZlOAOP2UMdRdgPNF9Psfu1DB0%2FyiXPkees6IdxFzy5CrC9Zaf69zeqaG86ZyEGR8Dt%2BQYaQzf7SRncbl%2BusgcacWKwVbGqBXsDFGYCsdH7dx8HJXlrOT55%2BHw0Spm%2FaxKrnuS%2F44afmFjagZqoWaurzc8nd3IoAFIGtbpOXhyO7N3dA9OUsYADZbzHAKLpbcqXq0tQlIuVU2K2K9lhAjIHuMIdsKd%2FmDMM6PO4s31LnqPjVZif41r4XsRz%2FY%2FB65p0m%2B3uB%2FeIywzO7eV0hrvZnsvVFRs4HxpSogBqlroHju%2BH8xo1Wz8iAcvQWJxkXbA2rGWqzDedAE9GJ4bk2t6%2FVAtvYotld5JZCkbcrhOforZRUA4sSll1cXo%2B1fBfDyz0xHPK4FHu31I%3D#polycard_client=search-desktop&is_advertising=true&searchVariation=MLB65041664&backend_model=search-backend&search_layout=grid&position=1&type=pad&tracking_id=c17e8a72-93bb-4b86-9df5-c261a9f4da65&wid=MLB4510840013&sid=search,1,1,1k-2k,23.85
Smartphone Motorola Moto G06 - 256gb 12gb (4gb Ram + 8gb Ram Boost) E Camera 50mp Com Ai Bateria De 5200 Mah Tela 6.9 - Bege,723,1349.0,4.9,Motorola,Chegará grátis amanhã,46,https://click1.mercadolivre.com.br/mclics/clicks/external/MLB/count?a=xKzhR6ahK%2BzQb9wEKB%2FlGW1TWlfz%2FgnQ6XQfFHH2Jmf24ms3oVeTWGxdk0w5qnkzoQPM%2B9fC8sEjz7REIo2UZj4%2BULpuvQzQKgIKz1fkzuKm06zccvBCJj9DboNDZr7wzsvkBGZkBcYvBIiPCeORvW58dhT4l1tnXqPdneeGNM%2BW%2Fi78Wi7YTIQU3PiGAivVVS%2FcShZIxgvHtJgAN979EJ3A0b2wH7iqcrp%2BLIfZmJ49IHOdc3ShYGrDbb9a8vdCDHBAqsPnRwRbRTTJPzkgH26y1%2Bx2OtN3oFx9tYRbC356IyKBJFP0WFIPegUjWU4ta3QEfl6oClh1TPatEk8VqKGKdFTffYuxUWbNRdkjN1fJPslwZsaIfcIQIMOl7c02LVcwnVA81knCY2k3ToUtrmKZvOxkybw0sVxEwO%2FnQZMQkcHi3bZ8mekAectfOSbw0OxqneFvX85iK3%2BQ9Vz1PYQ35%2BIJ2fh3bY1T%2BBYEZzB4iZLuLGbI5yyWHcTkVTBUwpqLE8eMZinCcew%2FEcR1qIql%2FwSKkakJ5CrJwI33vUVpKnWCgFJQKUmXoMeEmWACxy20eZkwPL0n9Gtoe7UHSiG1WwhFkQtRqN7KfSYghTvqXdpuqo1eHQqa7xT8ItvlvmKAB72zw9PN2oBI5f2Ea8SSe43HSrLVch6AFM%2FKqUM3vot2QKEASL8PuQnO2TnnJDaxnlVV%2B5mPH5UQvnGtdf2PHQZI0hGlqNdUvsoDaxkk1r7nl1kFSLqYMfE%2B4zuhe3tHUPAHDWoY0VfTbwGEkAvhwRI2mcF%2BZjARg%2F0ZUqfLYoo2%2FwfSAOj4eiSqvNA%2BUiZ76xKr1xI7otupgEjHBUqZq0y6hmS6Gb3lCJzZwKu6YKPa22NAv0nhilf%2BESwh1zMMzoMTPOKhpFJljXsZl%2FIwR2fwupwvLmVyOb00ayXo7hp5aE22twWpwVCmO8iEjnzAxM8BpY2mnHrPtdu1CXcM4kq81wIf1bmwzeGM%2BWFPOH6Q1uR7kOcwFZ%2BK9xjpdonzuwKKyyA%3D#polycard_client=search-desktop&is_advertising=true&searchVariation=MLB55762063&backend_model=search-backend&search_layout=grid&position=2&type=pad&tracking_id=c17e8a72-93bb-4b86-9df5-c261a9f4da65&wid=MLB5765125576&sid=search,1,1,500-1k,26.25
Smartphone Motorola Moto G15 256gb 12gb 4GB RAM 8GB RAM Boost Camera 50mp Verde,899,1499.0,4.8,Motorola,Chegará grátis amanhã,40,https://click1.mercadolivre.com.br/mclics/clicks/external/MLB/count?a=JH3dAvCg3Gm7PgpiEgmHPcxOf6EYJmk364JWOVloSZact0X3yQZMKBC6IvPjfUo2Bfv%2BjpSqNVN52LAKXyiF771pgTlc9gyx05qE8Y658%2B7%2Fy3aSjt%2FvYSt%2B5wwzB5ArRV9PbQ1LiGWo0FEDBpLa7qRXVGAJSal2U0cQadewxsrJg1HkpT6I%2FASnZvstGGeWIPTbRiOd%2FTFHxEtltm1s1iWlI0rXBfZFGAAKpMmZ3WJQK%2FSRHKI2rIFaVbh4va2jDSoMtzkC%2BIGNagFjAKGe20%2B37RaukRJf1kG%2F8nerHsmdvfRnIcqHOGrKjG%2F1DRqmClJSEG43G7tmEIFVMgPFWQTV9iYVKYdmNuDPrp71gQJE%2BrP4SBL9bCyGs5mDg%2FbAyF5yNVgT1UGsN1gorJvmT9RUR2QIsSKxS5TV771b7BslPfMipuUqPMVjVluDBbMm1pKdmkSLIy37GS06dhmVIG%2FO5ROXIpoxMn8XVFC8Y2a%2Bb2jNy4q12ILyOXj%2FuhUThLgFYfDrsBQFaK4hVTEfYzA%2FcxuDZkB9ZxmFFX2i1JfDhcKsHCRIJfj7mcoeAUtUAnJfU%2BYqzaQCknFFpSd3O4M9envxHomqXVnenwuMLpMXdDo1PYoeFzJgunffV1jlEy8%2BZY2Ohqdv4N9VReJf102EwxUC%2Fsb6gYws55fyfmdGQYLcORxsNBI0NOnJPABS7Tpnm6HS8D6%2FaSGXiOe1RTDpA%2Bu63TqH7UJvp1mzG6lFSjt7uTMuxPRdt6aoxwOFdCKXp%2BRyqZMCjY16y3u5YPwI1yCp9QicfgYUA6Xpim2crUmzr9q6EHX8tZ8aziQ7x%2Bg3LLj1MSF%2BhmgaNfAsRMg3o7exuzt2gHKCVYfJm%2FL%2FjCjwztX2KWLgMW19ejzYVfA3mbFzPbZBJSNsioDVFdmURqOufhoFBtzXh08WGj%2BdUCktVJq2jxv8Z%2FyHfRsK%2BHSfbpolelf8JH56TVZguo2RAqM%3D#polycard_client=search-desktop&is_advertising=true&searchVariation=MLB44665542&backend_model=search-backend&search_layout=grid&position=3&type=pad&tracking_id=c17e8a72-93bb-4b86-9df5-c261a9f4da65&wid=MLB5237351728&sid=search,1,1,500-1k,24.4
"Smartphone Motorola Moto G86 5g - 256gb 24gb (8gb Ram+16gb Ram Boost) Tela 1.5k Poled, 50mp Sony Camera Ois Moto Ai, Videos Em 4k, Ip68 + Ip69 - Vermelho",1792,2399.0,4.9,Motorola,Chegará grátis amanhã,25,https://click1.mercadolivre.com.br/mclics/clicks/external/MLB/count?a=AJ9fZJ8N2%2BrNcr7hnNUgnNAe2hlL%2BnNWHJknusiQIcMoi4hjUIXtMhCKVdGSpy5%2BjFYbOJFjBNvlxfNhVaF2vtxrlM2mmHnK%2FjwB%2FluazH2vv2R127JWjW4gfag7QfXUeHN71k7Fto8CST3Vib50gbPZ5PEaZts2nFMxfC8frJXXjXo8zsagpO78HLeZ8sNnQspLHQW6KPxYtubFOCj7daH3%2BXHW9MImyd5PTGOibAm2%2BWOBNigyam0zuxeFOljihKY9QgxShs51o5FoRGZK70%2F%2FmZKO1oAX2SSNPercejZD6XuMHDCrTdepA7ZRlQYwyeUdChMIzFPiGYI4lWUbJvaGpkzrrFkFBYh6k15ieKhDQaIxQmqbLwCx8wWaSGcz5MNWZSg32CQ7Mujm8bQNXzXtB9UMJrrt2Eb%2FL6QG9OoI%2Bl%2FDbouV5x8z6gx6nVzNl2Y9A0cd17MI4d%2FQy%2FUrre10zii9gfeXNfOlmlokE%2BmUoqlHXv8HzeFl0P5lzNazF3UkC7MtiaH%2BC9LxzPmJTi6V8PxyPe0bldtT8aXs78OWFu78tdwPJfMajMKk1Wq4ybBkAM3kR0jDaqlkPzFAPhAPX9cDeOGCT9iRVWlAQFemm2G8X1DnAevRY%2FqCmtTW2siqVnoQzmwHDHIiryI4fdEz%2Be6xvNIjowxGzur3w8enWeuODEA1Jp3nlzuzwY2W%2FSFCJnY6m1%2BTMPzAb8fnkkNXPTnYByNPdLa%2FgRQKMo13MV3sHeyGcaTEoHo0MzTIloDuIX4rVhmJvrH4USkUm763iXOIT%2FPWGSbAlpcfdkEd5UdZy%2FMowR3CH4XoY%2BTKC2j%2F9%2BVK1RP9P87%2FQ8bbkiw1Xgs0sM5T4qy7RYN02i7IsHJkdD%2FjgzaOdqECXcI5hH%2BpwVU7Ad5RY4Uaq3yCh6UCvtD3yue3p%2F2dixrze7oNPM3aoiB93aER06gNyfJlXy78oDZHcrRdQ%2F%2Bry5%2Bmokb1vqojMoe1Y9oQk5ToMs5n%2FAmZY1kzhwCwUYvGr2LsWB9%2FRgE5Y84BeuxEA0gZ7G1iy9xwm8N5UyDmKfOVzmVb#polycard_client=search-desktop&is_advertising=true&searchVariation=MLB51340616&backend_model=search-backend&search_layout=grid&position=4&type=pad&tracking_id=c17e8a72-93bb-4b86-9df5-c261a9f4da65&wid=MLB5462013472&sid=search,1,1,1k-2k,19.95
Celular Samsung Galaxy A56 5g 256gb 8gb Ram Cinza,1998,3699.0,4.9,Samsung,Chegará grátis amanhã,46,https://www.mercadolivre.com.br/celular-samsung-galaxy-a56-5g-256gb-8gb-ram-cinza/p/MLB47114363#polycard_client=search-desktop&search_layout=grid&position=5&type=product&tracking_id=c17e8a72-93bb-4b86-9df5-c261a9f4da65&wid=MLB5317821714&sid=search,1,1,1k-2k,26.25
Smartphone Samsung Galaxy A36 5g 128gb 6gb Ram Câmera Tripla De Até 50mp Selfie De 12mp Ip67 Super Amoled 6.7'' Nfc Recursos Ai Android E Segurança Snapdragon - Preto,1430,2815.0,4.9,Webfones,Chegará grátis amanhã,49,https://www.mercadolivre.com.br/smartphone-samsung-galaxy-a36-5g-128gb-6gb-ram-cmera-tripla-de-ate-50mp-selfie-de-12mp-ip67-super-amoled-67-nfc-recursos-ai-android-e-seguranca-snapdragon-preto/p/MLB47115842#polycard_client=search-desktop&search_layout=grid&position=6&type=product&tracking_id=c17e8a72-93bb-4b86-9df5-c261a9f4da65&wid=MLB6410679768&sid=search,1,1,1k-2k,27.15
Xiaomi Redmi 14c 4G 256 GB 8 GB RAM dual sim cor preto,832,832.0,4.6,Desconhecida,Não informado,0,https://www.mercadolivre.com.br/xiaomi-redmi-14c-4g-256-gb-8-gb-ram-dual-sim-cor-preto/p/MLB41287578#polycard_client=search-desktop&search_layout=grid&position=7&type=product&tracking_id=c17e8a72-93bb-4b86-9df5-c261a9f4da65&wid=MLB6245801058&sid=search,0,0,500-1k,2.3
Smartphone Motorola Moto G06 - 128gb 12gb (4gb Ram + 8gb Ram Boost) E Camera 50mp Com Ai Bateria De 5200 Mah Tela 6.9,661,999.0,4.9,Desconhecida,Chegará grátis amanhã,34,https://www.mercadolivre.com.br/smartphone-motorola-moto-g06-128gb-12gb-4gb-ram-8gb-ram-boost-e-camera-50mp-com-ai-bateria-de-5200-mah-tela-69/p/MLB61381499#polycard_client=search-desktop&search_layout=grid&position=8&type=product&tracking_id=c17e8a72-93bb-4b86-9df5-c261a9f4da65&wid=MLB4515672567&sid=search,1,1,500-1k,22.65
"Celular Samsung Galaxy A07 128gb, 4gb, Câmera 50mp, Tela 6.7 , Proteção Ip54, Processador 6nm - Preto",599,899.0,4.9,Samsung,Chegará grátis amanhã,33,https://www.mercadolivre.com.br/celular-samsung-galaxy-a07-128gb-4gb-cmera-50mp-tela-67-proteco-ip54-processador-6nm-preto/p/MLB55034955#polycard_client=search-desktop&search_layout=grid&position=9&type=product&tracking_id=c17e8a72-93bb-4b86-9df5-c261a9f4da65&wid=MLB5859349564&sid=search,1,1,500-1k,22.35
Samsung Galaxy A06 5g Dual Sim 128gb preto,719,989.0,4.8,Vikings,Chegará grátis amanhã,27,https://www.mercadolivre.com.br/samsung-galaxy-a06-5g-dual-sim-128gb-preto/p/MLB48946861#polycard_client=search-desktop&search_layout=grid&position=10&type=product&tracking_id=c17e8a72-93bb-4b86-9df5-c261a9f4da65&wid=MLB6433836010&sid=search,1,1,500-1k,20.5
"Celular Samsung Galaxy A17 Com Ia, 256gb, 8gb Ram, Câm De 50mp, Tela De 6.7 , Nfc, Ip54 - Preto",1259,1399.0,4.9,Samsung,Chegará grátis amanhã,10,https://www.mercadolivre.com.br/celular-samsung-galaxy-a17-com-ia-256gb-8gb-ram-cm-de-50mp-tela-de-67-nfc-ip54-preto/p/MLB55254425#polycard_client=search-desktop&search_layout=grid&position=11&type=product&tracking_id=c17e8a72-93bb-4b86-9df5-c261a9f4da65&wid=MLB4583723537&sid=search,1,1,1k-2k,15.45
"Celular Samsung Galaxy A07 256gb, 8gb, Câmera 50mp, Tela 6.7 , Proteção Ip54, Processador 6nm - Violeta",852,1399.0,4.9,123 Comprou,Chegará grátis amanhã,39,https://www.mercadolivre.com.br/celular-samsung-galaxy-a07-256gb-8gb-cmera-50mp-tela-67-proteco-ip54-processador-6nm-violeta/p/MLB54964804#polycard_client=search-desktop&search_layout=grid&position=12&type=product&tracking_id=c17e8a72-93bb-4b86-9df5-c261a9f4da65&wid=MLB4277746349&sid=search,1,1,500-1k,24.15
Smartphone Motorola Moto G05 256gb 4gb Ram Camera 50mp Vermelho,699,1199.0,4.9,Motorola,Chegará grátis amanhã,42,https://click1.mercadolivre.com.br/mclics/clicks/external/MLB/count?a=i6yCnw7CxJX%2BCTHqGsvJShbsD%2BmAvb%2BtIe9OH%2FlquFrbtypLc%2BIlrpsLgv7Pa0%2BO325LW4IlhJ7HjHq%2FP89YtLPaILWcXkRvfm%2BkzoewRLEhY74nUidxc2viRlDI33aMgjrUVnIqgi9jdp4yG6sBdhayW5j9zkwS3iH%2FJu92TvGa%2BOGSgzrSstzB2bpWfBLE9G4nwIMk4vPpuyPrFeIM9NGrzUKW3MBwBO8t5FRdKde3SlibO69ZvnaFhK3qJfhpQ8FsRehPy3Jbgwqx72tL5JKNusIT0659PWusJ7QZT1GXGssElP3PefT5TOl3kDSOHuZKayojmzvlFaAZtKzradsq3WFJGRdGPpGvvsADsqVCr6BOQm2V%2FDrebhVIjcXcT0nyBLQOTVxnodkFH6B9JAynQnBV%2FfHjXNxxzJJZz%2BfMDY7KgT6HepTrvcML8ySpd4BFP5%2BeP2TivP%2FoyW%2B5O28Ix05uyGFaU9KTPY7Ni9WoppCyNhVR5eQyZWjElNT1XvQSzpWBNOSJpZxi5ftAhVmLDzW51d1GWt%2B7ar06jDE4Bb%2FvqOSpf6wQI2lrZ6lLj%2BR3xPCrcgowYI%2FT9ctmjbs0Vb2NGjW8S29OKhakIRIaFlEHwHf%2BNW6Cl%2FNS7W8zuABd6k5tHtHRA0Dn%2BVTp8%2FdgjteOAsLtpFMMC70u%2FkDlrvu2lTCWPzql%2FqqOcj%2Ff5iEbzX8hMMW%2FwHOsxl6wRksHUFoMmaZ8GVoNZh1C7KdTadoHow1Q1Y%2Fr2rP2OFXHPUXJrQO%2FMcccjfDbqwDsMV36W3u8J6Nrm5Y1sqzyKXFip%2FfrZcFGZfdIm38ttUwVED4RTjOns1LY2HzmAH6ASJVfwvKtAqnIIt2nh6PSmZj1wjGkz%2BvzSFR8g42nWKZOq4zM%2BqvanBCyNEc%2BKWGZxoJtmWmhJHgGKlQTdb2yUhsoeGJH%2Fkkk2Dxjull54tnIUnf9Bwk6AQ%3D%3D#polycard_client=search-desktop&is_advertising=true&searchVariation=MLB58493174&backend_model=search-backend&search_layout=grid&position=13&type=pad&tracking_id=c17e8a72-93bb-4b86-9df5-c261a9f4da65&wid=MLB5774641722&sid=search,1,1,500-1k,25.05
Smartphone Motorola Moto G56 5g - 256gb 16gb (8gb Ram+8gb Ram Boost) Camera 50mp Sony Lytia 600 Ultrarresistencia Militar e Ip68 + Ip69 - Cinza,1598,1999.0,4.9,Motorola,Chegará grátis amanhã,20,https://click1.mercadolivre.com.br/mclics/clicks/external/MLB/count?a=4STjAwPmwHBdNcmewc6DjMOWTIhXkTUvsqyPq%2BHwa2TJ7GOI8HOcEfYwht80%2FRB4D9Jhf%2FHnI2dDLC543eJozrLAwSiuzs1pqlHY57FEMZuDLehDanN9i9c%2F2TKp5OJ1GxY9W3cDhhrf9nQReNXo11uZT6m1i%2FXjw7wHU3cUDTBmtgLR%2FsIBIA6BGZRfFde5SJr%2BpTqnpFAXkeCYbMd4oo%2BBybwj%2BhEnonFqCaFjjSpsfEE6Z2MQpqvlPmEnp11%2FOIrHZFODDC0fAZTFJRj2MWhjyekbA5tY0KOzUtyUu2icz4wJZ%2BDTikuR93qVldYQmNSZE6RvWoP65NblaGLW%2FDNPRFK7wM4S92Y8IOMiUKRW9Pt0O3%2FW9wRZDyvtAwT3BowLSl%2B72Hm1dLppd7CttbgfiWG9H8qyBKBHtHTczY%2BgdZaENykkj5S10wmpHpN2gOE%2BnAu7TGASY%2FscGtrYt72FGSS44GH9R5PtV4EtNDXtdYeR%2B%2Bczikh0BAvSjsuktfb%2BkZg8tDTW7MtZCf9fADz7ihDOt63i3e0C44CyT%2FqCMvBXoN0ZZs7c4SVZMhrufc2X%2F5LZNq4khle2N4eU8NM0wCEkkSL6488ArZAPQHp3IGXI0OB2Etb5ooBQWHaqPrBldt1HS70Hys0JJlrdefisDgWNxLY9dSqFjfz8Mo0qiQL7%2FXvZdMLKDOXCjyhFwzbNna3iWiGssz3F8ubpEeWRYufvKyRdKdINf734akH9SuF53BW%2FBPuGKBTKC%2FtUYROQUpcoRyJxEeK%2F9Rjto%2Fs78o697f0BgiPafOuoV4Coqa78GwNCkR9dVgp%2Fd2Cln%2BWpThTH%2Bf%2BX4%2F%2FgUX2Fb0P3DhfSyV3Wu54MmVbxaDQi0VJvwNuXSH2HrAbNje7n6emnT0CPBWjWyDOs3ScNSGyXpAqx75SsEo7AamIzTAtkim3dUAMWZkok1a%2BO8TvMyByuWK09gxYnOmdhG%2Fk1V%2BsOdR3cCB7N7oJvvC31qMrlNQIcMNTPybpgckqiuGnNOUTYnEyMWv2KMWceHmISC9s3cEcbneKYywFljWS5#polycard_client=search-desktop&is_advertising=true&searchVariation=MLB50301060&backend_model=search-backend&search_layout=grid&position=14&type=pad&tracking_id=c17e8a72-93bb-4b86-9df5-c261a9f4da65&wid=MLB5402372302&sid=search,1,1,1k-2k,18.45
"Smartphone Motorola Moto G67 5g - 128gb 12gb (4gb Ram + 8gb Ram Boost) Camera 50mp Sony Lytia 600, Tela 1.5k Extreme Amoled 120hz, Ultrarresistente - Chumbo",1529,1899.0,4.8,Motorola,Chegará grátis amanhã,19,https://click1.mercadolivre.com.br/mclics/clicks/external/MLB/count?a=bvbDjmWWZULxqAqau%2BugB2yYxUNO53xFNPuhWoJyc1S2EmeGan%2FFFuupBgZ9pY2JRpo00ohORoFexe7XvMfpR9%2FAlYnOh4pXitZcNcvjEWFkJklFJuhQFVbW91RhVGWC9blvG29Lj6cUyBNUQayLYy81xXzD5c352Q5ZbalaEVaQoUoM6F38TW2AG4CCJCdQGymkAKCc3YIHD1VEtOlYad4HIfgORYCQ7kjee1E%2FOpQcMEOG6nUeO2PLuAt1dwjUv0IPOvJgi4%2B3idhELquj5qrdaeWfn0s6Q6t2SuGMOKpGoHyNvWQ17FYokljdZAgHNuGlvD08UzVUqg0FuTdgYW88iXivtYsc2VAbv8c2yZM%2FqarOCGR2YTjU2U8mdW4BNn16d%2FYyYeG%2Bl%2B9IGlxqqKJqfoT7Y6rkROkwKnKNum27Wv977nGHQt%2FwJjWuyJIxbU4jDgftndkRUMnC6pSwnUhOCN3VfDRY7s8l5rYXh4YfhneTtrSTXKvC0cDu3c71oSuxfzlDN%2BhrCVebDdMCdR1LHtXegMuetrEw%2FeJK3%2FIAyqXy8GoaIuVsZZ%2BBl%2FymnkXwbj8E%2FV2dAKMHwxQAeYk7hsaBXltGm7CnEb4J2My%2BOl1ny37ANU2VHrSt88nkqExhx%2BsfLDNeKh29FNu46PkBOzUwsCJdmVVYy8WMTnj0uICobtpzOwwhVBSWef2DwJtGHlyqmtBeq86u4ArED6qDeTE21q31kBW83oPJlSfrdFCpYSGoApfPupGLQIdsaPQRBV5T0rcXcI2vzdBw8Pw45ZgWQSgBc34JceG4HbuLrdBgHf%2F7wTbZEqeDroQZ49oaxnn4uuuHNruetwq%2FC7Tag4AmMh1BZYi9F0%2FGUTL46l2hWzwqyTdr5skv0EAAZk45oIDwlOSJA5RmNWUp5rgHJ44BmLzHgkNgSqJ4mhlpi9J9kHnwYKKfjbtFDGhU6k62v1qNJ4ytNO7xgjY3UKJdx2f7EPfpqv3bPt5vf26DH%2Bj25kkG02iWKU9l%2FTE1YwOAn0%2B1oZzKgt3EhTcU3lwb5ESqZUd0hl%2BnFy1BlmlnbvXXF0ElOw%3D%3D#polycard_client=search-desktop&is_advertising=true&searchVariation=MLB65319818&backend_model=search-backend&search_layout=grid&position=15&type=pad&tracking_id=c17e8a72-93bb-4b86-9df5-c261a9f4da65&wid=MLB6420538026&sid=search,1,1,1k-2k,18.1
"Smartphone Motorola Signature 5g - 512gb 24gb (12gb Ram + 12gb Ram Boost), 3 Cameras 50mp Sony Lytia E Zoom 100x, Tela 1.5k Extreme Amoled 165hz - Preto",7649,8999.0,4.8,Motorola,Chegará grátis amanhã,15,https://click1.mercadolivre.com.br/mclics/clicks/external/MLB/count?a=rqY5vbgvgipoxvjLHGGUDF884PC0BIG3FboGV3bxf356hpIpUGNG1S7C0xiap0m7oS7mVXR1wWBfRhXMEI8gTYwZ7r9iG8DLd2jdE2G7BtC1TSgh%2Fcx44SEEBoezoI3dg9vegE1g9Lia3cWx10ajiL3dSiUZ%2FztJ0TWPOZqNy4WwXxmT8ZmGmyL9oEY2yH2sfOF7%2B9Kuq%2FGjdyndVj1Jt5F5WHsjhMhEtq%2FB%2F13qxLYhbTDhf5IijIMjl6ejaX3LpCZ6PnEnGgJWaKSDzNS5gvmNPLGkG%2BT0P8l462KXTznehAWd72V1%2B5IucZ2u30F6lsiWUhoBYg6nco%2FGRJwOoSUoPb5WNa8I62I5PTqLWO8bno0S%2FuBa1TX7DtkutljNFVlcxZ3k%2FxZzQ%2FzDKOEGdx0T9XryDi6TxuldsuG9PD7LgGRK%2BvQuASuGpJV8K%2BoitLSOj%2BeKs1sbGx%2BbNTZCSvdjHjzbIO5eCmm91lq06MNgT%2FgO%2F9yRc9XY7%2B3ELe2zYFmhRKOCP%2BlGN3O%2B5vFZK9pCpIbxjfjb7qHQ%2FOxPs4ap2g%2BbLeP0siSX08cCEbRwICyYaw4X0rQoUkpiBbxC9k6h4DMoZkXfu%2BFqGAOtminPX7iLeSPP2BlnEYWLWfamUunLYvLFH%2BFAZA17teXAHS09%2FgiWZFeiUd10EefIGmGd3v5RXo7MzuP5bdgTcZpgVhTbHTO%2F1o35PGpTpBqiGxVQDN9WnR0N44P5Wxlr1ml7XxJRhR%2B9JpSKKcxE5cCtWuS2JjZHkxBqEteugQWCOnDphWAEyIDtyVB3ZpH2XMwlETV9YnV5yeGUNrWJqUdOWqQ%2FjQM1OaaBNnLCkOesnNOgMjgZKB4vg0sE8EztnpZ7EJVbVh2h46iG3g69WrLTCsSNrTyf5Xq7bfMADhdKD7u2eeCEzIDd5kc%2BfRzWm5CrW268KWiQ5CmGUGxbwqMv%2FT%2BMBClmcbNOow2cOYQpVLltiF0NXL7u8GiP6dHbWPP90qQ0qWqmJ1KxACMATbgel5IxMW0%2FRiK0umhYR3Ch3v5Eu5lvUBefdpwe4VnHD6qfQaE%3D#polycard_client=search-desktop&is_advertising=true&searchVariation=MLB65938141&backend_model=search-backend&search_layout=grid&position=16&type=pad&tracking_id=c17e8a72-93bb-4b86-9df5-c261a9f4da65&wid=MLB6373850588&sid=search,1,1,5k-10k,16.9
Smartphone Motorola Moto G06 - 256gb 12gb (4gb Ram + 8gb Ram Boost) E Camera 50mp Com Ai Bateria De 5200 Mah Tela 6.9 - Bege,723,1349.0,4.9,Motorola,Chegará grátis amanhã,46,https://www.mercadolivre.com.br/smartphone-motorola-moto-g06-256gb-12gb-4gb-ram-8gb-ram-boost-e-camera-50mp-com-ai-bateria-de-5200-mah-tela-69-bege/p/MLB55762063#polycard_client=search-desktop&search_layout=grid&position=17&type=product&tracking_id=c17e8a72-93bb-4b86-9df5-c261a9f4da65&wid=MLB5765125576&sid=search,1,1,500-1k,26.25
Smartphone Motorola Edge 60 Pro 5g - 256gb 24gb (12gb Ram+12gb Ram Boost) Tela Quad-curve Moto Ai 50mp Sony Camera Ultrarresistencia Militar Ip68 + Ip69 - Azul,2694,4499.0,4.9,Motorola,Chegará grátis amanhã,40,https://www.mercadolivre.com.br/smartphone-motorola-edge-60-pro-5g-256gb-24gb-12gb-ram12gb-ram-boost-tela-quad-curve-moto-ai-50mp-sony-camera-ultrarresistencia-militar-ip68-ip69-azul/p/MLB49085450#polycard_client=search-desktop&search_layout=grid&position=18&type=product&tracking_id=c17e8a72-93bb-4b86-9df5-c261a9f4da65&wid=MLB5382324466&sid=search,1,1,2k-5k,24.45
Smartphone Samsung Galaxy A36 5G 256GB 8GB RAM,1521,3299.0,4.9,Samsung,Chegará grátis amanhã,54,https://www.mercadolivre.com.br/smartphone-samsung-galaxy-a36-5g-256gb-8gb-ram/p/MLB47111905#polycard_client=search-desktop&search_layout=grid&position=19&type=product&tracking_id=c17e8a72-93bb-4b86-9df5-c261a9f4da65&wid=MLB5317478858&sid=search,1,1,1k-2k,28.65
"Celular Samsung Galaxy A17 5g Com Ia, 256gb, 8gb Ram, Câm De 50mp, Tela De 6.7 , Nfc, Ip54 - Preto",1576,1899.0,4.9,Samsung,Chegará grátis amanhã,17,https://www.mercadolivre.com.br/celular-samsung-galaxy-a17-5g-com-ia-256gb-8gb-ram-cm-de-50mp-tela-de-67-nfc-ip54-preto/p/MLB54961455#polycard_client=search-desktop&search_layout=grid&position=20&type=product&tracking_id=c17e8a72-93bb-4b86-9df5-c261a9f4da65&wid=MLB6574985998&sid=search,1,1,1k-2k,17.55
Celular Smartphone Realme C73 256gb 8gb Ram Dual Sim 120hz 6000mAh Violeta,1149,1999.0,4.8,Webfones,Chegará grátis amanhã,43,https://www.mercadolivre.com.br/celular-smartphone-realme-c73-256gb-8gb-ram-dual-sim-120hz-6000mah-violeta/p/MLB62258511#polycard_client=search-desktop&search_layout=grid&position=21&type=product&tracking_id=c17e8a72-93bb-4b86-9df5-c261a9f4da65&wid=MLB4334411855&sid=search,1,1,1k-2k,25.3
"Celular Samsung Galaxy A26 5g 256gb, 8gb Ram, Câmera De 50mp, Ip67, Tela Super Amoled 6.7 , Nfc - Preto",1405,2167.0,4.8,123 Comprou,Chegará grátis amanhã,35,https://www.mercadolivre.com.br/celular-samsung-galaxy-a26-5g-256gb-8gb-ram-cmera-de-50mp-ip67-tela-super-amoled-67-nfc-preto/p/MLB47424244#polycard_client=search-desktop&search_layout=grid&position=22&type=product&tracking_id=c17e8a72-93bb-4b86-9df5-c261a9f4da65&wid=MLB5474927460&sid=search,1,1,1k-2k,22.9
"Celular Samsung Galaxy A17 Com Ia, 128gb, 4gb Ram, Câm De 50mp, Tela De 6.7 , Nfc, Ip54 - Preto",899,1499.0,4.9,Samsung,Chegará grátis amanhã,40,https://www.mercadolivre.com.br/celular-samsung-galaxy-a17-com-ia-128gb-4gb-ram-cm-de-50mp-tela-de-67-nfc-ip54-preto/p/MLB54987753#polycard_client=search-desktop&search_layout=grid&position=23&type=product&tracking_id=c17e8a72-93bb-4b86-9df5-c261a9f4da65&wid=MLB4217306791&sid=search,1,1,500-1k,24.45
"Celular Samsung Galaxy S25 Fe 5g, 128gb, 8gb Ram, Câmera Tripla De 50+12+8, Tela Grande De 6.7 Jetblack",2868,4499.0,4.9,Samsung,Chegará grátis amanhã,36,https://www.mercadolivre.com.br/celular-samsung-galaxy-s25-fe-5g-128gb-8gb-ram-cmera-tripla-de-50128-tela-grande-de-67-jetblack/p/MLB61692896#polycard_client=search-desktop&search_layout=grid&position=24&type=product&tracking_id=c17e8a72-93bb-4b86-9df5-c261a9f4da65&wid=MLB6087231690&sid=search,1,1,2k-5k,23.25
Moto G15 Dual Sim 4gb Ram 128gb Azul Marino,699,1099.0,4.8,Motorola,Frete grátis,36,https://click1.mercadolivre.com.br/mclics/clicks/external/MLB/count?a=RAOWWkSkXlTwG1xwWYvQpHiNowacnfQmXgQi1PmbEW0fdZbrfmGPgqLFO3dubw2Uj%2BnW8cGMxpkb%2BudxlLASY%2B6EteLsT8NGrqcw7KvpMPxklquTJNxei66QPFtn1zwv2GpuLx2ihgPo0YUTmqLvgul9ANbcMYQCcaQuXqUBCMv%2FXq2SEPY4ypmBgRIRTZGMUE7sb%2F8hcMI4FTJIR6TPu9iQrUZfHTXITuQtTlJpzx%2FKqFJgEKMQrYZNvtzjllMt6cNyPCjtr43xPPYbyR1XG%2FPP0RMuaQU2A3nmWdkk050s9JW4D%2FMNaguNWGMQvSH03J7vuJ826xx1fGUeaY%2BNGUvEpRAIaGmLBGfcbURMjB45Uu%2FCbY271VkKtjDc%2F2Mx9AS3qhys3QVSmD5vy8L7iWswRL2r9QcBdn2N9BXmeD7RuTs%2BuVIuIO4SEyl27QsrGv20niNtUn%2BEj5HJWwkGz8O2b7HBpj8LnVqWRu%2BIIr7VM3g93CuwfowLWyYem0u8jqSiSQpX4iIOsV87Sc%2FLb%2FUMnL9Fb%2F6sHh1O59nd98mb6Y2grOwfNR8Xa0ViWvf32V%2BkMzS01YYU1EVIKQZtCZIbXwJnW681z5JE%2BFgv%2BpHk9ZuHlZlVuFRlCKBgjviv3z5F4G4oafHT2Y3vWRntUBAPtnz8PETSIII2xI%2F0FHNql83ecDSRDfw6B5zrcGUPereNuGGywc1yNoq5NyoVcYS1HRS5EnUVYrlX8wHzmri9wHcFACRtr635j%2BK9syJyrpPCnDzv0SHWZWzcQEhnWbGGaEuE63Ig2UTMMAOuuNjlhGdyMuOet%2FGBzOS4Aq7%2BQX%2BlGJyOtNm00CIkwAkz1OEKsNCf9Qaz0m15q16lKS6oVa6Z4VPgRLOsZCOMsPmDiti%2F2MOh5vY3c5NilbPkCMrvlcUoMfTv7CtsFaIe7Lc%2Bh5o%3D#polycard_client=search-desktop&is_advertising=true&searchVariation=MLB46056608&backend_model=search-backend&search_layout=grid&position=25&type=pad&tracking_id=c17e8a72-93bb-4b86-9df5-c261a9f4da65&wid=MLB3975530813&sid=search,1,1,500-1k,23.2
"Smartphone Motorola Moto G17 4g - 128gb 12gb (4gb Ram + 8gb Ram Boost) Camera 50mp Sony Lytia 600, Tela Fhd+ 60hz, Bateria 5200 Mah - Azul",899,1299.0,4.9,Motorola,Chegará grátis amanhã,31,https://click1.mercadolivre.com.br/mclics/clicks/external/MLB/count?a=7v%2F5kcRKU4%2F%2FvUsAUT5iIYYDygiNvn3GSsbL4eA%2Bxe1NIRvwNUIU29nHwI5pTllMqoFdRpbm1Q1cxNGaUGPcFjeK9z853JgVt5V10ToaXwS8vnTaErf51JRSeAFGMh22Qi96pC%2BisOWPBYh%2FO0j4hUlyMC0fxS3I2h406bsww1Asm9Ejmj0PtTRe%2BKyPaMieGJ2mSgHrgYpCdpmvJgESGp678yDt8GVICj%2FR%2BIE9ck0SfKhSMH0P8YrOwtSjFlTdO6BkXizxN8mIzI3ZAGWWltWjgMLwRIujO8CwLUEpNbuvyKRYmwr6KWCxgPu2TkUYoX%2FRfMwOOCcTMibu3F%2Fs82jki3ByxkbvrBXCiMkjdkIn0vSVzS6pKw%2F2pq8TFEgd4SULpgLOMrI%2Fo5o%2BRymX3LcMxpyws%2FtIUGDsBkvZVgF%2FiodbKJfbcdB%2FjnDsMeplgNkV29nJq887D8paBIKBP6GlqsrGkbqXNZv%2FsdzYxGFRUokAyY6C7Uf%2Bz%2FGzm9J7uWfC9b%2FbgqoKzucmrMD8BXpcOlPOJP%2Fm0WmVvS%2Ff5Se%2BzkGzZSxvM6g%2F2HUmHBNPilRXDa1NXveL2NGW%2Fj%2BreRjUUFjVdxfPYTjdkAfJPhf108mqJarIkgqSbdz0GWsnIo5NTff25rmguWsHFIi3yLEoIusRCYf1fUlugwiPmxAGaSQIqfUQv0m7h8WC3fgzNjHYHspGEhP81pcIKfgScyyQCz3CsoOOmgrcdkoJOa%2FabOzsNtU75FrysmfpJJ03K0lAJmEtESORVxnKIUMXgGvy8m%2B40mFViG8II2v%2BvhPHVHK6FZ0X%2BIuuO11%2FakrF32lBGid%2Fao4STbap5u86SQjY3uRQRJvHyCE7BDrW2Erzg9XKS8HfIkEbX1stAftMGV8fRx5%2FIwUlJcVatE6G%2F8rcNebYvHaSIBGb2xfyR7dagjGpe6PNVGqG%2Bpe94QsW0W%2FymGMzqLAJfCvwKBZmvXRgYWw2tvFGizCPJ1uzmi%2BhDHpAc7o7r0mmjqFteRiVKygM8sMRpBqEb8N202Ui9PXYvSMC8A%3D%3D#polycard_client=search-desktop&is_advertising=true&searchVariation=MLB65041642&backend_model=search-backend&search_layout=grid&position=26&type=pad&tracking_id=c17e8a72-93bb-4b86-9df5-c261a9f4da65&wid=MLB6420215012&sid=search,1,1,500-1k,21.75
"Smartphone Motorola Moto g86 5G - 512GB 24GB (12GB RAM+12GB Ram Boost) Tela 1.5K pOLED, 50MP Sony camera OIS Moto AI, videos em 4K, IP68 + IP69",2069,3099.0,4.9,Motorola,Chegará grátis amanhã,33,https://click1.mercadolivre.com.br/mclics/clicks/external/MLB/count?a=m%2FceYrwwDAKTNUk9UohD%2FpCQrbV3wVIcHQTJX5CtsslV%2FgjsxZ2yxMPFbDU4uow9EFVxvIXoW53tOltNYtiUIzxM9l9azjiVKnylbFXnp3QgkYuUrI8gYMiOVE5KdxheEDnpjw3UprDTQeioaf4e2ZyJZJo0MZt7aLJxTbl8wr8E6y3s3137xIyr6XKoQSwWCvrMlPtXmmQ33m27SFX1Pheja5grONbMD5PeL98T3sHfZCHpBqaTXzwWYdPsyBPvJFkW2BtiJpr6S4f8HpTH5KAJhx7wS4Zaj1uw%2BczfV7IRg4sJaUCBz9Z07ivFz4GLrV5iDhx%2FWJ5kv57p9ALCCHvoPHwhrAlVO4Nj1%2BaTOIn3uiQ7l67Mjbjlu1ukHyLTnPs4YN6h7L96ar63ucX1RaJnwtN67qmH7ySTtHppb0lREW9u%2FXiFAgHINw1knElQGiSbKVr%2FU74%2FIeKm%2B398GaHLe34HPDxPaqJVfAugy7G43sQ%2Bph%2Bje%2BjoBfqHoNNVwmKBiKTiSVSj9btY%2BCbk%2FoFrTJSD3eTA77u%2BXlNUUaJNo77E58bhqmomQWx0kdWXM5%2BQElAQ7AE8wlasRfWOZM1t1v0grli7LW0unbmEriO60oHobXu133k5Whiu4wa5F3YqV1wrAkrCUqGj0HMxqiDr3LCL%2B1c%2Fg5ttmATSULkc2ahQdoCnueu5tqL1jl4cXpjnBoWO7UaF8YRgbic6Zlplrz7Ff%2FfSLjF0MMVEp70%2FB2CfC7RVzgBF3HnQ3n%2BS4g%2Fk5sZnPf%2FpYCV10bIw1iYGRdsdq4ZxaDdaMUVT8sVbEFJFmtGy8RYLXc%2FOpCOw0u9FNIe8iKSBpLRGo344mwcuIlxoFY1CYVZLHkke5oZymMhG2lKb6scheUAJsMngF5ogtYrnPUJmskC84Tl5WKAjsoA7Flr3upcvH19nQSqHKM4Jw7yDAGwKxpy9eP%2FfajbY63TRWAwTXNWp9aEYUrTWaY1Kjmze0i3NSie%2F3DgjkryQDQ4Fio7bqrn2i0t3iCOpap32X%2F6sKpZCH9H8Xe42vOJR6jpSd0Gr#polycard_client=search-desktop&is_advertising=true&searchVariation=MLB62124802&backend_model=search-backend&search_layout=grid&position=27&type=pad&tracking_id=c17e8a72-93bb-4b86-9df5-c261a9f4da65&wid=MLB6152645844&sid=search,1,1,2k-5k,22.35
"Smartphone Motorola Moto G77 5g - 256gb 24gb (8gb Ram + 16gb Ram Boost) Camera 108mp Ultra-pixel, Tela 1.5k Extreme Amoled 120hz, Ultrarresistente - Verde-escuro",2069,2499.0,4.9,Motorola,Chegará grátis amanhã,17,https://click1.mercadolivre.com.br/mclics/clicks/external/MLB/count?a=JJJ2VakWRMlPBDDj%2FDR6weO5ifNtAssLdh6%2B6KTbOeYUbO%2FC8P1NhK40HZEGT6kyScG%2B5374pGXnCFuPNOY5QgexYUbfwNwlvu2eGh5Ts9SFRr9CTRETNs4KI7Xj0VfR4tW0NF0UIb0SiaoblHmOQfa02PsIBLPdUkedq6ChaNh0U8ttnqR30%2F5X4qIlZWGx%2FRL2vvFj6xgEBbp5TWxbBOwjNcO0TCqPjjLmm80nTqX12Qmvw0RzjAESKyC3jm6q5pLLTIiFI81c6XFXqTa%2FvgUw8NDfRrMh1slUmJYk%2F55c7lWkJ5HH%2Bjb%2Bh9a0IMB8EWGRWwRgBKzG8rM0fnXOWLcjFe58cmPRBHFUONHiSLocU%2F%2Fm0FhIbSoc2sw7Lwk0%2BXg%2FDmhzjO%2BlSo%2BPSBg3RovTZOhcGrQ0K%2FWFBQh9pi19vqIURfhLbTiB4yUJJBlVtvZlMG4SqOgISmn8Y7ZStthriTmQUii%2BCaKOICvbIlftz49knBnBRXGnCEWsXmkTisPscGb%2F3AA4Y7MSKROktMy5ZSPQ9CYH4Y9z4%2Beml3O1NpQMtIticKpHf%2F%2BVzAgIf7fqfPsHa4L%2FcwV7CwZc9zToeIUxJxhIeZ%2F9zVQ%2BjAPCG5KeAwmMnQd7PAbxmU4YO2wp8%2BhkKfv%2BvOJjlj7Gnk4dPqiIu2m%2Bbaj3pNgZ2FjwuKiv5euRNFr%2FH67LukRuTOF3z%2FtCf0KAMp24aszWj8q2gNrIKuUFOx4jfbrGWCyhDbdBVQm4YbYoxX3%2FHMfSDJGp%2FoiKaPY0EcbGi0ziDDXenUxrMWCqG92ApWrlq2cjMap4ITZGJR1n5%2FUfzNwBDkFI6QQaS%2Ffoy%2FCyhsHuoVpjqAGtr0WcJ%2BBB62Lp9b83STscYogued7toXyZJXVjrKmil12qACOnmb8izEyEU3bJlD%2F%2BTnNCXFn30vrdlz%2BSimmdBQJ6c09ZluLzqQ5zTAa1vFYrBQRIifUrM6F4gyJ%2FVNvur%2F68l25nSIpHv%2Bx%2Bc8r7LxQUgmiF3H6WDNPBEDiIyQFHHFzRWPQOMK57Mnadnb6WZ099WeMp85lNL2XsxU%2FcTZADwiw3kkPo5Q%3D%3D#polycard_client=search-desktop&is_advertising=true&searchVariation=MLB65305142&backend_model=search-backend&search_layout=grid&position=28&type=pad&tracking_id=c17e8a72-93bb-4b86-9df5-c261a9f4da65&wid=MLB6420050194&sid=search,1,1,2k-5k,17.55
Smartphone Motorola Moto G05 256gb 4gb Ram Camera 50mp Vermelho,699,1199.0,4.9,Motorola,Chegará grátis amanhã,42,https://www.mercadolivre.com.br/smartphone-motorola-moto-g05-256gb-4gb-ram-camera-50mp-vermelho/p/MLB58493174#polycard_client=search-desktop&search_layout=grid&position=29&type=product&tracking_id=c17e8a72-93bb-4b86-9df5-c261a9f4da65&wid=MLB5774641722&sid=search,1,1,500-1k,25.05
iPhone 16e (128 GB) - Preto - Distribuidor Autorizado,3699,5799.0,4.9,Apple,Chegará grátis amanhã,36,https://www.mercadolivre.com.br/iphone-16e-128-gb-preto-distribuidor-autorizado/p/MLB1046215784#polycard_client=search-desktop&search_layout=grid&position=30&type=product&tracking_id=c17e8a72-93bb-4b86-9df5-c261a9f4da65&wid=MLB3986439067&sid=search,1,1,2k-5k,23.25
Smartphone Motorola Edge 60 Neo 5G - 256GB 24GB (12GB RAM + 12GB Ram Boost) 50MP Sony Camera Moto AI e tela 1.5K Super HD - Latte,1799,3799.0,4.9,Motorola,Chegará grátis amanhã,53,https://www.mercadolivre.com.br/smartphone-motorola-edge-60-neo-5g-256gb-24gb-12gb-ram-12gb-ram-boost-50mp-sony-camera-moto-ai-e-tela-15k-super-hd-latte/p/MLB58684606#polycard_client=search-desktop&search_layout=grid&position=31&type=product&tracking_id=c17e8a72-93bb-4b86-9df5-c261a9f4da65&wid=MLB4265763257&sid=search,1,1,1k-2k,28.349999999999998
"Samsung Galaxy S25 5G, 256GB, 12GB, Câmera Tripla - Azul claro",3898,5999.0,4.9,Samsung,Chegará grátis amanhã,35,https://www.mercadolivre.com.br/samsung-galaxy-s25-5g-256gb-12gb-cmera-tripla-azul-claro/p/MLB45513356#polycard_client=search-desktop&search_layout=grid&position=32&type=product&tracking_id=c17e8a72-93bb-4b86-9df5-c261a9f4da65&wid=MLB5264376996&sid=search,1,1,2k-5k,22.95
"Smartphone Motorola Moto G86 5g - 256gb 24gb (8gb Ram+16gb Ram Boost) Tela 1.5k Poled, 50mp Sony Camera Ois Moto Ai, Videos Em 4k, Ip68 + Ip69 - Vermelho",1792,2399.0,4.9,Motorola,Chegará grátis amanhã,25,https://www.mercadolivre.com.br/smartphone-motorola-moto-g86-5g-256gb-24gb-8gb-ram16gb-ram-boost-tela-15k-poled-50mp-sony-camera-ois-moto-ai-videos-em-4k-ip68-ip69-vermelho/p/MLB51340616#polycard_client=search-desktop&search_layout=grid&position=33&type=product&tracking_id=c17e8a72-93bb-4b86-9df5-c261a9f4da65&wid=MLB5462013472&sid=search,1,1,1k-2k,19.95
"Smartphone Infinix Note 50X 5G 8GB RAM 256GB De Armazenamento Tela 6,78"" Polegadas HD+ 120HZ Câmera 50MP + Selfie 8MP Bateria 5200mah NFC, DTS Áudio - Cor Cinza",1349,2267.0,4.8,123 Comprou,Chegará grátis amanhã,40,https://www.mercadolivre.com.br/smartphone-infinix-note-50x-5g-8gb-ram-256gb-de-armazenamento-tela-678-polegadas-hd-120hz-cmera-50mp-selfie-8mp-bateria-5200mah-nfc-dts-audio-cor-cinza/p/MLB61656785#polycard_client=search-desktop&search_layout=grid&position=34&type=product&tracking_id=c17e8a72-93bb-4b86-9df5-c261a9f4da65&wid=MLB5957442486&sid=search,1,1,1k-2k,24.4
Smartphone Motorola Edge 60 5g - 512gb 24gb (12gb Ram+12gb Ram Boost) Tela Quad-curve Moto Ai 50mp Sony Camera Ultrarresistencia Militar Ip68 + Ip69 - Azul Marinho,2099,2799.0,4.9,Motorola,Não informado,25,https://www.mercadolivre.com.br/smartphone-motorola-edge-60-5g-512gb-24gb-12gb-ram12gb-ram-boost-tela-quad-curve-moto-ai-50mp-sony-camera-ultrarresistencia-militar-ip68-ip69-azul-marinho/p/MLB48930800#polycard_client=search-desktop&search_layout=grid&position=35&type=product&tracking_id=c17e8a72-93bb-4b86-9df5-c261a9f4da65&wid=MLB5363845340&sid=search,1,0,2k-5k,9.95
Smartphone Motorola Moto G35 5g 256gb 12gb Ram Boost Coral,945,2000.0,4.8,Desconhecida,Não informado,53,https://www.mercadolivre.com.br/smartphone-motorola-moto-g35-5g-256gb-12gb-ram-boost-coral/p/MLB63092926#polycard_client=search-desktop&search_layout=grid&position=36&type=product&tracking_id=c17e8a72-93bb-4b86-9df5-c261a9f4da65&wid=MLB6228408744&sid=search,1,0,500-1k,18.299999999999997
Smartphone Motorola Moto G56 5g - 256gb 16gb (8gb Ram+8gb Ram Boost) Camera 50mp Sony Lytia 600 Ultrarresistencia Militar e Ip68 + Ip69 - Cinza,1598,1999.0,4.9,Motorola,Chegará grátis amanhã,20,https://www.mercadolivre.com.br/smartphone-motorola-moto-g56-5g-256gb-16gb-8gb-ram8gb-ram-boost-camera-50mp-sony-lytia-600-ultrarresistencia-militar-e-ip68-ip69-cinza/p/MLB50301060#polycard_client=search-desktop&search_layout=grid&position=37&type=product&tracking_id=c17e8a72-93bb-4b86-9df5-c261a9f4da65&wid=MLB5402372302&sid=search,1,1,1k-2k,18.45
Apple iPhone 16 (256 GB) - Preto - Distribuidor Autorizado,5205,9538.0,4.9,Apple,Chegará grátis amanhã,45,https://www.mercadolivre.com.br/apple-iphone-16-256-gb-preto-distribuidor-autorizado/p/MLB1040287796#polycard_client=search-desktop&search_layout=grid&position=38&type=product&tracking_id=c17e8a72-93bb-4b86-9df5-c261a9f4da65&wid=MLB3931272075&sid=search,1,1,5k-10k,25.95
"Smartphone OPPO A6t 128gb, 12gb Ram (4gb + 8gb Virtual Ram), Bateria Gigante de 6500mAh, Processador Snapdragon, Tela 120Hz, AI Câmera, IP64 - Violeta",899,1299.0,4.9,Oppo,Chegará grátis amanhã,31,https://www.mercadolivre.com.br/smartphone-oppo-a6t-128gb-12gb-ram-4gb-8gb-virtual-ram-bateria-gigante-de-6500mah-processador-snapdragon-tela-120hz-ai-cmera-ip64-violeta/p/MLB66130734#polycard_client=search-desktop&search_layout=grid&position=39&type=product&tracking_id=c17e8a72-93bb-4b86-9df5-c261a9f4da65&wid=MLB4573343865&sid=search,1,1,500-1k,21.75
"Smartphone Xiaomi Redmi 15 8gb 256gb Tela 6,9 144hz, Bateria 7.000 Mah, 50 Mp Preto",1390,1390.0,4.8,Desconhecida,Chegará grátis amanhã,0,https://www.mercadolivre.com.br/smartphone-xiaomi-redmi-15-8gb-256gb-tela-69-144hz-bateria-7000-mah-50-mp-preto/p/MLB61511995#polycard_client=search-desktop&search_layout=grid&position=40&type=product&tracking_id=c17e8a72-93bb-4b86-9df5-c261a9f4da65&wid=MLB4390450235&sid=search,0,1,1k-2k,12.4
Celular Samsung Galaxy A56 5g 128gb 8gb Ram Rosa,1998,3299.0,4.9,Samsung,Chegará grátis amanhã,39,https://www.mercadolivre.com.br/celular-samsung-galaxy-a56-5g-128gb-8gb-ram-rosa/p/MLB47106876#polycard_client=search-desktop&search_layout=grid&position=41&type=product&tracking_id=c17e8a72-93bb-4b86-9df5-c261a9f4da65&wid=MLB4561879339&sid=search,1,1,1k-2k,24.15
Apple iPhone 15 (128 GB) - Azul - Distribuidor Autorizado,4499,7209.0,4.9,Apple,Chegará grátis amanhã,38,https://www.mercadolivre.com.br/apple-iphone-15-128-gb-azul-distribuidor-autorizado/p/MLB1027172667#polycard_client=search-desktop&search_layout=grid&position=42&type=product&tracking_id=c17e8a72-93bb-4b86-9df5-c261a9f4da65&wid=MLB4408547152&sid=search,1,1,2k-5k,23.85
iPhone 17 Pro 256GB - Azul-profundo - Distribuidor Autorizado,9899,11499.0,4.9,Apple,Chegará grátis amanhã,14,https://www.mercadolivre.com.br/iphone-17-pro-256gb-azul-profundo-distribuidor-autorizado/p/MLB1055308781#polycard_client=search-desktop&search_layout=grid&position=43&type=product&tracking_id=c17e8a72-93bb-4b86-9df5-c261a9f4da65&wid=MLB5687335472&sid=search,1,1,5k-10k,16.65
iPhone 17 256 GB - Sálvia - Distribuidor Autorizado,6297,7999.0,4.9,Apple,Chegará grátis amanhã,21,https://www.mercadolivre.com.br/iphone-17-256gb-salvia-distribuidor-autorizado/p/MLB1055308843#polycard_client=search-desktop&search_layout=grid&position=44&type=product&tracking_id=c17e8a72-93bb-4b86-9df5-c261a9f4da65&wid=MLB6545162768&sid=search,1,1,5k-10k,18.75
Apple iPhone 16 (128 GB) - Preto - Distribuidor Autorizado,4986,7799.0,4.9,Apple,Chegará grátis amanhã,36,https://www.mercadolivre.com.br/apple-iphone-16-128-gb-preto-distribuidor-autorizado/p/MLB1040287808#polycard_client=search-desktop&search_layout=grid&position=45&type=product&tracking_id=c17e8a72-93bb-4b86-9df5-c261a9f4da65&wid=MLB5120546360&sid=search,1,1,2k-5k,23.25
Smartphone Motorola Edge 60 Pro 5g - 512gb 24gb (12gb Ram+12gb Ram Boost) Tela Quad-curve Moto Ai 50mp Sony Camera Ultrarresistencia Militar Ip68 + Ip69 - Cinza,3059,5499.0,4.9,Motorola,Chegará grátis amanhã,44,https://www.mercadolivre.com.br/smartphone-motorola-edge-60-pro-5g-512gb-24gb-12gb-ram12gb-ram-boost-tela-quad-curve-moto-ai-50mp-sony-camera-ultrarresistencia-militar-ip68-ip69-cinza/p/MLB48998798#polycard_client=search-desktop&search_layout=grid&position=46&type=product&tracking_id=c17e8a72-93bb-4b86-9df5-c261a9f4da65&wid=MLB5389690592&sid=search,1,1,2k-5k,25.65
"Tcl Smartphone 605 4g, Octa Core, 128gb 12gb Ram (4+8), 6.7 Hd+ 90hz, Nfc, Dual Sim, 50mp",649,799.0,4.7,Mercado Livre,Chegará grátis amanhã,19,https://www.mercadolivre.com.br/tcl-smartphone-605-4g-octa-core-128gb-12gb-ram-48-67-hd-90hz-nfc-dual-sim-50mp/p/MLB53155051#polycard_client=search-desktop&search_layout=grid&position=47&type=product&tracking_id=c17e8a72-93bb-4b86-9df5-c261a9f4da65&wid=MLB6161225994&sid=search,1,1,500-1k,18.05
Apple iPhone 15 (256 GB) - Preto - Distribuidor Autorizado,4751,8095.0,4.9,Apple,Chegará grátis amanhã,41,https://www.mercadolivre.com.br/apple-iphone-15-256-gb-preto-distribuidor-autorizado/p/MLB1027172669#polycard_client=search-desktop&search_layout=grid&position=48&type=product&tracking_id=c17e8a72-93bb-4b86-9df5-c261a9f4da65&wid=MLB3621184765&sid=search,1,1,2k-5k,24.75
Smartphone Motorola Edge 60 Fusion 5g - 256gb 16gb (8gb Ram+8gb Ram Boost) 50mp Sony Ai Camera Ip68 Nfc - Rosa,1939,3299.0,4.9,Motorola,Chegará grátis amanhã,41,https://www.mercadolivre.com.br/smartphone-motorola-edge-60-fusion-5g-256gb-16gb-8gb-ram8gb-ram-boost-50mp-sony-ai-camera-ip68-nfc-rosa/p/MLB47251829#polycard_client=search-desktop&search_layout=grid&position=49&type=product&tracking_id=c17e8a72-93bb-4b86-9df5-c261a9f4da65&wid=MLB4027318137&sid=search,1,1,1k-2k,24.75
Smartphone Motorola Moto G15 256gb 12gb 4GB RAM 8GB RAM Boost Camera 50mp Verde,899,1499.0,4.8,Motorola,Chegará grátis amanhã,40,https://www.mercadolivre.com.br/smartphone-motorola-moto-g15-256gb-12gb-4gb-ram-8gb-ram-boost-camera-50mp-verde/p/MLB44665542#polycard_client=search-desktop&search_layout=grid&position=50&type=product&tracking_id=c17e8a72-93bb-4b86-9df5-c261a9f4da65&wid=MLB5237351728&sid=search,1,1,500-1k,24.4
iPhone 17 Pro 512GB - Azul-profundo - Distribuidor Autorizado,11699,12999.0,4.9,Apple,Chegará grátis amanhã,10,https://www.mercadolivre.com.br/iphone-17-pro-512gb-azul-profundo-distribuidor-autorizado/p/MLB1055308802#polycard_client=search-desktop&search_layout=grid&position=51&type=product&tracking_id=c17e8a72-93bb-4b86-9df5-c261a9f4da65&wid=MLB4200188179&sid=search,1,1,10k+,15.45
"Smartphone Motorola Signature 5g - 512gb 24gb (12gb Ram + 12gb Ram Boost), 3 Cameras 50mp Sony Lytia E Zoom 100x, Tela 1.5k Extreme Amoled 165hz - Preto",7649,8999.0,4.8,Motorola,Chegará grátis amanhã,15,https://www.mercadolivre.com.br/smartphone-motorola-signature-5g-512gb-24gb-12gb-ram-12gb-ram-boost-3-cameras-50mp-sony-lytia-e-zoom-100x-tela-15k-extreme-amoled-165hz-preto/p/MLB65938141#polycard_client=search-desktop&search_layout=grid&position=52&type=product&tracking_id=c17e8a72-93bb-4b86-9df5-c261a9f4da65&wid=MLB6373850588&sid=search,1,1,5k-10k,16.9
"Smartphone Motorola Moto G17 4g - 256gb 12gb (4gb Ram + 8gb Ram Boost) Camera 50mp Sony Lytia 600, Tela Fhd+ 60hz, Bateria 5200 Mah - Rosa",1078,1749.0,4.9,Motorola,Chegará grátis amanhã,38,https://www.mercadolivre.com.br/smartphone-motorola-moto-g17-4g-256gb-12gb-4gb-ram-8gb-ram-boost-camera-50mp-sony-lytia-600-tela-fhd-60hz-bateria-5200-mah-rosa/p/MLB65041664#polycard_client=search-desktop&search_layout=grid&position=53&type=product&tracking_id=c17e8a72-93bb-4b86-9df5-c261a9f4da65&wid=MLB4510840013&sid=search,1,1,1k-2k,23.85
Smartphone Oppo A6 Pro 256gb 8gb Ram 5g Ip69 Azul Espacial,2999,3199.0,4.9,Oppo,Chegará grátis amanhã,6,https://www.mercadolivre.com.br/smartphone-oppo-a6-pro-256gb-8gb-ram-5g-ip69-azul-espacial/p/MLB66177449#polycard_client=search-desktop&search_layout=grid&position=54&type=product&tracking_id=c17e8a72-93bb-4b86-9df5-c261a9f4da65&wid=MLB4536941689&sid=search,1,1,2k-5k,14.25
iPhone 17e 256GB Preto - Distribuidor Autorizado,5219,5799.0,4.9,Apple,Chegará grátis amanhã,10,https://www.mercadolivre.com.br/iphone-17e-256gb-preto-distribuidor-autorizado/p/MLB1066130044#polycard_client=search-desktop&search_layout=grid&position=55&type=product&tracking_id=c17e8a72-93bb-4b86-9df5-c261a9f4da65&wid=MLB6402322328&sid=search,1,1,5k-10k,15.45
Smartphone Samsung Galaxy A56 5g 6.7 Pol Octa-core 256gb 8gb,1998,3699.0,4.9,Samsung,Chegará grátis amanhã,46,https://www.mercadolivre.com.br/smartphone-samsung-galaxy-a56-5g-67-pol-octa-core-256gb-8gb/p/MLB65302568#polycard_client=search-desktop&search_layout=grid&position=56&type=product&tracking_id=c17e8a72-93bb-4b86-9df5-c261a9f4da65&wid=MLB4609819131&sid=search,1,1,1k-2k,26.25
"Smartphone Motorola Moto G17 4g - 128gb 12gb (4gb Ram + 8gb Ram Boost) Camera 50mp Sony Lytia 600, Tela Fhd+ 60hz, Bateria 5200 Mah - Azul",899,1299.0,4.9,Motorola,Chegará grátis amanhã,31,https://www.mercadolivre.com.br/smartphone-motorola-moto-g17-4g-128gb-12gb-4gb-ram-8gb-ram-boost-camera-50mp-sony-lytia-600-tela-fhd-60hz-bateria-5200-mah-azul/p/MLB65041642#polycard_client=search-desktop&search_layout=grid&position=57&type=product&tracking_id=c17e8a72-93bb-4b86-9df5-c261a9f4da65&wid=MLB6420215012&sid=search,1,1,500-1k,21.75
"Smartphone Infinix Smart 10 4GB RAM 256GB SSD Câmera 8MP + IA, Tela 6.67 HD+ 120Hz, Bateria 5000mAh, Processador T7250, Android 15 Go, Dual Chip - Preto",670,1458.0,4.8,123 Comprou,Chegará grátis amanhã,54,https://www.mercadolivre.com.br/smartphone-infinix-smart-10-4gb-ram-256gb-ssd-cmera-8mp-ia-tela-667-hd-120hz-bateria-5000mah-processador-t7250-android-15-go-dual-chip-preto/p/MLB56327005#polycard_client=search-desktop&search_layout=grid&position=58&type=product&tracking_id=c17e8a72-93bb-4b86-9df5-c261a9f4da65&wid=MLB5751262142&sid=search,1,1,500-1k,28.599999999999998
Kit Samsung: Celular Galaxy A17 256gb 8gb Ram 50mp 6.7 Nfc Ip54 Preto + Galaxy Buds Core Branco,1431,1698.0,4.9,Samsung,Frete grátis,16,https://www.mercadolivre.com.br/kit-samsung-celular-galaxy-a17-256gb-8gb-ram-50mp-67-nfc-ip54-preto--galaxy-buds-core-branco/up/MLBU3605578150#polycard_client=search-desktop&search_layout=grid&position=59&type=product&tracking_id=c17e8a72-93bb-4b86-9df5-c261a9f4da65&wid=MLB5957929002&sid=search,1,1,1k-2k,17.25
Smartphone OPPO A5 256GB 6GB RAM Branco,1169,1499.0,4.8,Oppo,Chegará grátis amanhã,22,https://www.mercadolivre.com.br/smartphone-oppo-a5-256gb-6gb-ram-branco/p/MLB51680761#polycard_client=search-desktop&search_layout=grid&position=60&type=product&tracking_id=c17e8a72-93bb-4b86-9df5-c261a9f4da65&wid=MLB5745515116&sid=search,1,1,1k-2k,19.0
Smartphone Motorola Moto G15 256gb 12gb 4GB RAM 8GB RAM Boost Camera 50mp Verde,899,1499.0,4.8,Motorola,Chegará grátis amanhã,40,https://click1.mercadolivre.com.br/mclics/clicks/external/MLB/count?a=Oivydhow9PPMg28Pbj7Go%2FYjSF7DD5nnGbVkpT03lZzAqbk%2Bu2l%2BJ4JpJtn6VMVpEpIdaCF1ANPLwVxN1zB7Doqvg2VbIPkGPLOhC3xquSxHe%2FmyeFu2Sn8R0kUaRpgOPllMuBa3VD%2BoqSyMN60gslXDE1fYKXa4OosLZZMQ3ufIkOc1P7sv5iokxHkvGT1owphIYK%2BRq2h0vccIei4oMesXYazs7FHg50zc3rys4crenJ33aePmKqNxsSMTrDF02fNxDnCCHIi1dqRK9jR5pBJNnYRV2%2BFBAVFf5nnsWG032QDjfCk03UIk3mlLkqI8SzD8Skj1GTR94t0QR3mjYxrTHLQkxBjeg8G0sVMNupGV1%2BXDyiTTwJTigDLprm4%2FTzvWVQvejSYwrQCDmimp9egdalTdYntICCh0MLzr02kI563w045ewpLDfXBPNUKhfhUssGuXiKpmvBIxfw1UlMvrRKJG9OCxa7ZbxvASGwo0BFPZ7MMRQ4XRKQ%2ByFxO1NGMcvArgvLICyqrOjCcpy8h94MlQNQ932zZb26g8VeBi1DgFq6Rf2iuwKsIrPSXu8wow0ABQikdbTqUvH97IFd5H45px6ErCUd9WiiazA7549M6x9Uz6OijIzoHoN4kL82YobqwbGawfkH%2FspMlsqvdOH4hHtnyFh13TUFTSlBZuRzOcOA0IAzLS1cQr6GlKtlv80I0Og%2FDk6gy3WqdZSCol7%2F9eZtkfBOoWhwarusBw420LWC%2BKWyEmSPDd7em6XyNCaZr%2B5qS3HLuGiQwERfJxXYhD9T08iiH8U%2FC%2BUIgmoi%2FJXilq2SW1c%2BK597OOZMRmalGRkV%2FIu8sXDnTk1XU%2F00ukjI06OtVrD9zhstq9lonXmnruYxztV9FE3PxjXVpkYiyWTJvyCK0bHv%2BWAQxDSUxHhiFRPtTZUgPcjFj9qTlQPUZJdt%2BbSaitXXojdNQbaXrYxRYJJnzERHifF919MZjj#polycard_client=search-desktop&is_advertising=true&searchVariation=MLB44665542&backend_model=search-backend&search_layout=grid&position=1&type=pad&tracking_id=b4eb20c3-6e42-439d-914a-0839dfd44b0c&wid=MLB5237351728&sid=search,1,1,500-1k,24.4
"Smartphone Motorola Moto G17 4g - 128gb 12gb (4gb Ram + 8gb Ram Boost) Camera 50mp Sony Lytia 600, Tela Fhd+ 60hz, Bateria 5200 Mah - Azul",899,1299.0,4.9,Motorola,Chegará grátis amanhã,31,https://click1.mercadolivre.com.br/mclics/clicks/external/MLB/count?a=ppTCRVizlsDT5mILTfN3wmLMOLMhYcCRnpJPbNhRq0IvmpTz%2FFWZMu12UfB10Ne9VUfQK1rZaAwKAPjqwqVt9D0%2BdZotgVsqtX1QpA4NFVb66zGSXCEsJLiImRtwCIh0h%2FKWOmWDk0qB16xiVe4ORUSxciWdEw85dewonAPtqnrDx0%2Ba5K7a3asy1jYdYYFC%2FAqSIzBLv1GV9rU%2FXbVZ5nUZyQ783lncvbCaJZS8l89znTLYIf9ypri2h5%2FfABzIGL94RJd57UUzzndfgZbVehzsqdg%2BCxA%2F0ey0G50oXTE0MFYfInnSMDMOguWWa7fBSbzQh5LR%2B4s6eeYODplvy2ifT42GPykMIjBFxikkQvsuGJTnkx5djssjvFqS7Dai%2FRxVABd5%2FkXcKrE%2FkfTGns2VJH%2FqALv74vBQSJaof5aIrqNX5h2AupbGjS0BCoN5d0lY6sEvosdRh4HAeUtNLVNQTrIyyyFWvUSEow6n4iTDqeDAQQJ5TvzEd4Zm5x0p2MCIfB8%2Frxuj3fZQloMLFXMZt0Oasv7DpkPxKpy%2BfRZTyoCO1yP%2BeLyFCxgL5uc4YwFiN%2BurJdFAw%2FeMKiuRrze27KeqcGfCxLUe3UmSsvkjkLP0h2n%2FctEPi93OMtg8ylVPlR7qtFt%2BDvF4LrylqpHC1dMrQgiL33DDdlxp61Q%2B6EImd6iUx7sNEYLh%2FULUWZxlQ14lGq47JIB7NPwuaeHGA%2FOEpW4tSI87u%2BnOzXMys18Rs%2BpLUbyXspB4Pj4Rik6UqFFyHNdmHIiPICJOT%2B19V6iQ09e9xh8r7nJgntTJMPcYBRZqVrAKtim027%2ByY09Nmf%2Fzca75FQXNWvSC5jaYWiIEnSb%2F4M1JX0g7%2F2xwvp26unsdocgYXe5AixezfepIRipv%2FxVHTWIaMk10vYZvFxRBIUK4aQe97GFmdFpo%2Far5xiQyXyP7kAprKK750Bt7uSctgXqWyazwohPox0aD%2BMYxz1ymAuFBX135kOWJJCs9nx4KzCKe407zRvvmXwlhCjcZfn7Cv6Dnzo%2BsDQXeyXs%3D#polycard_client=search-desktop&is_advertising=true&searchVariation=MLB65041642&backend_model=search-backend&search_layout=grid&position=2&type=pad&tracking_id=b4eb20c3-6e42-439d-914a-0839dfd44b0c&wid=MLB6420215012&sid=search,1,1,500-1k,21.75
Smartphone Motorola Moto G06 - 256gb 12gb (4gb Ram + 8gb Ram Boost) E Camera 50mp Com Ai Bateria De 5200 Mah Tela 6.9 - Bege,723,1349.0,4.9,Motorola,Chegará grátis amanhã,46,https://click1.mercadolivre.com.br/mclics/clicks/external/MLB/count?a=uLt5AFn4QiD1YMhCwrU75GsjYZaFDvTnk8JW65Ao6sWfPRSj61LSMo7TGMIQZnuKUkBRAJ9Jwq%2B0RvOBh9AT4z4YYw287yy1P%2FspflDdh40Q5llM7xbRtLPzEs0prgd8rQIma%2FIo04isFEzCDtLL%2FB2ZbShylplkb0YKQ9Pkh%2BOtgfYEKEeW5pt4469P5pK92Kk45aqK3xTADoJ2AOUe1I8ALkLDSqqvMRhUKVJGlq7FDqKvez9MRQTVTTdqRlal0e4q%2B2MkoajRLM%2F64AKm2In4Sa%2Fw9W6De9fZbxnkUsNqHxIXXZCyXiXCxMixLl5PS8l%2BuQD33xrNaFUCnL5t8ERrRMKK%2B67AhpQHeHd5OY%2FaoeDdO7DWsEIzVa5D67Eds1qkl69vPni%2FqFoB0IIX6%2FB3MzAdXvKmJet9%2FFpUC%2Fw1D3XTD8UzxUlsCNkH7mO7YDVLNYRGdEqVnYQvO%2BBT392mdWIH0yFr1n%2Fq%2FaPPPM78GL%2BUFpi9%2F03VEkweQqvLs3GBS9%2BDAYf1ovjOlYdFhFpX0HzWpJTXS4dN06dGC2nQQTAAs2gHt9WZ9X%2FRZF%2FlMyMPJocPqcc4LVPyyiJYhkY9Y95%2B7gNNFiM58lv6K%2FzLCht2ez8rwL40%2BskHlnFCzyMfRiI5KZxJXaoFi6uQze3WqjBkf4%2Bxx47n0otdfUuQZUWmcjKlmlgh6Nt2j63psAlBWlHsog8C1o04U2ADr7h2N6%2BrOFNAsP9VPWpvJipmcsXnWbmmomWOovumS0oITEYoara7VXiqZbRNOrd0IWQ4sJyEKeVU9hBNCYJ8CPYygJXz729nkXF%2Fdd9yDgmHFYHt4w%2F7U6%2Bw958caaUsKcRYHn5qWIjLnW%2BP%2F94QmwtN4vS97xKbTigZmk3dVyPMQWANok%2BJlGOH7g91qhTkHcv%2BodaMXS%2FxXxB9%2BQ6fw%2BPtDgYQ5sJXhyFWFrcI7%2Fe8V5eVXNy4pR04uBiFEPkCvWdMToSV8eZAgSRIxweVa0HJAbEF44PIgUr5hTIT%2Fci9wf4I6%2BCVfvB2#polycard_client=search-desktop&is_advertising=true&searchVariation=MLB55762063&backend_model=search-backend&search_layout=grid&position=3&type=pad&tracking_id=b4eb20c3-6e42-439d-914a-0839dfd44b0c&wid=MLB5765125576&sid=search,1,1,500-1k,26.25
Smartphone Motorola Edge 60 Neo 5G - 256GB 24GB (12GB RAM + 12GB Ram Boost) 50MP Sony Camera Moto AI e tela 1.5K Super HD - Latte,1799,3799.0,4.9,Motorola,Chegará grátis amanhã,53,https://click1.mercadolivre.com.br/mclics/clicks/external/MLB/count?a=fzTcajfWUKCjpEl2KJPx4tcZuIagmx65RxR3DnWqVe6zgNr7IpePDnkU2MxjROoNUXy6Xmeh9Zfrx22PQUI%2B%2FDuxprjS%2BToOWaEr%2FutmK0n9sWkEBXpErskxfZ7qdIL2anzCXEYYpjVX4gO0Cow71MPnY%2BfCQYOSIaPDpSB205LHwBGSZUsC6djxD0NjhSFujDjjTCGZXVqUUZJfoHPk%2FyZ%2BUShasUaSBMYnSB4mH4iQa8SR8rYpqlTIRTiirw4pleWmBtw0hrdK5v6O0TKqQnc8T2cNnPy0BYV71lZt9NRN9%2Fi8Ngb37W4R2PQQcOeuqSuXFWI9R9HdHTeMuHZVImHcZxHL3J%2Fd1%2FJYT06%2FFtTWK3W6HLjiVNq917mIS4B2rkbmbrMJfGPNvEln4sYa%2FwwWDUEvEzN7SNbbSRzACujixT870HV0dTqajBwH08wb4vONk3j2pe1jHYoDbgSTW0tw6GJjYncabrVnC8sM1rJYys9%2FkiWsg5TeGkiI%2BCB0tN3BqiiPjKQiixBro1K70MiWfxGIVwDAHd8UnzlJseQz1qM0KJ6Al7%2Bh1spRwio2kYlhuQnoLpYyDYbBPyKmbZlRsCZzenCx5d57TCIh2NNo3xdWh8f60jOoE78o6NBrvHbvN4lynYwmkGs9Dcejtl9P%2BHJcsRXuRs8MOwMqDy1OV1x2LAWXvf%2Bp6YdI4nqJjQrE1g%2FATIqwtO2WeAyjoBlGfjdihz6QoMsQltkfz1QThikFpVguIM3jd7be35MnBn20PwsLKaSuZiNB8UEK02i%2F%2BeKoJxsbiw6wgC8tR8%2FbQrZX1ysd2I8yaO2Yooe5JTlzAXGVYAB%2FPZ%2Fx92Cd5K3h0swB41LrL%2BAuWWzJE%2BCz%2FDV%2F0r7y%2BOItNiHPJv0AL2mj6tYnVKYWaiqyz9Y2JjpE6nnbEqvxeRa10T0Gsxx%2B9jNkQLRLBdx0Ioi5sBy0Ktp58vUsOsPVrFVkGxdm9ofT%2FWA%2FDPQfq%2FrgcPNZhyCMA8P9omYY%2F4wfgA%2Byvtt1Xk8Dkd1042NF6WvrHg%3D%3D#polycard_client=search-desktop&is_advertising=true&searchVariation=MLB58684606&backend_model=search-backend&search_layout=grid&position=4&type=pad&tracking_id=b4eb20c3-6e42-439d-914a-0839dfd44b0c&wid=MLB4265763257&sid=search,1,1,1k-2k,28.349999999999998
Celular Samsung Galaxy A56 5g 256gb 8gb Ram Cinza,1998,3699.0,4.9,Samsung,Chegará grátis amanhã,46,https://www.mercadolivre.com.br/celular-samsung-galaxy-a56-5g-256gb-8gb-ram-cinza/p/MLB47114363#polycard_client=search-desktop&search_layout=grid&position=5&type=product&tracking_id=b4eb20c3-6e42-439d-914a-0839dfd44b0c&wid=MLB5317821714&sid=search,1,1,1k-2k,26.25
Smartphone Samsung Galaxy A36 5g 128gb 6gb Ram Câmera Tripla De Até 50mp Selfie De 12mp Ip67 Super Amoled 6.7'' Nfc Recursos Ai Android E Segurança Snapdragon - Preto,1430,2815.0,4.9,Webfones,Chegará grátis amanhã,49,https://www.mercadolivre.com.br/smartphone-samsung-galaxy-a36-5g-128gb-6gb-ram-cmera-tripla-de-ate-50mp-selfie-de-12mp-ip67-super-amoled-67-nfc-recursos-ai-android-e-seguranca-snapdragon-preto/p/MLB47115842#polycard_client=search-desktop&search_layout=grid&position=6&type=product&tracking_id=b4eb20c3-6e42-439d-914a-0839dfd44b0c&wid=MLB6410679768&sid=search,1,1,1k-2k,27.15
Xiaomi Redmi 14c 4G 256 GB 8 GB RAM dual sim cor preto,830,830.0,4.6,Desconhecida,Não informado,0,https://www.mercadolivre.com.br/xiaomi-redmi-14c-4g-256-gb-8-gb-ram-dual-sim-cor-preto/p/MLB41287578#polycard_client=search-desktop&search_layout=grid&position=7&type=product&tracking_id=b4eb20c3-6e42-439d-914a-0839dfd44b0c&wid=MLB6628300600&sid=search,0,0,500-1k,2.3
Smartphone Motorola Moto G06 - 128gb 12gb (4gb Ram + 8gb Ram Boost) E Camera 50mp Com Ai Bateria De 5200 Mah Tela 6.9,661,999.0,4.9,Desconhecida,Chegará grátis amanhã,34,https://www.mercadolivre.com.br/smartphone-motorola-moto-g06-128gb-12gb-4gb-ram-8gb-ram-boost-e-camera-50mp-com-ai-bateria-de-5200-mah-tela-69/p/MLB61381499#polycard_client=search-desktop&search_layout=grid&position=8&type=product&tracking_id=b4eb20c3-6e42-439d-914a-0839dfd44b0c&wid=MLB4515672567&sid=search,1,1,500-1k,22.65
"Celular Samsung Galaxy A07 128gb, 4gb, Câmera 50mp, Tela 6.7 , Proteção Ip54, Processador 6nm - Preto",599,899.0,4.9,Samsung,Chegará grátis amanhã,33,https://www.mercadolivre.com.br/celular-samsung-galaxy-a07-128gb-4gb-cmera-50mp-tela-67-proteco-ip54-processador-6nm-preto/p/MLB55034955#polycard_client=search-desktop&search_layout=grid&position=9&type=product&tracking_id=b4eb20c3-6e42-439d-914a-0839dfd44b0c&wid=MLB5859349564&sid=search,1,1,500-1k,22.35
Samsung Galaxy A06 5g Dual Sim 128gb preto,719,989.0,4.8,Vikings,Chegará grátis amanhã,27,https://www.mercadolivre.com.br/samsung-galaxy-a06-5g-dual-sim-128gb-preto/p/MLB48946861#polycard_client=search-desktop&search_layout=grid&position=10&type=product&tracking_id=b4eb20c3-6e42-439d-914a-0839dfd44b0c&wid=MLB6433836010&sid=search,1,1,500-1k,20.5
"Celular Samsung Galaxy A17 Com Ia, 256gb, 8gb Ram, Câm De 50mp, Tela De 6.7 , Nfc, Ip54 - Preto",1259,1399.0,4.9,Samsung,Chegará grátis amanhã,10,https://www.mercadolivre.com.br/celular-samsung-galaxy-a17-com-ia-256gb-8gb-ram-cm-de-50mp-tela-de-67-nfc-ip54-preto/p/MLB55254425#polycard_client=search-desktop&search_layout=grid&position=11&type=product&tracking_id=b4eb20c3-6e42-439d-914a-0839dfd44b0c&wid=MLB4583723537&sid=search,1,1,1k-2k,15.45
"Celular Samsung Galaxy A07 256gb, 8gb, Câmera 50mp, Tela 6.7 , Proteção Ip54, Processador 6nm - Violeta",852,1399.0,4.9,123 Comprou,Chegará grátis amanhã,39,https://www.mercadolivre.com.br/celular-samsung-galaxy-a07-256gb-8gb-cmera-50mp-tela-67-proteco-ip54-processador-6nm-violeta/p/MLB54964804#polycard_client=search-desktop&search_layout=grid&position=12&type=product&tracking_id=b4eb20c3-6e42-439d-914a-0839dfd44b0c&wid=MLB4277746349&sid=search,1,1,500-1k,24.15
"Smartphone Motorola Moto G86 5g - 256gb 24gb (8gb Ram+16gb Ram Boost) Tela 1.5k Poled, 50mp Sony Camera Ois Moto Ai, Videos Em 4k, Ip68 + Ip69 - Vermelho",1792,2399.0,4.9,Motorola,Chegará grátis amanhã,25,https://click1.mercadolivre.com.br/mclics/clicks/external/MLB/count?a=YJP6b5N51cBRdVjsg290zlz2fT5iZdRvyYKD9t%2Bi9eaAkrkU4wXwAi6dpjQ0EhVr%2Fza9652VN4SyKrJutuH4Qt7C%2F1EG7xvwDA4uMfdJnmDT7%2FBoOJJTuY23gL30WZwif6qoMzg2aASGlqUBM76VYmDQYnXTiwZFP0QMiqT4DcXhpOugwZHXWfE%2BKtU9VAIl5BRjFsfiIObvSSlc2LffFaj3%2F7RomgzN2c36bvsZbxhJuHKpevU8POLG4OyWjwkHrxNh5iKxxN1I%2F5JF4nlS7gS76AAgokCKskY3C0ifqooaDeeiL1U6z5qzwFkncKZUTNayb7EM%2F8qY6QogUP%2BJN4pI4JJB5YD8fxHFxEocxAKaBoq6lZDOOhmFOk%2Fpv2jwCKTmIKbN2yEUWEgZcGejzarfw0jp4TIKAgqBsdOVx0jWMIGwPXeIpNDhNZTUuQUzGRBMKrbjrSuSujZBYPUQQEEmoAXIWNhXPx%2BdAsegeFbkiq1qyMTqzzUiu1IwfK61M9xVBOtXqCAEdkbEN29wJoYe2RdP9D767R6mJngAfZL%2F2nc78CEhS9eMVjca%2BzsVRLCF1%2FACwnd%2BsHmaYHYFCwXucG6FA%2FNGVRByNXp5D8TDFpG0i4ZRFS0ZQqgKoN6ntX%2FesPm0oxqV37PbOcLBr5%2BEjAmSAL%2BSOlBAOjg0KPZKkMl1cbQzJmVU6MmOedUvWeV2AgUZinWqBEuVLVN26OFSeK9enBT0jvncnd01cIkpVhSw5Vp0ozgDMUHM0hndkALtVbXfb5IkaBwbXkPRNe9%2BSIWrNFXaSAT9HeSGW8QidskFIMSZeGztCHJv5rOuLTPL7ItKDWibyebpKp7B2VBQuIcmHzd75nVkAhpgILkhfExk8dgvIwFZquygoIbu%2FuidYI4UOvDJO63S8jzqObXGqHs66KcdxVcIigI%2BhgJO0T%2B0qBDCAgtbHNK70CGDAVXXTxZTb60IqC6MkydPwQJbKLZ4%2BXCHVdLNY2mmPYnlHCzXpWrSjPtbZ0oW3GgJ%2BKsxL%2FOZb3l4DlVEIMGz8gCSxjnT4Iel9wWBYZyRVH4aog%3D%3D#polycard_client=search-desktop&is_advertising=true&searchVariation=MLB51340616&backend_model=search-backend&search_layout=grid&position=13&type=pad&tracking_id=b4eb20c3-6e42-439d-914a-0839dfd44b0c&wid=MLB5462013472&sid=search,1,1,1k-2k,19.95
Smartphone Motorola Moto G05 256gb 4gb Ram Camera 50mp Vermelho,699,1199.0,4.9,Motorola,Chegará grátis amanhã,42,https://click1.mercadolivre.com.br/mclics/clicks/external/MLB/count?a=ZgyGHaODG9YwDmJSOncfeaHjgq1ocDXey7GmVGuaYz4MyafWviTrbXb6xOJ6%2BdTO1EgA6QSyXZ6NRmPNZT8eQjHhe2EMJhxclr2pH91uyn6dS3I%2BOj3Jql33lTj5eh9ICQrm2aM70XWZ5HaHkagSCnpGA5OH3rkcw9ylDocussyxEMuuPQBlFSKxiRGMAXbV%2FMtBsKqvu6H8IckruXMvinOTVZE6MC1B1tBcwRT%2BoYnpVCuCzKgZyf01%2FRBur5PApKI6WRPRHyOrSJUUeOz%2Bf2IHZ9%2FNYph%2BzP2WnmedpThiR%2Fm%2Bt8fTbOJMMpRtMNkkaYYaD6%2BlaNiw%2B%2BgIT%2Fl5EnzTrZbB%2F16DrI9viTUnN8Siphiwmi%2FqCFp0iYpC8lZduohETCA8HbBjdbTGJOQOaKyuV5%2FNJKyF3imQbX776rKVpvWDqxScRZAROjr3LxfmHBURTWfJ6dLWA4BlgjL4ynC9NjBFTnDAvyqWzo%2BE%2FgyUItV7SAOW32RkcnoQfHSvQqLxO92w2WB3TkccgaQbVdbiTnTA%2B6X1fq5gT4rVHPNWDnp6oBPbeYGlZpBih17L9h2NUwtHY5c6QwSFs1G88Vynj2SGSRCpoI5eTweU%2FpPeBTlqETOBAYeb1qwmCrOATSVUphw%2Bsk0tz2EW7Yl3BTIpX%2BlRZr10UjJYAFdMt8BfVKg9%2Bk%2FBSIk2sSgqU429h37Bx00EbY5sI7d9xsuSHH9Tq2yPcPnvoC%2BNYMTr4hDTVDliPv1IvhfzIa8zXUaWyuoeqtO59YoM4mPA6OeSdJnJEgmR9bTaxM1USU1zu5v7P7O44BY7bNQl7j6RK8uGhNEJ2edP88o1kpzvpo9T4uJvUxNzvNLmppRjKl1pt9apTWiHiQiweAqaccCajVmWqiksXBHwD0KCBIVitjA5Zc4oIc7hxfbLFhXhi0xrJXCgSKvfe4NB0CojeDkC4wl226jI%2FBVw#polycard_client=search-desktop&is_advertising=true&searchVariation=MLB58493174&backend_model=search-backend&search_layout=grid&position=14&type=pad&tracking_id=b4eb20c3-6e42-439d-914a-0839dfd44b0c&wid=MLB5774641722&sid=search,1,1,500-1k,25.05
Smartphone Motorola Moto G56 5g - 256gb 16gb (8gb Ram+8gb Ram Boost) Camera 50mp Sony Lytia 600 Ultrarresistencia Militar e Ip68 + Ip69 - Cinza,1598,1999.0,4.9,Motorola,Chegará grátis amanhã,20,https://click1.mercadolivre.com.br/mclics/clicks/external/MLB/count?a=ACCQXAG%2BAf16kVktQepVZ5bmhlxhDUXz53xv5Z8nmgdu%2FYv%2B%2BY0DLDSFxtg6KbDUjjWZVGQlHf7vuM188Dfa3iLiH40zyRWovFCZ5P75bbDckEjTRZQa6sow%2F%2BKPk8ZHr%2BMBXBYlu7y3DcfTrYlpOLWo2YJ0CcW1XWXi53hhp7h1y7WhfwxvWQqdAFb5%2BVs1iyfzWlVbon%2BN7S0TCnoOWpEgUVy0X9oAmPtXbo1jhUYO9DccIW9RWOAz8mE77WAoWA4fI461npezJ7QiBT3OYl0QuJtDXbmuYF5nuscKWAMY9RjaCeO8Vir0Lwsd7JOUxEIqi9vDzLuWNJK50iWwZkXdvxIeq3xi906PXc9aeCpQ88aqGDqQolwj95TRYatV8Uv4%2FIgzq9wHxyEPSjJ7weHwi3pSM5Se3QX2AbSUd1YL5Timo0ds%2F%2BRU%2BEMs7t%2BbtuL9CB3PdfX3QqHzLBYHI%2F6byzGE04jq3pmVnpoWAs%2FB4%2BsijAM4YsRTRgIuCMQ4ilf0FzTr%2FaoN2USCylLbfgvBaszgS5mtchvM3FXvGZ0G4iPUwXT6qW%2BmGsJjGU7cr0C1Iy0%2BO0VYNwA8ON8iR3mbJotldo5hGeI6JviSLO1R%2Fa8xz57fFaI0zikPQsruBe6WlPkq9s%2BWlR9BBi3W1mtEHgujyMf%2F%2FWRwtdonNmmqBBRXHTkcw9%2F%2FfpRqcjzfm%2BDmxnSERpEIt7LVXatiZtYh9wbAccl7i3jwpd28laqn9%2BQDt27y66OLuoRilZX3mRk9LjxBtn%2Ftgr6Lm2yQGbzhHfJ7eV3YWOazE99TUQ%2Bq3dc8NtePA52TR1q33gXPoBaYgFnEWjSngTNFIFGcrYxzccIO2KjeneIJYvq3y1yjF3tEhsCFK3%2B0REVPJgXoWd0GDT4KsKcpxmhwRGK3DdySGO2dkZZT4XzGnDPC%2Bi03HHwkrjqmKT74oPoS5aAjd%2FeJt5s9pk0uSVHl7dfVPIBdPHsBRo8vH3mUTsSNqh0wOHapnX%2Fvjx442wpkc4kDH3Mq0NN4ySYZqpzvPU%2BU3iymxED8Y2FIqzBLqno%3D#polycard_client=search-desktop&is_advertising=true&searchVariation=MLB50301060&backend_model=search-backend&search_layout=grid&position=15&type=pad&tracking_id=b4eb20c3-6e42-439d-914a-0839dfd44b0c&wid=MLB5402372302&sid=search,1,1,1k-2k,18.45
"Smartphone Motorola Moto G67 5g - 128gb 12gb (4gb Ram + 8gb Ram Boost) Camera 50mp Sony Lytia 600, Tela 1.5k Extreme Amoled 120hz, Ultrarresistente - Chumbo",1529,1899.0,4.8,Motorola,Chegará grátis amanhã,19,https://click1.mercadolivre.com.br/mclics/clicks/external/MLB/count?a=kjRntwoRaePAhD1YR%2B8kf8c1sYyqoreC21KdfcLxXooM3230qO5ZL7iy2UDNr5EBVa0xU7XK3Ba2fZPzCTeegjR2DBpqWusaFxWTk5XR8OflYgfonbFn%2FddYcpThgUiv%2FrGs0ENt83jCUxaDot3KNd1WmEoEi87UrxQIJ1kD18Qyaito%2BW2jU3JzroCCb8qSCucVS6Mo8TGxhX%2F5AaTfdoBcrv8H2vQhO7tS6RRGuxlswQC21FolgodoJTpxHkM1gLBsXjjSnQ9I4M4rHrYZf0AUrS7E7iVkVun2zTiQuG7yR57lb5p%2FOi%2FilAv69uRDYws%2FyzMJT9Ku28sPxrHBqevV2dIvCWtW0hx1ZEY9edMwNkSZCLFlLPTu%2FgLYqrNUq1dcYe%2FG1dxOd5We7Nk8lbKMGdpd4Riwnq0vLNUDR7Q4NXmrcNf4iMhIDIhUlzNq4P3UrbNQuQDA6TaTVVclUeQ6qDli8PV2WWlGrfOkgZEh%2FV9QdHWMaL1NbSsRdj4p5cNec0l0TOeSZRV%2F7mI6WPubxngv5NGuD1EBzxmitDzR8wbXjxTlm4z363E6vH%2F6YXfta0RTkUbz%2FA9wqL3aGU1kl2%2BYfNB1RQ5FlutglxSKIoBerCBQ6jEI1L%2FDdJX8T9e%2BtA5SYnomGa7OO88VlEfFQHP3Hvof1vyUVCKF%2B%2BNC6WsZShK9hlJBu8WYgqtreloixkwPWYsnYnCw1l8bY9joeSzcQMtOmIdu3PWVghtyePbv%2FC%2F%2FxGho1XpxIZs6Hj6uDM8fo7eIjra5f9ssk%2Fw7mEHYAapYdzNUgnDja%2FklL0JluAljQwf0aYJggb3J9x7UoRQqs8MxoUgjC8GTMGmIOAH0acBhkr9rz8m5hWoMKjJWYz0ojXEaAz9RsmiKFT6Fgk2HaJcGz002X9W5VpBaNPnD7W0YeHjzPUG0byJO5PFPQT0y%2FbthOQyJa13e2nq28AdTlN1lwsBbVDKGLLZ9lgeaNce0ktKBSj3wIFSv6s%2BTBYOOTKbsBnSVL0FpsdSyPbFYLowbUOpwLpv64mxIrB8%2BejFfY%2BUNnc7PPkkvn5lc5ZqA1Ek%3D#polycard_client=search-desktop&is_advertising=true&searchVariation=MLB65319818&backend_model=search-backend&search_layout=grid&position=16&type=pad&tracking_id=b4eb20c3-6e42-439d-914a-0839dfd44b0c&wid=MLB6420538026&sid=search,1,1,1k-2k,18.1
Smartphone Motorola Moto G06 - 256gb 12gb (4gb Ram + 8gb Ram Boost) E Camera 50mp Com Ai Bateria De 5200 Mah Tela 6.9 - Bege,723,1349.0,4.9,Motorola,Chegará grátis amanhã,46,https://www.mercadolivre.com.br/smartphone-motorola-moto-g06-256gb-12gb-4gb-ram-8gb-ram-boost-e-camera-50mp-com-ai-bateria-de-5200-mah-tela-69-bege/p/MLB55762063#polycard_client=search-desktop&search_layout=grid&position=17&type=product&tracking_id=b4eb20c3-6e42-439d-914a-0839dfd44b0c&wid=MLB5765125576&sid=search,1,1,500-1k,26.25
Smartphone Motorola Edge 60 Pro 5g - 256gb 24gb (12gb Ram+12gb Ram Boost) Tela Quad-curve Moto Ai 50mp Sony Camera Ultrarresistencia Militar Ip68 + Ip69 - Azul,2694,4499.0,4.9,Motorola,Chegará grátis amanhã,40,https://www.mercadolivre.com.br/smartphone-motorola-edge-60-pro-5g-256gb-24gb-12gb-ram12gb-ram-boost-tela-quad-curve-moto-ai-50mp-sony-camera-ultrarresistencia-militar-ip68-ip69-azul/p/MLB49085450#polycard_client=search-desktop&search_layout=grid&position=18&type=product&tracking_id=b4eb20c3-6e42-439d-914a-0839dfd44b0c&wid=MLB5382324466&sid=search,1,1,2k-5k,24.45
Smartphone Samsung Galaxy A36 5G 256GB 8GB RAM,1521,3299.0,4.9,Samsung,Chegará grátis amanhã,54,https://www.mercadolivre.com.br/smartphone-samsung-galaxy-a36-5g-256gb-8gb-ram/p/MLB47111905#polycard_client=search-desktop&search_layout=grid&position=19&type=product&tracking_id=b4eb20c3-6e42-439d-914a-0839dfd44b0c&wid=MLB5317478858&sid=search,1,1,1k-2k,28.65
"Celular Samsung Galaxy A17 5g Com Ia, 256gb, 8gb Ram, Câm De 50mp, Tela De 6.7 , Nfc, Ip54 - Preto",1576,1899.0,4.9,Samsung,Chegará grátis amanhã,17,https://www.mercadolivre.com.br/celular-samsung-galaxy-a17-5g-com-ia-256gb-8gb-ram-cm-de-50mp-tela-de-67-nfc-ip54-preto/p/MLB54961455#polycard_client=search-desktop&search_layout=grid&position=20&type=product&tracking_id=b4eb20c3-6e42-439d-914a-0839dfd44b0c&wid=MLB6574985998&sid=search,1,1,1k-2k,17.55
Celular Smartphone Realme C73 256gb 8gb Ram Dual Sim 120hz 6000mAh Violeta,1149,1999.0,4.8,Webfones,Chegará grátis amanhã,43,https://www.mercadolivre.com.br/celular-smartphone-realme-c73-256gb-8gb-ram-dual-sim-120hz-6000mah-violeta/p/MLB62258511#polycard_client=search-desktop&search_layout=grid&position=21&type=product&tracking_id=b4eb20c3-6e42-439d-914a-0839dfd44b0c&wid=MLB4334411855&sid=search,1,1,1k-2k,25.3
"Celular Samsung Galaxy A26 5g 256gb, 8gb Ram, Câmera De 50mp, Ip67, Tela Super Amoled 6.7 , Nfc - Preto",1405,2167.0,4.8,123 Comprou,Chegará grátis amanhã,35,https://www.mercadolivre.com.br/celular-samsung-galaxy-a26-5g-256gb-8gb-ram-cmera-de-50mp-ip67-tela-super-amoled-67-nfc-preto/p/MLB47424244#polycard_client=search-desktop&search_layout=grid&position=22&type=product&tracking_id=b4eb20c3-6e42-439d-914a-0839dfd44b0c&wid=MLB5474927460&sid=search,1,1,1k-2k,22.9
"Celular Samsung Galaxy A17 Com Ia, 128gb, 4gb Ram, Câm De 50mp, Tela De 6.7 , Nfc, Ip54 - Preto",899,1499.0,4.9,Samsung,Chegará grátis amanhã,40,https://www.mercadolivre.com.br/celular-samsung-galaxy-a17-com-ia-128gb-4gb-ram-cm-de-50mp-tela-de-67-nfc-ip54-preto/p/MLB54987753#polycard_client=search-desktop&search_layout=grid&position=23&type=product&tracking_id=b4eb20c3-6e42-439d-914a-0839dfd44b0c&wid=MLB4217306791&sid=search,1,1,500-1k,24.45
"Celular Samsung Galaxy S25 Fe 5g, 128gb, 8gb Ram, Câmera Tripla De 50+12+8, Tela Grande De 6.7 Jetblack",2868,4499.0,4.9,Samsung,Chegará grátis amanhã,36,https://www.mercadolivre.com.br/celular-samsung-galaxy-s25-fe-5g-128gb-8gb-ram-cmera-tripla-de-50128-tela-grande-de-67-jetblack/p/MLB61692896#polycard_client=search-desktop&search_layout=grid&position=24&type=product&tracking_id=b4eb20c3-6e42-439d-914a-0839dfd44b0c&wid=MLB6087231690&sid=search,1,1,2k-5k,23.25
"Smartphone Motorola Moto G17 4g - 256gb 12gb (4gb Ram + 8gb Ram Boost) Camera 50mp Sony Lytia 600, Tela Fhd+ 60hz, Bateria 5200 Mah - Rosa",1078,1749.0,4.9,Motorola,Chegará grátis amanhã,38,https://click1.mercadolivre.com.br/mclics/clicks/external/MLB/count?a=t7NlZXIaAJLIzgE3B5DLO5ywqcY8iufeWWpW1kG8ZX48GtZhhQsXT3gG5v2gDHOn%2F%2BTcuy%2FCreqy0Vm%2FmjZGhyXP4qEsF3EZFV1CtIRKIih4xSgHnatRrrdJZFNJrM8Q7pB0j%2BfYLWp%2BiAQ5TtSylcpKvoQs9iR8SCNT%2ByJlF9b1kJvXNINLcGHsxhuenLohwPpoWmcK5PgxpqYQ9%2FxJ4G1F4BchDBvK5H15zB1sE9LZxB2R2%2BvE6lIkcPPWRzkGLHnW4feyvxmq88%2Fc9wYb2Db1FmTs1QZ0ghAFdhy1bRPlcxS7LC1JHlRCd7vkFCCrLiRYYXISy3vmhXj3oWumspybFLqML3Ba05VPwaHlNElzhPrU%2B5NSdX2lIxhJejG%2BlKp%2BtOr3hJFReMYjqEpqH5feVhvMCnU2qDpc1dSJELtCnDHSrz6oA8X2HDm26gOQTaSXhRtDuVJQ4T%2FwoDPGSRzmsQK9gj%2FutHldaSkO1fd576yxxZUhZpl3Tqys2dZ5gf8ZFyrR%2F5eS3xMhkTs8JREN9Q7YX%2Fpduu5hzRZstQMoBOm%2BmQooLeYhGCtabXOS19wVUDbTuZ8nU82jfBluLRitL4fTlQb0tKm9AS9ihuORMlUfiMb%2F1x2DgLH67MghtR%2FvtJmTqKlhWKcXwHfE8%2FJSVAL9zhcgPv%2BP5n1C2JzcUDGWwZ9EMYFBYYhC6gYcsRv2df47Sn8Yp29ThlRm59MocQ8Z4fRy78pnRIJ6A9llRD4tbYsMACZsr%2Bc9kRFOvHBWwuIjRJ1EGe1NKhj2%2FrF4N7KBVMM660VpYHEjc4b3tSxgQE5vSJg%2BWEl5NKIIu8mUIISaGVdAUeeWHby5W0rKgT9Yyoh3Rq1ldFfpX3C6UjrCQDsXdsamOzIntx8N%2BLMTzakYxuGsPGJbxuqtLlQcppeG6RSAU0hnpsvEG4FQk3HooTGuT6CxWfAQEZqaGspncVTDJQFhRNyPt98SpZvIzPoO7a%2BbGo0xHqFSPJ0TQusoKaXgkHHOiJCWfoaGzMfFY2gZMiKaMo3g%2BR0nJzLQiz7hR8M%3D#polycard_client=search-desktop&is_advertising=true&searchVariation=MLB65041664&backend_model=search-backend&search_layout=grid&position=25&type=pad&tracking_id=b4eb20c3-6e42-439d-914a-0839dfd44b0c&wid=MLB4510840013&sid=search,1,1,1k-2k,23.85
Moto G15 Dual Sim 4gb Ram 128gb Azul Marino,699,1099.0,4.8,Motorola,Frete grátis,36,https://click1.mercadolivre.com.br/mclics/clicks/external/MLB/count?a=vRP5sF2uUlgrMgDRpE1qaOCTKNDww0LVxaqYl4wsxC3kLSpL56j0qoLkyzhSbyv9X6n%2F%2BLtWHNI5eTsTKmO2vi7ScXxOsi5CMPlCKfzo%2FeNX40tjnNdbzs3PoncjN%2B%2BFZQsKxEX9Lb7AZJKHLaQTPkug1RAGTQJpFjTsaQDv5cMDmLucP%2FrBNPTArrB1lhhHE1zCULoHXdXYCHc5HVz27DMLFuXyF4cyjKVSrOUwHED11qXAeLQTfLeLsEHm%2Far3nZmff265nNrAw%2B52Z6PVb67%2BeTzCO9kelV%2Bw96%2FlxVblMzN%2Fndd%2FMzjPKVxrtgxYp%2F2HF22LbdeqZ%2FtkX5SgtXIjxqGDJER7TmTqmY%2BZ4%2BXLbGVUXvG0uEomKHonn4ZA9Doh2zoigod4QFk6ivK93GOQmsO33p8dp41C2AaVvxUsVqr2bHe7%2Fu7%2BAgrKgiePtNMemYePvJLcpHWJRV6QOOBJ6DXo4c%2BN41ZiwR0eapi5A4X52lJTUBDeLfmbiMP4QdMgUgBeVOjb62Ss4QonYbwQxSOCNL0k%2FZ33NrLDXXkrv7EmKob9D6orMDSvHRroRcPbArm4DXYC2AWd3P5vcIpdoM3x29Nin8pdGkwoqQAcvloY4EECuJcnJokvc2hk7x8LtaGjV381axN5LJE3PlVp1I6EllS%2BE0PbXssq%2Fpz28C4ke8D0nUnEnPQosas%2BsJy%2FmmUa%2FZL0u6byG6S%2FGabxF6kVySTBp5EyeymNmJIYexHcZw487O%2FHIu8eP3gn9A6ZqPvr5GoRdn1DLTITKmJjOHFIRjh5PEiHyRIjA3dix3uFl%2FU75PdSwtv3F9yany9%2F1rWPNhGLsPxQCDgRwe8qlGbLBvrcThrcgnopxvruCKjpQtwv%2Bbqf2SUlXrdUVYbhBbS7qMPhaB%2Bk8YrV1N7GHWzyH0twa780uGDEkkL3#polycard_client=search-desktop&is_advertising=true&searchVariation=MLB46056608&backend_model=search-backend&search_layout=grid&position=26&type=pad&tracking_id=b4eb20c3-6e42-439d-914a-0839dfd44b0c&wid=MLB3975530813&sid=search,1,1,500-1k,23.2
"Smartphone Motorola Signature 5g - 512gb 24gb (12gb Ram + 12gb Ram Boost), 3 Cameras 50mp Sony Lytia E Zoom 100x, Tela 1.5k Extreme Amoled 165hz - Preto",7649,8999.0,4.8,Motorola,Chegará grátis amanhã,15,https://click1.mercadolivre.com.br/mclics/clicks/external/MLB/count?a=0yglbb7nlzkJGykDUfe6puA6DHIY5a2sxKuLxobF1qbQBdfRlwnTdz0QT4JiG4Qis2F1OgPE%2F0DzAanC%2FQBJ4T%2FgQRw21JkRPqUjABSiKAyW2n4KLGouawCI92Ano%2FWM4AyR%2BhUYlO%2FUk2WZjpS87cPV%2F8b5tBrlpodvcfKXy0ajghjKuAsVexqQb6HaWuiNxV%2B%2Fz9dZXymubTB8hkP6sy65EYNtvL6dpnaHkSmvdhdvc2wPFLa6SiIk4DDwMyFdTihFAVntZ10nF7oKuv2RaXKKhjUSnj0%2FuxGkjw3lWegg9ElSK471CM7RjqT7zaoLrbB0NzfH7SAKcllYHnHbHpqmoBmiI7SBdFgt4Oq7YF%2BkhlIOnqw5M%2FQup6vAbfxU%2FixLY0AUH0fRapjhyV%2BpSogws%2BXF4KMirHgCRjm%2F7xx44qui32blAh5yI0272PkWVMxV6%2BeHqMOWSG0WyEquVFLgpuD4WqZbSe3o95e%2BhN8Hpq0yGQ7GUX7S0TrGFC5DHdV2%2BP7j6yswmhUA6bzrRbS6LuEtPjvDtc2E%2B%2BboSd%2F53FMr3yhYDHmfi5WIk1qVG213NACA0fckjTHegfLHn92sE3YkhRnhB4teWyh0F%2F9mxJ8tnyEM6RkyKFiLO45tOWfg1jStwJWEw4xsvw6qm0Vc3wfVar9pLAmO9P6pxyi052tml9zTN53mVFTo6pk1cdWWyDSe0LMehwWUIDRdRuz%2BhOvOhP5B7ee93axsCfXX6%2F%2FqSKeFXE2n4oNsbG1O0cjE7wj9X2G8oh2xjRfUVIDtbsX7XhxfckBjU2urKWa27CPuOItzQpZ%2F5xjICrlK2%2FWR3Pq1xtW4SxrCkFnl7uqyrmxItU7j19BTb8MWVwnvOWKKhL7EyDT7WYzzSGGbed0D0bO%2FCQJFud4fAQ9Fxi9tZQlxfb56NetI7Kitz%2BBogsTLUk8yVjlrylx%2B1hW5MmjRisr9%2Fj7C2xq5q9lSfBR5la59bdw8HPTXOS9miBFMA2ciV26mqoNt03hEtzvfpMm43qankx9ynHRUTW8hMzqmW%2FCBQqUf4grZ3bSkLTCznmG4#polycard_client=search-desktop&is_advertising=true&searchVariation=MLB65938141&backend_model=search-backend&search_layout=grid&position=27&type=pad&tracking_id=b4eb20c3-6e42-439d-914a-0839dfd44b0c&wid=MLB6373850588&sid=search,1,1,5k-10k,16.9
Smartphone Motorola Edge 60 Fusion 5g - 256gb 16gb (8gb Ram+8gb Ram Boost) 50mp Sony Ai Camera Ip68 Nfc - Rosa,1939,3299.0,4.9,Motorola,Chegará grátis amanhã,41,https://click1.mercadolivre.com.br/mclics/clicks/external/MLB/count?a=%2BTxk4YeMgz4jDV9NQ%2FHK8HBeG2zFcYdOAYja4odyYwYH4lEpnsKDWhuJkUd1e6s5%2F0Y3V6HV5uEIp2N3AO9wm0yl1vaFhF5xQlyXLeG2AzV14b1b85ya8aOy3UHDb5IQBQA7luLaKuVPTkMaujF4i%2FIm5vGjjpKiCkxWszNx9sVw7b34SWJlVbnQXz8kvZQmchwrgRUDUoizopG%2F%2BupmTZFFIPflFvGuRKRr6z04A0jykBLEmOeu%2BSUz4LUN4hhotKOUnSCgVLxTC8GaSbG4isyhgNQNGEtlECRtl4x%2Foc3ARzwSjkuimbNMNNIfRLXp7ZI9ZDgjj717wvRmI9Gjq94IjId6ixNSkB9l0uyRVmCiZ0R4kdT8Avz5aiPeVGS2T8aqJ6OHSpnLOObQbn3CCMHfLAO890iOICpAJvRoRibf%2BvLBEe2uDOz9jcMy46pegRLrxN6wnL%2FvTQBsAvDi64bDUPpaMxIb3t9MKBInxe5zzFJtj1zDoxpd7eeYQaHHqldPGMxQkAzjKJ88ifdWDVfSq1MkF%2Bia9%2Biq4QXszO5flP8MPolnkfewnX6PlYZ9gbYMVu0GUNJAw%2BCsRsvmqXdSvyrqvW%2FUAFYntZW6ecar0YtZQzT4D43kAdGPj86c8oq8ATGW5XJ%2FAtIM3%2BwCvqK8Ihx%2Bw4xRSFYY6qPnDlti8PerH1eu3Gz7fRUgSt%2Fwrm4TYM3e4kZ9cVmYhqp5pv4mWvJOHkUqKac40WUX7fQOSK87WiPfKDvuMoqQ6wYFQ4GnF8ZRBZxSue3qdqQoXjjYTmd0bLSgevwh9NGnbasP9o3cLdeBvlGbpMzbwqwjmeA1fNpiGxpCErLyXZdhA6shaMFzFmVVO84QGcC70aQyYKJCqELyIMdS6WBMTFnXrx9vO7bQTVXMDd537dgQXiSEUZ4y%2BRjorJdMKfF3hsYkLYYflPF4pQHJL1H1gNMdMyl0oOSDTSHdSKRaN2FEid3DzzDpSPM9AP%2B77lBTZEAP5o3Jlxh8mIX7pynxdA%3D%3D#polycard_client=search-desktop&is_advertising=true&searchVariation=MLB47251829&backend_model=search-backend&search_layout=grid&position=28&type=pad&tracking_id=b4eb20c3-6e42-439d-914a-0839dfd44b0c&wid=MLB4027318137&sid=search,1,1,1k-2k,24.75
Smartphone Motorola Moto G05 256gb 4gb Ram Camera 50mp Vermelho,699,1199.0,4.9,Motorola,Chegará grátis amanhã,42,https://www.mercadolivre.com.br/smartphone-motorola-moto-g05-256gb-4gb-ram-camera-50mp-vermelho/p/MLB58493174#polycard_client=search-desktop&search_layout=grid&position=29&type=product&tracking_id=b4eb20c3-6e42-439d-914a-0839dfd44b0c&wid=MLB5774641722&sid=search,1,1,500-1k,25.05
iPhone 16e (128 GB) - Preto - Distribuidor Autorizado,3699,5799.0,4.9,Apple,Chegará grátis amanhã,36,https://www.mercadolivre.com.br/iphone-16e-128-gb-preto-distribuidor-autorizado/p/MLB1046215784#polycard_client=search-desktop&search_layout=grid&position=30&type=product&tracking_id=b4eb20c3-6e42-439d-914a-0839dfd44b0c&wid=MLB3986439067&sid=search,1,1,2k-5k,23.25
Smartphone Motorola Edge 60 Neo 5G - 256GB 24GB (12GB RAM + 12GB Ram Boost) 50MP Sony Camera Moto AI e tela 1.5K Super HD - Latte,1799,3799.0,4.9,Motorola,Chegará grátis amanhã,53,https://www.mercadolivre.com.br/smartphone-motorola-edge-60-neo-5g-256gb-24gb-12gb-ram-12gb-ram-boost-50mp-sony-camera-moto-ai-e-tela-15k-super-hd-latte/p/MLB58684606#polycard_client=search-desktop&search_layout=grid&position=31&type=product&tracking_id=b4eb20c3-6e42-439d-914a-0839dfd44b0c&wid=MLB4265763257&sid=search,1,1,1k-2k,28.349999999999998
"Samsung Galaxy S25 5G, 256GB, 12GB, Câmera Tripla - Azul claro",3898,5999.0,4.9,Samsung,Chegará grátis amanhã,35,https://www.mercadolivre.com.br/samsung-galaxy-s25-5g-256gb-12gb-cmera-tripla-azul-claro/p/MLB45513356#polycard_client=search-desktop&search_layout=grid&position=32&type=product&tracking_id=b4eb20c3-6e42-439d-914a-0839dfd44b0c&wid=MLB5264376996&sid=search,1,1,2k-5k,22.95
"Smartphone Motorola Moto G86 5g - 256gb 24gb (8gb Ram+16gb Ram Boost) Tela 1.5k Poled, 50mp Sony Camera Ois Moto Ai, Videos Em 4k, Ip68 + Ip69 - Vermelho",1792,2399.0,4.9,Motorola,Chegará grátis amanhã,25,https://www.mercadolivre.com.br/smartphone-motorola-moto-g86-5g-256gb-24gb-8gb-ram16gb-ram-boost-tela-15k-poled-50mp-sony-camera-ois-moto-ai-videos-em-4k-ip68-ip69-vermelho/p/MLB51340616#polycard_client=search-desktop&search_layout=grid&position=33&type=product&tracking_id=b4eb20c3-6e42-439d-914a-0839dfd44b0c&wid=MLB5462013472&sid=search,1,1,1k-2k,19.95
"Smartphone Infinix Note 50X 5G 8GB RAM 256GB De Armazenamento Tela 6,78"" Polegadas HD+ 120HZ Câmera 50MP + Selfie 8MP Bateria 5200mah NFC, DTS Áudio - Cor Cinza",1349,2267.0,4.8,123 Comprou,Chegará grátis amanhã,40,https://www.mercadolivre.com.br/smartphone-infinix-note-50x-5g-8gb-ram-256gb-de-armazenamento-tela-678-polegadas-hd-120hz-cmera-50mp-selfie-8mp-bateria-5200mah-nfc-dts-audio-cor-cinza/p/MLB61656785#polycard_client=search-desktop&search_layout=grid&position=34&type=product&tracking_id=b4eb20c3-6e42-439d-914a-0839dfd44b0c&wid=MLB5957442486&sid=search,1,1,1k-2k,24.4
Smartphone Motorola Edge 60 5g - 512gb 24gb (12gb Ram+12gb Ram Boost) Tela Quad-curve Moto Ai 50mp Sony Camera Ultrarresistencia Militar Ip68 + Ip69 - Azul Marinho,2099,2799.0,4.9,Motorola,Não informado,25,https://www.mercadolivre.com.br/smartphone-motorola-edge-60-5g-512gb-24gb-12gb-ram12gb-ram-boost-tela-quad-curve-moto-ai-50mp-sony-camera-ultrarresistencia-militar-ip68-ip69-azul-marinho/p/MLB48930800#polycard_client=search-desktop&search_layout=grid&position=35&type=product&tracking_id=b4eb20c3-6e42-439d-914a-0839dfd44b0c&wid=MLB5363845340&sid=search,1,0,2k-5k,9.95
Smartphone Motorola Moto G35 5g 256gb 12gb Ram Boost Coral,945,2000.0,4.8,Desconhecida,Não informado,53,https://www.mercadolivre.com.br/smartphone-motorola-moto-g35-5g-256gb-12gb-ram-boost-coral/p/MLB63092926#polycard_client=search-desktop&search_layout=grid&position=36&type=product&tracking_id=b4eb20c3-6e42-439d-914a-0839dfd44b0c&wid=MLB6228408744&sid=search,1,0,500-1k,18.299999999999997
Smartphone Motorola Moto G56 5g - 256gb 16gb (8gb Ram+8gb Ram Boost) Camera 50mp Sony Lytia 600 Ultrarresistencia Militar e Ip68 + Ip69 - Cinza,1598,1999.0,4.9,Motorola,Chegará grátis amanhã,20,https://www.mercadolivre.com.br/smartphone-motorola-moto-g56-5g-256gb-16gb-8gb-ram8gb-ram-boost-camera-50mp-sony-lytia-600-ultrarresistencia-militar-e-ip68-ip69-cinza/p/MLB50301060#polycard_client=search-desktop&search_layout=grid&position=37&type=product&tracking_id=b4eb20c3-6e42-439d-914a-0839dfd44b0c&wid=MLB5402372302&sid=search,1,1,1k-2k,18.45
Apple iPhone 16 (256 GB) - Preto - Distribuidor Autorizado,5205,9538.0,4.9,Apple,Chegará grátis amanhã,45,https://www.mercadolivre.com.br/apple-iphone-16-256-gb-preto-distribuidor-autorizado/p/MLB1040287796#polycard_client=search-desktop&search_layout=grid&position=38&type=product&tracking_id=b4eb20c3-6e42-439d-914a-0839dfd44b0c&wid=MLB3931272075&sid=search,1,1,5k-10k,25.95
"Smartphone OPPO A6t 128gb, 12gb Ram (4gb + 8gb Virtual Ram), Bateria Gigante de 6500mAh, Processador Snapdragon, Tela 120Hz, AI Câmera, IP64 - Violeta",899,1299.0,4.9,Oppo,Chegará grátis amanhã,31,https://www.mercadolivre.com.br/smartphone-oppo-a6t-128gb-12gb-ram-4gb-8gb-virtual-ram-bateria-gigante-de-6500mah-processador-snapdragon-tela-120hz-ai-cmera-ip64-violeta/p/MLB66130734#polycard_client=search-desktop&search_layout=grid&position=39&type=product&tracking_id=b4eb20c3-6e42-439d-914a-0839dfd44b0c&wid=MLB4573343865&sid=search,1,1,500-1k,21.75
"Smartphone Xiaomi Redmi 15 8gb 256gb Tela 6,9 144hz, Bateria 7.000 Mah, 50 Mp Preto",1390,1390.0,4.8,Desconhecida,Chegará grátis amanhã,0,https://www.mercadolivre.com.br/smartphone-xiaomi-redmi-15-8gb-256gb-tela-69-144hz-bateria-7000-mah-50-mp-preto/p/MLB61511995#polycard_client=search-desktop&search_layout=grid&position=40&type=product&tracking_id=b4eb20c3-6e42-439d-914a-0839dfd44b0c&wid=MLB4390450235&sid=search,0,1,1k-2k,12.4
Celular Samsung Galaxy A56 5g 128gb 8gb Ram Rosa,1998,3299.0,4.9,Samsung,Chegará grátis amanhã,39,https://www.mercadolivre.com.br/celular-samsung-galaxy-a56-5g-128gb-8gb-ram-rosa/p/MLB47106876#polycard_client=search-desktop&search_layout=grid&position=41&type=product&tracking_id=b4eb20c3-6e42-439d-914a-0839dfd44b0c&wid=MLB4561879339&sid=search,1,1,1k-2k,24.15
Apple iPhone 15 (128 GB) - Azul - Distribuidor Autorizado,4499,7209.0,4.9,Apple,Chegará grátis amanhã,38,https://www.mercadolivre.com.br/apple-iphone-15-128-gb-azul-distribuidor-autorizado/p/MLB1027172667#polycard_client=search-desktop&search_layout=grid&position=42&type=product&tracking_id=b4eb20c3-6e42-439d-914a-0839dfd44b0c&wid=MLB4408547152&sid=search,1,1,2k-5k,23.85
iPhone 17 Pro 256GB - Azul-profundo - Distribuidor Autorizado,9899,11499.0,4.9,Apple,Chegará grátis amanhã,14,https://www.mercadolivre.com.br/iphone-17-pro-256gb-azul-profundo-distribuidor-autorizado/p/MLB1055308781#polycard_client=search-desktop&search_layout=grid&position=43&type=product&tracking_id=b4eb20c3-6e42-439d-914a-0839dfd44b0c&wid=MLB5687335472&sid=search,1,1,5k-10k,16.65
iPhone 17 256 GB - Sálvia - Distribuidor Autorizado,6297,7999.0,4.9,Apple,Chegará grátis amanhã,21,https://www.mercadolivre.com.br/iphone-17-256gb-salvia-distribuidor-autorizado/p/MLB1055308843#polycard_client=search-desktop&search_layout=grid&position=44&type=product&tracking_id=b4eb20c3-6e42-439d-914a-0839dfd44b0c&wid=MLB6545162768&sid=search,1,1,5k-10k,18.75
Apple iPhone 16 (128 GB) - Preto - Distribuidor Autorizado,4986,7799.0,4.9,Apple,Chegará grátis amanhã,36,https://www.mercadolivre.com.br/apple-iphone-16-128-gb-preto-distribuidor-autorizado/p/MLB1040287808#polycard_client=search-desktop&search_layout=grid&position=45&type=product&tracking_id=b4eb20c3-6e42-439d-914a-0839dfd44b0c&wid=MLB5120546360&sid=search,1,1,2k-5k,23.25
Smartphone Motorola Edge 60 Pro 5g - 512gb 24gb (12gb Ram+12gb Ram Boost) Tela Quad-curve Moto Ai 50mp Sony Camera Ultrarresistencia Militar Ip68 + Ip69 - Cinza,3059,5499.0,4.9,Motorola,Chegará grátis amanhã,44,https://www.mercadolivre.com.br/smartphone-motorola-edge-60-pro-5g-512gb-24gb-12gb-ram12gb-ram-boost-tela-quad-curve-moto-ai-50mp-sony-camera-ultrarresistencia-militar-ip68-ip69-cinza/p/MLB48998798#polycard_client=search-desktop&search_layout=grid&position=46&type=product&tracking_id=b4eb20c3-6e42-439d-914a-0839dfd44b0c&wid=MLB5389690592&sid=search,1,1,2k-5k,25.65
"Tcl Smartphone 605 4g, Octa Core, 128gb 12gb Ram (4+8), 6.7 Hd+ 90hz, Nfc, Dual Sim, 50mp",649,799.0,4.7,Mercado Livre,Chegará grátis amanhã,19,https://www.mercadolivre.com.br/tcl-smartphone-605-4g-octa-core-128gb-12gb-ram-48-67-hd-90hz-nfc-dual-sim-50mp/p/MLB53155051#polycard_client=search-desktop&search_layout=grid&position=47&type=product&tracking_id=b4eb20c3-6e42-439d-914a-0839dfd44b0c&wid=MLB6161225994&sid=search,1,1,500-1k,18.05
Apple iPhone 15 (256 GB) - Preto - Distribuidor Autorizado,4751,8095.0,4.9,Apple,Chegará grátis amanhã,41,https://www.mercadolivre.com.br/apple-iphone-15-256-gb-preto-distribuidor-autorizado/p/MLB1027172669#polycard_client=search-desktop&search_layout=grid&position=48&type=product&tracking_id=b4eb20c3-6e42-439d-914a-0839dfd44b0c&wid=MLB3621184765&sid=search,1,1,2k-5k,24.75
Smartphone Motorola Edge 60 Fusion 5g - 256gb 16gb (8gb Ram+8gb Ram Boost) 50mp Sony Ai Camera Ip68 Nfc - Rosa,1939,3299.0,4.9,Motorola,Chegará grátis amanhã,41,https://www.mercadolivre.com.br/smartphone-motorola-edge-60-fusion-5g-256gb-16gb-8gb-ram8gb-ram-boost-50mp-sony-ai-camera-ip68-nfc-rosa/p/MLB47251829#polycard_client=search-desktop&search_layout=grid&position=49&type=product&tracking_id=b4eb20c3-6e42-439d-914a-0839dfd44b0c&wid=MLB4027318137&sid=search,1,1,1k-2k,24.75
Smartphone Motorola Moto G15 256gb 12gb 4GB RAM 8GB RAM Boost Camera 50mp Verde,899,1499.0,4.8,Motorola,Chegará grátis amanhã,40,https://www.mercadolivre.com.br/smartphone-motorola-moto-g15-256gb-12gb-4gb-ram-8gb-ram-boost-camera-50mp-verde/p/MLB44665542#polycard_client=search-desktop&search_layout=grid&position=50&type=product&tracking_id=b4eb20c3-6e42-439d-914a-0839dfd44b0c&wid=MLB5237351728&sid=search,1,1,500-1k,24.4
iPhone 17 Pro 512GB - Azul-profundo - Distribuidor Autorizado,11699,12999.0,4.9,Apple,Chegará grátis amanhã,10,https://www.mercadolivre.com.br/iphone-17-pro-512gb-azul-profundo-distribuidor-autorizado/p/MLB1055308802#polycard_client=search-desktop&search_layout=grid&position=51&type=product&tracking_id=b4eb20c3-6e42-439d-914a-0839dfd44b0c&wid=MLB4200188179&sid=search,1,1,10k+,15.45
"Smartphone Motorola Signature 5g - 512gb 24gb (12gb Ram + 12gb Ram Boost), 3 Cameras 50mp Sony Lytia E Zoom 100x, Tela 1.5k Extreme Amoled 165hz - Preto",7649,8999.0,4.8,Motorola,Chegará grátis amanhã,15,https://www.mercadolivre.com.br/smartphone-motorola-signature-5g-512gb-24gb-12gb-ram-12gb-ram-boost-3-cameras-50mp-sony-lytia-e-zoom-100x-tela-15k-extreme-amoled-165hz-preto/p/MLB65938141#polycard_client=search-desktop&search_layout=grid&position=52&type=product&tracking_id=b4eb20c3-6e42-439d-914a-0839dfd44b0c&wid=MLB6373850588&sid=search,1,1,5k-10k,16.9
"Smartphone Motorola Moto G17 4g - 256gb 12gb (4gb Ram + 8gb Ram Boost) Camera 50mp Sony Lytia 600, Tela Fhd+ 60hz, Bateria 5200 Mah - Rosa",1078,1749.0,4.9,Motorola,Chegará grátis amanhã,38,https://www.mercadolivre.com.br/smartphone-motorola-moto-g17-4g-256gb-12gb-4gb-ram-8gb-ram-boost-camera-50mp-sony-lytia-600-tela-fhd-60hz-bateria-5200-mah-rosa/p/MLB65041664#polycard_client=search-desktop&search_layout=grid&position=53&type=product&tracking_id=b4eb20c3-6e42-439d-914a-0839dfd44b0c&wid=MLB4510840013&sid=search,1,1,1k-2k,23.85
Smartphone Oppo A6 Pro 256gb 8gb Ram 5g Ip69 Azul Espacial,2999,3199.0,4.9,Oppo,Chegará grátis amanhã,6,https://www.mercadolivre.com.br/smartphone-oppo-a6-pro-256gb-8gb-ram-5g-ip69-azul-espacial/p/MLB66177449#polycard_client=search-desktop&search_layout=grid&position=54&type=product&tracking_id=b4eb20c3-6e42-439d-914a-0839dfd44b0c&wid=MLB4536941689&sid=search,1,1,2k-5k,14.25
iPhone 17e 256GB Preto - Distribuidor Autorizado,5219,5799.0,4.9,Apple,Chegará grátis amanhã,10,https://www.mercadolivre.com.br/iphone-17e-256gb-preto-distribuidor-autorizado/p/MLB1066130044#polycard_client=search-desktop&search_layout=grid&position=55&type=product&tracking_id=b4eb20c3-6e42-439d-914a-0839dfd44b0c&wid=MLB6402322328&sid=search,1,1,5k-10k,15.45
Smartphone Samsung Galaxy A56 5g 6.7 Pol Octa-core 256gb 8gb,1998,3699.0,4.9,Samsung,Chegará grátis amanhã,46,https://www.mercadolivre.com.br/smartphone-samsung-galaxy-a56-5g-67-pol-octa-core-256gb-8gb/p/MLB65302568#polycard_client=search-desktop&search_layout=grid&position=56&type=product&tracking_id=b4eb20c3-6e42-439d-914a-0839dfd44b0c&wid=MLB4609819131&sid=search,1,1,1k-2k,26.25
"Smartphone Motorola Moto G17 4g - 128gb 12gb (4gb Ram + 8gb Ram Boost) Camera 50mp Sony Lytia 600, Tela Fhd+ 60hz, Bateria 5200 Mah - Azul",899,1299.0,4.9,Motorola,Chegará grátis amanhã,31,https://www.mercadolivre.com.br/smartphone-motorola-moto-g17-4g-128gb-12gb-4gb-ram-8gb-ram-boost-camera-50mp-sony-lytia-600-tela-fhd-60hz-bateria-5200-mah-azul/p/MLB65041642#polycard_client=search-desktop&search_layout=grid&position=57&type=product&tracking_id=b4eb20c3-6e42-439d-914a-0839dfd44b0c&wid=MLB6420215012&sid=search,1,1,500-1k,21.75
"Smartphone Infinix Smart 10 4GB RAM 256GB SSD Câmera 8MP + IA, Tela 6.67 HD+ 120Hz, Bateria 5000mAh, Processador T7250, Android 15 Go, Dual Chip - Preto",670,1458.0,4.8,123 Comprou,Chegará grátis amanhã,54,https://www.mercadolivre.com.br/smartphone-infinix-smart-10-4gb-ram-256gb-ssd-cmera-8mp-ia-tela-667-hd-120hz-bateria-5000mah-processador-t7250-android-15-go-dual-chip-preto/p/MLB56327005#polycard_client=search-desktop&search_layout=grid&position=58&type=product&tracking_id=b4eb20c3-6e42-439d-914a-0839dfd44b0c&wid=MLB5751262142&sid=search,1,1,500-1k,28.599999999999998
Kit Samsung: Celular Galaxy A17 256gb 8gb Ram 50mp 6.7 Nfc Ip54 Preto + Galaxy Buds Core Branco,1431,1698.0,4.9,Samsung,Frete grátis,16,https://www.mercadolivre.com.br/kit-samsung-celular-galaxy-a17-256gb-8gb-ram-50mp-67-nfc-ip54-preto--galaxy-buds-core-branco/up/MLBU3605578150#polycard_client=search-desktop&search_layout=grid&position=59&type=product&tracking_id=b4eb20c3-6e42-439d-914a-0839dfd44b0c&wid=MLB5957929002&sid=search,1,1,1k-2k,17.25
Smartphone OPPO A5 256GB 6GB RAM Branco,1169,1499.0,4.8,Oppo,Chegará grátis amanhã,22,https://www.mercadolivre.com.br/smartphone-oppo-a5-256gb-6gb-ram-branco/p/MLB51680761#polycard_client=search-desktop&search_layout=grid&position=60&type=product&tracking_id=b4eb20c3-6e42-439d-914a-0839dfd44b0c&wid=MLB5745515116&sid=search,1,1,1k-2k,19.0
Smartphone Motorola Moto G15 256gb 12gb 4GB RAM 8GB RAM Boost Camera 50mp Verde,899,1499.0,4.8,Motorola,Chegará grátis amanhã,40,https://click1.mercadolivre.com.br/mclics/clicks/external/MLB/count?a=xKWtygU%2Fxf3wwexS%2BFR2hrnevWyLAZ3rAs%2Bh7eIvI0mAv%2BqbhTl0clnVsuv%2Fu9QYddjYO5EJzEtby78K9YcI81eqFTT%2FyKe%2FlmijnadGDSW85m81MMd44qR2iEtvayDB37LzxilyN2ytuCQk7D%2BfnjIUNPb19ABgDoZRVZVg2yHiycE8bcz2%2BSdNn7WV%2BXPX1JgOMwO1Mz2yfOOwAk481hp25GMtZEIEjd46bbvXomJI42soH9xyyuC%2B6eOsjuceZZPnCoczpbBolwsRwjLgu5SpY2aLKN13ABdTujjTWnoEkrYbqjBlhuXjA83ygJJwMBT2r3J83VjVjBkKD0lps8WCMMHzV9LMONM%2BWK7cXGbW7HDK0m74RpicwRwRW4HGSAr0FnL0Ws%2FT2ZR0N9FveKknZkzphfTwsDs7x%2F5noMTZpKIzIDob799apsoi4U1RPPk61Q5HYfa5tALHv11fRWx7t84umFbqKAfdLeLUEXgkaAtIgUlRYKF89uZ5%2Bckc7KishjecdQlTWznyndfeVLOM6iEac1eCfBsjcKKnPJh9Ml7Hdf2VwgI%2BwYg9aT2IqpOW8B1ZrW09lX%2Bx73jobVpJS8gsP5EAN1dNhLXym7ePM%2BK7nHc222EQRRQejAkG8kj3GUTlNtmfdkzBg6xXKKWC%2FSETK94jGCb%2FaZzhZNh%2F7HhCQd9d4RmK3%2FYKHj0X7lEhnrozbdWte8qXeS2BtL3j%2FDXSQgCwN9VdGuq1gKIAgTVJeoW9AxbM%2BDGQR3I70HZKJ6H3EY%2FM9BiLfWIEO3u1ARrxDdrcuE%2FdPfkDJPVtiT44LTJPsPU8Si94VeGXWuN%2Fb%2B7l71qUdURnCEupmGA83Jy%2BNPMMDDt%2F2Bd3CHxjyc3PifKOFmWPyQnAq989ZcXO2xggZhxhs5BsPaMksFt9t8ho1FRjn1bJag2gMxSP21NU7j97VIBPydPS4Y9IgU0bFR6IZBB4%2BlLB%2BhfyBHC%2F8A%3D%3D#polycard_client=search-desktop&is_advertising=true&searchVariation=MLB44665542&backend_model=search-backend&search_layout=grid&position=1&type=pad&tracking_id=fd9ae742-896a-4f86-9578-b611cc1f9adf&wid=MLB5237351728&sid=search,1,1,500-1k,24.4
"Smartphone Motorola Moto G17 4g - 128gb 12gb (4gb Ram + 8gb Ram Boost) Camera 50mp Sony Lytia 600, Tela Fhd+ 60hz, Bateria 5200 Mah - Azul",899,1299.0,4.9,Motorola,Chegará grátis amanhã,31,https://click1.mercadolivre.com.br/mclics/clicks/external/MLB/count?a=CT%2FWs8aG5i5aepib1Rklk9yxo0fLAk%2FJxVSCGgJELBA6MN6mUE5kEmg4iMNpKLBC6oOy%2Fpzs0%2FkFZ7FOwGbXRQOrl%2BKFVR7nW8hLPK90%2Fo3GeCvkbLmUFRHvuaqn9WBBwFBYQSoq5%2F145HUjiJvSqCuvO3gqjNbQsMVqbE1vp9RM62tDYEl33jvHUUlBWabtAIAV2f5626M7%2BpmyNHgjdN34lO9C0cNbzuT58s2kSglbgGdeUS1dp%2F77sD7J9yD2uor%2BJ0z9a0mvSuC%2Bw6d8OENoHEVd%2F5eOumfizn1XOBWydz7MxUwYOBFq6%2FP5YiSiPjm7jhmtnSQSnNIXSgDTqv5benb%2BENCJ9T3BT7UtWFhQclK2ZW3UKTexim5G9kRLzQGBAfW8oP5MUWsDNkttcjoYgiG3CYbolHIyhfH5iIv8BkWBbmSLJA0uIN4LTk8Pn2dzqCmaDqI59vk0gFOLl4PO2nQqpxu6h0cEOkXgUJXsyAweT7OBIsGnI6hnPyufMrahGu97bSo1e4qUYb%2B0xq8IUdI1lNeFfqtgjFDCNX5dFQYs3RFIjoJLiqW8hq6RlXpR8RywLM5LltXc7AtgOHBiSejKa6rD4tfz54zE%2FqVfofIhcPWQX9pm438lSeai3S1ur7Sx9ReEwVrdOckLs5M%2FdS1sBtYFn7Adb7rbNLSvYvE3gt3hbD4t3U08GKj5zm0P8OIC5nwgY5mutyIeVnpNh5ifogk8eOoZ5NchpysiqLu0%2BxgUD6pguciXKXcuNsSkD%2FnWSVUvq9SUa3qn%2BeOeeHo495JEWWuJzJC3K61azuCHAPMjgwtk9reOnQ4enaa5JIJ51PrrCLHGWGvFFjoxMK2XLtxCD39iOLd8%2BqlzybhNv83qz3netGDWDQJdnqLYQbO8g2DPVcKxl2A34hSmDYcRnL2EZ0WxMtedoscF1inPmM7zBEyzubM7ITBjiGBZkcozYTYoYJgc8g7rO5NCtp1dNVcSaJf0enVvY%2FqyHLyB437XdOE9HAdXv6IAKAOj%2BTl7uXTRiSF%2FtiUahEc7JpI%3D#polycard_client=search-desktop&is_advertising=true&searchVariation=MLB65041642&backend_model=search-backend&search_layout=grid&position=2&type=pad&tracking_id=fd9ae742-896a-4f86-9578-b611cc1f9adf&wid=MLB6420215012&sid=search,1,1,500-1k,21.75
Smartphone Motorola Moto G06 - 256gb 12gb (4gb Ram + 8gb Ram Boost) E Camera 50mp Com Ai Bateria De 5200 Mah Tela 6.9 - Bege,723,1349.0,4.9,Motorola,Chegará grátis amanhã,46,https://click1.mercadolivre.com.br/mclics/clicks/external/MLB/count?a=1kJc6RdqC7JXmeu2QQ0yFUxBXx%2FObTiPZBSysPAws1aT6SCVAJ3GuTbYhkyxNxkiQahqg5KayZyAYdYoCUVdTPrsVfzuqa11k%2FT50RA78BT7iWnjG4uOmzmppqswHNpbhcoRc5pFTELYmTc0BM8KHKlXRmwgEKIMPOOcc9wfCXko7Wnrjtdbsv7LCoCUYZr34X9s%2F3x7NaFVSKdcB7%2F16j72shhvbR%2B3xFhOXqxtjTdL9ZzkW%2FiuSEYSnO9uaSq1korV8d869v5Voo7QEPil9TYlToHYZ8Pg9V1sbUndXm5LE8pSu%2BmE1pu8vAimlc5HgoZbaSGcyxPmBbUM7rkdnUk9sRYsIsOs5l4xAHJ2WpmEdOAKnxVhr1DqY0tW2XZ%2FyQPPZfl7MMEmOxSZ60AuNNBAcRlNKpTSkwOawYdqSwwR%2FobcGIQb3ZX6k2HDxCETX58QqGKxuThqgB91Aes7T8fR9Un2BAJNEU%2Bgh2aCvM1Iq2o3WUqM3WKf65wvs8A%2Fi%2BbYpINknBEW2fD8gp7Nf6eLbHaf%2Fu1e9LFdLRqG93GIk6s43YujayTAG7lj4VJWt4TcEc08G2n7WoFofcJOxfx7C4aw7PiICQqTgSKIfww9m4x%2Bn78Zvz%2FVvx8dtVPb2oQchr5oxvHlgCSO9ub6iUGtnsM5LnMa6qZ8m7TsURBoZOlmh67drQyYKhBtd72IU8Mo3km7Tf41ESiTJbOAj7bFG1S0cMQMWtQSZxw6rGeGqrzflGUML9tgexe2lcPGLc3IzKe56OV6dWIA8bY5a3yZgyxdmmkP5bOrAQaXv5a9RmC50Q%2FxStajvtOTSwrjRCDpcEObjMvS9mxqsw8%2FxvWStKQWKqne7LHRjibUXvwfAccbWeg6uBC8K0JoLRk3WuiK38Z%2Byp82ZgOnXLeuTyErmTW%2BsdJxm1jlFEIgujc023sNuONADT9wN3%2F%2F3xfl3nebmVlo7%2F7Syvk6KIcTGcSC%2BH6nRZAj7PIfeMCgLrvuDDJPexVT%2BJip9rv51eGiHocGrh1VNHU%3D#polycard_client=search-desktop&is_advertising=true&searchVariation=MLB55762063&backend_model=search-backend&search_layout=grid&position=3&type=pad&tracking_id=fd9ae742-896a-4f86-9578-b611cc1f9adf&wid=MLB5765125576&sid=search,1,1,500-1k,26.25
Smartphone Motorola Edge 60 Neo 5G - 256GB 24GB (12GB RAM + 12GB Ram Boost) 50MP Sony Camera Moto AI e tela 1.5K Super HD - Latte,1799,3799.0,4.9,Motorola,Chegará grátis amanhã,53,https://click1.mercadolivre.com.br/mclics/clicks/external/MLB/count?a=aeOEwqu1tVN5Nrczu8A2uyEZCk5kMUA9tTerWukdO41S6VMHFfk1vlL0lJB1Q8UGFl3rXPJ9YJPI8uAt5dae3%2BTA0JZRRFDOsgHZMeyhHqQ%2BA57d12zENKhq17uFgg0WczKp7VcxlebuY535t55U6AgJKETxSbCWFzYFXhAgYLuTSKEfUYZuV84whZIypkgAIVpq2KhsxfiKi%2B8avCoXBjf5adYjDRsFmf8JRSHNsV6iglAiWFj193PcynDUtzZHJ7bZFVQivWB9grzIzbkdE5RmgSqUvEIVHtWtxpB0hPq15k%2FKHvvkPKup5oy6X0CUaxNl362uYkbim7lsvQRKrx6yLrOTBT9MywYTrHnlna%2FDWLR75PBwmHHISNYHhiaUhVlq%2FD507JQFoMfCWWFdcBstG53rcYgQAwsrdnb%2FjGxhXTWr3bCJYo7y6Mxt%2FsAx91Dve37uy5ptXzVpeaoHyE3umrtyB4jHVOPux8QcGUZGrxAQZ%2B4VJEwkIT%2FFGfAJBAbICV1mmxbzCOadae6hi%2FoZQmWjV%2BpwnQeMWDWeyM9ZWGXuhR0mdxvGppUmEviGjEAj30i%2Fhksk62Kfz9JSn5Q6e7b7Mgnt2BVXKMtrhIAcsn%2Fo9%2BB7yiYIPqNiccyoKO3zEbjl714mP1p2LUAgYIeVwLokOjMz%2BPu5hwhF4e71PsMUDieEiONty%2BFWcel9M3cHLB9iuOVQw7YSmaiVZDmbk6NGx6uozaXunIAnpwtLGkO9PdvcYn2AjpWrmXiegSwiD%2F92t7yIFx4f64xsOLNbs1ONn%2F%2B20vAkXYI%2B7Gzexu86yXOWwEY9Iuh%2BQ6V9YULKaWpTncn7yAWrNB3JKOY3c4ewYcAAPVY1qWHm5nmBuR9B8Y1OZUMom4V0LWf3fWlQB0nsBLyWDSktvYG4LXaPFTtNxTTBkgxXfX7Lc9Ae%2BZiYlLCsozW0uBFBNb5doAUgOsvy1uvDutKR69v0a%2BUmtXp9YlSCRWSc0KHfmYcQzGQ%2BxVGRDnup3aD1hLX9n4sWwbcQV6nsWQs%3D#polycard_client=search-desktop&is_advertising=true&searchVariation=MLB58684606&backend_model=search-backend&search_layout=grid&position=4&type=pad&tracking_id=fd9ae742-896a-4f86-9578-b611cc1f9adf&wid=MLB4265763257&sid=search,1,1,1k-2k,28.349999999999998
Celular Samsung Galaxy A56 5g 256gb 8gb Ram Cinza,1998,3699.0,4.9,Samsung,Chegará grátis amanhã,46,https://www.mercadolivre.com.br/celular-samsung-galaxy-a56-5g-256gb-8gb-ram-cinza/p/MLB47114363#polycard_client=search-desktop&search_layout=grid&position=5&type=product&tracking_id=fd9ae742-896a-4f86-9578-b611cc1f9adf&wid=MLB5317821714&sid=search,1,1,1k-2k,26.25
Smartphone Samsung Galaxy A36 5g 128gb 6gb Ram Câmera Tripla De Até 50mp Selfie De 12mp Ip67 Super Amoled 6.7'' Nfc Recursos Ai Android E Segurança Snapdragon - Preto,1430,2815.0,4.9,Webfones,Chegará grátis amanhã,49,https://www.mercadolivre.com.br/smartphone-samsung-galaxy-a36-5g-128gb-6gb-ram-cmera-tripla-de-ate-50mp-selfie-de-12mp-ip67-super-amoled-67-nfc-recursos-ai-android-e-seguranca-snapdragon-preto/p/MLB47115842#polycard_client=search-desktop&search_layout=grid&position=6&type=product&tracking_id=fd9ae742-896a-4f86-9578-b611cc1f9adf&wid=MLB6410679768&sid=search,1,1,1k-2k,27.15
Xiaomi Redmi 14c 4G 256 GB 8 GB RAM dual sim cor preto,830,830.0,4.6,Desconhecida,Não informado,0,https://www.mercadolivre.com.br/xiaomi-redmi-14c-4g-256-gb-8-gb-ram-dual-sim-cor-preto/p/MLB41287578#polycard_client=search-desktop&search_layout=grid&position=7&type=product&tracking_id=fd9ae742-896a-4f86-9578-b611cc1f9adf&wid=MLB6628300600&sid=search,0,0,500-1k,2.3
Smartphone Motorola Moto G06 - 128gb 12gb (4gb Ram + 8gb Ram Boost) E Camera 50mp Com Ai Bateria De 5200 Mah Tela 6.9,661,999.0,4.9,Desconhecida,Chegará grátis amanhã,34,https://www.mercadolivre.com.br/smartphone-motorola-moto-g06-128gb-12gb-4gb-ram-8gb-ram-boost-e-camera-50mp-com-ai-bateria-de-5200-mah-tela-69/p/MLB61381499#polycard_client=search-desktop&search_layout=grid&position=8&type=product&tracking_id=fd9ae742-896a-4f86-9578-b611cc1f9adf&wid=MLB4515672567&sid=search,1,1,500-1k,22.65
"Celular Samsung Galaxy A07 128gb, 4gb, Câmera 50mp, Tela 6.7 , Proteção Ip54, Processador 6nm - Preto",599,899.0,4.9,Samsung,Chegará grátis amanhã,33,https://www.mercadolivre.com.br/celular-samsung-galaxy-a07-128gb-4gb-cmera-50mp-tela-67-proteco-ip54-processador-6nm-preto/p/MLB55034955#polycard_client=search-desktop&search_layout=grid&position=9&type=product&tracking_id=fd9ae742-896a-4f86-9578-b611cc1f9adf&wid=MLB5859349564&sid=search,1,1,500-1k,22.35
Samsung Galaxy A06 5g Dual Sim 128gb preto,719,989.0,4.8,Vikings,Chegará grátis amanhã,27,https://www.mercadolivre.com.br/samsung-galaxy-a06-5g-dual-sim-128gb-preto/p/MLB48946861#polycard_client=search-desktop&search_layout=grid&position=10&type=product&tracking_id=fd9ae742-896a-4f86-9578-b611cc1f9adf&wid=MLB6433836010&sid=search,1,1,500-1k,20.5
"Celular Samsung Galaxy A17 Com Ia, 256gb, 8gb Ram, Câm De 50mp, Tela De 6.7 , Nfc, Ip54 - Preto",1259,1399.0,4.9,Samsung,Chegará grátis amanhã,10,https://www.mercadolivre.com.br/celular-samsung-galaxy-a17-com-ia-256gb-8gb-ram-cm-de-50mp-tela-de-67-nfc-ip54-preto/p/MLB55254425#polycard_client=search-desktop&search_layout=grid&position=11&type=product&tracking_id=fd9ae742-896a-4f86-9578-b611cc1f9adf&wid=MLB4583723537&sid=search,1,1,1k-2k,15.45
"Celular Samsung Galaxy A07 256gb, 8gb, Câmera 50mp, Tela 6.7 , Proteção Ip54, Processador 6nm - Violeta",852,1399.0,4.9,123 Comprou,Chegará grátis amanhã,39,https://www.mercadolivre.com.br/celular-samsung-galaxy-a07-256gb-8gb-cmera-50mp-tela-67-proteco-ip54-processador-6nm-violeta/p/MLB54964804#polycard_client=search-desktop&search_layout=grid&position=12&type=product&tracking_id=fd9ae742-896a-4f86-9578-b611cc1f9adf&wid=MLB4277746349&sid=search,1,1,500-1k,24.15
"Smartphone Motorola Moto G86 5g - 256gb 24gb (8gb Ram+16gb Ram Boost) Tela 1.5k Poled, 50mp Sony Camera Ois Moto Ai, Videos Em 4k, Ip68 + Ip69 - Vermelho",1792,2399.0,4.9,Motorola,Chegará grátis amanhã,25,https://click1.mercadolivre.com.br/mclics/clicks/external/MLB/count?a=MDWkqFKghex%2FxMFVPdc7QH7VoDoZtHAy2qQF%2BrE%2By7Js64FL2VSbMVEgo1YlnE6jKV70uf1MkfIzOasfMr9WRPxxer72McGxpPbqDJPDLXp0rd90Hk8RIIvzU%2BGXas1u%2Flz1iOjxGF021vd69Pc35QNZAUbSzQGGyGFxwf%2FqO4hMCF79%2F8Kf73fxgxepUl0NZ8r9CrE3euKQMpUvjm0l9jzbe95VlIA01cPB%2FiMwVuABwbHpRPlaHWXx74ABsIx3haD27zA4g%2FNSFFoi41u2Ab9m0QLYmWqYQ1Kr3VZki3s8oOnxKWIpSx1U8L8zSiyz5yxAi%2B%2BaIrPGCq5%2FPguc3mOAwzQ0iL5TgE5a8Z9rhH5U1KooSQwp8S%2FHiXJZ8%2B7Jsp4ICwKVRlQHt%2BatuJDEEg%2Bbrw3HhcZyAwWR0svcK7C6ojgfyRzLU1W2fQ%2Bed%2BsN%2FWQyvfPOx9ndRDjkQt6AyR4ZqCTthtNGHSg1mkUjvUg1K290GPzdaAvPwtktFzJ6qsZUFL6KePmCb2v0FDy3n7YWUHr1DR4gv0yuoGVNidbRTtm0nvA1CyFmAohnTuGLebrB4qlkDXXwn3fjPmbkv82eh1%2Fi2Yr%2FScJQzlLhljJ43W9VM07%2B2oW%2BNHtaJy%2FmmEa5wbMfIhY3YshcGlmtwj183G%2FWYHYRShqSWK5yIpbi%2FlRdjLuTsXijdJ74d%2BoM4aoaFjX%2BlVGzdEd8jED07AAmH8wN2sKn0vgilxnF35qQ%2BIIqAGE545UUY4%2F%2BhEwLvyBbaWS0BHnVtDM7EuB9IeENRVTDh7ZXziqrkFgfG6%2FPtWgBif2XMX4umcC0aVGJO4Hwm2Twz5ITeRiC%2BRLfxZL77lfXUoEy0G6qSJPbndMmNjMD5u7JcQUg4jfRgqq3o6aB%2B6NWnOSfmTyuqwvHkQovU8vBPieYOtaBLTpHd7d7kiyMRhR%2FzPDLDcjMGt4IQKDDHtwie%2FB9FJKPBr0euoKCTHI2eGl3BXFynf4INiLAxeIEEzv1B4B1ZGSJcGpBwyKlC%2FOFR6Lik6ewO0KZJc%2BdJ5jOUFIjnyy74fI2ha4x%2BqU%3D#polycard_client=search-desktop&is_advertising=true&searchVariation=MLB51340616&backend_model=search-backend&search_layout=grid&position=13&type=pad&tracking_id=fd9ae742-896a-4f86-9578-b611cc1f9adf&wid=MLB5462013472&sid=search,1,1,1k-2k,19.95
Smartphone Motorola Moto G05 256gb 4gb Ram Camera 50mp Vermelho,699,1199.0,4.9,Motorola,Chegará grátis amanhã,42,https://click1.mercadolivre.com.br/mclics/clicks/external/MLB/count?a=1VD6wlGJm6EBFWo85K2IO4gSWHfkY%2BtCrS%2BrlEY%2Bt%2FPfiAPeVdOSPklWEAeShv4XWjzcdXC1MvJEv4fPkJFu3cihUTbO0dWjsD8Voz%2B9Rc5lZIGP4VI6HNyAWOmRvd%2BCo6y9dsb%2FxYQMoy0A5H41jzpGhB3%2BqmvKLgOaIuYXhT6BrFCzuzGhazV%2BycRdc2m5q3LPk0l3evlgdPGDSeB8ru0Xh9Le9BKf7PkTJ2r1Av75vbP9JSxi7istFx8kyZU6sOg0m23r3yOweRzwdLGliE1rPbExpafYTI%2Bb7jyEHOlluotIdy5392SCk3LzWHXwd%2BteCHDvyKkqvD1%2FU5VjT9dOWdLqm6Wt6ojwJKq%2FRFhNe8z5Ij61pnPyVsLqZvEjrfqykU7czEYTOiIEqD9EXl0dpLtB%2B11Yl%2BJGC7l%2BYyM9suyo7LNjvkPAjvYFqETfEm%2FG%2FdLXIRv6t7ZxxA1XqaCZJ2gNReYHgGa4xSNcjYZ3SGI0nBC8Uk8QhQBxfDeLI1nuV2wqMsLHNcnhpQTUHR%2FR1wPtM0Fugm17tiT2%2FjqOuiir85gHg4uoC9kCc3QXbxyaUFQS7SgLPcN85vPKoCWLOmxHGMAsxyg1Yt0d0uqshZkS0WFiKojdLEmriB2FozxbBjPDwxc4Jq2e4%2FlWMgPfvKWMuyAg3Tw9uOQgI4CtgcVQftvUQhDy8PGp%2F9eqGSYEwqcKISZDsevTEyRJ2AltC8QHzZ%2FrBk%2BkEd%2FAzBttpXJkkBwo8ukfnM5Zbpd1gk5CmF6SvcZ3b6i%2BKBZ%2F2DP7lXS1pWqnoHXquVW91cK9b1m9DNjtJdO3C4%2BW04iTY2QLl6RO0vi%2FvXIKL0uEWTzsSobOlNca%2BDU9MMaSoWjKlYjDECLxgSiQSQKWoezQvVKnFOfsShLTtFTZ57us2BxAGQTNHygQ7f4O1mh6rN8pjM7WErMBFXdSVExxkieMPbgvxJwr#polycard_client=search-desktop&is_advertising=true&searchVariation=MLB58493174&backend_model=search-backend&search_layout=grid&position=14&type=pad&tracking_id=fd9ae742-896a-4f86-9578-b611cc1f9adf&wid=MLB5774641722&sid=search,1,1,500-1k,25.05
Smartphone Motorola Moto G56 5g - 256gb 16gb (8gb Ram+8gb Ram Boost) Camera 50mp Sony Lytia 600 Ultrarresistencia Militar e Ip68 + Ip69 - Cinza,1598,1999.0,4.9,Motorola,Chegará grátis amanhã,20,https://click1.mercadolivre.com.br/mclics/clicks/external/MLB/count?a=zKrmg8Fr8Jo0%2BblCKejOMYXTlxgbTw8UNHuIqKescPN%2BhiN31UdxheF2V6eXxjYsuzf%2FSCcmAwhs0DpFzzTuWLv10F7Hqb74A%2B0P7RPdKv7pYl8i%2Fwgui5%2FnMOngIHcxNF7f4pjfjcRkVUk0Wx7X3Lvt3hiOoLuSeUPCsx7YRWdiL1MestpmKYqXPqy80nJWUgItRansfHUAhb2yM2oQnk6ogyL4G7khur7QsnEfmIptlfS0ygcBB7MDtqkTr3TJZTbXoR4t2XVM5ClT0O8aHIMbKm79rIqZdaiWCjAzEHX02kz94%2BfwRKEi2Pl3CpipZRZGWz6n6aGsQzFEJBfZZvEfVwGuzH2K5POrxkZ88KDjjxw%2B9flj%2B6%2FMMVhQJdifqDUkV4V%2B%2FP7sMhuXfIbm8%2FedOAhoVKFUD%2B4e1PL5nj1WE%2Bbrb2FG7ArBr61Ymf0Qr%2B9MiKGhGE22UQTCtLk3P%2BS85h%2FcksM1AR8sCYm840cEH1piwnJqkusWEI1uGpDa43fTG6ttLMGZCgK4g43FRR4GMy%2BPNsxU4BQYtlW3kLHLB9MylfikKkLH6wknFoZcqtLoqBKhs5e%2FqmVjj4v8KIq98IPXQ6%2BUCjHTpQYfZGBb5HcbHZHTRAC6kl7fqWZcA9hRQR%2BBwUM8GJwon94%2BJNdLG4Hl0V2BdjiHTIn9M4koHI5DJrU5o7vuYKXQnaoDH%2BmwrNbgpR36knXAV5wO%2BDE4cfPlT7O9VPd%2B%2FdoKwgn6lAQCahZwhJuk3leJY2U0DqU8ul7QqRpG57FW4FMR3itO1cmr0cIGqr8X83OApgcygoUQzzWTMH41bf1dAhPrYEMnSdZX%2FbS8sV6YuJ3x4hJQhKx4dV56Am3mKdBWWgo5q3nG1gbPjxeyjoCttOBRKtacV471leYZ3RJ9OynADVJq2qm13CImULBED%2BE6gJRD8Dq8UuYoPgPD4O9Mr2030Xqr4n1GMdRxPThHOfbE%2BbXSCn%2Bx2zYD%2BKMuyOlVMZB4zeiZRDR5fPzN3jpj%2BNcvhW4u%2B7PwWulC5yEKm5iS1X2dC8m8oyw3FYTtGbgW#polycard_client=search-desktop&is_advertising=true&searchVariation=MLB50301060&backend_model=search-backend&search_layout=grid&position=15&type=pad&tracking_id=fd9ae742-896a-4f86-9578-b611cc1f9adf&wid=MLB5402372302&sid=search,1,1,1k-2k,18.45
"Smartphone Motorola Moto G67 5g - 128gb 12gb (4gb Ram + 8gb Ram Boost) Camera 50mp Sony Lytia 600, Tela 1.5k Extreme Amoled 120hz, Ultrarresistente - Chumbo",1529,1899.0,4.8,Motorola,Chegará grátis amanhã,19,https://click1.mercadolivre.com.br/mclics/clicks/external/MLB/count?a=kE%2FO3ADHpE9sIJph4aAr4pHyjQdtf0MD4guvcd4pYG%2FHU0Vor9L9pFyuYhaTN7qUbhv7%2FY5Q9N8J1Own%2Bopor5QwaYg9bLkEenCCkqVlRLfHmF23%2Fl%2FrImJ0dO3WNI6pPS1cINaSkMx0%2B8Ee0E85Njfasmis2550X%2BmuHP9l5MHqKb4MlEohR6xM90uAZzvC87180jIxvtsAyvcgFmfNJZpJbBgY3oQCHi5IYL9uFO3axlU%2F9yNnZ4lNnr3db7gs7%2FMUEtmj9Jsa8zpsbnsW6mTRDY%2B2u06rt3NtBB0m%2Fr3IlTw0aZ4paJrq911xKS%2FZjn5qiz3G%2BHnmuaeeDUaWYk9%2BRGm3ydkno6xCS0SHMUzMaq%2FbdTyc30b1C%2FiyvmugAL8o9KZKG%2B%2BhEJXMbVGzAJj8tpYhSR8i9bepnGDOvXlZ2%2BHoySsC8VUVUm5xjdprFGJmXcBlbyVcrZeSWhzkVOgb5YGppLpj0TiQcq2SKdMbJOKEsI6lAAX2SONTZuSdWeOLcoqKxTzpNv0VeFqQ7EP9049zZVz280toJ0bMTkKB3xz73Inx4u%2BKpqbIPUYotP4WpBADkGd5Bz3dB0rUK56y5qXB%2FcdYoav0HHNhEQOS%2BgdGXz3cv%2BEMV44t%2B3MPv2dId9UxwdJ7N38hGrsfHrX50tUxmptadlyOl1ArvZKZ1RKC8u9iuPus%2BHIOPZZXZpxAF1MR6WQ78I914KnnUSM13kypth%2FmkQ0xckhbHX5V6OXk54g%2F6QZXw260yw%2Fi6kXeQor6%2FiBY8D4B%2BpOkGSyQboZFbQ1AYZpUdneOMPCAKn28F%2B7z8HcncbRcJZoH2KTwIcmgYw4OOerenctR4Y%2F%2FbhgStkn258BRHEy5fKhbYJILwaRrmzigOBssg83%2B%2BUtzC1mSOYuo%2F1EUumVkO8Rr6ZBNQXaZTLYseB5DQ3fTGbPjTw42ShAxoPQmq3HI3MykOnu4%2Fe%2FskuD0GSMXH1v8v2Thdfxf%2BZiwvM%2F6sqgDEUUvk0aCRDcebcoNTKBI9TpOXQfspKP9TYpE7pp1c0kI%2BxdNBunBXPW2xPQgBrppqGZ945ldOg%3D%3D#polycard_client=search-desktop&is_advertising=true&searchVariation=MLB65319818&backend_model=search-backend&search_layout=grid&position=16&type=pad&tracking_id=fd9ae742-896a-4f86-9578-b611cc1f9adf&wid=MLB6420538026&sid=search,1,1,1k-2k,18.1
Smartphone Motorola Moto G06 - 256gb 12gb (4gb Ram + 8gb Ram Boost) E Camera 50mp Com Ai Bateria De 5200 Mah Tela 6.9 - Bege,723,1349.0,4.9,Motorola,Chegará grátis amanhã,46,https://www.mercadolivre.com.br/smartphone-motorola-moto-g06-256gb-12gb-4gb-ram-8gb-ram-boost-e-camera-50mp-com-ai-bateria-de-5200-mah-tela-69-bege/p/MLB55762063#polycard_client=search-desktop&search_layout=grid&position=17&type=product&tracking_id=fd9ae742-896a-4f86-9578-b611cc1f9adf&wid=MLB5765125576&sid=search,1,1,500-1k,26.25
Smartphone Motorola Edge 60 Pro 5g - 256gb 24gb (12gb Ram+12gb Ram Boost) Tela Quad-curve Moto Ai 50mp Sony Camera Ultrarresistencia Militar Ip68 + Ip69 - Azul,2694,4499.0,4.9,Motorola,Chegará grátis amanhã,40,https://www.mercadolivre.com.br/smartphone-motorola-edge-60-pro-5g-256gb-24gb-12gb-ram12gb-ram-boost-tela-quad-curve-moto-ai-50mp-sony-camera-ultrarresistencia-militar-ip68-ip69-azul/p/MLB49085450#polycard_client=search-desktop&search_layout=grid&position=18&type=product&tracking_id=fd9ae742-896a-4f86-9578-b611cc1f9adf&wid=MLB5382324466&sid=search,1,1,2k-5k,24.45
Smartphone Samsung Galaxy A36 5G 256GB 8GB RAM,1521,3299.0,4.9,Samsung,Chegará grátis amanhã,54,https://www.mercadolivre.com.br/smartphone-samsung-galaxy-a36-5g-256gb-8gb-ram/p/MLB47111905#polycard_client=search-desktop&search_layout=grid&position=19&type=product&tracking_id=fd9ae742-896a-4f86-9578-b611cc1f9adf&wid=MLB5317478858&sid=search,1,1,1k-2k,28.65
"Celular Samsung Galaxy A17 5g Com Ia, 256gb, 8gb Ram, Câm De 50mp, Tela De 6.7 , Nfc, Ip54 - Preto",1576,1899.0,4.9,Samsung,Chegará grátis amanhã,17,https://www.mercadolivre.com.br/celular-samsung-galaxy-a17-5g-com-ia-256gb-8gb-ram-cm-de-50mp-tela-de-67-nfc-ip54-preto/p/MLB54961455#polycard_client=search-desktop&search_layout=grid&position=20&type=product&tracking_id=fd9ae742-896a-4f86-9578-b611cc1f9adf&wid=MLB6574985998&sid=search,1,1,1k-2k,17.55
Celular Smartphone Realme C73 256gb 8gb Ram Dual Sim 120hz 6000mAh Violeta,1149,1999.0,4.8,Webfones,Chegará grátis amanhã,43,https://www.mercadolivre.com.br/celular-smartphone-realme-c73-256gb-8gb-ram-dual-sim-120hz-6000mah-violeta/p/MLB62258511#polycard_client=search-desktop&search_layout=grid&position=21&type=product&tracking_id=fd9ae742-896a-4f86-9578-b611cc1f9adf&wid=MLB4334411855&sid=search,1,1,1k-2k,25.3
"Celular Samsung Galaxy A26 5g 256gb, 8gb Ram, Câmera De 50mp, Ip67, Tela Super Amoled 6.7 , Nfc - Preto",1405,2167.0,4.8,123 Comprou,Chegará grátis amanhã,35,https://www.mercadolivre.com.br/celular-samsung-galaxy-a26-5g-256gb-8gb-ram-cmera-de-50mp-ip67-tela-super-amoled-67-nfc-preto/p/MLB47424244#polycard_client=search-desktop&search_layout=grid&position=22&type=product&tracking_id=fd9ae742-896a-4f86-9578-b611cc1f9adf&wid=MLB5474927460&sid=search,1,1,1k-2k,22.9
"Celular Samsung Galaxy A17 Com Ia, 128gb, 4gb Ram, Câm De 50mp, Tela De 6.7 , Nfc, Ip54 - Preto",899,1499.0,4.9,Samsung,Chegará grátis amanhã,40,https://www.mercadolivre.com.br/celular-samsung-galaxy-a17-com-ia-128gb-4gb-ram-cm-de-50mp-tela-de-67-nfc-ip54-preto/p/MLB54987753#polycard_client=search-desktop&search_layout=grid&position=23&type=product&tracking_id=fd9ae742-896a-4f86-9578-b611cc1f9adf&wid=MLB4217306791&sid=search,1,1,500-1k,24.45
"Celular Samsung Galaxy S25 Fe 5g, 128gb, 8gb Ram, Câmera Tripla De 50+12+8, Tela Grande De 6.7 Jetblack",2868,4499.0,4.9,Samsung,Chegará grátis amanhã,36,https://www.mercadolivre.com.br/celular-samsung-galaxy-s25-fe-5g-128gb-8gb-ram-cmera-tripla-de-50128-tela-grande-de-67-jetblack/p/MLB61692896#polycard_client=search-desktop&search_layout=grid&position=24&type=product&tracking_id=fd9ae742-896a-4f86-9578-b611cc1f9adf&wid=MLB6087231690&sid=search,1,1,2k-5k,23.25
"Smartphone Motorola Moto G17 4g - 256gb 12gb (4gb Ram + 8gb Ram Boost) Camera 50mp Sony Lytia 600, Tela Fhd+ 60hz, Bateria 5200 Mah - Rosa",1078,1749.0,4.9,Motorola,Chegará grátis amanhã,38,https://click1.mercadolivre.com.br/mclics/clicks/external/MLB/count?a=xMqGnojvOhIg4Tx0a7OCIY7vwiOqn0I4wDOr0R%2BrBSbDtR2Y5vL%2FRbmsMcr5oGa1v1Dk%2Fmi0l9zWkVIQ6X2%2BU%2Fgjli4NZm4ymqKLLMMIRyePt416t%2B3W5hIzYK9Yurxa%2BabwBAmbh2gMZ54fI2LrMwwuDVg%2BaFmAuC98b9TaC%2BlAG3orkvt3VXZiL8oPDLKDt23QfIEnTgZX6zh4rxEm6aV8Ko7ibo%2BE07aBHdHo9pOWRcyzTK1FAEx%2F7EMvoS100mdy%2FxKs1Yk7uuGlqXlJ4CRIhDid%2FiKu7U9tofWKohy9Wza1Oe2hye3mjGn6hz9y7ZHPUCQ32SmN%2BwQJd4ZRUgsKZa7aGPDSCOrrRIU%2B9GWzcWw5%2FaC0scHzPlnYBButMmrAubhbgru3DVz1kSQKwXdQjwEVi3mvpqy9MbTnqSfE%2FBd6boyQrHl2Xjacni1vyGFzhWaOZ1LokJ7kzzP%2FXRy7AV%2Bil9fELQf1jxgFyNkbqmNaUxUwqGgCidAvww%2BPJu%2FPgBUGOrNOnIF6Tzfu2UytlCtMv5l7WI5C8LffMPLEwTrOLVTbWDDzQy%2BQLDeapbPmuGDAuCr6z7XsmOXoH0rWdM%2F%2BOd6kOQtyKECYQmUHyWciUKmh2IPhJgZ5Ywp3H%2BIiN%2FhyHUNpzch8UbyuU%2F7SwWzN4c7EeB7d%2FsO8hvaUUSzOlCk8SuB2E%2F3a0wxmXmDG5ec%2BonFffdXRWiUkHIB%2FJc7iXNbmucVZBMNpxtdQDFPHrpH5yRqG%2FeuxdVMwBLQ965nQD1adkA41iFPJRIeac%2F57D33UvbCyLdxYGY9%2B251kqzSkdvy6q3%2BfTqTFwsKqZbeM5rdq1nopSKcx2rMymW1PqO7%2F%2FggOphBfnxY7xHvwFE0WdJt2nZZ5nsv9nlroUlehP8cSkASIEylh1ZHYEjZWzEfMkrqVrGm5%2BfPJxYeWD%2BxxLraDeD0uub7HkbAUe%2FBAvXvDzx%2F3Ul4W951INfOke62nMjkGHhPQuWzPhfkemo6DuG1aqomDYrrW3G8YgTuA4bHtXElow2EfM5X75EGhlt4%3D#polycard_client=search-desktop&is_advertising=true&searchVariation=MLB65041664&backend_model=search-backend&search_layout=grid&position=25&type=pad&tracking_id=fd9ae742-896a-4f86-9578-b611cc1f9adf&wid=MLB4510840013&sid=search,1,1,1k-2k,23.85
Moto G15 Dual Sim 4gb Ram 128gb Azul Marino,699,1099.0,4.8,Motorola,Frete grátis,36,https://click1.mercadolivre.com.br/mclics/clicks/external/MLB/count?a=e50ilrWeNPks%2FmToLZLNCvI87CohrvCrjlwnNp8rvb%2FB5nyT5VNsy76tXgwHAZ%2FJZq3GGPb3U0ktyHZ73Cs%2BXx992NlLDb9%2FCo7mtH%2BwWrBQBppJ0oe9w6sm0T%2FvyDjAI%2BBVnCzEPRbZzLaOaraWf1%2BX3DVZGj3ktiUCDZ8UI7NvzUgh%2FSVFoLy4ozjpPDUpGgD%2BpVU3BYcuqpvoJsxkjpjxNGP5Hc4MM70mV27F1pksNlRrP%2F4BUVel3%2Fz%2BhFWPy0UeDKbBQRVpD%2Bl%2BTvnvMrS%2FpLAh0gU2SeYLyHJGFpdqldXu%2BPk1cNF%2FuasdB22mF0qk4V7ixF%2F11EP8OYIygPqY5LqG55WzxY2XmUWAEhtMTULDsd2nd8LuHMqTNlN%2FwimuNEbsdFg%2Fno9jMTh67K0DmEFTUUl7YMUiAO94gkD0uaY8RIY2MI5ZJdP1SX2tTeWmjuaQjiXraa4fItcvsqP8sNws1BVaKD%2FHpACsJXM4NsOvlBG%2FWcDB6kpebeWS3TAvXdwYviGnjdW3Gv3%2Bc5RP1kzZA606pqfjQ1smAwTOcLAr0FdXXZ3EEYxhknDVQv8Gc7dgdIjl02GFTyCZIKRhz6OwpbJ842NdUm41UOHJ7ae7W3ylMA4ZofVgiKJEJbPDn02xSBcP02Lnd4QgS3mWxxeq%2BOxiy3WHmYdxgJM8L09TTxjOPoFE5bZ9OWHsDydW4JgEg6WU4Naazbd%2FAxBBS3j%2FR4Ft1MU5Y3Kjvj3flA9BaNHL4FqFOg8k6cN1dJcXL3S4UKLoT35SUyvK87mBppYvxSRhDohUcEKmaCFooxwv0B%2FKuHSpowAcTha%2BWmJWdjLUOhvJMEHfxrAQn7FwBm5%2BW3pDq0QDfwNDooyiX0nNTgKPxkLMyxl6hED5BOfiEh2Sw6Fzp8tOn6UrBK6qixo2%2FH1Q3EJOjGm1aLkbcA%3D%3D#polycard_client=search-desktop&is_advertising=true&searchVariation=MLB46056608&backend_model=search-backend&search_layout=grid&position=26&type=pad&tracking_id=fd9ae742-896a-4f86-9578-b611cc1f9adf&wid=MLB3975530813&sid=search,1,1,500-1k,23.2
"Smartphone Motorola Signature 5g - 512gb 24gb (12gb Ram + 12gb Ram Boost), 3 Cameras 50mp Sony Lytia E Zoom 100x, Tela 1.5k Extreme Amoled 165hz - Preto",7649,8999.0,4.8,Motorola,Chegará grátis amanhã,15,https://click1.mercadolivre.com.br/mclics/clicks/external/MLB/count?a=r0hlnGovojEgYRnkdtBtfgYyxNMiiBxDZ8BmuO%2ByI0Z4C4j4y%2BUX0GF0tuZpMGslbxmltQ5FKRmdQ7Z3JKvhJi2qaGJBV477ZUl0cBv2c1T%2BoZKdeAJGCptfmyOVzlJ9xjxI%2B%2BRopIobbrzswar0wHpuOdGncmxvuHcDQ7%2BZV8252FMF3X1rXbeYMb3l4RE%2F%2B%2FMR1lsN9jC99MfGjh6IipC4rkJAyuINxSMcE5YrE%2BMeyTOutDM36JV3M5U001195HXU16T5FGjH6qRyLC03RXSIsicoaycAp8FTZT9Gm3GKl1g7iBprfchWFaqAHhpyYIW0%2BFOAr35UBwN7bkBJWgrYRY%2FIYm%2FGBZ1u9vn%2FB8INMI3Ej7gPZUD0S7qElQZxsoO%2BdK0ruIaMprv5Bw2uQVhYAs2TijzWGA7uksVvv71%2FSC42zb3Le1SiD9DIuM9dsg09bLTXtrkH9sVOZZqEKvtkwvm403OwladwaunKCeBOvKhnc%2FTS3S13n24zqYUHqi0xQJ2uPP1tSwkpIo1QriYNCat0HksFpuuDRWwjCfrJHKP2K%2B4KSpmp6plfFS5NuyT1kDAuVpg42CzDZS2QcOne0TeoHZl%2BU6bKATYqtywKgtVMxVvfebjSUQL%2BMEN%2BKF09%2FFnJ45C0RdBM6LosxJFGPJcdl%2FpYihFVvJAxfC8tljTo5%2BH2ufoW%2Bsrml5wjgdDpXYivWhsl8io6SoZaZ1QHV7utoMLmTiBzm4GlUbu%2Bq4ePsGekoSESoKM4w9xr9qcWQ4MFKBakpZRwIxBIjbL2n7lsaksPmhqyyPb4ohfObiJl1e066b24S%2FZBjT3xnS%2FvV3fieBUV6pr%2FONiTFIMcCBUM81%2BHZ1r8YxfdQtueCeXn23fdMbnubFBzifSSGr8ghms0wqoQ87Yxkmp1tJgIQWCKqDpgrsHQoFjFI0IXgnMC%2FnUgdDgdB7cRK7y12qTGb5%2FH5KSA4kUemdvgDCkSGvJPZ6JhZ1%2F0sQtb70a4acdrLKNm6yobKlTO7GxoTFF7NxBmIQLZz8iJ7Pwq8J4mCP4Wn%2B07puw9gdThf2Q994wH#polycard_client=search-desktop&is_advertising=true&searchVariation=MLB65938141&backend_model=search-backend&search_layout=grid&position=27&type=pad&tracking_id=fd9ae742-896a-4f86-9578-b611cc1f9adf&wid=MLB6373850588&sid=search,1,1,5k-10k,16.9
Smartphone Motorola Edge 60 Fusion 5g - 256gb 16gb (8gb Ram+8gb Ram Boost) 50mp Sony Ai Camera Ip68 Nfc - Rosa,1939,3299.0,4.9,Motorola,Chegará grátis amanhã,41,https://click1.mercadolivre.com.br/mclics/clicks/external/MLB/count?a=sK0sv9GwD%2FGQEztubRGN6QOu4I0G7T9yjGeZWsGStesNF7EBfcTrFeWQbu78MhIKufocAFGpc%2FPAiDXG0arQX2Eflxzxd%2Fxx0TKO%2BxTS7aL56MirvwsqQKQ6poRSOJVTA7K83iw2RsZ9%2FhuRGuK0%2FpXUtACkCVsqY9IpBItoWoSRJ57f0zxjTtg6IqafLf00fLIVFFPVukNFbflBPTPqaUzfnm%2B269ffk5UifODnO43i%2Bj0o2d0aAxBfw0On3z3pr77M1bk%2Fxw42YXaNcdLaKwxFhqa%2F8%2F6ZUBKxT8s9l4Gt8dNdRpGYzYY3DFqfopRV7HSw1MNBejRLlT1qCA6dv2kcRMUV2RJdw6b7Kj%2BxQzEF4h5nHFNwxnFOKa6K3FmHUojzjBxaJAYw9%2BHZW886pxltiGtJPPMPqOr0JqF156fWvbdRwESsGqiktwCZBG%2Fh4U1rOZUCW7DweJWTbLhNkJ%2FEU3NQWVGkDuqr2N84UkXWRduUslXcMfdBByz6d6UjvBZf6qV0U1sSbVBHBr6EM8J%2B7CwFpP%2BwJG2MHlGre%2Bu3h5ZxwK%2BD0ru61JhRgHq3q5%2Bzn5Ei3%2FKbQpS0BvzUKwZ%2Baki2Lno8STic9o1D8yRKB%2FbUD3HvsfKpr2FyVlsv8gAVXeDZB%2FR7XgCYdyzHg5X14CaO4EIIWnkIxsVT5h6OZMD1BNhBQqYKp74UsZTiehPV2IA2Y3k3bErTOJQ%2BcG54r%2FsK%2Bb4730hH%2FjRogdTKtaQhnu1tTjcGXZZvlP4FEo8GqxXVg0Y4FQeqDhRR9WyHLE5Fw2AeoozmpljgNDlzeVGnG1z21IgC1Q%2FnXgOMS33g94At%2F5UoZiQ%2FrIBXeUZBv6kFV%2BV4es0pGl8ky7gm3hJ0X1%2BtAGtrkKQ0lXkukpwy%2B1twgk4G0D%2FRVrUk6GAHcRansvTUXyiahBSHhHcFEPdd1uz%2BXGaCWYu7vKi1TlyTZFLjSnBj1d8C%2FlCfoEN40tWbfm3FUyZRpRU%2FrrbvrDxZZiwFQj6FniTn#polycard_client=search-desktop&is_advertising=true&searchVariation=MLB47251829&backend_model=search-backend&search_layout=grid&position=28&type=pad&tracking_id=fd9ae742-896a-4f86-9578-b611cc1f9adf&wid=MLB4027318137&sid=search,1,1,1k-2k,24.75
Smartphone Motorola Moto G05 256gb 4gb Ram Camera 50mp Vermelho,699,1199.0,4.9,Motorola,Chegará grátis amanhã,42,https://www.mercadolivre.com.br/smartphone-motorola-moto-g05-256gb-4gb-ram-camera-50mp-vermelho/p/MLB58493174#polycard_client=search-desktop&search_layout=grid&position=29&type=product&tracking_id=fd9ae742-896a-4f86-9578-b611cc1f9adf&wid=MLB5774641722&sid=search,1,1,500-1k,25.05
iPhone 16e (128 GB) - Preto - Distribuidor Autorizado,3699,5799.0,4.9,Apple,Chegará grátis amanhã,36,https://www.mercadolivre.com.br/iphone-16e-128-gb-preto-distribuidor-autorizado/p/MLB1046215784#polycard_client=search-desktop&search_layout=grid&position=30&type=product&tracking_id=fd9ae742-896a-4f86-9578-b611cc1f9adf&wid=MLB3986439067&sid=search,1,1,2k-5k,23.25
Smartphone Motorola Edge 60 Neo 5G - 256GB 24GB (12GB RAM + 12GB Ram Boost) 50MP Sony Camera Moto AI e tela 1.5K Super HD - Latte,1799,3799.0,4.9,Motorola,Chegará grátis amanhã,53,https://www.mercadolivre.com.br/smartphone-motorola-edge-60-neo-5g-256gb-24gb-12gb-ram-12gb-ram-boost-50mp-sony-camera-moto-ai-e-tela-15k-super-hd-latte/p/MLB58684606#polycard_client=search-desktop&search_layout=grid&position=31&type=product&tracking_id=fd9ae742-896a-4f86-9578-b611cc1f9adf&wid=MLB4265763257&sid=search,1,1,1k-2k,28.349999999999998
"Samsung Galaxy S25 5G, 256GB, 12GB, Câmera Tripla - Azul claro",3898,5999.0,4.9,Samsung,Chegará grátis amanhã,35,https://www.mercadolivre.com.br/samsung-galaxy-s25-5g-256gb-12gb-cmera-tripla-azul-claro/p/MLB45513356#polycard_client=search-desktop&search_layout=grid&position=32&type=product&tracking_id=fd9ae742-896a-4f86-9578-b611cc1f9adf&wid=MLB5264376996&sid=search,1,1,2k-5k,22.95
"Smartphone Motorola Moto G86 5g - 256gb 24gb (8gb Ram+16gb Ram Boost) Tela 1.5k Poled, 50mp Sony Camera Ois Moto Ai, Videos Em 4k, Ip68 + Ip69 - Vermelho",1792,2399.0,4.9,Motorola,Chegará grátis amanhã,25,https://www.mercadolivre.com.br/smartphone-motorola-moto-g86-5g-256gb-24gb-8gb-ram16gb-ram-boost-tela-15k-poled-50mp-sony-camera-ois-moto-ai-videos-em-4k-ip68-ip69-vermelho/p/MLB51340616#polycard_client=search-desktop&search_layout=grid&position=33&type=product&tracking_id=fd9ae742-896a-4f86-9578-b611cc1f9adf&wid=MLB5462013472&sid=search,1,1,1k-2k,19.95
"Smartphone Infinix Note 50X 5G 8GB RAM 256GB De Armazenamento Tela 6,78"" Polegadas HD+ 120HZ Câmera 50MP + Selfie 8MP Bateria 5200mah NFC, DTS Áudio - Cor Cinza",1349,2267.0,4.8,123 Comprou,Chegará grátis amanhã,40,https://www.mercadolivre.com.br/smartphone-infinix-note-50x-5g-8gb-ram-256gb-de-armazenamento-tela-678-polegadas-hd-120hz-cmera-50mp-selfie-8mp-bateria-5200mah-nfc-dts-audio-cor-cinza/p/MLB61656785#polycard_client=search-desktop&search_layout=grid&position=34&type=product&tracking_id=fd9ae742-896a-4f86-9578-b611cc1f9adf&wid=MLB5957442486&sid=search,1,1,1k-2k,24.4
Smartphone Motorola Edge 60 5g - 512gb 24gb (12gb Ram+12gb Ram Boost) Tela Quad-curve Moto Ai 50mp Sony Camera Ultrarresistencia Militar Ip68 + Ip69 - Azul Marinho,2099,2799.0,4.9,Motorola,Não informado,25,https://www.mercadolivre.com.br/smartphone-motorola-edge-60-5g-512gb-24gb-12gb-ram12gb-ram-boost-tela-quad-curve-moto-ai-50mp-sony-camera-ultrarresistencia-militar-ip68-ip69-azul-marinho/p/MLB48930800#polycard_client=search-desktop&search_layout=grid&position=35&type=product&tracking_id=fd9ae742-896a-4f86-9578-b611cc1f9adf&wid=MLB5363845340&sid=search,1,0,2k-5k,9.95
Smartphone Motorola Moto G35 5g 256gb 12gb Ram Boost Coral,945,2000.0,4.8,Desconhecida,Não informado,53,https://www.mercadolivre.com.br/smartphone-motorola-moto-g35-5g-256gb-12gb-ram-boost-coral/p/MLB63092926#polycard_client=search-desktop&search_layout=grid&position=36&type=product&tracking_id=fd9ae742-896a-4f86-9578-b611cc1f9adf&wid=MLB6228408744&sid=search,1,0,500-1k,18.299999999999997
Smartphone Motorola Moto G56 5g - 256gb 16gb (8gb Ram+8gb Ram Boost) Camera 50mp Sony Lytia 600 Ultrarresistencia Militar e Ip68 + Ip69 - Cinza,1598,1999.0,4.9,Motorola,Chegará grátis amanhã,20,https://www.mercadolivre.com.br/smartphone-motorola-moto-g56-5g-256gb-16gb-8gb-ram8gb-ram-boost-camera-50mp-sony-lytia-600-ultrarresistencia-militar-e-ip68-ip69-cinza/p/MLB50301060#polycard_client=search-desktop&search_layout=grid&position=37&type=product&tracking_id=fd9ae742-896a-4f86-9578-b611cc1f9adf&wid=MLB5402372302&sid=search,1,1,1k-2k,18.45
Apple iPhone 16 (256 GB) - Preto - Distribuidor Autorizado,5205,9538.0,4.9,Apple,Chegará grátis amanhã,45,https://www.mercadolivre.com.br/apple-iphone-16-256-gb-preto-distribuidor-autorizado/p/MLB1040287796#polycard_client=search-desktop&search_layout=grid&position=38&type=product&tracking_id=fd9ae742-896a-4f86-9578-b611cc1f9adf&wid=MLB3931272075&sid=search,1,1,5k-10k,25.95
"Smartphone OPPO A6t 128gb, 12gb Ram (4gb + 8gb Virtual Ram), Bateria Gigante de 6500mAh, Processador Snapdragon, Tela 120Hz, AI Câmera, IP64 - Violeta",899,1299.0,4.9,Oppo,Chegará grátis amanhã,31,https://www.mercadolivre.com.br/smartphone-oppo-a6t-128gb-12gb-ram-4gb-8gb-virtual-ram-bateria-gigante-de-6500mah-processador-snapdragon-tela-120hz-ai-cmera-ip64-violeta/p/MLB66130734#polycard_client=search-desktop&search_layout=grid&position=39&type=product&tracking_id=fd9ae742-896a-4f86-9578-b611cc1f9adf&wid=MLB4573343865&sid=search,1,1,500-1k,21.75
"Smartphone Xiaomi Redmi 15 8gb 256gb Tela 6,9 144hz, Bateria 7.000 Mah, 50 Mp Preto",1390,1390.0,4.8,Desconhecida,Chegará grátis amanhã,0,https://www.mercadolivre.com.br/smartphone-xiaomi-redmi-15-8gb-256gb-tela-69-144hz-bateria-7000-mah-50-mp-preto/p/MLB61511995#polycard_client=search-desktop&search_layout=grid&position=40&type=product&tracking_id=fd9ae742-896a-4f86-9578-b611cc1f9adf&wid=MLB4390450235&sid=search,0,1,1k-2k,12.4
Celular Samsung Galaxy A56 5g 128gb 8gb Ram Rosa,1998,3299.0,4.9,Samsung,Chegará grátis amanhã,39,https://www.mercadolivre.com.br/celular-samsung-galaxy-a56-5g-128gb-8gb-ram-rosa/p/MLB47106876#polycard_client=search-desktop&search_layout=grid&position=41&type=product&tracking_id=fd9ae742-896a-4f86-9578-b611cc1f9adf&wid=MLB4561879339&sid=search,1,1,1k-2k,24.15
Apple iPhone 15 (128 GB) - Azul - Distribuidor Autorizado,4499,7209.0,4.9,Apple,Chegará grátis amanhã,38,https://www.mercadolivre.com.br/apple-iphone-15-128-gb-azul-distribuidor-autorizado/p/MLB1027172667#polycard_client=search-desktop&search_layout=grid&position=42&type=product&tracking_id=fd9ae742-896a-4f86-9578-b611cc1f9adf&wid=MLB4408547152&sid=search,1,1,2k-5k,23.85
iPhone 17 Pro 256GB - Azul-profundo - Distribuidor Autorizado,9899,11499.0,4.9,Apple,Chegará grátis amanhã,14,https://www.mercadolivre.com.br/iphone-17-pro-256gb-azul-profundo-distribuidor-autorizado/p/MLB1055308781#polycard_client=search-desktop&search_layout=grid&position=43&type=product&tracking_id=fd9ae742-896a-4f86-9578-b611cc1f9adf&wid=MLB5687335472&sid=search,1,1,5k-10k,16.65
iPhone 17 256 GB - Sálvia - Distribuidor Autorizado,6297,7999.0,4.9,Apple,Chegará grátis amanhã,21,https://www.mercadolivre.com.br/iphone-17-256gb-salvia-distribuidor-autorizado/p/MLB1055308843#polycard_client=search-desktop&search_layout=grid&position=44&type=product&tracking_id=fd9ae742-896a-4f86-9578-b611cc1f9adf&wid=MLB6545162768&sid=search,1,1,5k-10k,18.75
Apple iPhone 16 (128 GB) - Preto - Distribuidor Autorizado,4986,7799.0,4.9,Apple,Chegará grátis amanhã,36,https://www.mercadolivre.com.br/apple-iphone-16-128-gb-preto-distribuidor-autorizado/p/MLB1040287808#polycard_client=search-desktop&search_layout=grid&position=45&type=product&tracking_id=fd9ae742-896a-4f86-9578-b611cc1f9adf&wid=MLB5120546360&sid=search,1,1,2k-5k,23.25
Smartphone Motorola Edge 60 Pro 5g - 512gb 24gb (12gb Ram+12gb Ram Boost) Tela Quad-curve Moto Ai 50mp Sony Camera Ultrarresistencia Militar Ip68 + Ip69 - Cinza,3059,5499.0,4.9,Motorola,Chegará grátis amanhã,44,https://www.mercadolivre.com.br/smartphone-motorola-edge-60-pro-5g-512gb-24gb-12gb-ram12gb-ram-boost-tela-quad-curve-moto-ai-50mp-sony-camera-ultrarresistencia-militar-ip68-ip69-cinza/p/MLB48998798#polycard_client=search-desktop&search_layout=grid&position=46&type=product&tracking_id=fd9ae742-896a-4f86-9578-b611cc1f9adf&wid=MLB5389690592&sid=search,1,1,2k-5k,25.65
"Tcl Smartphone 605 4g, Octa Core, 128gb 12gb Ram (4+8), 6.7 Hd+ 90hz, Nfc, Dual Sim, 50mp",649,799.0,4.7,Mercado Livre,Chegará grátis amanhã,19,https://www.mercadolivre.com.br/tcl-smartphone-605-4g-octa-core-128gb-12gb-ram-48-67-hd-90hz-nfc-dual-sim-50mp/p/MLB53155051#polycard_client=search-desktop&search_layout=grid&position=47&type=product&tracking_id=fd9ae742-896a-4f86-9578-b611cc1f9adf&wid=MLB6161225994&sid=search,1,1,500-1k,18.05
Apple iPhone 15 (256 GB) - Preto - Distribuidor Autorizado,4751,8095.0,4.9,Apple,Chegará grátis amanhã,41,https://www.mercadolivre.com.br/apple-iphone-15-256-gb-preto-distribuidor-autorizado/p/MLB1027172669#polycard_client=search-desktop&search_layout=grid&position=48&type=product&tracking_id=fd9ae742-896a-4f86-9578-b611cc1f9adf&wid=MLB3621184765&sid=search,1,1,2k-5k,24.75
Smartphone Motorola Edge 60 Fusion 5g - 256gb 16gb (8gb Ram+8gb Ram Boost) 50mp Sony Ai Camera Ip68 Nfc - Rosa,1939,3299.0,4.9,Motorola,Chegará grátis amanhã,41,https://www.mercadolivre.com.br/smartphone-motorola-edge-60-fusion-5g-256gb-16gb-8gb-ram8gb-ram-boost-50mp-sony-ai-camera-ip68-nfc-rosa/p/MLB47251829#polycard_client=search-desktop&search_layout=grid&position=49&type=product&tracking_id=fd9ae742-896a-4f86-9578-b611cc1f9adf&wid=MLB4027318137&sid=search,1,1,1k-2k,24.75
Smartphone Motorola Moto G15 256gb 12gb 4GB RAM 8GB RAM Boost Camera 50mp Verde,899,1499.0,4.8,Motorola,Chegará grátis amanhã,40,https://www.mercadolivre.com.br/smartphone-motorola-moto-g15-256gb-12gb-4gb-ram-8gb-ram-boost-camera-50mp-verde/p/MLB44665542#polycard_client=search-desktop&search_layout=grid&position=50&type=product&tracking_id=fd9ae742-896a-4f86-9578-b611cc1f9adf&wid=MLB5237351728&sid=search,1,1,500-1k,24.4
iPhone 17 Pro 512GB - Azul-profundo - Distribuidor Autorizado,11699,12999.0,4.9,Apple,Chegará grátis amanhã,10,https://www.mercadolivre.com.br/iphone-17-pro-512gb-azul-profundo-distribuidor-autorizado/p/MLB1055308802#polycard_client=search-desktop&search_layout=grid&position=51&type=product&tracking_id=fd9ae742-896a-4f86-9578-b611cc1f9adf&wid=MLB4200188179&sid=search,1,1,10k+,15.45
"Smartphone Motorola Signature 5g - 512gb 24gb (12gb Ram + 12gb Ram Boost), 3 Cameras 50mp Sony Lytia E Zoom 100x, Tela 1.5k Extreme Amoled 165hz - Preto",7649,8999.0,4.8,Motorola,Chegará grátis amanhã,15,https://www.mercadolivre.com.br/smartphone-motorola-signature-5g-512gb-24gb-12gb-ram-12gb-ram-boost-3-cameras-50mp-sony-lytia-e-zoom-100x-tela-15k-extreme-amoled-165hz-preto/p/MLB65938141#polycard_client=search-desktop&search_layout=grid&position=52&type=product&tracking_id=fd9ae742-896a-4f86-9578-b611cc1f9adf&wid=MLB6373850588&sid=search,1,1,5k-10k,16.9
"Smartphone Motorola Moto G17 4g - 256gb 12gb (4gb Ram + 8gb Ram Boost) Camera 50mp Sony Lytia 600, Tela Fhd+ 60hz, Bateria 5200 Mah - Rosa",1078,1749.0,4.9,Motorola,Chegará grátis amanhã,38,https://www.mercadolivre.com.br/smartphone-motorola-moto-g17-4g-256gb-12gb-4gb-ram-8gb-ram-boost-camera-50mp-sony-lytia-600-tela-fhd-60hz-bateria-5200-mah-rosa/p/MLB65041664#polycard_client=search-desktop&search_layout=grid&position=53&type=product&tracking_id=fd9ae742-896a-4f86-9578-b611cc1f9adf&wid=MLB4510840013&sid=search,1,1,1k-2k,23.85
Smartphone Oppo A6 Pro 256gb 8gb Ram 5g Ip69 Azul Espacial,2999,3199.0,4.9,Oppo,Chegará grátis amanhã,6,https://www.mercadolivre.com.br/smartphone-oppo-a6-pro-256gb-8gb-ram-5g-ip69-azul-espacial/p/MLB66177449#polycard_client=search-desktop&search_layout=grid&position=54&type=product&tracking_id=fd9ae742-896a-4f86-9578-b611cc1f9adf&wid=MLB4536941689&sid=search,1,1,2k-5k,14.25
iPhone 17e 256GB Preto - Distribuidor Autorizado,5219,5799.0,4.9,Apple,Chegará grátis amanhã,10,https://www.mercadolivre.com.br/iphone-17e-256gb-preto-distribuidor-autorizado/p/MLB1066130044#polycard_client=search-desktop&search_layout=grid&position=55&type=product&tracking_id=fd9ae742-896a-4f86-9578-b611cc1f9adf&wid=MLB6402322328&sid=search,1,1,5k-10k,15.45
Smartphone Samsung Galaxy A56 5g 6.7 Pol Octa-core 256gb 8gb,1998,3699.0,4.9,Samsung,Chegará grátis amanhã,46,https://www.mercadolivre.com.br/smartphone-samsung-galaxy-a56-5g-67-pol-octa-core-256gb-8gb/p/MLB65302568#polycard_client=search-desktop&search_layout=grid&position=56&type=product&tracking_id=fd9ae742-896a-4f86-9578-b611cc1f9adf&wid=MLB4609819131&sid=search,1,1,1k-2k,26.25
"Smartphone Motorola Moto G17 4g - 128gb 12gb (4gb Ram + 8gb Ram Boost) Camera 50mp Sony Lytia 600, Tela Fhd+ 60hz, Bateria 5200 Mah - Azul",899,1299.0,4.9,Motorola,Chegará grátis amanhã,31,https://www.mercadolivre.com.br/smartphone-motorola-moto-g17-4g-128gb-12gb-4gb-ram-8gb-ram-boost-camera-50mp-sony-lytia-600-tela-fhd-60hz-bateria-5200-mah-azul/p/MLB65041642#polycard_client=search-desktop&search_layout=grid&position=57&type=product&tracking_id=fd9ae742-896a-4f86-9578-b611cc1f9adf&wid=MLB6420215012&sid=search,1,1,500-1k,21.75
"Smartphone Infinix Smart 10 4GB RAM 256GB SSD Câmera 8MP + IA, Tela 6.67 HD+ 120Hz, Bateria 5000mAh, Processador T7250, Android 15 Go, Dual Chip - Preto",670,1458.0,4.8,123 Comprou,Chegará grátis amanhã,54,https://www.mercadolivre.com.br/smartphone-infinix-smart-10-4gb-ram-256gb-ssd-cmera-8mp-ia-tela-667-hd-120hz-bateria-5000mah-processador-t7250-android-15-go-dual-chip-preto/p/MLB56327005#polycard_client=search-desktop&search_layout=grid&position=58&type=product&tracking_id=fd9ae742-896a-4f86-9578-b611cc1f9adf&wid=MLB5751262142&sid=search,1,1,500-1k,28.599999999999998
Kit Samsung: Celular Galaxy A17 256gb 8gb Ram 50mp 6.7 Nfc Ip54 Preto + Galaxy Buds Core Branco,1431,1698.0,4.9,Samsung,Frete grátis,16,https://www.mercadolivre.com.br/kit-samsung-celular-galaxy-a17-256gb-8gb-ram-50mp-67-nfc-ip54-preto--galaxy-buds-core-branco/up/MLBU3605578150#polycard_client=search-desktop&search_layout=grid&position=59&type=product&tracking_id=fd9ae742-896a-4f86-9578-b611cc1f9adf&wid=MLB5957929002&sid=search,1,1,1k-2k,17.25
Smartphone OPPO A5 256GB 6GB RAM Branco,1169,1499.0,4.8,Oppo,Chegará grátis amanhã,22,https://www.mercadolivre.com.br/smartphone-oppo-a5-256gb-6gb-ram-branco/p/MLB51680761#polycard_client=search-desktop&search_layout=grid&position=60&type=product&tracking_id=fd9ae742-896a-4f86-9578-b611cc1f9adf&wid=MLB5745515116&sid=search,1,1,1k-2k,19.0
